ISO-10303-21;
HEADER;
FILE_DESCRIPTION(('Open CASCADE Model'),'2;1');
FILE_NAME('Open CASCADE Shape Model','2026-10-10T15:31:17',('Author'),(
    'Open CASCADE'),'Open CASCADE STEP processor 7.9','Open CASCADE 7.9'
  ,'Unknown');
FILE_SCHEMA(('AUTOMOTIVE_DESIGN { 1 0 10303 214 1 1 1 1 }'));
ENDSEC;
DATA;
#1 = APPLICATION_PROTOCOL_DEFINITION('international standard',
  'automotive_design',2000,#2);
#2 = APPLICATION_CONTEXT(
  'core data for automotive mechanical design processes');
#3 = SHAPE_DEFINITION_REPRESENTATION(#4,#10);
#4 = PRODUCT_DEFINITION_SHAPE('','',#5);
#5 = PRODUCT_DEFINITION('design','',#6,#9);
#6 = PRODUCT_DEFINITION_FORMATION('','',#7);
#7 = PRODUCT('concept_a','concept_a','',(#8));
#8 = PRODUCT_CONTEXT('',#2,'mechanical');
#9 = PRODUCT_DEFINITION_CONTEXT('part definition',#2,'design');
#10 = SHAPE_REPRESENTATION('',(#11,#15,#19,#23,#27,#31,#35,#39,#43,#47,
    #51,#55),#59);
#11 = AXIS2_PLACEMENT_3D('',#12,#13,#14);
#12 = CARTESIAN_POINT('',(0.,0.,0.));
#13 = DIRECTION('',(0.,0.,1.));
#14 = DIRECTION('',(1.,0.,-0.));
#15 = AXIS2_PLACEMENT_3D('',#16,#17,#18);
#16 = CARTESIAN_POINT('',(0.,0.,0.));
#17 = DIRECTION('',(0.,0.,1.));
#18 = DIRECTION('',(1.,0.,-0.));
#19 = AXIS2_PLACEMENT_3D('',#20,#21,#22);
#20 = CARTESIAN_POINT('',(0.,0.,0.));
#21 = DIRECTION('',(0.,0.,1.));
#22 = DIRECTION('',(1.,0.,-0.));
#23 = AXIS2_PLACEMENT_3D('',#24,#25,#26);
#24 = CARTESIAN_POINT('',(0.,0.,0.));
#25 = DIRECTION('',(0.,0.,1.));
#26 = DIRECTION('',(1.,0.,-0.));
#27 = AXIS2_PLACEMENT_3D('',#28,#29,#30);
#28 = CARTESIAN_POINT('',(0.,0.,0.));
#29 = DIRECTION('',(0.,0.,1.));
#30 = DIRECTION('',(1.,0.,-0.));
#31 = AXIS2_PLACEMENT_3D('',#32,#33,#34);
#32 = CARTESIAN_POINT('',(0.,0.,0.));
#33 = DIRECTION('',(0.,0.,1.));
#34 = DIRECTION('',(1.,0.,-0.));
#35 = AXIS2_PLACEMENT_3D('',#36,#37,#38);
#36 = CARTESIAN_POINT('',(0.,0.,0.));
#37 = DIRECTION('',(0.,0.,1.));
#38 = DIRECTION('',(1.,0.,-0.));
#39 = AXIS2_PLACEMENT_3D('',#40,#41,#42);
#40 = CARTESIAN_POINT('',(0.,0.,0.));
#41 = DIRECTION('',(0.,0.,1.));
#42 = DIRECTION('',(1.,0.,-0.));
#43 = AXIS2_PLACEMENT_3D('',#44,#45,#46);
#44 = CARTESIAN_POINT('',(0.,0.,0.));
#45 = DIRECTION('',(0.,0.,1.));
#46 = DIRECTION('',(1.,0.,-0.));
#47 = AXIS2_PLACEMENT_3D('',#48,#49,#50);
#48 = CARTESIAN_POINT('',(0.,0.,0.));
#49 = DIRECTION('',(0.,0.,1.));
#50 = DIRECTION('',(1.,0.,-0.));
#51 = AXIS2_PLACEMENT_3D('',#52,#53,#54);
#52 = CARTESIAN_POINT('',(0.,0.,0.));
#53 = DIRECTION('',(0.,0.,1.));
#54 = DIRECTION('',(1.,0.,-0.));
#55 = AXIS2_PLACEMENT_3D('',#56,#57,#58);
#56 = CARTESIAN_POINT('',(0.,0.,0.));
#57 = DIRECTION('',(0.,0.,1.));
#58 = DIRECTION('',(1.,0.,-0.));
#59 = ( GEOMETRIC_REPRESENTATION_CONTEXT(3) 
GLOBAL_UNCERTAINTY_ASSIGNED_CONTEXT((#63)) GLOBAL_UNIT_ASSIGNED_CONTEXT(
(#60,#61,#62)) REPRESENTATION_CONTEXT('Context #1',
  '3D Context with UNIT and UNCERTAINTY') );
#60 = ( LENGTH_UNIT() NAMED_UNIT(*) SI_UNIT(.MILLI.,.METRE.) );
#61 = ( NAMED_UNIT(*) PLANE_ANGLE_UNIT() SI_UNIT($,.RADIAN.) );
#62 = ( NAMED_UNIT(*) SI_UNIT($,.STERADIAN.) SOLID_ANGLE_UNIT() );
#63 = UNCERTAINTY_MEASURE_WITH_UNIT(LENGTH_MEASURE(1.E-06),#60,
  'distance_accuracy_value','confusion accuracy');
#64 = PRODUCT_RELATED_PRODUCT_CATEGORY('part',$,(#7));
#65 = SHAPE_DEFINITION_REPRESENTATION(#66,#72);
#66 = PRODUCT_DEFINITION_SHAPE('','',#67);
#67 = PRODUCT_DEFINITION('design','',#68,#71);
#68 = PRODUCT_DEFINITION_FORMATION('','',#69);
#69 = PRODUCT('base','base','',(#70));
#70 = PRODUCT_CONTEXT('',#2,'mechanical');
#71 = PRODUCT_DEFINITION_CONTEXT('part definition',#2,'design');
#72 = ADVANCED_BREP_SHAPE_REPRESENTATION('',(#11,#73),#1567);
#73 = MANIFOLD_SOLID_BREP('',#74);
#74 = CLOSED_SHELL('',(#75,#193,#389,#494,#600,#677,#731,#785,#840,#895,
    #927,#1071,#1120,#1259,#1284,#1333,#1381,#1429,#1478,#1527,#1554));
#75 = ADVANCED_FACE('',(#76),#90,.F.);
#76 = FACE_BOUND('',#77,.F.);
#77 = EDGE_LOOP('',(#78,#113,#141,#167));
#78 = ORIENTED_EDGE('',*,*,#79,.F.);
#79 = EDGE_CURVE('',#80,#82,#84,.T.);
#80 = VERTEX_POINT('',#81);
#81 = CARTESIAN_POINT('',(-110.,-1.42108547152E-14,0.));
#82 = VERTEX_POINT('',#83);
#83 = CARTESIAN_POINT('',(110.,-1.42108547152E-14,0.));
#84 = SURFACE_CURVE('',#85,(#89,#101),.PCURVE_S1.);
#85 = LINE('',#86,#87);
#86 = CARTESIAN_POINT('',(-180.,0.,0.));
#87 = VECTOR('',#88,1.);
#88 = DIRECTION('',(1.,0.,0.));
#89 = PCURVE('',#90,#95);
#90 = PLANE('',#91);
#91 = AXIS2_PLACEMENT_3D('',#92,#93,#94);
#92 = CARTESIAN_POINT('',(-180.,0.,0.));
#93 = DIRECTION('',(0.,1.,0.));
#94 = DIRECTION('',(1.,0.,0.));
#95 = DEFINITIONAL_REPRESENTATION('',(#96),#100);
#96 = LINE('',#97,#98);
#97 = CARTESIAN_POINT('',(0.,0.));
#98 = VECTOR('',#99,1.);
#99 = DIRECTION('',(1.,0.));
#100 = ( GEOMETRIC_REPRESENTATION_CONTEXT(2) 
PARAMETRIC_REPRESENTATION_CONTEXT() REPRESENTATION_CONTEXT('2D SPACE',''
  ) );
#101 = PCURVE('',#102,#107);
#102 = PLANE('',#103);
#103 = AXIS2_PLACEMENT_3D('',#104,#105,#106);
#104 = CARTESIAN_POINT('',(0.,270.,0.));
#105 = DIRECTION('',(0.,0.,1.));
#106 = DIRECTION('',(1.,0.,-0.));
#107 = DEFINITIONAL_REPRESENTATION('',(#108),#112);
#108 = LINE('',#109,#110);
#109 = CARTESIAN_POINT('',(-180.,-270.));
#110 = VECTOR('',#111,1.);
#111 = DIRECTION('',(1.,0.));
#112 = ( GEOMETRIC_REPRESENTATION_CONTEXT(2) 
PARAMETRIC_REPRESENTATION_CONTEXT() REPRESENTATION_CONTEXT('2D SPACE',''
  ) );
#113 = ORIENTED_EDGE('',*,*,#114,.T.);
#114 = EDGE_CURVE('',#80,#115,#117,.T.);
#115 = VERTEX_POINT('',#116);
#116 = CARTESIAN_POINT('',(-110.,-1.42108547152E-14,4.));
#117 = SURFACE_CURVE('',#118,(#122,#129),.PCURVE_S1.);
#118 = LINE('',#119,#120);
#119 = CARTESIAN_POINT('',(-110.,-1.42108547152E-14,0.));
#120 = VECTOR('',#121,1.);
#121 = DIRECTION('',(0.,0.,1.));
#122 = PCURVE('',#90,#123);
#123 = DEFINITIONAL_REPRESENTATION('',(#124),#128);
#124 = LINE('',#125,#126);
#125 = CARTESIAN_POINT('',(70.,-0.));
#126 = VECTOR('',#127,1.);
#127 = DIRECTION('',(0.,-1.));
#128 = ( GEOMETRIC_REPRESENTATION_CONTEXT(2) 
PARAMETRIC_REPRESENTATION_CONTEXT() REPRESENTATION_CONTEXT('2D SPACE',''
  ) );
#129 = PCURVE('',#130,#135);
#130 = CYLINDRICAL_SURFACE('',#131,70.);
#131 = AXIS2_PLACEMENT_3D('',#132,#133,#134);
#132 = CARTESIAN_POINT('',(-110.,70.,0.));
#133 = DIRECTION('',(0.,0.,1.));
#134 = DIRECTION('',(0.,-1.,0.));
#135 = DEFINITIONAL_REPRESENTATION('',(#136),#140);
#136 = LINE('',#137,#138);
#137 = CARTESIAN_POINT('',(-0.,0.));
#138 = VECTOR('',#139,1.);
#139 = DIRECTION('',(-0.,1.));
#140 = ( GEOMETRIC_REPRESENTATION_CONTEXT(2) 
PARAMETRIC_REPRESENTATION_CONTEXT() REPRESENTATION_CONTEXT('2D SPACE',''
  ) );
#141 = ORIENTED_EDGE('',*,*,#142,.T.);
#142 = EDGE_CURVE('',#115,#143,#145,.T.);
#143 = VERTEX_POINT('',#144);
#144 = CARTESIAN_POINT('',(110.,-1.42108547152E-14,4.));
#145 = SURFACE_CURVE('',#146,(#150,#156),.PCURVE_S1.);
#146 = LINE('',#147,#148);
#147 = CARTESIAN_POINT('',(-165.,0.,4.));
#148 = VECTOR('',#149,1.);
#149 = DIRECTION('',(1.,0.,0.));
#150 = PCURVE('',#90,#151);
#151 = DEFINITIONAL_REPRESENTATION('',(#152),#155);
#152 = B_SPLINE_CURVE_WITH_KNOTS('',1,(#153,#154),.UNSPECIFIED.,.F.,.F.,
  (2,2),(55.,275.),.PIECEWISE_BEZIER_KNOTS.);
#153 = CARTESIAN_POINT('',(70.,-4.));
#154 = CARTESIAN_POINT('',(290.,-4.));
#155 = ( GEOMETRIC_REPRESENTATION_CONTEXT(2) 
PARAMETRIC_REPRESENTATION_CONTEXT() REPRESENTATION_CONTEXT('2D SPACE',''
  ) );
#156 = PCURVE('',#157,#162);
#157 = PLANE('',#158);
#158 = AXIS2_PLACEMENT_3D('',#159,#160,#161);
#159 = CARTESIAN_POINT('',(-150.,-5.,4.));
#160 = DIRECTION('',(0.,0.,1.));
#161 = DIRECTION('',(1.,0.,0.));
#162 = DEFINITIONAL_REPRESENTATION('',(#163),#166);
#163 = B_SPLINE_CURVE_WITH_KNOTS('',1,(#164,#165),.UNSPECIFIED.,.F.,.F.,
  (2,2),(55.,275.),.PIECEWISE_BEZIER_KNOTS.);
#164 = CARTESIAN_POINT('',(40.,5.));
#165 = CARTESIAN_POINT('',(260.,5.));
#166 = ( GEOMETRIC_REPRESENTATION_CONTEXT(2) 
PARAMETRIC_REPRESENTATION_CONTEXT() REPRESENTATION_CONTEXT('2D SPACE',''
  ) );
#167 = ORIENTED_EDGE('',*,*,#168,.F.);
#168 = EDGE_CURVE('',#82,#143,#169,.T.);
#169 = SURFACE_CURVE('',#170,(#174,#181),.PCURVE_S1.);
#170 = LINE('',#171,#172);
#171 = CARTESIAN_POINT('',(110.,-1.42108547152E-14,0.));
#172 = VECTOR('',#173,1.);
#173 = DIRECTION('',(0.,0.,1.));
#174 = PCURVE('',#90,#175);
#175 = DEFINITIONAL_REPRESENTATION('',(#176),#180);
#176 = LINE('',#177,#178);
#177 = CARTESIAN_POINT('',(290.,0.));
#178 = VECTOR('',#179,1.);
#179 = DIRECTION('',(0.,-1.));
#180 = ( GEOMETRIC_REPRESENTATION_CONTEXT(2) 
PARAMETRIC_REPRESENTATION_CONTEXT() REPRESENTATION_CONTEXT('2D SPACE',''
  ) );
#181 = PCURVE('',#182,#187);
#182 = CYLINDRICAL_SURFACE('',#183,70.);
#183 = AXIS2_PLACEMENT_3D('',#184,#185,#186);
#184 = CARTESIAN_POINT('',(110.,70.,0.));
#185 = DIRECTION('',(0.,0.,1.));
#186 = DIRECTION('',(0.,-1.,0.));
#187 = DEFINITIONAL_REPRESENTATION('',(#188),#192);
#188 = LINE('',#189,#190);
#189 = CARTESIAN_POINT('',(0.,0.));
#190 = VECTOR('',#191,1.);
#191 = DIRECTION('',(0.,1.));
#192 = ( GEOMETRIC_REPRESENTATION_CONTEXT(2) 
PARAMETRIC_REPRESENTATION_CONTEXT() REPRESENTATION_CONTEXT('2D SPACE',''
  ) );
#193 = ADVANCED_FACE('',(#194),#102,.F.);
#194 = FACE_BOUND('',#195,.F.);
#195 = EDGE_LOOP('',(#196,#197,#221,#249,#278,#306,#335,#363));
#196 = ORIENTED_EDGE('',*,*,#79,.T.);
#197 = ORIENTED_EDGE('',*,*,#198,.T.);
#198 = EDGE_CURVE('',#82,#199,#201,.T.);
#199 = VERTEX_POINT('',#200);
#200 = CARTESIAN_POINT('',(180.,70.,0.));
#201 = SURFACE_CURVE('',#202,(#207,#214),.PCURVE_S1.);
#202 = CIRCLE('',#203,70.);
#203 = AXIS2_PLACEMENT_3D('',#204,#205,#206);
#204 = CARTESIAN_POINT('',(110.,70.,0.));
#205 = DIRECTION('',(0.,0.,1.));
#206 = DIRECTION('',(0.,-1.,0.));
#207 = PCURVE('',#102,#208);
#208 = DEFINITIONAL_REPRESENTATION('',(#209),#213);
#209 = CIRCLE('',#210,70.);
#210 = AXIS2_PLACEMENT_2D('',#211,#212);
#211 = CARTESIAN_POINT('',(110.,-200.));
#212 = DIRECTION('',(0.,-1.));
#213 = ( GEOMETRIC_REPRESENTATION_CONTEXT(2) 
PARAMETRIC_REPRESENTATION_CONTEXT() REPRESENTATION_CONTEXT('2D SPACE',''
  ) );
#214 = PCURVE('',#182,#215);
#215 = DEFINITIONAL_REPRESENTATION('',(#216),#220);
#216 = LINE('',#217,#218);
#217 = CARTESIAN_POINT('',(0.,0.));
#218 = VECTOR('',#219,1.);
#219 = DIRECTION('',(1.,0.));
#220 = ( GEOMETRIC_REPRESENTATION_CONTEXT(2) 
PARAMETRIC_REPRESENTATION_CONTEXT() REPRESENTATION_CONTEXT('2D SPACE',''
  ) );
#221 = ORIENTED_EDGE('',*,*,#222,.T.);
#222 = EDGE_CURVE('',#199,#223,#225,.T.);
#223 = VERTEX_POINT('',#224);
#224 = CARTESIAN_POINT('',(180.,470.,0.));
#225 = SURFACE_CURVE('',#226,(#230,#237),.PCURVE_S1.);
#226 = LINE('',#227,#228);
#227 = CARTESIAN_POINT('',(180.,0.,0.));
#228 = VECTOR('',#229,1.);
#229 = DIRECTION('',(0.,1.,0.));
#230 = PCURVE('',#102,#231);
#231 = DEFINITIONAL_REPRESENTATION('',(#232),#236);
#232 = LINE('',#233,#234);
#233 = CARTESIAN_POINT('',(180.,-270.));
#234 = VECTOR('',#235,1.);
#235 = DIRECTION('',(0.,1.));
#236 = ( GEOMETRIC_REPRESENTATION_CONTEXT(2) 
PARAMETRIC_REPRESENTATION_CONTEXT() REPRESENTATION_CONTEXT('2D SPACE',''
  ) );
#237 = PCURVE('',#238,#243);
#238 = PLANE('',#239);
#239 = AXIS2_PLACEMENT_3D('',#240,#241,#242);
#240 = CARTESIAN_POINT('',(180.,0.,0.));
#241 = DIRECTION('',(-1.,0.,0.));
#242 = DIRECTION('',(0.,1.,0.));
#243 = DEFINITIONAL_REPRESENTATION('',(#244),#248);
#244 = LINE('',#245,#246);
#245 = CARTESIAN_POINT('',(0.,0.));
#246 = VECTOR('',#247,1.);
#247 = DIRECTION('',(1.,0.));
#248 = ( GEOMETRIC_REPRESENTATION_CONTEXT(2) 
PARAMETRIC_REPRESENTATION_CONTEXT() REPRESENTATION_CONTEXT('2D SPACE',''
  ) );
#249 = ORIENTED_EDGE('',*,*,#250,.T.);
#250 = EDGE_CURVE('',#223,#251,#253,.T.);
#251 = VERTEX_POINT('',#252);
#252 = CARTESIAN_POINT('',(110.,540.,0.));
#253 = SURFACE_CURVE('',#254,(#259,#266),.PCURVE_S1.);
#254 = CIRCLE('',#255,70.);
#255 = AXIS2_PLACEMENT_3D('',#256,#257,#258);
#256 = CARTESIAN_POINT('',(110.,470.,0.));
#257 = DIRECTION('',(0.,0.,1.));
#258 = DIRECTION('',(0.,-1.,0.));
#259 = PCURVE('',#102,#260);
#260 = DEFINITIONAL_REPRESENTATION('',(#261),#265);
#261 = CIRCLE('',#262,70.);
#262 = AXIS2_PLACEMENT_2D('',#263,#264);
#263 = CARTESIAN_POINT('',(110.,200.));
#264 = DIRECTION('',(0.,-1.));
#265 = ( GEOMETRIC_REPRESENTATION_CONTEXT(2) 
PARAMETRIC_REPRESENTATION_CONTEXT() REPRESENTATION_CONTEXT('2D SPACE',''
  ) );
#266 = PCURVE('',#267,#272);
#267 = CYLINDRICAL_SURFACE('',#268,70.);
#268 = AXIS2_PLACEMENT_3D('',#269,#270,#271);
#269 = CARTESIAN_POINT('',(110.,470.,0.));
#270 = DIRECTION('',(0.,0.,1.));
#271 = DIRECTION('',(1.,0.,-0.));
#272 = DEFINITIONAL_REPRESENTATION('',(#273),#277);
#273 = LINE('',#274,#275);
#274 = CARTESIAN_POINT('',(-1.570796326795,0.));
#275 = VECTOR('',#276,1.);
#276 = DIRECTION('',(1.,0.));
#277 = ( GEOMETRIC_REPRESENTATION_CONTEXT(2) 
PARAMETRIC_REPRESENTATION_CONTEXT() REPRESENTATION_CONTEXT('2D SPACE',''
  ) );
#278 = ORIENTED_EDGE('',*,*,#279,.T.);
#279 = EDGE_CURVE('',#251,#280,#282,.T.);
#280 = VERTEX_POINT('',#281);
#281 = CARTESIAN_POINT('',(-110.,540.,0.));
#282 = SURFACE_CURVE('',#283,(#287,#294),.PCURVE_S1.);
#283 = LINE('',#284,#285);
#284 = CARTESIAN_POINT('',(180.,540.,0.));
#285 = VECTOR('',#286,1.);
#286 = DIRECTION('',(-1.,0.,0.));
#287 = PCURVE('',#102,#288);
#288 = DEFINITIONAL_REPRESENTATION('',(#289),#293);
#289 = LINE('',#290,#291);
#290 = CARTESIAN_POINT('',(180.,270.));
#291 = VECTOR('',#292,1.);
#292 = DIRECTION('',(-1.,0.));
#293 = ( GEOMETRIC_REPRESENTATION_CONTEXT(2) 
PARAMETRIC_REPRESENTATION_CONTEXT() REPRESENTATION_CONTEXT('2D SPACE',''
  ) );
#294 = PCURVE('',#295,#300);
#295 = PLANE('',#296);
#296 = AXIS2_PLACEMENT_3D('',#297,#298,#299);
#297 = CARTESIAN_POINT('',(180.,540.,0.));
#298 = DIRECTION('',(0.,-1.,0.));
#299 = DIRECTION('',(-1.,0.,0.));
#300 = DEFINITIONAL_REPRESENTATION('',(#301),#305);
#301 = LINE('',#302,#303);
#302 = CARTESIAN_POINT('',(0.,-0.));
#303 = VECTOR('',#304,1.);
#304 = DIRECTION('',(1.,0.));
#305 = ( GEOMETRIC_REPRESENTATION_CONTEXT(2) 
PARAMETRIC_REPRESENTATION_CONTEXT() REPRESENTATION_CONTEXT('2D SPACE',''
  ) );
#306 = ORIENTED_EDGE('',*,*,#307,.T.);
#307 = EDGE_CURVE('',#280,#308,#310,.T.);
#308 = VERTEX_POINT('',#309);
#309 = CARTESIAN_POINT('',(-180.,470.,0.));
#310 = SURFACE_CURVE('',#311,(#316,#323),.PCURVE_S1.);
#311 = CIRCLE('',#312,70.);
#312 = AXIS2_PLACEMENT_3D('',#313,#314,#315);
#313 = CARTESIAN_POINT('',(-110.,470.,0.));
#314 = DIRECTION('',(0.,0.,1.));
#315 = DIRECTION('',(0.,-1.,0.));
#316 = PCURVE('',#102,#317);
#317 = DEFINITIONAL_REPRESENTATION('',(#318),#322);
#318 = CIRCLE('',#319,70.);
#319 = AXIS2_PLACEMENT_2D('',#320,#321);
#320 = CARTESIAN_POINT('',(-110.,200.));
#321 = DIRECTION('',(0.,-1.));
#322 = ( GEOMETRIC_REPRESENTATION_CONTEXT(2) 
PARAMETRIC_REPRESENTATION_CONTEXT() REPRESENTATION_CONTEXT('2D SPACE',''
  ) );
#323 = PCURVE('',#324,#329);
#324 = CYLINDRICAL_SURFACE('',#325,70.);
#325 = AXIS2_PLACEMENT_3D('',#326,#327,#328);
#326 = CARTESIAN_POINT('',(-110.,470.,0.));
#327 = DIRECTION('',(0.,0.,1.));
#328 = DIRECTION('',(-0.,1.,0.));
#329 = DEFINITIONAL_REPRESENTATION('',(#330),#334);
#330 = LINE('',#331,#332);
#331 = CARTESIAN_POINT('',(-3.14159265359,0.));
#332 = VECTOR('',#333,1.);
#333 = DIRECTION('',(1.,0.));
#334 = ( GEOMETRIC_REPRESENTATION_CONTEXT(2) 
PARAMETRIC_REPRESENTATION_CONTEXT() REPRESENTATION_CONTEXT('2D SPACE',''
  ) );
#335 = ORIENTED_EDGE('',*,*,#336,.T.);
#336 = EDGE_CURVE('',#308,#337,#339,.T.);
#337 = VERTEX_POINT('',#338);
#338 = CARTESIAN_POINT('',(-180.,70.,0.));
#339 = SURFACE_CURVE('',#340,(#344,#351),.PCURVE_S1.);
#340 = LINE('',#341,#342);
#341 = CARTESIAN_POINT('',(-180.,540.,0.));
#342 = VECTOR('',#343,1.);
#343 = DIRECTION('',(0.,-1.,0.));
#344 = PCURVE('',#102,#345);
#345 = DEFINITIONAL_REPRESENTATION('',(#346),#350);
#346 = LINE('',#347,#348);
#347 = CARTESIAN_POINT('',(-180.,270.));
#348 = VECTOR('',#349,1.);
#349 = DIRECTION('',(0.,-1.));
#350 = ( GEOMETRIC_REPRESENTATION_CONTEXT(2) 
PARAMETRIC_REPRESENTATION_CONTEXT() REPRESENTATION_CONTEXT('2D SPACE',''
  ) );
#351 = PCURVE('',#352,#357);
#352 = PLANE('',#353);
#353 = AXIS2_PLACEMENT_3D('',#354,#355,#356);
#354 = CARTESIAN_POINT('',(-180.,540.,0.));
#355 = DIRECTION('',(1.,0.,-0.));
#356 = DIRECTION('',(0.,-1.,0.));
#357 = DEFINITIONAL_REPRESENTATION('',(#358),#362);
#358 = LINE('',#359,#360);
#359 = CARTESIAN_POINT('',(0.,0.));
#360 = VECTOR('',#361,1.);
#361 = DIRECTION('',(1.,0.));
#362 = ( GEOMETRIC_REPRESENTATION_CONTEXT(2) 
PARAMETRIC_REPRESENTATION_CONTEXT() REPRESENTATION_CONTEXT('2D SPACE',''
  ) );
#363 = ORIENTED_EDGE('',*,*,#364,.F.);
#364 = EDGE_CURVE('',#80,#337,#365,.T.);
#365 = SURFACE_CURVE('',#366,(#371,#382),.PCURVE_S1.);
#366 = CIRCLE('',#367,70.);
#367 = AXIS2_PLACEMENT_3D('',#368,#369,#370);
#368 = CARTESIAN_POINT('',(-110.,70.,0.));
#369 = DIRECTION('',(-0.,-0.,-1.));
#370 = DIRECTION('',(0.,-1.,0.));
#371 = PCURVE('',#102,#372);
#372 = DEFINITIONAL_REPRESENTATION('',(#373),#381);
#373 = ( BOUNDED_CURVE() B_SPLINE_CURVE(2,(#374,#375,#376,#377,#378,#379
,#380),.UNSPECIFIED.,.T.,.F.) B_SPLINE_CURVE_WITH_KNOTS((1,2,2,2,2,1),(
    -2.094395102393,0.,2.094395102393,4.188790204786,6.28318530718,
8.377580409573),.UNSPECIFIED.) CURVE() GEOMETRIC_REPRESENTATION_ITEM() 
RATIONAL_B_SPLINE_CURVE((1.,0.5,1.,0.5,1.,0.5,1.)) REPRESENTATION_ITEM(
  '') );
#374 = CARTESIAN_POINT('',(-110.,-270.));
#375 = CARTESIAN_POINT('',(-231.2435565298,-270.));
#376 = CARTESIAN_POINT('',(-170.6217782649,-165.));
#377 = CARTESIAN_POINT('',(-110.,-60.));
#378 = CARTESIAN_POINT('',(-49.37822173508,-165.));
#379 = CARTESIAN_POINT('',(11.243556529821,-270.));
#380 = CARTESIAN_POINT('',(-110.,-270.));
#381 = ( GEOMETRIC_REPRESENTATION_CONTEXT(2) 
PARAMETRIC_REPRESENTATION_CONTEXT() REPRESENTATION_CONTEXT('2D SPACE',''
  ) );
#382 = PCURVE('',#130,#383);
#383 = DEFINITIONAL_REPRESENTATION('',(#384),#388);
#384 = LINE('',#385,#386);
#385 = CARTESIAN_POINT('',(-0.,0.));
#386 = VECTOR('',#387,1.);
#387 = DIRECTION('',(-1.,0.));
#388 = ( GEOMETRIC_REPRESENTATION_CONTEXT(2) 
PARAMETRIC_REPRESENTATION_CONTEXT() REPRESENTATION_CONTEXT('2D SPACE',''
  ) );
#389 = ADVANCED_FACE('',(#390),#182,.T.);
#390 = FACE_BOUND('',#391,.T.);
#391 = EDGE_LOOP('',(#392,#393,#394,#417,#446,#472));
#392 = ORIENTED_EDGE('',*,*,#168,.F.);
#393 = ORIENTED_EDGE('',*,*,#198,.T.);
#394 = ORIENTED_EDGE('',*,*,#395,.T.);
#395 = EDGE_CURVE('',#199,#396,#398,.T.);
#396 = VERTEX_POINT('',#397);
#397 = CARTESIAN_POINT('',(180.,70.,28.));
#398 = SURFACE_CURVE('',#399,(#403,#410),.PCURVE_S1.);
#399 = LINE('',#400,#401);
#400 = CARTESIAN_POINT('',(180.,70.,0.));
#401 = VECTOR('',#402,1.);
#402 = DIRECTION('',(0.,0.,1.));
#403 = PCURVE('',#182,#404);
#404 = DEFINITIONAL_REPRESENTATION('',(#405),#409);
#405 = LINE('',#406,#407);
#406 = CARTESIAN_POINT('',(1.570796326795,0.));
#407 = VECTOR('',#408,1.);
#408 = DIRECTION('',(0.,1.));
#409 = ( GEOMETRIC_REPRESENTATION_CONTEXT(2) 
PARAMETRIC_REPRESENTATION_CONTEXT() REPRESENTATION_CONTEXT('2D SPACE',''
  ) );
#410 = PCURVE('',#238,#411);
#411 = DEFINITIONAL_REPRESENTATION('',(#412),#416);
#412 = LINE('',#413,#414);
#413 = CARTESIAN_POINT('',(70.,0.));
#414 = VECTOR('',#415,1.);
#415 = DIRECTION('',(0.,-1.));
#416 = ( GEOMETRIC_REPRESENTATION_CONTEXT(2) 
PARAMETRIC_REPRESENTATION_CONTEXT() REPRESENTATION_CONTEXT('2D SPACE',''
  ) );
#417 = ORIENTED_EDGE('',*,*,#418,.F.);
#418 = EDGE_CURVE('',#419,#396,#421,.T.);
#419 = VERTEX_POINT('',#420);
#420 = CARTESIAN_POINT('',(150.,12.55437353462,28.));
#421 = SURFACE_CURVE('',#422,(#427,#434),.PCURVE_S1.);
#422 = CIRCLE('',#423,70.);
#423 = AXIS2_PLACEMENT_3D('',#424,#425,#426);
#424 = CARTESIAN_POINT('',(110.,70.,28.));
#425 = DIRECTION('',(0.,0.,1.));
#426 = DIRECTION('',(0.,-1.,0.));
#427 = PCURVE('',#182,#428);
#428 = DEFINITIONAL_REPRESENTATION('',(#429),#433);
#429 = LINE('',#430,#431);
#430 = CARTESIAN_POINT('',(0.,28.));
#431 = VECTOR('',#432,1.);
#432 = DIRECTION('',(1.,0.));
#433 = ( GEOMETRIC_REPRESENTATION_CONTEXT(2) 
PARAMETRIC_REPRESENTATION_CONTEXT() REPRESENTATION_CONTEXT('2D SPACE',''
  ) );
#434 = PCURVE('',#435,#440);
#435 = TOROIDAL_SURFACE('',#436,64.,6.);
#436 = AXIS2_PLACEMENT_3D('',#437,#438,#439);
#437 = CARTESIAN_POINT('',(110.,70.,28.));
#438 = DIRECTION('',(0.,0.,1.));
#439 = DIRECTION('',(0.,-1.,0.));
#440 = DEFINITIONAL_REPRESENTATION('',(#441),#445);
#441 = LINE('',#442,#443);
#442 = CARTESIAN_POINT('',(0.,0.));
#443 = VECTOR('',#444,1.);
#444 = DIRECTION('',(1.,0.));
#445 = ( GEOMETRIC_REPRESENTATION_CONTEXT(2) 
PARAMETRIC_REPRESENTATION_CONTEXT() REPRESENTATION_CONTEXT('2D SPACE',''
  ) );
#446 = ORIENTED_EDGE('',*,*,#447,.F.);
#447 = EDGE_CURVE('',#448,#419,#450,.T.);
#448 = VERTEX_POINT('',#449);
#449 = CARTESIAN_POINT('',(150.,12.55437353462,4.));
#450 = SURFACE_CURVE('',#451,(#455,#461),.PCURVE_S1.);
#451 = LINE('',#452,#453);
#452 = CARTESIAN_POINT('',(150.,12.55437353462,0.));
#453 = VECTOR('',#454,1.);
#454 = DIRECTION('',(0.,0.,1.));
#455 = PCURVE('',#182,#456);
#456 = DEFINITIONAL_REPRESENTATION('',(#457),#460);
#457 = B_SPLINE_CURVE_WITH_KNOTS('',1,(#458,#459),.UNSPECIFIED.,.F.,.F.,
  (2,2),(0.4,28.0000006),.PIECEWISE_BEZIER_KNOTS.);
#458 = CARTESIAN_POINT('',(0.60824557891,0.4));
#459 = CARTESIAN_POINT('',(0.60824557891,28.0000006));
#460 = ( GEOMETRIC_REPRESENTATION_CONTEXT(2) 
PARAMETRIC_REPRESENTATION_CONTEXT() REPRESENTATION_CONTEXT('2D SPACE',''
  ) );
#461 = PCURVE('',#462,#467);
#462 = PLANE('',#463);
#463 = AXIS2_PLACEMENT_3D('',#464,#465,#466);
#464 = CARTESIAN_POINT('',(150.,-5.,4.));
#465 = DIRECTION('',(1.,0.,0.));
#466 = DIRECTION('',(0.,0.,1.));
#467 = DEFINITIONAL_REPRESENTATION('',(#468),#471);
#468 = B_SPLINE_CURVE_WITH_KNOTS('',1,(#469,#470),.UNSPECIFIED.,.F.,.F.,
  (2,2),(0.4,28.0000006),.PIECEWISE_BEZIER_KNOTS.);
#469 = CARTESIAN_POINT('',(-3.6,-17.55437353462));
#470 = CARTESIAN_POINT('',(24.0000006,-17.55437353462));
#471 = ( GEOMETRIC_REPRESENTATION_CONTEXT(2) 
PARAMETRIC_REPRESENTATION_CONTEXT() REPRESENTATION_CONTEXT('2D SPACE',''
  ) );
#472 = ORIENTED_EDGE('',*,*,#473,.F.);
#473 = EDGE_CURVE('',#143,#448,#474,.T.);
#474 = SURFACE_CURVE('',#475,(#480,#487),.PCURVE_S1.);
#475 = CIRCLE('',#476,70.);
#476 = AXIS2_PLACEMENT_3D('',#477,#478,#479);
#477 = CARTESIAN_POINT('',(110.,70.,4.));
#478 = DIRECTION('',(0.,0.,1.));
#479 = DIRECTION('',(0.,-1.,0.));
#480 = PCURVE('',#182,#481);
#481 = DEFINITIONAL_REPRESENTATION('',(#482),#486);
#482 = LINE('',#483,#484);
#483 = CARTESIAN_POINT('',(0.,4.));
#484 = VECTOR('',#485,1.);
#485 = DIRECTION('',(1.,0.));
#486 = ( GEOMETRIC_REPRESENTATION_CONTEXT(2) 
PARAMETRIC_REPRESENTATION_CONTEXT() REPRESENTATION_CONTEXT('2D SPACE',''
  ) );
#487 = PCURVE('',#157,#488);
#488 = DEFINITIONAL_REPRESENTATION('',(#489),#493);
#489 = CIRCLE('',#490,70.);
#490 = AXIS2_PLACEMENT_2D('',#491,#492);
#491 = CARTESIAN_POINT('',(260.,75.));
#492 = DIRECTION('',(0.,-1.));
#493 = ( GEOMETRIC_REPRESENTATION_CONTEXT(2) 
PARAMETRIC_REPRESENTATION_CONTEXT() REPRESENTATION_CONTEXT('2D SPACE',''
  ) );
#494 = ADVANCED_FACE('',(#495),#157,.T.);
#495 = FACE_BOUND('',#496,.T.);
#496 = EDGE_LOOP('',(#497,#527,#549,#550,#551,#574));
#497 = ORIENTED_EDGE('',*,*,#498,.F.);
#498 = EDGE_CURVE('',#499,#501,#503,.T.);
#499 = VERTEX_POINT('',#500);
#500 = CARTESIAN_POINT('',(-150.,12.55437353462,4.));
#501 = VERTEX_POINT('',#502);
#502 = CARTESIAN_POINT('',(-150.,112.,4.));
#503 = SURFACE_CURVE('',#504,(#508,#515),.PCURVE_S1.);
#504 = LINE('',#505,#506);
#505 = CARTESIAN_POINT('',(-150.,-5.,4.));
#506 = VECTOR('',#507,1.);
#507 = DIRECTION('',(0.,1.,0.));
#508 = PCURVE('',#157,#509);
#509 = DEFINITIONAL_REPRESENTATION('',(#510),#514);
#510 = LINE('',#511,#512);
#511 = CARTESIAN_POINT('',(0.,0.));
#512 = VECTOR('',#513,1.);
#513 = DIRECTION('',(0.,1.));
#514 = ( GEOMETRIC_REPRESENTATION_CONTEXT(2) 
PARAMETRIC_REPRESENTATION_CONTEXT() REPRESENTATION_CONTEXT('2D SPACE',''
  ) );
#515 = PCURVE('',#516,#521);
#516 = PLANE('',#517);
#517 = AXIS2_PLACEMENT_3D('',#518,#519,#520);
#518 = CARTESIAN_POINT('',(-150.,-5.,4.));
#519 = DIRECTION('',(1.,0.,0.));
#520 = DIRECTION('',(0.,0.,1.));
#521 = DEFINITIONAL_REPRESENTATION('',(#522),#526);
#522 = LINE('',#523,#524);
#523 = CARTESIAN_POINT('',(0.,0.));
#524 = VECTOR('',#525,1.);
#525 = DIRECTION('',(0.,-1.));
#526 = ( GEOMETRIC_REPRESENTATION_CONTEXT(2) 
PARAMETRIC_REPRESENTATION_CONTEXT() REPRESENTATION_CONTEXT('2D SPACE',''
  ) );
#527 = ORIENTED_EDGE('',*,*,#528,.T.);
#528 = EDGE_CURVE('',#499,#115,#529,.T.);
#529 = SURFACE_CURVE('',#530,(#535,#542),.PCURVE_S1.);
#530 = CIRCLE('',#531,70.);
#531 = AXIS2_PLACEMENT_3D('',#532,#533,#534);
#532 = CARTESIAN_POINT('',(-110.,70.,4.));
#533 = DIRECTION('',(0.,0.,1.));
#534 = DIRECTION('',(0.,-1.,0.));
#535 = PCURVE('',#157,#536);
#536 = DEFINITIONAL_REPRESENTATION('',(#537),#541);
#537 = CIRCLE('',#538,70.);
#538 = AXIS2_PLACEMENT_2D('',#539,#540);
#539 = CARTESIAN_POINT('',(40.,75.));
#540 = DIRECTION('',(0.,-1.));
#541 = ( GEOMETRIC_REPRESENTATION_CONTEXT(2) 
PARAMETRIC_REPRESENTATION_CONTEXT() REPRESENTATION_CONTEXT('2D SPACE',''
  ) );
#542 = PCURVE('',#130,#543);
#543 = DEFINITIONAL_REPRESENTATION('',(#544),#548);
#544 = LINE('',#545,#546);
#545 = CARTESIAN_POINT('',(-6.28318530718,4.));
#546 = VECTOR('',#547,1.);
#547 = DIRECTION('',(1.,-0.));
#548 = ( GEOMETRIC_REPRESENTATION_CONTEXT(2) 
PARAMETRIC_REPRESENTATION_CONTEXT() REPRESENTATION_CONTEXT('2D SPACE',''
  ) );
#549 = ORIENTED_EDGE('',*,*,#142,.T.);
#550 = ORIENTED_EDGE('',*,*,#473,.T.);
#551 = ORIENTED_EDGE('',*,*,#552,.T.);
#552 = EDGE_CURVE('',#448,#553,#555,.T.);
#553 = VERTEX_POINT('',#554);
#554 = CARTESIAN_POINT('',(150.,112.,4.));
#555 = SURFACE_CURVE('',#556,(#560,#567),.PCURVE_S1.);
#556 = LINE('',#557,#558);
#557 = CARTESIAN_POINT('',(150.,-5.,4.));
#558 = VECTOR('',#559,1.);
#559 = DIRECTION('',(0.,1.,0.));
#560 = PCURVE('',#157,#561);
#561 = DEFINITIONAL_REPRESENTATION('',(#562),#566);
#562 = LINE('',#563,#564);
#563 = CARTESIAN_POINT('',(300.,0.));
#564 = VECTOR('',#565,1.);
#565 = DIRECTION('',(0.,1.));
#566 = ( GEOMETRIC_REPRESENTATION_CONTEXT(2) 
PARAMETRIC_REPRESENTATION_CONTEXT() REPRESENTATION_CONTEXT('2D SPACE',''
  ) );
#567 = PCURVE('',#462,#568);
#568 = DEFINITIONAL_REPRESENTATION('',(#569),#573);
#569 = LINE('',#570,#571);
#570 = CARTESIAN_POINT('',(0.,0.));
#571 = VECTOR('',#572,1.);
#572 = DIRECTION('',(0.,-1.));
#573 = ( GEOMETRIC_REPRESENTATION_CONTEXT(2) 
PARAMETRIC_REPRESENTATION_CONTEXT() REPRESENTATION_CONTEXT('2D SPACE',''
  ) );
#574 = ORIENTED_EDGE('',*,*,#575,.F.);
#575 = EDGE_CURVE('',#501,#553,#576,.T.);
#576 = SURFACE_CURVE('',#577,(#581,#588),.PCURVE_S1.);
#577 = LINE('',#578,#579);
#578 = CARTESIAN_POINT('',(-150.,112.,4.));
#579 = VECTOR('',#580,1.);
#580 = DIRECTION('',(1.,0.,0.));
#581 = PCURVE('',#157,#582);
#582 = DEFINITIONAL_REPRESENTATION('',(#583),#587);
#583 = LINE('',#584,#585);
#584 = CARTESIAN_POINT('',(0.,117.));
#585 = VECTOR('',#586,1.);
#586 = DIRECTION('',(1.,0.));
#587 = ( GEOMETRIC_REPRESENTATION_CONTEXT(2) 
PARAMETRIC_REPRESENTATION_CONTEXT() REPRESENTATION_CONTEXT('2D SPACE',''
  ) );
#588 = PCURVE('',#589,#594);
#589 = PLANE('',#590);
#590 = AXIS2_PLACEMENT_3D('',#591,#592,#593);
#591 = CARTESIAN_POINT('',(-150.,112.,4.));
#592 = DIRECTION('',(0.,1.,0.));
#593 = DIRECTION('',(0.,0.,1.));
#594 = DEFINITIONAL_REPRESENTATION('',(#595),#599);
#595 = LINE('',#596,#597);
#596 = CARTESIAN_POINT('',(0.,0.));
#597 = VECTOR('',#598,1.);
#598 = DIRECTION('',(0.,1.));
#599 = ( GEOMETRIC_REPRESENTATION_CONTEXT(2) 
PARAMETRIC_REPRESENTATION_CONTEXT() REPRESENTATION_CONTEXT('2D SPACE',''
  ) );
#600 = ADVANCED_FACE('',(#601),#130,.T.);
#601 = FACE_BOUND('',#602,.F.);
#602 = EDGE_LOOP('',(#603,#604,#605,#628,#657,#676));
#603 = ORIENTED_EDGE('',*,*,#114,.F.);
#604 = ORIENTED_EDGE('',*,*,#364,.T.);
#605 = ORIENTED_EDGE('',*,*,#606,.T.);
#606 = EDGE_CURVE('',#337,#607,#609,.T.);
#607 = VERTEX_POINT('',#608);
#608 = CARTESIAN_POINT('',(-180.,70.,28.));
#609 = SURFACE_CURVE('',#610,(#614,#621),.PCURVE_S1.);
#610 = LINE('',#611,#612);
#611 = CARTESIAN_POINT('',(-180.,70.,0.));
#612 = VECTOR('',#613,1.);
#613 = DIRECTION('',(0.,0.,1.));
#614 = PCURVE('',#130,#615);
#615 = DEFINITIONAL_REPRESENTATION('',(#616),#620);
#616 = LINE('',#617,#618);
#617 = CARTESIAN_POINT('',(-1.570796326795,0.));
#618 = VECTOR('',#619,1.);
#619 = DIRECTION('',(-0.,1.));
#620 = ( GEOMETRIC_REPRESENTATION_CONTEXT(2) 
PARAMETRIC_REPRESENTATION_CONTEXT() REPRESENTATION_CONTEXT('2D SPACE',''
  ) );
#621 = PCURVE('',#352,#622);
#622 = DEFINITIONAL_REPRESENTATION('',(#623),#627);
#623 = LINE('',#624,#625);
#624 = CARTESIAN_POINT('',(470.,0.));
#625 = VECTOR('',#626,1.);
#626 = DIRECTION('',(0.,-1.));
#627 = ( GEOMETRIC_REPRESENTATION_CONTEXT(2) 
PARAMETRIC_REPRESENTATION_CONTEXT() REPRESENTATION_CONTEXT('2D SPACE',''
  ) );
#628 = ORIENTED_EDGE('',*,*,#629,.T.);
#629 = EDGE_CURVE('',#607,#630,#632,.T.);
#630 = VERTEX_POINT('',#631);
#631 = CARTESIAN_POINT('',(-150.,12.55437353462,28.));
#632 = SURFACE_CURVE('',#633,(#638,#645),.PCURVE_S1.);
#633 = CIRCLE('',#634,70.);
#634 = AXIS2_PLACEMENT_3D('',#635,#636,#637);
#635 = CARTESIAN_POINT('',(-110.,70.,28.));
#636 = DIRECTION('',(0.,0.,1.));
#637 = DIRECTION('',(-1.,-2.030122102172E-16,0.));
#638 = PCURVE('',#130,#639);
#639 = DEFINITIONAL_REPRESENTATION('',(#640),#644);
#640 = LINE('',#641,#642);
#641 = CARTESIAN_POINT('',(-1.570796326795,28.));
#642 = VECTOR('',#643,1.);
#643 = DIRECTION('',(1.,-0.));
#644 = ( GEOMETRIC_REPRESENTATION_CONTEXT(2) 
PARAMETRIC_REPRESENTATION_CONTEXT() REPRESENTATION_CONTEXT('2D SPACE',''
  ) );
#645 = PCURVE('',#646,#651);
#646 = TOROIDAL_SURFACE('',#647,64.,6.);
#647 = AXIS2_PLACEMENT_3D('',#648,#649,#650);
#648 = CARTESIAN_POINT('',(-110.,70.,28.));
#649 = DIRECTION('',(0.,0.,1.));
#650 = DIRECTION('',(-1.,-2.030122102172E-16,0.));
#651 = DEFINITIONAL_REPRESENTATION('',(#652),#656);
#652 = LINE('',#653,#654);
#653 = CARTESIAN_POINT('',(0.,0.));
#654 = VECTOR('',#655,1.);
#655 = DIRECTION('',(1.,0.));
#656 = ( GEOMETRIC_REPRESENTATION_CONTEXT(2) 
PARAMETRIC_REPRESENTATION_CONTEXT() REPRESENTATION_CONTEXT('2D SPACE',''
  ) );
#657 = ORIENTED_EDGE('',*,*,#658,.F.);
#658 = EDGE_CURVE('',#499,#630,#659,.T.);
#659 = SURFACE_CURVE('',#660,(#664,#670),.PCURVE_S1.);
#660 = LINE('',#661,#662);
#661 = CARTESIAN_POINT('',(-150.,12.55437353462,0.));
#662 = VECTOR('',#663,1.);
#663 = DIRECTION('',(0.,0.,1.));
#664 = PCURVE('',#130,#665);
#665 = DEFINITIONAL_REPRESENTATION('',(#666),#669);
#666 = B_SPLINE_CURVE_WITH_KNOTS('',1,(#667,#668),.UNSPECIFIED.,.F.,.F.,
  (2,2),(0.4,28.0000006),.PIECEWISE_BEZIER_KNOTS.);
#667 = CARTESIAN_POINT('',(-0.60824557891,0.4));
#668 = CARTESIAN_POINT('',(-0.60824557891,28.0000006));
#669 = ( GEOMETRIC_REPRESENTATION_CONTEXT(2) 
PARAMETRIC_REPRESENTATION_CONTEXT() REPRESENTATION_CONTEXT('2D SPACE',''
  ) );
#670 = PCURVE('',#516,#671);
#671 = DEFINITIONAL_REPRESENTATION('',(#672),#675);
#672 = B_SPLINE_CURVE_WITH_KNOTS('',1,(#673,#674),.UNSPECIFIED.,.F.,.F.,
  (2,2),(0.4,28.0000006),.PIECEWISE_BEZIER_KNOTS.);
#673 = CARTESIAN_POINT('',(-3.6,-17.55437353462));
#674 = CARTESIAN_POINT('',(24.0000006,-17.55437353462));
#675 = ( GEOMETRIC_REPRESENTATION_CONTEXT(2) 
PARAMETRIC_REPRESENTATION_CONTEXT() REPRESENTATION_CONTEXT('2D SPACE',''
  ) );
#676 = ORIENTED_EDGE('',*,*,#528,.T.);
#677 = ADVANCED_FACE('',(#678),#352,.F.);
#678 = FACE_BOUND('',#679,.F.);
#679 = EDGE_LOOP('',(#680,#703,#729,#730));
#680 = ORIENTED_EDGE('',*,*,#681,.T.);
#681 = EDGE_CURVE('',#308,#682,#684,.T.);
#682 = VERTEX_POINT('',#683);
#683 = CARTESIAN_POINT('',(-180.,470.,28.));
#684 = SURFACE_CURVE('',#685,(#689,#696),.PCURVE_S1.);
#685 = LINE('',#686,#687);
#686 = CARTESIAN_POINT('',(-180.,470.,0.));
#687 = VECTOR('',#688,1.);
#688 = DIRECTION('',(0.,0.,1.));
#689 = PCURVE('',#352,#690);
#690 = DEFINITIONAL_REPRESENTATION('',(#691),#695);
#691 = LINE('',#692,#693);
#692 = CARTESIAN_POINT('',(70.,0.));
#693 = VECTOR('',#694,1.);
#694 = DIRECTION('',(0.,-1.));
#695 = ( GEOMETRIC_REPRESENTATION_CONTEXT(2) 
PARAMETRIC_REPRESENTATION_CONTEXT() REPRESENTATION_CONTEXT('2D SPACE',''
  ) );
#696 = PCURVE('',#324,#697);
#697 = DEFINITIONAL_REPRESENTATION('',(#698),#702);
#698 = LINE('',#699,#700);
#699 = CARTESIAN_POINT('',(1.570796326795,0.));
#700 = VECTOR('',#701,1.);
#701 = DIRECTION('',(0.,1.));
#702 = ( GEOMETRIC_REPRESENTATION_CONTEXT(2) 
PARAMETRIC_REPRESENTATION_CONTEXT() REPRESENTATION_CONTEXT('2D SPACE',''
  ) );
#703 = ORIENTED_EDGE('',*,*,#704,.T.);
#704 = EDGE_CURVE('',#682,#607,#705,.T.);
#705 = SURFACE_CURVE('',#706,(#710,#717),.PCURVE_S1.);
#706 = LINE('',#707,#708);
#707 = CARTESIAN_POINT('',(-180.,470.,28.));
#708 = VECTOR('',#709,1.);
#709 = DIRECTION('',(0.,-1.,0.));
#710 = PCURVE('',#352,#711);
#711 = DEFINITIONAL_REPRESENTATION('',(#712),#716);
#712 = LINE('',#713,#714);
#713 = CARTESIAN_POINT('',(70.,-28.));
#714 = VECTOR('',#715,1.);
#715 = DIRECTION('',(1.,0.));
#716 = ( GEOMETRIC_REPRESENTATION_CONTEXT(2) 
PARAMETRIC_REPRESENTATION_CONTEXT() REPRESENTATION_CONTEXT('2D SPACE',''
  ) );
#717 = PCURVE('',#718,#723);
#718 = CYLINDRICAL_SURFACE('',#719,6.);
#719 = AXIS2_PLACEMENT_3D('',#720,#721,#722);
#720 = CARTESIAN_POINT('',(-174.,470.,28.));
#721 = DIRECTION('',(0.,-1.,0.));
#722 = DIRECTION('',(-1.,-0.,0.));
#723 = DEFINITIONAL_REPRESENTATION('',(#724),#728);
#724 = LINE('',#725,#726);
#725 = CARTESIAN_POINT('',(-0.,0.));
#726 = VECTOR('',#727,1.);
#727 = DIRECTION('',(-0.,1.));
#728 = ( GEOMETRIC_REPRESENTATION_CONTEXT(2) 
PARAMETRIC_REPRESENTATION_CONTEXT() REPRESENTATION_CONTEXT('2D SPACE',''
  ) );
#729 = ORIENTED_EDGE('',*,*,#606,.F.);
#730 = ORIENTED_EDGE('',*,*,#336,.F.);
#731 = ADVANCED_FACE('',(#732),#238,.F.);
#732 = FACE_BOUND('',#733,.F.);
#733 = EDGE_LOOP('',(#734,#735,#763,#784));
#734 = ORIENTED_EDGE('',*,*,#395,.T.);
#735 = ORIENTED_EDGE('',*,*,#736,.T.);
#736 = EDGE_CURVE('',#396,#737,#739,.T.);
#737 = VERTEX_POINT('',#738);
#738 = CARTESIAN_POINT('',(180.,470.,28.));
#739 = SURFACE_CURVE('',#740,(#744,#751),.PCURVE_S1.);
#740 = LINE('',#741,#742);
#741 = CARTESIAN_POINT('',(180.,70.,28.));
#742 = VECTOR('',#743,1.);
#743 = DIRECTION('',(0.,1.,0.));
#744 = PCURVE('',#238,#745);
#745 = DEFINITIONAL_REPRESENTATION('',(#746),#750);
#746 = LINE('',#747,#748);
#747 = CARTESIAN_POINT('',(70.,-28.));
#748 = VECTOR('',#749,1.);
#749 = DIRECTION('',(1.,0.));
#750 = ( GEOMETRIC_REPRESENTATION_CONTEXT(2) 
PARAMETRIC_REPRESENTATION_CONTEXT() REPRESENTATION_CONTEXT('2D SPACE',''
  ) );
#751 = PCURVE('',#752,#757);
#752 = CYLINDRICAL_SURFACE('',#753,6.);
#753 = AXIS2_PLACEMENT_3D('',#754,#755,#756);
#754 = CARTESIAN_POINT('',(174.,70.,28.));
#755 = DIRECTION('',(0.,1.,0.));
#756 = DIRECTION('',(1.,0.,-0.));
#757 = DEFINITIONAL_REPRESENTATION('',(#758),#762);
#758 = LINE('',#759,#760);
#759 = CARTESIAN_POINT('',(-0.,0.));
#760 = VECTOR('',#761,1.);
#761 = DIRECTION('',(-0.,1.));
#762 = ( GEOMETRIC_REPRESENTATION_CONTEXT(2) 
PARAMETRIC_REPRESENTATION_CONTEXT() REPRESENTATION_CONTEXT('2D SPACE',''
  ) );
#763 = ORIENTED_EDGE('',*,*,#764,.F.);
#764 = EDGE_CURVE('',#223,#737,#765,.T.);
#765 = SURFACE_CURVE('',#766,(#770,#777),.PCURVE_S1.);
#766 = LINE('',#767,#768);
#767 = CARTESIAN_POINT('',(180.,470.,0.));
#768 = VECTOR('',#769,1.);
#769 = DIRECTION('',(0.,0.,1.));
#770 = PCURVE('',#238,#771);
#771 = DEFINITIONAL_REPRESENTATION('',(#772),#776);
#772 = LINE('',#773,#774);
#773 = CARTESIAN_POINT('',(470.,0.));
#774 = VECTOR('',#775,1.);
#775 = DIRECTION('',(0.,-1.));
#776 = ( GEOMETRIC_REPRESENTATION_CONTEXT(2) 
PARAMETRIC_REPRESENTATION_CONTEXT() REPRESENTATION_CONTEXT('2D SPACE',''
  ) );
#777 = PCURVE('',#267,#778);
#778 = DEFINITIONAL_REPRESENTATION('',(#779),#783);
#779 = LINE('',#780,#781);
#780 = CARTESIAN_POINT('',(0.,0.));
#781 = VECTOR('',#782,1.);
#782 = DIRECTION('',(0.,1.));
#783 = ( GEOMETRIC_REPRESENTATION_CONTEXT(2) 
PARAMETRIC_REPRESENTATION_CONTEXT() REPRESENTATION_CONTEXT('2D SPACE',''
  ) );
#784 = ORIENTED_EDGE('',*,*,#222,.F.);
#785 = ADVANCED_FACE('',(#786),#324,.T.);
#786 = FACE_BOUND('',#787,.T.);
#787 = EDGE_LOOP('',(#788,#811,#812,#813));
#788 = ORIENTED_EDGE('',*,*,#789,.F.);
#789 = EDGE_CURVE('',#280,#790,#792,.T.);
#790 = VERTEX_POINT('',#791);
#791 = CARTESIAN_POINT('',(-110.,540.,28.));
#792 = SURFACE_CURVE('',#793,(#797,#804),.PCURVE_S1.);
#793 = LINE('',#794,#795);
#794 = CARTESIAN_POINT('',(-110.,540.,0.));
#795 = VECTOR('',#796,1.);
#796 = DIRECTION('',(0.,0.,1.));
#797 = PCURVE('',#324,#798);
#798 = DEFINITIONAL_REPRESENTATION('',(#799),#803);
#799 = LINE('',#800,#801);
#800 = CARTESIAN_POINT('',(0.,0.));
#801 = VECTOR('',#802,1.);
#802 = DIRECTION('',(0.,1.));
#803 = ( GEOMETRIC_REPRESENTATION_CONTEXT(2) 
PARAMETRIC_REPRESENTATION_CONTEXT() REPRESENTATION_CONTEXT('2D SPACE',''
  ) );
#804 = PCURVE('',#295,#805);
#805 = DEFINITIONAL_REPRESENTATION('',(#806),#810);
#806 = LINE('',#807,#808);
#807 = CARTESIAN_POINT('',(290.,0.));
#808 = VECTOR('',#809,1.);
#809 = DIRECTION('',(0.,-1.));
#810 = ( GEOMETRIC_REPRESENTATION_CONTEXT(2) 
PARAMETRIC_REPRESENTATION_CONTEXT() REPRESENTATION_CONTEXT('2D SPACE',''
  ) );
#811 = ORIENTED_EDGE('',*,*,#307,.T.);
#812 = ORIENTED_EDGE('',*,*,#681,.T.);
#813 = ORIENTED_EDGE('',*,*,#814,.F.);
#814 = EDGE_CURVE('',#790,#682,#815,.T.);
#815 = SURFACE_CURVE('',#816,(#821,#828),.PCURVE_S1.);
#816 = CIRCLE('',#817,70.);
#817 = AXIS2_PLACEMENT_3D('',#818,#819,#820);
#818 = CARTESIAN_POINT('',(-110.,470.,28.));
#819 = DIRECTION('',(0.,0.,1.));
#820 = DIRECTION('',(0.,1.,-0.));
#821 = PCURVE('',#324,#822);
#822 = DEFINITIONAL_REPRESENTATION('',(#823),#827);
#823 = LINE('',#824,#825);
#824 = CARTESIAN_POINT('',(0.,28.));
#825 = VECTOR('',#826,1.);
#826 = DIRECTION('',(1.,0.));
#827 = ( GEOMETRIC_REPRESENTATION_CONTEXT(2) 
PARAMETRIC_REPRESENTATION_CONTEXT() REPRESENTATION_CONTEXT('2D SPACE',''
  ) );
#828 = PCURVE('',#829,#834);
#829 = TOROIDAL_SURFACE('',#830,64.,6.);
#830 = AXIS2_PLACEMENT_3D('',#831,#832,#833);
#831 = CARTESIAN_POINT('',(-110.,470.,28.));
#832 = DIRECTION('',(0.,0.,1.));
#833 = DIRECTION('',(0.,1.,-0.));
#834 = DEFINITIONAL_REPRESENTATION('',(#835),#839);
#835 = LINE('',#836,#837);
#836 = CARTESIAN_POINT('',(0.,0.));
#837 = VECTOR('',#838,1.);
#838 = DIRECTION('',(1.,0.));
#839 = ( GEOMETRIC_REPRESENTATION_CONTEXT(2) 
PARAMETRIC_REPRESENTATION_CONTEXT() REPRESENTATION_CONTEXT('2D SPACE',''
  ) );
#840 = ADVANCED_FACE('',(#841),#267,.T.);
#841 = FACE_BOUND('',#842,.T.);
#842 = EDGE_LOOP('',(#843,#844,#845,#868));
#843 = ORIENTED_EDGE('',*,*,#764,.F.);
#844 = ORIENTED_EDGE('',*,*,#250,.T.);
#845 = ORIENTED_EDGE('',*,*,#846,.T.);
#846 = EDGE_CURVE('',#251,#847,#849,.T.);
#847 = VERTEX_POINT('',#848);
#848 = CARTESIAN_POINT('',(110.,540.,28.));
#849 = SURFACE_CURVE('',#850,(#854,#861),.PCURVE_S1.);
#850 = LINE('',#851,#852);
#851 = CARTESIAN_POINT('',(110.,540.,0.));
#852 = VECTOR('',#853,1.);
#853 = DIRECTION('',(0.,0.,1.));
#854 = PCURVE('',#267,#855);
#855 = DEFINITIONAL_REPRESENTATION('',(#856),#860);
#856 = LINE('',#857,#858);
#857 = CARTESIAN_POINT('',(1.570796326795,0.));
#858 = VECTOR('',#859,1.);
#859 = DIRECTION('',(0.,1.));
#860 = ( GEOMETRIC_REPRESENTATION_CONTEXT(2) 
PARAMETRIC_REPRESENTATION_CONTEXT() REPRESENTATION_CONTEXT('2D SPACE',''
  ) );
#861 = PCURVE('',#295,#862);
#862 = DEFINITIONAL_REPRESENTATION('',(#863),#867);
#863 = LINE('',#864,#865);
#864 = CARTESIAN_POINT('',(70.,0.));
#865 = VECTOR('',#866,1.);
#866 = DIRECTION('',(0.,-1.));
#867 = ( GEOMETRIC_REPRESENTATION_CONTEXT(2) 
PARAMETRIC_REPRESENTATION_CONTEXT() REPRESENTATION_CONTEXT('2D SPACE',''
  ) );
#868 = ORIENTED_EDGE('',*,*,#869,.F.);
#869 = EDGE_CURVE('',#737,#847,#870,.T.);
#870 = SURFACE_CURVE('',#871,(#876,#883),.PCURVE_S1.);
#871 = CIRCLE('',#872,70.);
#872 = AXIS2_PLACEMENT_3D('',#873,#874,#875);
#873 = CARTESIAN_POINT('',(110.,470.,28.));
#874 = DIRECTION('',(0.,0.,1.));
#875 = DIRECTION('',(1.,0.,-0.));
#876 = PCURVE('',#267,#877);
#877 = DEFINITIONAL_REPRESENTATION('',(#878),#882);
#878 = LINE('',#879,#880);
#879 = CARTESIAN_POINT('',(0.,28.));
#880 = VECTOR('',#881,1.);
#881 = DIRECTION('',(1.,0.));
#882 = ( GEOMETRIC_REPRESENTATION_CONTEXT(2) 
PARAMETRIC_REPRESENTATION_CONTEXT() REPRESENTATION_CONTEXT('2D SPACE',''
  ) );
#883 = PCURVE('',#884,#889);
#884 = TOROIDAL_SURFACE('',#885,64.,6.);
#885 = AXIS2_PLACEMENT_3D('',#886,#887,#888);
#886 = CARTESIAN_POINT('',(110.,470.,28.));
#887 = DIRECTION('',(0.,0.,1.));
#888 = DIRECTION('',(1.,0.,-0.));
#889 = DEFINITIONAL_REPRESENTATION('',(#890),#894);
#890 = LINE('',#891,#892);
#891 = CARTESIAN_POINT('',(0.,0.));
#892 = VECTOR('',#893,1.);
#893 = DIRECTION('',(1.,0.));
#894 = ( GEOMETRIC_REPRESENTATION_CONTEXT(2) 
PARAMETRIC_REPRESENTATION_CONTEXT() REPRESENTATION_CONTEXT('2D SPACE',''
  ) );
#895 = ADVANCED_FACE('',(#896),#295,.F.);
#896 = FACE_BOUND('',#897,.F.);
#897 = EDGE_LOOP('',(#898,#899,#925,#926));
#898 = ORIENTED_EDGE('',*,*,#846,.T.);
#899 = ORIENTED_EDGE('',*,*,#900,.T.);
#900 = EDGE_CURVE('',#847,#790,#901,.T.);
#901 = SURFACE_CURVE('',#902,(#906,#913),.PCURVE_S1.);
#902 = LINE('',#903,#904);
#903 = CARTESIAN_POINT('',(110.,540.,28.));
#904 = VECTOR('',#905,1.);
#905 = DIRECTION('',(-1.,0.,0.));
#906 = PCURVE('',#295,#907);
#907 = DEFINITIONAL_REPRESENTATION('',(#908),#912);
#908 = LINE('',#909,#910);
#909 = CARTESIAN_POINT('',(70.,-28.));
#910 = VECTOR('',#911,1.);
#911 = DIRECTION('',(1.,0.));
#912 = ( GEOMETRIC_REPRESENTATION_CONTEXT(2) 
PARAMETRIC_REPRESENTATION_CONTEXT() REPRESENTATION_CONTEXT('2D SPACE',''
  ) );
#913 = PCURVE('',#914,#919);
#914 = CYLINDRICAL_SURFACE('',#915,6.);
#915 = AXIS2_PLACEMENT_3D('',#916,#917,#918);
#916 = CARTESIAN_POINT('',(110.,534.,28.));
#917 = DIRECTION('',(-1.,0.,0.));
#918 = DIRECTION('',(0.,1.,-0.));
#919 = DEFINITIONAL_REPRESENTATION('',(#920),#924);
#920 = LINE('',#921,#922);
#921 = CARTESIAN_POINT('',(-0.,0.));
#922 = VECTOR('',#923,1.);
#923 = DIRECTION('',(-0.,1.));
#924 = ( GEOMETRIC_REPRESENTATION_CONTEXT(2) 
PARAMETRIC_REPRESENTATION_CONTEXT() REPRESENTATION_CONTEXT('2D SPACE',''
  ) );
#925 = ORIENTED_EDGE('',*,*,#789,.F.);
#926 = ORIENTED_EDGE('',*,*,#279,.F.);
#927 = ADVANCED_FACE('',(#928),#462,.F.);
#928 = FACE_BOUND('',#929,.F.);
#929 = EDGE_LOOP('',(#930,#931,#932,#955,#981));
#930 = ORIENTED_EDGE('',*,*,#447,.F.);
#931 = ORIENTED_EDGE('',*,*,#552,.T.);
#932 = ORIENTED_EDGE('',*,*,#933,.T.);
#933 = EDGE_CURVE('',#553,#934,#936,.T.);
#934 = VERTEX_POINT('',#935);
#935 = CARTESIAN_POINT('',(150.,112.,34.));
#936 = SURFACE_CURVE('',#937,(#941,#948),.PCURVE_S1.);
#937 = LINE('',#938,#939);
#938 = CARTESIAN_POINT('',(150.,112.,4.));
#939 = VECTOR('',#940,1.);
#940 = DIRECTION('',(0.,0.,1.));
#941 = PCURVE('',#462,#942);
#942 = DEFINITIONAL_REPRESENTATION('',(#943),#947);
#943 = LINE('',#944,#945);
#944 = CARTESIAN_POINT('',(0.,-117.));
#945 = VECTOR('',#946,1.);
#946 = DIRECTION('',(1.,0.));
#947 = ( GEOMETRIC_REPRESENTATION_CONTEXT(2) 
PARAMETRIC_REPRESENTATION_CONTEXT() REPRESENTATION_CONTEXT('2D SPACE',''
  ) );
#948 = PCURVE('',#589,#949);
#949 = DEFINITIONAL_REPRESENTATION('',(#950),#954);
#950 = LINE('',#951,#952);
#951 = CARTESIAN_POINT('',(0.,300.));
#952 = VECTOR('',#953,1.);
#953 = DIRECTION('',(1.,0.));
#954 = ( GEOMETRIC_REPRESENTATION_CONTEXT(2) 
PARAMETRIC_REPRESENTATION_CONTEXT() REPRESENTATION_CONTEXT('2D SPACE',''
  ) );
#955 = ORIENTED_EDGE('',*,*,#956,.F.);
#956 = EDGE_CURVE('',#957,#934,#959,.T.);
#957 = VERTEX_POINT('',#958);
#958 = CARTESIAN_POINT('',(150.,20.040016012813,34.));
#959 = SURFACE_CURVE('',#960,(#964,#970),.PCURVE_S1.);
#960 = LINE('',#961,#962);
#961 = CARTESIAN_POINT('',(150.,132.5,34.));
#962 = VECTOR('',#963,1.);
#963 = DIRECTION('',(0.,1.,0.));
#964 = PCURVE('',#462,#965);
#965 = DEFINITIONAL_REPRESENTATION('',(#966),#969);
#966 = B_SPLINE_CURVE_WITH_KNOTS('',1,(#967,#968),.UNSPECIFIED.,.F.,.F.,
  (2,2),(-126.5,-20.5),.PIECEWISE_BEZIER_KNOTS.);
#967 = CARTESIAN_POINT('',(30.,-11.));
#968 = CARTESIAN_POINT('',(30.,-117.));
#969 = ( GEOMETRIC_REPRESENTATION_CONTEXT(2) 
PARAMETRIC_REPRESENTATION_CONTEXT() REPRESENTATION_CONTEXT('2D SPACE',''
  ) );
#970 = PCURVE('',#971,#976);
#971 = PLANE('',#972);
#972 = AXIS2_PLACEMENT_3D('',#973,#974,#975);
#973 = CARTESIAN_POINT('',(0.,270.,34.));
#974 = DIRECTION('',(0.,0.,1.));
#975 = DIRECTION('',(1.,0.,-0.));
#976 = DEFINITIONAL_REPRESENTATION('',(#977),#980);
#977 = B_SPLINE_CURVE_WITH_KNOTS('',1,(#978,#979),.UNSPECIFIED.,.F.,.F.,
  (2,2),(-126.5,-20.5),.PIECEWISE_BEZIER_KNOTS.);
#978 = CARTESIAN_POINT('',(150.,-264.));
#979 = CARTESIAN_POINT('',(150.,-158.));
#980 = ( GEOMETRIC_REPRESENTATION_CONTEXT(2) 
PARAMETRIC_REPRESENTATION_CONTEXT() REPRESENTATION_CONTEXT('2D SPACE',''
  ) );
#981 = ORIENTED_EDGE('',*,*,#982,.F.);
#982 = EDGE_CURVE('',#419,#957,#983,.T.);
#983 = SURFACE_CURVE('',#984,(#1011,#1041),.PCURVE_S1.);
#984 = B_SPLINE_CURVE_WITH_KNOTS('',7,(#985,#986,#987,#988,#989,#990,
    #991,#992,#993,#994,#995,#996,#997,#998,#999,#1000,#1001,#1002,#1003
    ,#1004,#1005,#1006,#1007,#1008,#1009,#1010),.UNSPECIFIED.,.F.,.F.,(8
    ,6,6,6,8),(0.,0.271376818897,0.433098039128,0.624291268369,1.),
  .UNSPECIFIED.);
#985 = CARTESIAN_POINT('',(150.,12.55437353462,28.));
#986 = CARTESIAN_POINT('',(150.,12.55437353462,28.411530138055));
#987 = CARTESIAN_POINT('',(150.,12.594501151316,28.823280150021));
#988 = CARTESIAN_POINT('',(150.,12.674831136746,29.230075319546));
#989 = CARTESIAN_POINT('',(150.,12.793867694383,29.62752861942));
#990 = CARTESIAN_POINT('',(150.,12.949273103299,30.011883752674));
#991 = CARTESIAN_POINT('',(150.,13.138002010294,30.379983707505));
#992 = CARTESIAN_POINT('',(150.,13.486559666268,30.937409274719));
#993 = CARTESIAN_POINT('',(150.,13.62731902708,31.138979214238));
#994 = CARTESIAN_POINT('',(150.,13.7779909288,31.333513661185));
#995 = CARTESIAN_POINT('',(150.,13.937865179318,31.520660722119));
#996 = CARTESIAN_POINT('',(150.,14.106237439063,31.700158085265));
#997 = CARTESIAN_POINT('',(150.,14.282426688238,31.871818578974));
#998 = CARTESIAN_POINT('',(150.,14.682564055773,32.22905306564));
#999 = CARTESIAN_POINT('',(150.,14.909356201239,32.41145410016));
#1000 = CARTESIAN_POINT('',(150.,15.145115158509,32.582538316467));
#1001 = CARTESIAN_POINT('',(150.,15.388848359972,32.742219904934));
#1002 = CARTESIAN_POINT('',(150.,15.639632233162,32.890492140693));
#1003 = CARTESIAN_POINT('',(150.,15.896624919324,33.027408057025));
#1004 = CARTESIAN_POINT('',(150.,16.674820512411,33.399978609687));
#1005 = CARTESIAN_POINT('',(150.,17.21135522764,33.603263966395));
#1006 = CARTESIAN_POINT('',(150.,17.763313719838,33.763876217172));
#1007 = CARTESIAN_POINT('',(150.,18.32596763099,33.882807690124));
#1008 = CARTESIAN_POINT('',(150.,18.895192661892,33.96115979517));
#1009 = CARTESIAN_POINT('',(150.,19.467482833812,34.));
#1010 = CARTESIAN_POINT('',(150.,20.040016012813,34.));
#1011 = PCURVE('',#462,#1012);
#1012 = DEFINITIONAL_REPRESENTATION('',(#1013),#1040);
#1013 = B_SPLINE_CURVE_WITH_KNOTS('',7,(#1014,#1015,#1016,#1017,#1018,
    #1019,#1020,#1021,#1022,#1023,#1024,#1025,#1026,#1027,#1028,#1029,
    #1030,#1031,#1032,#1033,#1034,#1035,#1036,#1037,#1038,#1039),
  .UNSPECIFIED.,.F.,.F.,(8,6,6,6,8),(0.,0.271376818897,0.433098039128,
    0.624291268369,1.),.UNSPECIFIED.);
#1014 = CARTESIAN_POINT('',(24.,-17.55437353462));
#1015 = CARTESIAN_POINT('',(24.411530138055,-17.55437353462));
#1016 = CARTESIAN_POINT('',(24.823280150021,-17.59450115131));
#1017 = CARTESIAN_POINT('',(25.230075319546,-17.67483113674));
#1018 = CARTESIAN_POINT('',(25.62752861942,-17.79386769438));
#1019 = CARTESIAN_POINT('',(26.011883752674,-17.94927310329));
#1020 = CARTESIAN_POINT('',(26.379983707505,-18.13800201029));
#1021 = CARTESIAN_POINT('',(26.937409274719,-18.48655966626));
#1022 = CARTESIAN_POINT('',(27.138979214238,-18.62731902708));
#1023 = CARTESIAN_POINT('',(27.333513661185,-18.7779909288));
#1024 = CARTESIAN_POINT('',(27.520660722119,-18.93786517931));
#1025 = CARTESIAN_POINT('',(27.700158085265,-19.10623743906));
#1026 = CARTESIAN_POINT('',(27.871818578974,-19.28242668823));
#1027 = CARTESIAN_POINT('',(28.22905306564,-19.68256405577));
#1028 = CARTESIAN_POINT('',(28.41145410016,-19.90935620123));
#1029 = CARTESIAN_POINT('',(28.582538316467,-20.1451151585));
#1030 = CARTESIAN_POINT('',(28.742219904934,-20.38884835997));
#1031 = CARTESIAN_POINT('',(28.890492140693,-20.63963223316));
#1032 = CARTESIAN_POINT('',(29.027408057025,-20.89662491932));
#1033 = CARTESIAN_POINT('',(29.399978609687,-21.67482051241));
#1034 = CARTESIAN_POINT('',(29.603263966395,-22.21135522764));
#1035 = CARTESIAN_POINT('',(29.763876217172,-22.76331371983));
#1036 = CARTESIAN_POINT('',(29.882807690124,-23.32596763099));
#1037 = CARTESIAN_POINT('',(29.96115979517,-23.89519266189));
#1038 = CARTESIAN_POINT('',(30.,-24.46748283381));
#1039 = CARTESIAN_POINT('',(30.,-25.04001601281));
#1040 = ( GEOMETRIC_REPRESENTATION_CONTEXT(2) 
PARAMETRIC_REPRESENTATION_CONTEXT() REPRESENTATION_CONTEXT('2D SPACE',''
  ) );
#1041 = PCURVE('',#435,#1042);
#1042 = DEFINITIONAL_REPRESENTATION('',(#1043),#1070);
#1043 = B_SPLINE_CURVE_WITH_KNOTS('',7,(#1044,#1045,#1046,#1047,#1048,
    #1049,#1050,#1051,#1052,#1053,#1054,#1055,#1056,#1057,#1058,#1059,
    #1060,#1061,#1062,#1063,#1064,#1065,#1066,#1067,#1068,#1069),
  .UNSPECIFIED.,.F.,.F.,(8,6,6,6,8),(0.,0.271376818897,0.433098039128,
    0.624291268369,1.),.UNSPECIFIED.);
#1044 = CARTESIAN_POINT('',(0.60824557891,0.));
#1045 = CARTESIAN_POINT('',(0.60824557891,6.858835634246E-02));
#1046 = CARTESIAN_POINT('',(0.60857315181,0.13721332382));
#1047 = CARTESIAN_POINT('',(0.609228903846,0.205539733409));
#1048 = CARTESIAN_POINT('',(0.610202581667,0.27336493254));
#1049 = CARTESIAN_POINT('',(0.611478960231,0.340523433049));
#1050 = CARTESIAN_POINT('',(0.613038015027,0.406866873315));
#1051 = CARTESIAN_POINT('',(0.615937529592,0.511188728715));
#1052 = CARTESIAN_POINT('',(0.617112324875,0.549816678778));
#1053 = CARTESIAN_POINT('',(0.618374608919,0.588101472935));
#1054 = CARTESIAN_POINT('',(0.619719661832,0.626033879518));
#1055 = CARTESIAN_POINT('',(0.621142789979,0.663609928443));
#1056 = CARTESIAN_POINT('',(0.62263943667,0.700829898255));
#1057 = CARTESIAN_POINT('',(0.626056458045,0.781286110268));
#1058 = CARTESIAN_POINT('',(0.628004275588,0.824380902228));
#1059 = CARTESIAN_POINT('',(0.630041721319,0.866994875421));
#1060 = CARTESIAN_POINT('',(0.632162099489,0.909143298606));
#1061 = CARTESIAN_POINT('',(0.634359117424,0.950845230373));
#1062 = CARTESIAN_POINT('',(0.636626984006,0.992123998685));
#1063 = CARTESIAN_POINT('',(0.643546054408,1.113347116441));
#1064 = CARTESIAN_POINT('',(0.648382517042,1.1921156394));
#1065 = CARTESIAN_POINT('',(0.653433138837,1.269582270217));
#1066 = CARTESIAN_POINT('',(0.658663852844,1.345962575172));
#1067 = CARTESIAN_POINT('',(0.664042722036,1.42146059186));
#1068 = CARTESIAN_POINT('',(0.669540388611,1.496307398527));
#1069 = CARTESIAN_POINT('',(0.675131532937,1.570796326795));
#1070 = ( GEOMETRIC_REPRESENTATION_CONTEXT(2) 
PARAMETRIC_REPRESENTATION_CONTEXT() REPRESENTATION_CONTEXT('2D SPACE',''
  ) );
#1071 = ADVANCED_FACE('',(#1072),#435,.T.);
#1072 = FACE_BOUND('',#1073,.T.);
#1073 = EDGE_LOOP('',(#1074,#1075,#1076,#1098));
#1074 = ORIENTED_EDGE('',*,*,#982,.F.);
#1075 = ORIENTED_EDGE('',*,*,#418,.T.);
#1076 = ORIENTED_EDGE('',*,*,#1077,.T.);
#1077 = EDGE_CURVE('',#396,#1078,#1080,.T.);
#1078 = VERTEX_POINT('',#1079);
#1079 = CARTESIAN_POINT('',(174.,70.,34.));
#1080 = SURFACE_CURVE('',#1081,(#1086,#1092),.PCURVE_S1.);
#1081 = CIRCLE('',#1082,6.);
#1082 = AXIS2_PLACEMENT_3D('',#1083,#1084,#1085);
#1083 = CARTESIAN_POINT('',(174.,70.,28.));
#1084 = DIRECTION('',(-6.123233995737E-17,-1.,0.));
#1085 = DIRECTION('',(1.,-6.123233995737E-17,0.));
#1086 = PCURVE('',#435,#1087);
#1087 = DEFINITIONAL_REPRESENTATION('',(#1088),#1091);
#1088 = B_SPLINE_CURVE_WITH_KNOTS('',1,(#1089,#1090),.UNSPECIFIED.,.F.,
  .F.,(2,2),(0.,1.570796326795),.PIECEWISE_BEZIER_KNOTS.);
#1089 = CARTESIAN_POINT('',(1.570796326795,0.));
#1090 = CARTESIAN_POINT('',(1.570796326795,1.570796326795));
#1091 = ( GEOMETRIC_REPRESENTATION_CONTEXT(2) 
PARAMETRIC_REPRESENTATION_CONTEXT() REPRESENTATION_CONTEXT('2D SPACE',''
  ) );
#1092 = PCURVE('',#752,#1093);
#1093 = DEFINITIONAL_REPRESENTATION('',(#1094),#1097);
#1094 = B_SPLINE_CURVE_WITH_KNOTS('',1,(#1095,#1096),.UNSPECIFIED.,.F.,
  .F.,(2,2),(0.,1.570796326795),.PIECEWISE_BEZIER_KNOTS.);
#1095 = CARTESIAN_POINT('',(0.,0.));
#1096 = CARTESIAN_POINT('',(-1.570796326795,0.));
#1097 = ( GEOMETRIC_REPRESENTATION_CONTEXT(2) 
PARAMETRIC_REPRESENTATION_CONTEXT() REPRESENTATION_CONTEXT('2D SPACE',''
  ) );
#1098 = ORIENTED_EDGE('',*,*,#1099,.F.);
#1099 = EDGE_CURVE('',#957,#1078,#1100,.T.);
#1100 = SURFACE_CURVE('',#1101,(#1106,#1113),.PCURVE_S1.);
#1101 = CIRCLE('',#1102,64.);
#1102 = AXIS2_PLACEMENT_3D('',#1103,#1104,#1105);
#1103 = CARTESIAN_POINT('',(110.,70.,34.));
#1104 = DIRECTION('',(0.,0.,1.));
#1105 = DIRECTION('',(0.,-1.,0.));
#1106 = PCURVE('',#435,#1107);
#1107 = DEFINITIONAL_REPRESENTATION('',(#1108),#1112);
#1108 = LINE('',#1109,#1110);
#1109 = CARTESIAN_POINT('',(0.,1.570796326795));
#1110 = VECTOR('',#1111,1.);
#1111 = DIRECTION('',(1.,0.));
#1112 = ( GEOMETRIC_REPRESENTATION_CONTEXT(2) 
PARAMETRIC_REPRESENTATION_CONTEXT() REPRESENTATION_CONTEXT('2D SPACE',''
  ) );
#1113 = PCURVE('',#971,#1114);
#1114 = DEFINITIONAL_REPRESENTATION('',(#1115),#1119);
#1115 = CIRCLE('',#1116,64.);
#1116 = AXIS2_PLACEMENT_2D('',#1117,#1118);
#1117 = CARTESIAN_POINT('',(110.,-200.));
#1118 = DIRECTION('',(0.,-1.));
#1119 = ( GEOMETRIC_REPRESENTATION_CONTEXT(2) 
PARAMETRIC_REPRESENTATION_CONTEXT() REPRESENTATION_CONTEXT('2D SPACE',''
  ) );
#1120 = ADVANCED_FACE('',(#1121),#516,.T.);
#1121 = FACE_BOUND('',#1122,.T.);
#1122 = EDGE_LOOP('',(#1123,#1124,#1125,#1148,#1169));
#1123 = ORIENTED_EDGE('',*,*,#658,.F.);
#1124 = ORIENTED_EDGE('',*,*,#498,.T.);
#1125 = ORIENTED_EDGE('',*,*,#1126,.T.);
#1126 = EDGE_CURVE('',#501,#1127,#1129,.T.);
#1127 = VERTEX_POINT('',#1128);
#1128 = CARTESIAN_POINT('',(-150.,112.,34.));
#1129 = SURFACE_CURVE('',#1130,(#1134,#1141),.PCURVE_S1.);
#1130 = LINE('',#1131,#1132);
#1131 = CARTESIAN_POINT('',(-150.,112.,4.));
#1132 = VECTOR('',#1133,1.);
#1133 = DIRECTION('',(0.,0.,1.));
#1134 = PCURVE('',#516,#1135);
#1135 = DEFINITIONAL_REPRESENTATION('',(#1136),#1140);
#1136 = LINE('',#1137,#1138);
#1137 = CARTESIAN_POINT('',(0.,-117.));
#1138 = VECTOR('',#1139,1.);
#1139 = DIRECTION('',(1.,0.));
#1140 = ( GEOMETRIC_REPRESENTATION_CONTEXT(2) 
PARAMETRIC_REPRESENTATION_CONTEXT() REPRESENTATION_CONTEXT('2D SPACE',''
  ) );
#1141 = PCURVE('',#589,#1142);
#1142 = DEFINITIONAL_REPRESENTATION('',(#1143),#1147);
#1143 = LINE('',#1144,#1145);
#1144 = CARTESIAN_POINT('',(0.,0.));
#1145 = VECTOR('',#1146,1.);
#1146 = DIRECTION('',(1.,0.));
#1147 = ( GEOMETRIC_REPRESENTATION_CONTEXT(2) 
PARAMETRIC_REPRESENTATION_CONTEXT() REPRESENTATION_CONTEXT('2D SPACE',''
  ) );
#1148 = ORIENTED_EDGE('',*,*,#1149,.F.);
#1149 = EDGE_CURVE('',#1150,#1127,#1152,.T.);
#1150 = VERTEX_POINT('',#1151);
#1151 = CARTESIAN_POINT('',(-150.,20.040016012813,34.));
#1152 = SURFACE_CURVE('',#1153,(#1157,#1163),.PCURVE_S1.);
#1153 = LINE('',#1154,#1155);
#1154 = CARTESIAN_POINT('',(-150.,132.5,34.));
#1155 = VECTOR('',#1156,1.);
#1156 = DIRECTION('',(0.,1.,0.));
#1157 = PCURVE('',#516,#1158);
#1158 = DEFINITIONAL_REPRESENTATION('',(#1159),#1162);
#1159 = B_SPLINE_CURVE_WITH_KNOTS('',1,(#1160,#1161),.UNSPECIFIED.,.F.,
  .F.,(2,2),(-126.5,-20.5),.PIECEWISE_BEZIER_KNOTS.);
#1160 = CARTESIAN_POINT('',(30.,-11.));
#1161 = CARTESIAN_POINT('',(30.,-117.));
#1162 = ( GEOMETRIC_REPRESENTATION_CONTEXT(2) 
PARAMETRIC_REPRESENTATION_CONTEXT() REPRESENTATION_CONTEXT('2D SPACE',''
  ) );
#1163 = PCURVE('',#971,#1164);
#1164 = DEFINITIONAL_REPRESENTATION('',(#1165),#1168);
#1165 = B_SPLINE_CURVE_WITH_KNOTS('',1,(#1166,#1167),.UNSPECIFIED.,.F.,
  .F.,(2,2),(-126.5,-20.5),.PIECEWISE_BEZIER_KNOTS.);
#1166 = CARTESIAN_POINT('',(-150.,-264.));
#1167 = CARTESIAN_POINT('',(-150.,-158.));
#1168 = ( GEOMETRIC_REPRESENTATION_CONTEXT(2) 
PARAMETRIC_REPRESENTATION_CONTEXT() REPRESENTATION_CONTEXT('2D SPACE',''
  ) );
#1169 = ORIENTED_EDGE('',*,*,#1170,.F.);
#1170 = EDGE_CURVE('',#630,#1150,#1171,.T.);
#1171 = SURFACE_CURVE('',#1172,(#1199,#1229),.PCURVE_S1.);
#1172 = B_SPLINE_CURVE_WITH_KNOTS('',7,(#1173,#1174,#1175,#1176,#1177,
    #1178,#1179,#1180,#1181,#1182,#1183,#1184,#1185,#1186,#1187,#1188,
    #1189,#1190,#1191,#1192,#1193,#1194,#1195,#1196,#1197,#1198),
  .UNSPECIFIED.,.F.,.F.,(8,6,6,6,8),(0.,0.2713768189,0.433098039131,
    0.624291268373,1.),.UNSPECIFIED.);
#1173 = CARTESIAN_POINT('',(-150.,12.55437353462,28.));
#1174 = CARTESIAN_POINT('',(-150.,12.55437353462,28.411530138059));
#1175 = CARTESIAN_POINT('',(-150.,12.594501151318,28.823280150031));
#1176 = CARTESIAN_POINT('',(-150.,12.674831136745,29.230075319558));
#1177 = CARTESIAN_POINT('',(-150.,12.793867694393,29.627528619439));
#1178 = CARTESIAN_POINT('',(-150.,12.949273103305,30.011883752694));
#1179 = CARTESIAN_POINT('',(-150.,13.138002010307,30.37998370753));
#1180 = CARTESIAN_POINT('',(-150.,13.486559666286,30.937409274745));
#1181 = CARTESIAN_POINT('',(-150.,13.6273190271,31.138979214265));
#1182 = CARTESIAN_POINT('',(-150.,13.77799092882,31.33351366121));
#1183 = CARTESIAN_POINT('',(-150.,13.937865179339,31.520660722144));
#1184 = CARTESIAN_POINT('',(-150.,14.106237439086,31.70015808529));
#1185 = CARTESIAN_POINT('',(-150.,14.282426688262,31.871818578997));
#1186 = CARTESIAN_POINT('',(-150.,14.682564055799,32.229053065661));
#1187 = CARTESIAN_POINT('',(-150.,14.909356201267,32.411454100181));
#1188 = CARTESIAN_POINT('',(-150.,15.145115158538,32.582538316486));
#1189 = CARTESIAN_POINT('',(-150.,15.388848360002,32.742219904952));
#1190 = CARTESIAN_POINT('',(-150.,15.639632233193,32.89049214071));
#1191 = CARTESIAN_POINT('',(-150.,15.896624919355,33.027408057041));
#1192 = CARTESIAN_POINT('',(-150.,16.674820512441,33.399978609698));
#1193 = CARTESIAN_POINT('',(-150.,17.211355227665,33.603263966402));
#1194 = CARTESIAN_POINT('',(-150.,17.763313719859,33.763876217176));
#1195 = CARTESIAN_POINT('',(-150.,18.325967631006,33.882807690126));
#1196 = CARTESIAN_POINT('',(-150.,18.895192661902,33.961159795171));
#1197 = CARTESIAN_POINT('',(-150.,19.467482833817,34.));
#1198 = CARTESIAN_POINT('',(-150.,20.040016012813,34.));
#1199 = PCURVE('',#516,#1200);
#1200 = DEFINITIONAL_REPRESENTATION('',(#1201),#1228);
#1201 = B_SPLINE_CURVE_WITH_KNOTS('',7,(#1202,#1203,#1204,#1205,#1206,
    #1207,#1208,#1209,#1210,#1211,#1212,#1213,#1214,#1215,#1216,#1217,
    #1218,#1219,#1220,#1221,#1222,#1223,#1224,#1225,#1226,#1227),
  .UNSPECIFIED.,.F.,.F.,(8,6,6,6,8),(0.,0.2713768189,0.433098039131,
    0.624291268373,1.),.UNSPECIFIED.);
#1202 = CARTESIAN_POINT('',(24.,-17.55437353462));
#1203 = CARTESIAN_POINT('',(24.411530138059,-17.55437353462));
#1204 = CARTESIAN_POINT('',(24.823280150031,-17.59450115131));
#1205 = CARTESIAN_POINT('',(25.230075319558,-17.67483113674));
#1206 = CARTESIAN_POINT('',(25.627528619439,-17.79386769439));
#1207 = CARTESIAN_POINT('',(26.011883752694,-17.9492731033));
#1208 = CARTESIAN_POINT('',(26.37998370753,-18.1380020103));
#1209 = CARTESIAN_POINT('',(26.937409274745,-18.48655966628));
#1210 = CARTESIAN_POINT('',(27.138979214265,-18.6273190271));
#1211 = CARTESIAN_POINT('',(27.33351366121,-18.77799092882));
#1212 = CARTESIAN_POINT('',(27.520660722144,-18.93786517933));
#1213 = CARTESIAN_POINT('',(27.70015808529,-19.10623743908));
#1214 = CARTESIAN_POINT('',(27.871818578997,-19.28242668826));
#1215 = CARTESIAN_POINT('',(28.229053065661,-19.68256405579));
#1216 = CARTESIAN_POINT('',(28.411454100181,-19.90935620126));
#1217 = CARTESIAN_POINT('',(28.582538316486,-20.14511515853));
#1218 = CARTESIAN_POINT('',(28.742219904952,-20.38884836));
#1219 = CARTESIAN_POINT('',(28.89049214071,-20.63963223319));
#1220 = CARTESIAN_POINT('',(29.027408057041,-20.89662491935));
#1221 = CARTESIAN_POINT('',(29.399978609698,-21.67482051244));
#1222 = CARTESIAN_POINT('',(29.603263966402,-22.21135522766));
#1223 = CARTESIAN_POINT('',(29.763876217176,-22.76331371985));
#1224 = CARTESIAN_POINT('',(29.882807690126,-23.325967631));
#1225 = CARTESIAN_POINT('',(29.961159795171,-23.8951926619));
#1226 = CARTESIAN_POINT('',(30.,-24.46748283381));
#1227 = CARTESIAN_POINT('',(30.,-25.04001601281));
#1228 = ( GEOMETRIC_REPRESENTATION_CONTEXT(2) 
PARAMETRIC_REPRESENTATION_CONTEXT() REPRESENTATION_CONTEXT('2D SPACE',''
  ) );
#1229 = PCURVE('',#646,#1230);
#1230 = DEFINITIONAL_REPRESENTATION('',(#1231),#1258);
#1231 = B_SPLINE_CURVE_WITH_KNOTS('',7,(#1232,#1233,#1234,#1235,#1236,
    #1237,#1238,#1239,#1240,#1241,#1242,#1243,#1244,#1245,#1246,#1247,
    #1248,#1249,#1250,#1251,#1252,#1253,#1254,#1255,#1256,#1257),
  .UNSPECIFIED.,.F.,.F.,(8,6,6,6,8),(0.,0.2713768189,0.433098039131,
    0.624291268373,1.),.UNSPECIFIED.);
#1232 = CARTESIAN_POINT('',(0.962550747885,0.));
#1233 = CARTESIAN_POINT('',(0.962550747885,6.858835634319E-02));
#1234 = CARTESIAN_POINT('',(0.962223174985,0.137213323822));
#1235 = CARTESIAN_POINT('',(0.961567422949,0.205539733411));
#1236 = CARTESIAN_POINT('',(0.960593745128,0.273364932544));
#1237 = CARTESIAN_POINT('',(0.959317366564,0.340523433052));
#1238 = CARTESIAN_POINT('',(0.957758311768,0.406866873319));
#1239 = CARTESIAN_POINT('',(0.954858797203,0.51118872872));
#1240 = CARTESIAN_POINT('',(0.95368400192,0.549816678783));
#1241 = CARTESIAN_POINT('',(0.952421717875,0.58810147294));
#1242 = CARTESIAN_POINT('',(0.951076664962,0.626033879523));
#1243 = CARTESIAN_POINT('',(0.949653536816,0.663609928448));
#1244 = CARTESIAN_POINT('',(0.948156890125,0.70082989826));
#1245 = CARTESIAN_POINT('',(0.94473986875,0.781286110273));
#1246 = CARTESIAN_POINT('',(0.942792051206,0.824380902233));
#1247 = CARTESIAN_POINT('',(0.940754605475,0.866994875426));
#1248 = CARTESIAN_POINT('',(0.938634227305,0.909143298611));
#1249 = CARTESIAN_POINT('',(0.93643720937,0.950845230378));
#1250 = CARTESIAN_POINT('',(0.934169342788,0.99212399869));
#1251 = CARTESIAN_POINT('',(0.927250272387,1.113347116445));
#1252 = CARTESIAN_POINT('',(0.922413809753,1.192115639403));
#1253 = CARTESIAN_POINT('',(0.917363187957,1.26958227022));
#1254 = CARTESIAN_POINT('',(0.912132473951,1.345962575174));
#1255 = CARTESIAN_POINT('',(0.906753604759,1.421460591861));
#1256 = CARTESIAN_POINT('',(0.901255938184,1.496307398527));
#1257 = CARTESIAN_POINT('',(0.895664793858,1.570796326795));
#1258 = ( GEOMETRIC_REPRESENTATION_CONTEXT(2) 
PARAMETRIC_REPRESENTATION_CONTEXT() REPRESENTATION_CONTEXT('2D SPACE',''
  ) );
#1259 = ADVANCED_FACE('',(#1260),#589,.F.);
#1260 = FACE_BOUND('',#1261,.F.);
#1261 = EDGE_LOOP('',(#1262,#1263,#1264,#1265));
#1262 = ORIENTED_EDGE('',*,*,#933,.F.);
#1263 = ORIENTED_EDGE('',*,*,#575,.F.);
#1264 = ORIENTED_EDGE('',*,*,#1126,.T.);
#1265 = ORIENTED_EDGE('',*,*,#1266,.F.);
#1266 = EDGE_CURVE('',#934,#1127,#1267,.T.);
#1267 = SURFACE_CURVE('',#1268,(#1272,#1278),.PCURVE_S1.);
#1268 = LINE('',#1269,#1270);
#1269 = CARTESIAN_POINT('',(-75.,112.,34.));
#1270 = VECTOR('',#1271,1.);
#1271 = DIRECTION('',(-1.,0.,0.));
#1272 = PCURVE('',#589,#1273);
#1273 = DEFINITIONAL_REPRESENTATION('',(#1274),#1277);
#1274 = B_SPLINE_CURVE_WITH_KNOTS('',1,(#1275,#1276),.UNSPECIFIED.,.F.,
  .F.,(2,2),(-225.,75.),.PIECEWISE_BEZIER_KNOTS.);
#1275 = CARTESIAN_POINT('',(30.,300.));
#1276 = CARTESIAN_POINT('',(30.,0.));
#1277 = ( GEOMETRIC_REPRESENTATION_CONTEXT(2) 
PARAMETRIC_REPRESENTATION_CONTEXT() REPRESENTATION_CONTEXT('2D SPACE',''
  ) );
#1278 = PCURVE('',#971,#1279);
#1279 = DEFINITIONAL_REPRESENTATION('',(#1280),#1283);
#1280 = B_SPLINE_CURVE_WITH_KNOTS('',1,(#1281,#1282),.UNSPECIFIED.,.F.,
  .F.,(2,2),(-225.,75.),.PIECEWISE_BEZIER_KNOTS.);
#1281 = CARTESIAN_POINT('',(150.,-158.));
#1282 = CARTESIAN_POINT('',(-150.,-158.));
#1283 = ( GEOMETRIC_REPRESENTATION_CONTEXT(2) 
PARAMETRIC_REPRESENTATION_CONTEXT() REPRESENTATION_CONTEXT('2D SPACE',''
  ) );
#1284 = ADVANCED_FACE('',(#1285),#646,.T.);
#1285 = FACE_BOUND('',#1286,.T.);
#1286 = EDGE_LOOP('',(#1287,#1309,#1310,#1311));
#1287 = ORIENTED_EDGE('',*,*,#1288,.F.);
#1288 = EDGE_CURVE('',#607,#1289,#1291,.T.);
#1289 = VERTEX_POINT('',#1290);
#1290 = CARTESIAN_POINT('',(-174.,70.,34.));
#1291 = SURFACE_CURVE('',#1292,(#1297,#1303),.PCURVE_S1.);
#1292 = CIRCLE('',#1293,6.);
#1293 = AXIS2_PLACEMENT_3D('',#1294,#1295,#1296);
#1294 = CARTESIAN_POINT('',(-174.,70.,28.));
#1295 = DIRECTION('',(-0.,1.,0.));
#1296 = DIRECTION('',(-1.,-0.,0.));
#1297 = PCURVE('',#646,#1298);
#1298 = DEFINITIONAL_REPRESENTATION('',(#1299),#1302);
#1299 = B_SPLINE_CURVE_WITH_KNOTS('',1,(#1300,#1301),.UNSPECIFIED.,.F.,
  .F.,(2,2),(0.,1.570796326795),.PIECEWISE_BEZIER_KNOTS.);
#1300 = CARTESIAN_POINT('',(0.,0.));
#1301 = CARTESIAN_POINT('',(0.,1.570796326795));
#1302 = ( GEOMETRIC_REPRESENTATION_CONTEXT(2) 
PARAMETRIC_REPRESENTATION_CONTEXT() REPRESENTATION_CONTEXT('2D SPACE',''
  ) );
#1303 = PCURVE('',#718,#1304);
#1304 = DEFINITIONAL_REPRESENTATION('',(#1305),#1308);
#1305 = B_SPLINE_CURVE_WITH_KNOTS('',1,(#1306,#1307),.UNSPECIFIED.,.F.,
  .F.,(2,2),(0.,1.570796326795),.PIECEWISE_BEZIER_KNOTS.);
#1306 = CARTESIAN_POINT('',(0.,400.));
#1307 = CARTESIAN_POINT('',(-1.570796326795,400.));
#1308 = ( GEOMETRIC_REPRESENTATION_CONTEXT(2) 
PARAMETRIC_REPRESENTATION_CONTEXT() REPRESENTATION_CONTEXT('2D SPACE',''
  ) );
#1309 = ORIENTED_EDGE('',*,*,#629,.T.);
#1310 = ORIENTED_EDGE('',*,*,#1170,.T.);
#1311 = ORIENTED_EDGE('',*,*,#1312,.F.);
#1312 = EDGE_CURVE('',#1289,#1150,#1313,.T.);
#1313 = SURFACE_CURVE('',#1314,(#1319,#1326),.PCURVE_S1.);
#1314 = CIRCLE('',#1315,64.);
#1315 = AXIS2_PLACEMENT_3D('',#1316,#1317,#1318);
#1316 = CARTESIAN_POINT('',(-110.,70.,34.));
#1317 = DIRECTION('',(0.,0.,1.));
#1318 = DIRECTION('',(-1.,-2.030122102172E-16,0.));
#1319 = PCURVE('',#646,#1320);
#1320 = DEFINITIONAL_REPRESENTATION('',(#1321),#1325);
#1321 = LINE('',#1322,#1323);
#1322 = CARTESIAN_POINT('',(0.,1.570796326795));
#1323 = VECTOR('',#1324,1.);
#1324 = DIRECTION('',(1.,0.));
#1325 = ( GEOMETRIC_REPRESENTATION_CONTEXT(2) 
PARAMETRIC_REPRESENTATION_CONTEXT() REPRESENTATION_CONTEXT('2D SPACE',''
  ) );
#1326 = PCURVE('',#971,#1327);
#1327 = DEFINITIONAL_REPRESENTATION('',(#1328),#1332);
#1328 = CIRCLE('',#1329,64.);
#1329 = AXIS2_PLACEMENT_2D('',#1330,#1331);
#1330 = CARTESIAN_POINT('',(-110.,-200.));
#1331 = DIRECTION('',(-1.,0.));
#1332 = ( GEOMETRIC_REPRESENTATION_CONTEXT(2) 
PARAMETRIC_REPRESENTATION_CONTEXT() REPRESENTATION_CONTEXT('2D SPACE',''
  ) );
#1333 = ADVANCED_FACE('',(#1334),#718,.T.);
#1334 = FACE_BOUND('',#1335,.F.);
#1335 = EDGE_LOOP('',(#1336,#1358,#1379,#1380));
#1336 = ORIENTED_EDGE('',*,*,#1337,.T.);
#1337 = EDGE_CURVE('',#682,#1338,#1340,.T.);
#1338 = VERTEX_POINT('',#1339);
#1339 = CARTESIAN_POINT('',(-174.,470.,34.));
#1340 = SURFACE_CURVE('',#1341,(#1346,#1352),.PCURVE_S1.);
#1341 = CIRCLE('',#1342,6.);
#1342 = AXIS2_PLACEMENT_3D('',#1343,#1344,#1345);
#1343 = CARTESIAN_POINT('',(-174.,470.,28.));
#1344 = DIRECTION('',(6.123233995737E-17,1.,-0.));
#1345 = DIRECTION('',(-1.,6.123233995737E-17,0.));
#1346 = PCURVE('',#718,#1347);
#1347 = DEFINITIONAL_REPRESENTATION('',(#1348),#1351);
#1348 = B_SPLINE_CURVE_WITH_KNOTS('',1,(#1349,#1350),.UNSPECIFIED.,.F.,
  .F.,(2,2),(0.,1.570796326795),.PIECEWISE_BEZIER_KNOTS.);
#1349 = CARTESIAN_POINT('',(0.,0.));
#1350 = CARTESIAN_POINT('',(-1.570796326795,0.));
#1351 = ( GEOMETRIC_REPRESENTATION_CONTEXT(2) 
PARAMETRIC_REPRESENTATION_CONTEXT() REPRESENTATION_CONTEXT('2D SPACE',''
  ) );
#1352 = PCURVE('',#829,#1353);
#1353 = DEFINITIONAL_REPRESENTATION('',(#1354),#1357);
#1354 = B_SPLINE_CURVE_WITH_KNOTS('',1,(#1355,#1356),.UNSPECIFIED.,.F.,
  .F.,(2,2),(0.,1.570796326795),.PIECEWISE_BEZIER_KNOTS.);
#1355 = CARTESIAN_POINT('',(1.570796326795,0.));
#1356 = CARTESIAN_POINT('',(1.570796326795,1.570796326795));
#1357 = ( GEOMETRIC_REPRESENTATION_CONTEXT(2) 
PARAMETRIC_REPRESENTATION_CONTEXT() REPRESENTATION_CONTEXT('2D SPACE',''
  ) );
#1358 = ORIENTED_EDGE('',*,*,#1359,.T.);
#1359 = EDGE_CURVE('',#1338,#1289,#1360,.T.);
#1360 = SURFACE_CURVE('',#1361,(#1365,#1372),.PCURVE_S1.);
#1361 = LINE('',#1362,#1363);
#1362 = CARTESIAN_POINT('',(-174.,470.,34.));
#1363 = VECTOR('',#1364,1.);
#1364 = DIRECTION('',(0.,-1.,0.));
#1365 = PCURVE('',#718,#1366);
#1366 = DEFINITIONAL_REPRESENTATION('',(#1367),#1371);
#1367 = LINE('',#1368,#1369);
#1368 = CARTESIAN_POINT('',(-1.570796326795,0.));
#1369 = VECTOR('',#1370,1.);
#1370 = DIRECTION('',(-0.,1.));
#1371 = ( GEOMETRIC_REPRESENTATION_CONTEXT(2) 
PARAMETRIC_REPRESENTATION_CONTEXT() REPRESENTATION_CONTEXT('2D SPACE',''
  ) );
#1372 = PCURVE('',#971,#1373);
#1373 = DEFINITIONAL_REPRESENTATION('',(#1374),#1378);
#1374 = LINE('',#1375,#1376);
#1375 = CARTESIAN_POINT('',(-174.,200.));
#1376 = VECTOR('',#1377,1.);
#1377 = DIRECTION('',(0.,-1.));
#1378 = ( GEOMETRIC_REPRESENTATION_CONTEXT(2) 
PARAMETRIC_REPRESENTATION_CONTEXT() REPRESENTATION_CONTEXT('2D SPACE',''
  ) );
#1379 = ORIENTED_EDGE('',*,*,#1288,.F.);
#1380 = ORIENTED_EDGE('',*,*,#704,.F.);
#1381 = ADVANCED_FACE('',(#1382),#752,.T.);
#1382 = FACE_BOUND('',#1383,.F.);
#1383 = EDGE_LOOP('',(#1384,#1385,#1408,#1428));
#1384 = ORIENTED_EDGE('',*,*,#1077,.T.);
#1385 = ORIENTED_EDGE('',*,*,#1386,.T.);
#1386 = EDGE_CURVE('',#1078,#1387,#1389,.T.);
#1387 = VERTEX_POINT('',#1388);
#1388 = CARTESIAN_POINT('',(174.,470.,34.));
#1389 = SURFACE_CURVE('',#1390,(#1394,#1401),.PCURVE_S1.);
#1390 = LINE('',#1391,#1392);
#1391 = CARTESIAN_POINT('',(174.,70.,34.));
#1392 = VECTOR('',#1393,1.);
#1393 = DIRECTION('',(0.,1.,0.));
#1394 = PCURVE('',#752,#1395);
#1395 = DEFINITIONAL_REPRESENTATION('',(#1396),#1400);
#1396 = LINE('',#1397,#1398);
#1397 = CARTESIAN_POINT('',(-1.570796326795,0.));
#1398 = VECTOR('',#1399,1.);
#1399 = DIRECTION('',(-0.,1.));
#1400 = ( GEOMETRIC_REPRESENTATION_CONTEXT(2) 
PARAMETRIC_REPRESENTATION_CONTEXT() REPRESENTATION_CONTEXT('2D SPACE',''
  ) );
#1401 = PCURVE('',#971,#1402);
#1402 = DEFINITIONAL_REPRESENTATION('',(#1403),#1407);
#1403 = LINE('',#1404,#1405);
#1404 = CARTESIAN_POINT('',(174.,-200.));
#1405 = VECTOR('',#1406,1.);
#1406 = DIRECTION('',(0.,1.));
#1407 = ( GEOMETRIC_REPRESENTATION_CONTEXT(2) 
PARAMETRIC_REPRESENTATION_CONTEXT() REPRESENTATION_CONTEXT('2D SPACE',''
  ) );
#1408 = ORIENTED_EDGE('',*,*,#1409,.F.);
#1409 = EDGE_CURVE('',#737,#1387,#1410,.T.);
#1410 = SURFACE_CURVE('',#1411,(#1416,#1422),.PCURVE_S1.);
#1411 = CIRCLE('',#1412,6.);
#1412 = AXIS2_PLACEMENT_3D('',#1413,#1414,#1415);
#1413 = CARTESIAN_POINT('',(174.,470.,28.));
#1414 = DIRECTION('',(0.,-1.,-0.));
#1415 = DIRECTION('',(1.,0.,-0.));
#1416 = PCURVE('',#752,#1417);
#1417 = DEFINITIONAL_REPRESENTATION('',(#1418),#1421);
#1418 = B_SPLINE_CURVE_WITH_KNOTS('',1,(#1419,#1420),.UNSPECIFIED.,.F.,
  .F.,(2,2),(0.,1.570796326795),.PIECEWISE_BEZIER_KNOTS.);
#1419 = CARTESIAN_POINT('',(0.,400.));
#1420 = CARTESIAN_POINT('',(-1.570796326795,400.));
#1421 = ( GEOMETRIC_REPRESENTATION_CONTEXT(2) 
PARAMETRIC_REPRESENTATION_CONTEXT() REPRESENTATION_CONTEXT('2D SPACE',''
  ) );
#1422 = PCURVE('',#884,#1423);
#1423 = DEFINITIONAL_REPRESENTATION('',(#1424),#1427);
#1424 = B_SPLINE_CURVE_WITH_KNOTS('',1,(#1425,#1426),.UNSPECIFIED.,.F.,
  .F.,(2,2),(0.,1.570796326795),.PIECEWISE_BEZIER_KNOTS.);
#1425 = CARTESIAN_POINT('',(0.,0.));
#1426 = CARTESIAN_POINT('',(0.,1.570796326795));
#1427 = ( GEOMETRIC_REPRESENTATION_CONTEXT(2) 
PARAMETRIC_REPRESENTATION_CONTEXT() REPRESENTATION_CONTEXT('2D SPACE',''
  ) );
#1428 = ORIENTED_EDGE('',*,*,#736,.F.);
#1429 = ADVANCED_FACE('',(#1430),#829,.T.);
#1430 = FACE_BOUND('',#1431,.T.);
#1431 = EDGE_LOOP('',(#1432,#1454,#1455,#1456));
#1432 = ORIENTED_EDGE('',*,*,#1433,.F.);
#1433 = EDGE_CURVE('',#790,#1434,#1436,.T.);
#1434 = VERTEX_POINT('',#1435);
#1435 = CARTESIAN_POINT('',(-110.,534.,34.));
#1436 = SURFACE_CURVE('',#1437,(#1442,#1448),.PCURVE_S1.);
#1437 = CIRCLE('',#1438,6.);
#1438 = AXIS2_PLACEMENT_3D('',#1439,#1440,#1441);
#1439 = CARTESIAN_POINT('',(-110.,534.,28.));
#1440 = DIRECTION('',(1.,0.,-0.));
#1441 = DIRECTION('',(0.,1.,0.));
#1442 = PCURVE('',#829,#1443);
#1443 = DEFINITIONAL_REPRESENTATION('',(#1444),#1447);
#1444 = B_SPLINE_CURVE_WITH_KNOTS('',1,(#1445,#1446),.UNSPECIFIED.,.F.,
  .F.,(2,2),(0.,1.570796326795),.PIECEWISE_BEZIER_KNOTS.);
#1445 = CARTESIAN_POINT('',(0.,0.));
#1446 = CARTESIAN_POINT('',(0.,1.570796326795));
#1447 = ( GEOMETRIC_REPRESENTATION_CONTEXT(2) 
PARAMETRIC_REPRESENTATION_CONTEXT() REPRESENTATION_CONTEXT('2D SPACE',''
  ) );
#1448 = PCURVE('',#914,#1449);
#1449 = DEFINITIONAL_REPRESENTATION('',(#1450),#1453);
#1450 = B_SPLINE_CURVE_WITH_KNOTS('',1,(#1451,#1452),.UNSPECIFIED.,.F.,
  .F.,(2,2),(0.,1.570796326795),.PIECEWISE_BEZIER_KNOTS.);
#1451 = CARTESIAN_POINT('',(0.,220.));
#1452 = CARTESIAN_POINT('',(-1.570796326795,220.));
#1453 = ( GEOMETRIC_REPRESENTATION_CONTEXT(2) 
PARAMETRIC_REPRESENTATION_CONTEXT() REPRESENTATION_CONTEXT('2D SPACE',''
  ) );
#1454 = ORIENTED_EDGE('',*,*,#814,.T.);
#1455 = ORIENTED_EDGE('',*,*,#1337,.T.);
#1456 = ORIENTED_EDGE('',*,*,#1457,.F.);
#1457 = EDGE_CURVE('',#1434,#1338,#1458,.T.);
#1458 = SURFACE_CURVE('',#1459,(#1464,#1471),.PCURVE_S1.);
#1459 = CIRCLE('',#1460,64.);
#1460 = AXIS2_PLACEMENT_3D('',#1461,#1462,#1463);
#1461 = CARTESIAN_POINT('',(-110.,470.,34.));
#1462 = DIRECTION('',(0.,0.,1.));
#1463 = DIRECTION('',(0.,1.,-0.));
#1464 = PCURVE('',#829,#1465);
#1465 = DEFINITIONAL_REPRESENTATION('',(#1466),#1470);
#1466 = LINE('',#1467,#1468);
#1467 = CARTESIAN_POINT('',(0.,1.570796326795));
#1468 = VECTOR('',#1469,1.);
#1469 = DIRECTION('',(1.,0.));
#1470 = ( GEOMETRIC_REPRESENTATION_CONTEXT(2) 
PARAMETRIC_REPRESENTATION_CONTEXT() REPRESENTATION_CONTEXT('2D SPACE',''
  ) );
#1471 = PCURVE('',#971,#1472);
#1472 = DEFINITIONAL_REPRESENTATION('',(#1473),#1477);
#1473 = CIRCLE('',#1474,64.);
#1474 = AXIS2_PLACEMENT_2D('',#1475,#1476);
#1475 = CARTESIAN_POINT('',(-110.,200.));
#1476 = DIRECTION('',(0.,1.));
#1477 = ( GEOMETRIC_REPRESENTATION_CONTEXT(2) 
PARAMETRIC_REPRESENTATION_CONTEXT() REPRESENTATION_CONTEXT('2D SPACE',''
  ) );
#1478 = ADVANCED_FACE('',(#1479),#884,.T.);
#1479 = FACE_BOUND('',#1480,.T.);
#1480 = EDGE_LOOP('',(#1481,#1482,#1483,#1505));
#1481 = ORIENTED_EDGE('',*,*,#1409,.F.);
#1482 = ORIENTED_EDGE('',*,*,#869,.T.);
#1483 = ORIENTED_EDGE('',*,*,#1484,.T.);
#1484 = EDGE_CURVE('',#847,#1485,#1487,.T.);
#1485 = VERTEX_POINT('',#1486);
#1486 = CARTESIAN_POINT('',(110.,534.,34.));
#1487 = SURFACE_CURVE('',#1488,(#1493,#1499),.PCURVE_S1.);
#1488 = CIRCLE('',#1489,6.);
#1489 = AXIS2_PLACEMENT_3D('',#1490,#1491,#1492);
#1490 = CARTESIAN_POINT('',(110.,534.,28.));
#1491 = DIRECTION('',(1.,-6.123233995737E-17,0.));
#1492 = DIRECTION('',(6.123233995737E-17,1.,0.));
#1493 = PCURVE('',#884,#1494);
#1494 = DEFINITIONAL_REPRESENTATION('',(#1495),#1498);
#1495 = B_SPLINE_CURVE_WITH_KNOTS('',1,(#1496,#1497),.UNSPECIFIED.,.F.,
  .F.,(2,2),(0.,1.570796326795),.PIECEWISE_BEZIER_KNOTS.);
#1496 = CARTESIAN_POINT('',(1.570796326795,0.));
#1497 = CARTESIAN_POINT('',(1.570796326795,1.570796326795));
#1498 = ( GEOMETRIC_REPRESENTATION_CONTEXT(2) 
PARAMETRIC_REPRESENTATION_CONTEXT() REPRESENTATION_CONTEXT('2D SPACE',''
  ) );
#1499 = PCURVE('',#914,#1500);
#1500 = DEFINITIONAL_REPRESENTATION('',(#1501),#1504);
#1501 = B_SPLINE_CURVE_WITH_KNOTS('',1,(#1502,#1503),.UNSPECIFIED.,.F.,
  .F.,(2,2),(0.,1.570796326795),.PIECEWISE_BEZIER_KNOTS.);
#1502 = CARTESIAN_POINT('',(0.,0.));
#1503 = CARTESIAN_POINT('',(-1.570796326795,0.));
#1504 = ( GEOMETRIC_REPRESENTATION_CONTEXT(2) 
PARAMETRIC_REPRESENTATION_CONTEXT() REPRESENTATION_CONTEXT('2D SPACE',''
  ) );
#1505 = ORIENTED_EDGE('',*,*,#1506,.F.);
#1506 = EDGE_CURVE('',#1387,#1485,#1507,.T.);
#1507 = SURFACE_CURVE('',#1508,(#1513,#1520),.PCURVE_S1.);
#1508 = CIRCLE('',#1509,64.);
#1509 = AXIS2_PLACEMENT_3D('',#1510,#1511,#1512);
#1510 = CARTESIAN_POINT('',(110.,470.,34.));
#1511 = DIRECTION('',(0.,0.,1.));
#1512 = DIRECTION('',(1.,0.,-0.));
#1513 = PCURVE('',#884,#1514);
#1514 = DEFINITIONAL_REPRESENTATION('',(#1515),#1519);
#1515 = LINE('',#1516,#1517);
#1516 = CARTESIAN_POINT('',(0.,1.570796326795));
#1517 = VECTOR('',#1518,1.);
#1518 = DIRECTION('',(1.,0.));
#1519 = ( GEOMETRIC_REPRESENTATION_CONTEXT(2) 
PARAMETRIC_REPRESENTATION_CONTEXT() REPRESENTATION_CONTEXT('2D SPACE',''
  ) );
#1520 = PCURVE('',#971,#1521);
#1521 = DEFINITIONAL_REPRESENTATION('',(#1522),#1526);
#1522 = CIRCLE('',#1523,64.);
#1523 = AXIS2_PLACEMENT_2D('',#1524,#1525);
#1524 = CARTESIAN_POINT('',(110.,200.));
#1525 = DIRECTION('',(1.,0.));
#1526 = ( GEOMETRIC_REPRESENTATION_CONTEXT(2) 
PARAMETRIC_REPRESENTATION_CONTEXT() REPRESENTATION_CONTEXT('2D SPACE',''
  ) );
#1527 = ADVANCED_FACE('',(#1528),#914,.T.);
#1528 = FACE_BOUND('',#1529,.F.);
#1529 = EDGE_LOOP('',(#1530,#1531,#1552,#1553));
#1530 = ORIENTED_EDGE('',*,*,#1484,.T.);
#1531 = ORIENTED_EDGE('',*,*,#1532,.T.);
#1532 = EDGE_CURVE('',#1485,#1434,#1533,.T.);
#1533 = SURFACE_CURVE('',#1534,(#1538,#1545),.PCURVE_S1.);
#1534 = LINE('',#1535,#1536);
#1535 = CARTESIAN_POINT('',(110.,534.,34.));
#1536 = VECTOR('',#1537,1.);
#1537 = DIRECTION('',(-1.,0.,0.));
#1538 = PCURVE('',#914,#1539);
#1539 = DEFINITIONAL_REPRESENTATION('',(#1540),#1544);
#1540 = LINE('',#1541,#1542);
#1541 = CARTESIAN_POINT('',(-1.570796326795,0.));
#1542 = VECTOR('',#1543,1.);
#1543 = DIRECTION('',(-0.,1.));
#1544 = ( GEOMETRIC_REPRESENTATION_CONTEXT(2) 
PARAMETRIC_REPRESENTATION_CONTEXT() REPRESENTATION_CONTEXT('2D SPACE',''
  ) );
#1545 = PCURVE('',#971,#1546);
#1546 = DEFINITIONAL_REPRESENTATION('',(#1547),#1551);
#1547 = LINE('',#1548,#1549);
#1548 = CARTESIAN_POINT('',(110.,264.));
#1549 = VECTOR('',#1550,1.);
#1550 = DIRECTION('',(-1.,0.));
#1551 = ( GEOMETRIC_REPRESENTATION_CONTEXT(2) 
PARAMETRIC_REPRESENTATION_CONTEXT() REPRESENTATION_CONTEXT('2D SPACE',''
  ) );
#1552 = ORIENTED_EDGE('',*,*,#1433,.F.);
#1553 = ORIENTED_EDGE('',*,*,#900,.F.);
#1554 = ADVANCED_FACE('',(#1555),#971,.T.);
#1555 = FACE_BOUND('',#1556,.T.);
#1556 = EDGE_LOOP('',(#1557,#1558,#1559,#1560,#1561,#1562,#1563,#1564,
    #1565,#1566));
#1557 = ORIENTED_EDGE('',*,*,#1312,.T.);
#1558 = ORIENTED_EDGE('',*,*,#1149,.T.);
#1559 = ORIENTED_EDGE('',*,*,#1266,.F.);
#1560 = ORIENTED_EDGE('',*,*,#956,.F.);
#1561 = ORIENTED_EDGE('',*,*,#1099,.T.);
#1562 = ORIENTED_EDGE('',*,*,#1386,.T.);
#1563 = ORIENTED_EDGE('',*,*,#1506,.T.);
#1564 = ORIENTED_EDGE('',*,*,#1532,.T.);
#1565 = ORIENTED_EDGE('',*,*,#1457,.T.);
#1566 = ORIENTED_EDGE('',*,*,#1359,.T.);
#1567 = ( GEOMETRIC_REPRESENTATION_CONTEXT(3) 
GLOBAL_UNCERTAINTY_ASSIGNED_CONTEXT((#1571)) 
GLOBAL_UNIT_ASSIGNED_CONTEXT((#1568,#1569,#1570)) REPRESENTATION_CONTEXT
('Context #1','3D Context with UNIT and UNCERTAINTY') );
#1568 = ( LENGTH_UNIT() NAMED_UNIT(*) SI_UNIT(.MILLI.,.METRE.) );
#1569 = ( NAMED_UNIT(*) PLANE_ANGLE_UNIT() SI_UNIT($,.RADIAN.) );
#1570 = ( NAMED_UNIT(*) SI_UNIT($,.STERADIAN.) SOLID_ANGLE_UNIT() );
#1571 = UNCERTAINTY_MEASURE_WITH_UNIT(LENGTH_MEASURE(2.E-07),#1568,
  'distance_accuracy_value','confusion accuracy');
#1572 = CONTEXT_DEPENDENT_SHAPE_REPRESENTATION(#1573,#1575);
#1573 = ( REPRESENTATION_RELATIONSHIP('','',#72,#10) 
REPRESENTATION_RELATIONSHIP_WITH_TRANSFORMATION(#1574) 
SHAPE_REPRESENTATION_RELATIONSHIP() );
#1574 = ITEM_DEFINED_TRANSFORMATION('','',#11,#15);
#1575 = PRODUCT_DEFINITION_SHAPE('Placement','Placement of an item',
  #1576);
#1576 = NEXT_ASSEMBLY_USAGE_OCCURRENCE('1','base','',#5,#67,$);
#1577 = PRODUCT_RELATED_PRODUCT_CATEGORY('part',$,(#69));
#1578 = SHAPE_DEFINITION_REPRESENTATION(#1579,#1585);
#1579 = PRODUCT_DEFINITION_SHAPE('','',#1580);
#1580 = PRODUCT_DEFINITION('design','',#1581,#1584);
#1581 = PRODUCT_DEFINITION_FORMATION('','',#1582);
#1582 = PRODUCT('film','film','',(#1583));
#1583 = PRODUCT_CONTEXT('',#2,'mechanical');
#1584 = PRODUCT_DEFINITION_CONTEXT('part definition',#2,'design');
#1585 = ADVANCED_BREP_SHAPE_REPRESENTATION('',(#11,#1586),#1916);
#1586 = MANIFOLD_SOLID_BREP('',#1587);
#1587 = CLOSED_SHELL('',(#1588,#1708,#1808,#1855,#1902,#1909));
#1588 = ADVANCED_FACE('',(#1589),#1603,.F.);
#1589 = FACE_BOUND('',#1590,.F.);
#1590 = EDGE_LOOP('',(#1591,#1626,#1654,#1682));
#1591 = ORIENTED_EDGE('',*,*,#1592,.F.);
#1592 = EDGE_CURVE('',#1593,#1595,#1597,.T.);
#1593 = VERTEX_POINT('',#1594);
#1594 = CARTESIAN_POINT('',(-140.,120.,34.));
#1595 = VERTEX_POINT('',#1596);
#1596 = CARTESIAN_POINT('',(-140.,120.,34.8));
#1597 = SURFACE_CURVE('',#1598,(#1602,#1614),.PCURVE_S1.);
#1598 = LINE('',#1599,#1600);
#1599 = CARTESIAN_POINT('',(-140.,120.,34.));
#1600 = VECTOR('',#1601,1.);
#1601 = DIRECTION('',(0.,0.,1.));
#1602 = PCURVE('',#1603,#1608);
#1603 = PLANE('',#1604);
#1604 = AXIS2_PLACEMENT_3D('',#1605,#1606,#1607);
#1605 = CARTESIAN_POINT('',(-140.,120.,34.));
#1606 = DIRECTION('',(1.,0.,0.));
#1607 = DIRECTION('',(0.,0.,1.));
#1608 = DEFINITIONAL_REPRESENTATION('',(#1609),#1613);
#1609 = LINE('',#1610,#1611);
#1610 = CARTESIAN_POINT('',(0.,0.));
#1611 = VECTOR('',#1612,1.);
#1612 = DIRECTION('',(1.,0.));
#1613 = ( GEOMETRIC_REPRESENTATION_CONTEXT(2) 
PARAMETRIC_REPRESENTATION_CONTEXT() REPRESENTATION_CONTEXT('2D SPACE',''
  ) );
#1614 = PCURVE('',#1615,#1620);
#1615 = PLANE('',#1616);
#1616 = AXIS2_PLACEMENT_3D('',#1617,#1618,#1619);
#1617 = CARTESIAN_POINT('',(-140.,120.,34.));
#1618 = DIRECTION('',(0.,1.,0.));
#1619 = DIRECTION('',(0.,0.,1.));
#1620 = DEFINITIONAL_REPRESENTATION('',(#1621),#1625);
#1621 = LINE('',#1622,#1623);
#1622 = CARTESIAN_POINT('',(0.,0.));
#1623 = VECTOR('',#1624,1.);
#1624 = DIRECTION('',(1.,0.));
#1625 = ( GEOMETRIC_REPRESENTATION_CONTEXT(2) 
PARAMETRIC_REPRESENTATION_CONTEXT() REPRESENTATION_CONTEXT('2D SPACE',''
  ) );
#1626 = ORIENTED_EDGE('',*,*,#1627,.T.);
#1627 = EDGE_CURVE('',#1593,#1628,#1630,.T.);
#1628 = VERTEX_POINT('',#1629);
#1629 = CARTESIAN_POINT('',(-140.,445.,34.));
#1630 = SURFACE_CURVE('',#1631,(#1635,#1642),.PCURVE_S1.);
#1631 = LINE('',#1632,#1633);
#1632 = CARTESIAN_POINT('',(-140.,120.,34.));
#1633 = VECTOR('',#1634,1.);
#1634 = DIRECTION('',(0.,1.,0.));
#1635 = PCURVE('',#1603,#1636);
#1636 = DEFINITIONAL_REPRESENTATION('',(#1637),#1641);
#1637 = LINE('',#1638,#1639);
#1638 = CARTESIAN_POINT('',(0.,0.));
#1639 = VECTOR('',#1640,1.);
#1640 = DIRECTION('',(0.,-1.));
#1641 = ( GEOMETRIC_REPRESENTATION_CONTEXT(2) 
PARAMETRIC_REPRESENTATION_CONTEXT() REPRESENTATION_CONTEXT('2D SPACE',''
  ) );
#1642 = PCURVE('',#1643,#1648);
#1643 = PLANE('',#1644);
#1644 = AXIS2_PLACEMENT_3D('',#1645,#1646,#1647);
#1645 = CARTESIAN_POINT('',(-140.,120.,34.));
#1646 = DIRECTION('',(0.,0.,1.));
#1647 = DIRECTION('',(1.,0.,0.));
#1648 = DEFINITIONAL_REPRESENTATION('',(#1649),#1653);
#1649 = LINE('',#1650,#1651);
#1650 = CARTESIAN_POINT('',(0.,0.));
#1651 = VECTOR('',#1652,1.);
#1652 = DIRECTION('',(0.,1.));
#1653 = ( GEOMETRIC_REPRESENTATION_CONTEXT(2) 
PARAMETRIC_REPRESENTATION_CONTEXT() REPRESENTATION_CONTEXT('2D SPACE',''
  ) );
#1654 = ORIENTED_EDGE('',*,*,#1655,.T.);
#1655 = EDGE_CURVE('',#1628,#1656,#1658,.T.);
#1656 = VERTEX_POINT('',#1657);
#1657 = CARTESIAN_POINT('',(-140.,445.,34.8));
#1658 = SURFACE_CURVE('',#1659,(#1663,#1670),.PCURVE_S1.);
#1659 = LINE('',#1660,#1661);
#1660 = CARTESIAN_POINT('',(-140.,445.,34.));
#1661 = VECTOR('',#1662,1.);
#1662 = DIRECTION('',(0.,0.,1.));
#1663 = PCURVE('',#1603,#1664);
#1664 = DEFINITIONAL_REPRESENTATION('',(#1665),#1669);
#1665 = LINE('',#1666,#1667);
#1666 = CARTESIAN_POINT('',(0.,-325.));
#1667 = VECTOR('',#1668,1.);
#1668 = DIRECTION('',(1.,0.));
#1669 = ( GEOMETRIC_REPRESENTATION_CONTEXT(2) 
PARAMETRIC_REPRESENTATION_CONTEXT() REPRESENTATION_CONTEXT('2D SPACE',''
  ) );
#1670 = PCURVE('',#1671,#1676);
#1671 = PLANE('',#1672);
#1672 = AXIS2_PLACEMENT_3D('',#1673,#1674,#1675);
#1673 = CARTESIAN_POINT('',(-140.,445.,34.));
#1674 = DIRECTION('',(0.,1.,0.));
#1675 = DIRECTION('',(0.,0.,1.));
#1676 = DEFINITIONAL_REPRESENTATION('',(#1677),#1681);
#1677 = LINE('',#1678,#1679);
#1678 = CARTESIAN_POINT('',(0.,0.));
#1679 = VECTOR('',#1680,1.);
#1680 = DIRECTION('',(1.,0.));
#1681 = ( GEOMETRIC_REPRESENTATION_CONTEXT(2) 
PARAMETRIC_REPRESENTATION_CONTEXT() REPRESENTATION_CONTEXT('2D SPACE',''
  ) );
#1682 = ORIENTED_EDGE('',*,*,#1683,.F.);
#1683 = EDGE_CURVE('',#1595,#1656,#1684,.T.);
#1684 = SURFACE_CURVE('',#1685,(#1689,#1696),.PCURVE_S1.);
#1685 = LINE('',#1686,#1687);
#1686 = CARTESIAN_POINT('',(-140.,120.,34.8));
#1687 = VECTOR('',#1688,1.);
#1688 = DIRECTION('',(0.,1.,0.));
#1689 = PCURVE('',#1603,#1690);
#1690 = DEFINITIONAL_REPRESENTATION('',(#1691),#1695);
#1691 = LINE('',#1692,#1693);
#1692 = CARTESIAN_POINT('',(0.8,0.));
#1693 = VECTOR('',#1694,1.);
#1694 = DIRECTION('',(0.,-1.));
#1695 = ( GEOMETRIC_REPRESENTATION_CONTEXT(2) 
PARAMETRIC_REPRESENTATION_CONTEXT() REPRESENTATION_CONTEXT('2D SPACE',''
  ) );
#1696 = PCURVE('',#1697,#1702);
#1697 = PLANE('',#1698);
#1698 = AXIS2_PLACEMENT_3D('',#1699,#1700,#1701);
#1699 = CARTESIAN_POINT('',(-140.,120.,34.8));
#1700 = DIRECTION('',(0.,0.,1.));
#1701 = DIRECTION('',(1.,0.,0.));
#1702 = DEFINITIONAL_REPRESENTATION('',(#1703),#1707);
#1703 = LINE('',#1704,#1705);
#1704 = CARTESIAN_POINT('',(0.,0.));
#1705 = VECTOR('',#1706,1.);
#1706 = DIRECTION('',(0.,1.));
#1707 = ( GEOMETRIC_REPRESENTATION_CONTEXT(2) 
PARAMETRIC_REPRESENTATION_CONTEXT() REPRESENTATION_CONTEXT('2D SPACE',''
  ) );
#1708 = ADVANCED_FACE('',(#1709),#1723,.T.);
#1709 = FACE_BOUND('',#1710,.T.);
#1710 = EDGE_LOOP('',(#1711,#1741,#1764,#1787));
#1711 = ORIENTED_EDGE('',*,*,#1712,.F.);
#1712 = EDGE_CURVE('',#1713,#1715,#1717,.T.);
#1713 = VERTEX_POINT('',#1714);
#1714 = CARTESIAN_POINT('',(140.,120.,34.));
#1715 = VERTEX_POINT('',#1716);
#1716 = CARTESIAN_POINT('',(140.,120.,34.8));
#1717 = SURFACE_CURVE('',#1718,(#1722,#1734),.PCURVE_S1.);
#1718 = LINE('',#1719,#1720);
#1719 = CARTESIAN_POINT('',(140.,120.,34.));
#1720 = VECTOR('',#1721,1.);
#1721 = DIRECTION('',(0.,0.,1.));
#1722 = PCURVE('',#1723,#1728);
#1723 = PLANE('',#1724);
#1724 = AXIS2_PLACEMENT_3D('',#1725,#1726,#1727);
#1725 = CARTESIAN_POINT('',(140.,120.,34.));
#1726 = DIRECTION('',(1.,0.,0.));
#1727 = DIRECTION('',(0.,0.,1.));
#1728 = DEFINITIONAL_REPRESENTATION('',(#1729),#1733);
#1729 = LINE('',#1730,#1731);
#1730 = CARTESIAN_POINT('',(0.,0.));
#1731 = VECTOR('',#1732,1.);
#1732 = DIRECTION('',(1.,0.));
#1733 = ( GEOMETRIC_REPRESENTATION_CONTEXT(2) 
PARAMETRIC_REPRESENTATION_CONTEXT() REPRESENTATION_CONTEXT('2D SPACE',''
  ) );
#1734 = PCURVE('',#1615,#1735);
#1735 = DEFINITIONAL_REPRESENTATION('',(#1736),#1740);
#1736 = LINE('',#1737,#1738);
#1737 = CARTESIAN_POINT('',(0.,280.));
#1738 = VECTOR('',#1739,1.);
#1739 = DIRECTION('',(1.,0.));
#1740 = ( GEOMETRIC_REPRESENTATION_CONTEXT(2) 
PARAMETRIC_REPRESENTATION_CONTEXT() REPRESENTATION_CONTEXT('2D SPACE',''
  ) );
#1741 = ORIENTED_EDGE('',*,*,#1742,.T.);
#1742 = EDGE_CURVE('',#1713,#1743,#1745,.T.);
#1743 = VERTEX_POINT('',#1744);
#1744 = CARTESIAN_POINT('',(140.,445.,34.));
#1745 = SURFACE_CURVE('',#1746,(#1750,#1757),.PCURVE_S1.);
#1746 = LINE('',#1747,#1748);
#1747 = CARTESIAN_POINT('',(140.,120.,34.));
#1748 = VECTOR('',#1749,1.);
#1749 = DIRECTION('',(0.,1.,0.));
#1750 = PCURVE('',#1723,#1751);
#1751 = DEFINITIONAL_REPRESENTATION('',(#1752),#1756);
#1752 = LINE('',#1753,#1754);
#1753 = CARTESIAN_POINT('',(0.,0.));
#1754 = VECTOR('',#1755,1.);
#1755 = DIRECTION('',(0.,-1.));
#1756 = ( GEOMETRIC_REPRESENTATION_CONTEXT(2) 
PARAMETRIC_REPRESENTATION_CONTEXT() REPRESENTATION_CONTEXT('2D SPACE',''
  ) );
#1757 = PCURVE('',#1643,#1758);
#1758 = DEFINITIONAL_REPRESENTATION('',(#1759),#1763);
#1759 = LINE('',#1760,#1761);
#1760 = CARTESIAN_POINT('',(280.,0.));
#1761 = VECTOR('',#1762,1.);
#1762 = DIRECTION('',(0.,1.));
#1763 = ( GEOMETRIC_REPRESENTATION_CONTEXT(2) 
PARAMETRIC_REPRESENTATION_CONTEXT() REPRESENTATION_CONTEXT('2D SPACE',''
  ) );
#1764 = ORIENTED_EDGE('',*,*,#1765,.T.);
#1765 = EDGE_CURVE('',#1743,#1766,#1768,.T.);
#1766 = VERTEX_POINT('',#1767);
#1767 = CARTESIAN_POINT('',(140.,445.,34.8));
#1768 = SURFACE_CURVE('',#1769,(#1773,#1780),.PCURVE_S1.);
#1769 = LINE('',#1770,#1771);
#1770 = CARTESIAN_POINT('',(140.,445.,34.));
#1771 = VECTOR('',#1772,1.);
#1772 = DIRECTION('',(0.,0.,1.));
#1773 = PCURVE('',#1723,#1774);
#1774 = DEFINITIONAL_REPRESENTATION('',(#1775),#1779);
#1775 = LINE('',#1776,#1777);
#1776 = CARTESIAN_POINT('',(0.,-325.));
#1777 = VECTOR('',#1778,1.);
#1778 = DIRECTION('',(1.,0.));
#1779 = ( GEOMETRIC_REPRESENTATION_CONTEXT(2) 
PARAMETRIC_REPRESENTATION_CONTEXT() REPRESENTATION_CONTEXT('2D SPACE',''
  ) );
#1780 = PCURVE('',#1671,#1781);
#1781 = DEFINITIONAL_REPRESENTATION('',(#1782),#1786);
#1782 = LINE('',#1783,#1784);
#1783 = CARTESIAN_POINT('',(0.,280.));
#1784 = VECTOR('',#1785,1.);
#1785 = DIRECTION('',(1.,0.));
#1786 = ( GEOMETRIC_REPRESENTATION_CONTEXT(2) 
PARAMETRIC_REPRESENTATION_CONTEXT() REPRESENTATION_CONTEXT('2D SPACE',''
  ) );
#1787 = ORIENTED_EDGE('',*,*,#1788,.F.);
#1788 = EDGE_CURVE('',#1715,#1766,#1789,.T.);
#1789 = SURFACE_CURVE('',#1790,(#1794,#1801),.PCURVE_S1.);
#1790 = LINE('',#1791,#1792);
#1791 = CARTESIAN_POINT('',(140.,120.,34.8));
#1792 = VECTOR('',#1793,1.);
#1793 = DIRECTION('',(0.,1.,0.));
#1794 = PCURVE('',#1723,#1795);
#1795 = DEFINITIONAL_REPRESENTATION('',(#1796),#1800);
#1796 = LINE('',#1797,#1798);
#1797 = CARTESIAN_POINT('',(0.8,0.));
#1798 = VECTOR('',#1799,1.);
#1799 = DIRECTION('',(0.,-1.));
#1800 = ( GEOMETRIC_REPRESENTATION_CONTEXT(2) 
PARAMETRIC_REPRESENTATION_CONTEXT() REPRESENTATION_CONTEXT('2D SPACE',''
  ) );
#1801 = PCURVE('',#1697,#1802);
#1802 = DEFINITIONAL_REPRESENTATION('',(#1803),#1807);
#1803 = LINE('',#1804,#1805);
#1804 = CARTESIAN_POINT('',(280.,0.));
#1805 = VECTOR('',#1806,1.);
#1806 = DIRECTION('',(0.,1.));
#1807 = ( GEOMETRIC_REPRESENTATION_CONTEXT(2) 
PARAMETRIC_REPRESENTATION_CONTEXT() REPRESENTATION_CONTEXT('2D SPACE',''
  ) );
#1808 = ADVANCED_FACE('',(#1809),#1615,.F.);
#1809 = FACE_BOUND('',#1810,.F.);
#1810 = EDGE_LOOP('',(#1811,#1832,#1833,#1854));
#1811 = ORIENTED_EDGE('',*,*,#1812,.F.);
#1812 = EDGE_CURVE('',#1593,#1713,#1813,.T.);
#1813 = SURFACE_CURVE('',#1814,(#1818,#1825),.PCURVE_S1.);
#1814 = LINE('',#1815,#1816);
#1815 = CARTESIAN_POINT('',(-140.,120.,34.));
#1816 = VECTOR('',#1817,1.);
#1817 = DIRECTION('',(1.,0.,0.));
#1818 = PCURVE('',#1615,#1819);
#1819 = DEFINITIONAL_REPRESENTATION('',(#1820),#1824);
#1820 = LINE('',#1821,#1822);
#1821 = CARTESIAN_POINT('',(0.,0.));
#1822 = VECTOR('',#1823,1.);
#1823 = DIRECTION('',(0.,1.));
#1824 = ( GEOMETRIC_REPRESENTATION_CONTEXT(2) 
PARAMETRIC_REPRESENTATION_CONTEXT() REPRESENTATION_CONTEXT('2D SPACE',''
  ) );
#1825 = PCURVE('',#1643,#1826);
#1826 = DEFINITIONAL_REPRESENTATION('',(#1827),#1831);
#1827 = LINE('',#1828,#1829);
#1828 = CARTESIAN_POINT('',(0.,0.));
#1829 = VECTOR('',#1830,1.);
#1830 = DIRECTION('',(1.,0.));
#1831 = ( GEOMETRIC_REPRESENTATION_CONTEXT(2) 
PARAMETRIC_REPRESENTATION_CONTEXT() REPRESENTATION_CONTEXT('2D SPACE',''
  ) );
#1832 = ORIENTED_EDGE('',*,*,#1592,.T.);
#1833 = ORIENTED_EDGE('',*,*,#1834,.T.);
#1834 = EDGE_CURVE('',#1595,#1715,#1835,.T.);
#1835 = SURFACE_CURVE('',#1836,(#1840,#1847),.PCURVE_S1.);
#1836 = LINE('',#1837,#1838);
#1837 = CARTESIAN_POINT('',(-140.,120.,34.8));
#1838 = VECTOR('',#1839,1.);
#1839 = DIRECTION('',(1.,0.,0.));
#1840 = PCURVE('',#1615,#1841);
#1841 = DEFINITIONAL_REPRESENTATION('',(#1842),#1846);
#1842 = LINE('',#1843,#1844);
#1843 = CARTESIAN_POINT('',(0.8,0.));
#1844 = VECTOR('',#1845,1.);
#1845 = DIRECTION('',(0.,1.));
#1846 = ( GEOMETRIC_REPRESENTATION_CONTEXT(2) 
PARAMETRIC_REPRESENTATION_CONTEXT() REPRESENTATION_CONTEXT('2D SPACE',''
  ) );
#1847 = PCURVE('',#1697,#1848);
#1848 = DEFINITIONAL_REPRESENTATION('',(#1849),#1853);
#1849 = LINE('',#1850,#1851);
#1850 = CARTESIAN_POINT('',(0.,0.));
#1851 = VECTOR('',#1852,1.);
#1852 = DIRECTION('',(1.,0.));
#1853 = ( GEOMETRIC_REPRESENTATION_CONTEXT(2) 
PARAMETRIC_REPRESENTATION_CONTEXT() REPRESENTATION_CONTEXT('2D SPACE',''
  ) );
#1854 = ORIENTED_EDGE('',*,*,#1712,.F.);
#1855 = ADVANCED_FACE('',(#1856),#1671,.T.);
#1856 = FACE_BOUND('',#1857,.T.);
#1857 = EDGE_LOOP('',(#1858,#1879,#1880,#1901));
#1858 = ORIENTED_EDGE('',*,*,#1859,.F.);
#1859 = EDGE_CURVE('',#1628,#1743,#1860,.T.);
#1860 = SURFACE_CURVE('',#1861,(#1865,#1872),.PCURVE_S1.);
#1861 = LINE('',#1862,#1863);
#1862 = CARTESIAN_POINT('',(-140.,445.,34.));
#1863 = VECTOR('',#1864,1.);
#1864 = DIRECTION('',(1.,0.,0.));
#1865 = PCURVE('',#1671,#1866);
#1866 = DEFINITIONAL_REPRESENTATION('',(#1867),#1871);
#1867 = LINE('',#1868,#1869);
#1868 = CARTESIAN_POINT('',(0.,0.));
#1869 = VECTOR('',#1870,1.);
#1870 = DIRECTION('',(0.,1.));
#1871 = ( GEOMETRIC_REPRESENTATION_CONTEXT(2) 
PARAMETRIC_REPRESENTATION_CONTEXT() REPRESENTATION_CONTEXT('2D SPACE',''
  ) );
#1872 = PCURVE('',#1643,#1873);
#1873 = DEFINITIONAL_REPRESENTATION('',(#1874),#1878);
#1874 = LINE('',#1875,#1876);
#1875 = CARTESIAN_POINT('',(0.,325.));
#1876 = VECTOR('',#1877,1.);
#1877 = DIRECTION('',(1.,0.));
#1878 = ( GEOMETRIC_REPRESENTATION_CONTEXT(2) 
PARAMETRIC_REPRESENTATION_CONTEXT() REPRESENTATION_CONTEXT('2D SPACE',''
  ) );
#1879 = ORIENTED_EDGE('',*,*,#1655,.T.);
#1880 = ORIENTED_EDGE('',*,*,#1881,.T.);
#1881 = EDGE_CURVE('',#1656,#1766,#1882,.T.);
#1882 = SURFACE_CURVE('',#1883,(#1887,#1894),.PCURVE_S1.);
#1883 = LINE('',#1884,#1885);
#1884 = CARTESIAN_POINT('',(-140.,445.,34.8));
#1885 = VECTOR('',#1886,1.);
#1886 = DIRECTION('',(1.,0.,0.));
#1887 = PCURVE('',#1671,#1888);
#1888 = DEFINITIONAL_REPRESENTATION('',(#1889),#1893);
#1889 = LINE('',#1890,#1891);
#1890 = CARTESIAN_POINT('',(0.8,0.));
#1891 = VECTOR('',#1892,1.);
#1892 = DIRECTION('',(0.,1.));
#1893 = ( GEOMETRIC_REPRESENTATION_CONTEXT(2) 
PARAMETRIC_REPRESENTATION_CONTEXT() REPRESENTATION_CONTEXT('2D SPACE',''
  ) );
#1894 = PCURVE('',#1697,#1895);
#1895 = DEFINITIONAL_REPRESENTATION('',(#1896),#1900);
#1896 = LINE('',#1897,#1898);
#1897 = CARTESIAN_POINT('',(0.,325.));
#1898 = VECTOR('',#1899,1.);
#1899 = DIRECTION('',(1.,0.));
#1900 = ( GEOMETRIC_REPRESENTATION_CONTEXT(2) 
PARAMETRIC_REPRESENTATION_CONTEXT() REPRESENTATION_CONTEXT('2D SPACE',''
  ) );
#1901 = ORIENTED_EDGE('',*,*,#1765,.F.);
#1902 = ADVANCED_FACE('',(#1903),#1643,.F.);
#1903 = FACE_BOUND('',#1904,.F.);
#1904 = EDGE_LOOP('',(#1905,#1906,#1907,#1908));
#1905 = ORIENTED_EDGE('',*,*,#1627,.F.);
#1906 = ORIENTED_EDGE('',*,*,#1812,.T.);
#1907 = ORIENTED_EDGE('',*,*,#1742,.T.);
#1908 = ORIENTED_EDGE('',*,*,#1859,.F.);
#1909 = ADVANCED_FACE('',(#1910),#1697,.T.);
#1910 = FACE_BOUND('',#1911,.T.);
#1911 = EDGE_LOOP('',(#1912,#1913,#1914,#1915));
#1912 = ORIENTED_EDGE('',*,*,#1683,.F.);
#1913 = ORIENTED_EDGE('',*,*,#1834,.T.);
#1914 = ORIENTED_EDGE('',*,*,#1788,.T.);
#1915 = ORIENTED_EDGE('',*,*,#1881,.F.);
#1916 = ( GEOMETRIC_REPRESENTATION_CONTEXT(3) 
GLOBAL_UNCERTAINTY_ASSIGNED_CONTEXT((#1920)) 
GLOBAL_UNIT_ASSIGNED_CONTEXT((#1917,#1918,#1919)) REPRESENTATION_CONTEXT
('Context #1','3D Context with UNIT and UNCERTAINTY') );
#1917 = ( LENGTH_UNIT() NAMED_UNIT(*) SI_UNIT(.MILLI.,.METRE.) );
#1918 = ( NAMED_UNIT(*) PLANE_ANGLE_UNIT() SI_UNIT($,.RADIAN.) );
#1919 = ( NAMED_UNIT(*) SI_UNIT($,.STERADIAN.) SOLID_ANGLE_UNIT() );
#1920 = UNCERTAINTY_MEASURE_WITH_UNIT(LENGTH_MEASURE(1.E-07),#1917,
  'distance_accuracy_value','confusion accuracy');
#1921 = CONTEXT_DEPENDENT_SHAPE_REPRESENTATION(#1922,#1924);
#1922 = ( REPRESENTATION_RELATIONSHIP('','',#1585,#10) 
REPRESENTATION_RELATIONSHIP_WITH_TRANSFORMATION(#1923) 
SHAPE_REPRESENTATION_RELATIONSHIP() );
#1923 = ITEM_DEFINED_TRANSFORMATION('','',#11,#19);
#1924 = PRODUCT_DEFINITION_SHAPE('Placement','Placement of an item',
  #1925);
#1925 = NEXT_ASSEMBLY_USAGE_OCCURRENCE('2','film','',#5,#1580,$);
#1926 = PRODUCT_RELATED_PRODUCT_CATEGORY('part',$,(#1582));
#1927 = SHAPE_DEFINITION_REPRESENTATION(#1928,#1934);
#1928 = PRODUCT_DEFINITION_SHAPE('','',#1929);
#1929 = PRODUCT_DEFINITION('design','',#1930,#1933);
#1930 = PRODUCT_DEFINITION_FORMATION('','',#1931);
#1931 = PRODUCT('flies','flies','',(#1932));
#1932 = PRODUCT_CONTEXT('',#2,'mechanical');
#1933 = PRODUCT_DEFINITION_CONTEXT('part definition',#2,'design');
#1934 = SHAPE_REPRESENTATION('',(#11,#1935,#2316,#2697,#3078,#3459,#3840
    ,#4221,#4602,#4983,#5364,#5745,#6126,#6507),#6888);
#1935 = MANIFOLD_SOLID_BREP('',#1936);
#1936 = CLOSED_SHELL('',(#1937,#2010,#2274,#2278,#2309));
#1937 = ADVANCED_FACE('',(#1938),#1953,.F.);
#1938 = FACE_BOUND('',#1939,.F.);
#1939 = EDGE_LOOP('',(#1940,#1980));
#1940 = ORIENTED_EDGE('',*,*,#1941,.F.);
#1941 = EDGE_CURVE('',#1942,#1944,#1946,.T.);
#1942 = VERTEX_POINT('',#1943);
#1943 = CARTESIAN_POINT('',(-87.51677649426,331.64684478181,34.8));
#1944 = VERTEX_POINT('',#1945);
#1945 = CARTESIAN_POINT('',(-83.86694934332,333.47293254001,34.8));
#1946 = SURFACE_CURVE('',#1947,(#1952,#1968),.PCURVE_S1.);
#1947 = CIRCLE('',#1948,2.4);
#1948 = AXIS2_PLACEMENT_3D('',#1949,#1950,#1951);
#1949 = CARTESIAN_POINT('',(-86.25713886873,333.68971361077,34.8));
#1950 = DIRECTION('',(-0.,0.,-1.));
#1951 = DIRECTION('',(-0.524849010639,-0.851195345401,0.));
#1952 = PCURVE('',#1953,#1958);
#1953 = PLANE('',#1954);
#1954 = AXIS2_PLACEMENT_3D('',#1955,#1956,#1957);
#1955 = CARTESIAN_POINT('',(-83.96565720714,329.10969715386,34.8));
#1956 = DIRECTION('',(0.,0.,1.));
#1957 = DIRECTION('',(-0.447443747384,0.894312078039,0.));
#1958 = DEFINITIONAL_REPRESENTATION('',(#1959),#1967);
#1959 = ( BOUNDED_CURVE() B_SPLINE_CURVE(2,(#1960,#1961,#1962,#1963,
#1964,#1965,#1966),.UNSPECIFIED.,.T.,.F.) B_SPLINE_CURVE_WITH_KNOTS((1,2
    ,2,2,2,1),(-2.094395102393,0.,2.094395102393,4.188790204786,
6.28318530718,8.377580409573),.UNSPECIFIED.) CURVE() 
GEOMETRIC_REPRESENTATION_ITEM() RATIONAL_B_SPLINE_CURVE((1.,0.5,1.,0.5,
1.,0.5,1.)) REPRESENTATION_ITEM('') );
#1960 = CARTESIAN_POINT('',(3.857927888683,2.040578026712));
#1961 = CARTESIAN_POINT('',(7.392312707756,4.228756253161));
#1962 = CARTESIAN_POINT('',(7.520138230332,7.380009986871E-02));
#1963 = CARTESIAN_POINT('',(7.647963752908,-4.081156053423));
#1964 = CARTESIAN_POINT('',(3.985753411259,-2.11437812658));
#1965 = CARTESIAN_POINT('',(0.32354306961,-0.147600199737));
#1966 = CARTESIAN_POINT('',(3.857927888683,2.040578026712));
#1967 = ( GEOMETRIC_REPRESENTATION_CONTEXT(2) 
PARAMETRIC_REPRESENTATION_CONTEXT() REPRESENTATION_CONTEXT('2D SPACE',''
  ) );
#1968 = PCURVE('',#1969,#1974);
#1969 = CYLINDRICAL_SURFACE('',#1970,2.4);
#1970 = AXIS2_PLACEMENT_3D('',#1971,#1972,#1973);
#1971 = CARTESIAN_POINT('',(-86.25713886873,333.68971361077,34.8));
#1972 = DIRECTION('',(0.,0.,-1.));
#1973 = DIRECTION('',(-0.447443747384,0.894312078039,0.));
#1974 = DEFINITIONAL_REPRESENTATION('',(#1975),#1979);
#1975 = LINE('',#1976,#1977);
#1976 = CARTESIAN_POINT('',(-8.408335299275,0.));
#1977 = VECTOR('',#1978,1.);
#1978 = DIRECTION('',(1.,-0.));
#1979 = ( GEOMETRIC_REPRESENTATION_CONTEXT(2) 
PARAMETRIC_REPRESENTATION_CONTEXT() REPRESENTATION_CONTEXT('2D SPACE',''
  ) );
#1980 = ORIENTED_EDGE('',*,*,#1981,.T.);
#1981 = EDGE_CURVE('',#1942,#1944,#1982,.T.);
#1982 = SURFACE_CURVE('',#1983,(#1988,#1995),.PCURVE_S1.);
#1983 = ELLIPSE('',#1984,5.5,3.2);
#1984 = AXIS2_PLACEMENT_3D('',#1985,#1986,#1987);
#1985 = CARTESIAN_POINT('',(-83.79619825812,328.77099718155,34.8));
#1986 = DIRECTION('',(0.,0.,1.));
#1987 = DIRECTION('',(-0.447443747384,0.894312078039,0.));
#1988 = PCURVE('',#1953,#1989);
#1989 = DEFINITIONAL_REPRESENTATION('',(#1990),#1994);
#1990 = ELLIPSE('',#1991,5.5,3.2);
#1991 = AXIS2_PLACEMENT_2D('',#1992,#1993);
#1992 = CARTESIAN_POINT('',(-0.378726823242,3.885780586188E-15));
#1993 = DIRECTION('',(1.,0.));
#1994 = ( GEOMETRIC_REPRESENTATION_CONTEXT(2) 
PARAMETRIC_REPRESENTATION_CONTEXT() REPRESENTATION_CONTEXT('2D SPACE',''
  ) );
#1995 = PCURVE('',#1996,#2004);
#1996 = SURFACE_OF_LINEAR_EXTRUSION('',#1997,#2002);
#1997 = ELLIPSE('',#1998,5.5,3.2);
#1998 = AXIS2_PLACEMENT_3D('',#1999,#2000,#2001);
#1999 = CARTESIAN_POINT('',(-83.79619825812,328.77099718155,34.8));
#2000 = DIRECTION('',(0.,0.,1.));
#2001 = DIRECTION('',(-0.447443747384,0.894312078039,0.));
#2002 = VECTOR('',#2003,1.);
#2003 = DIRECTION('',(0.,0.,-1.));
#2004 = DEFINITIONAL_REPRESENTATION('',(#2005),#2009);
#2005 = LINE('',#2006,#2007);
#2006 = CARTESIAN_POINT('',(0.,0.));
#2007 = VECTOR('',#2008,1.);
#2008 = DIRECTION('',(1.,0.));
#2009 = ( GEOMETRIC_REPRESENTATION_CONTEXT(2) 
PARAMETRIC_REPRESENTATION_CONTEXT() REPRESENTATION_CONTEXT('2D SPACE',''
  ) );
#2010 = ADVANCED_FACE('',(#2011),#1996,.F.);
#2011 = FACE_BOUND('',#2012,.F.);
#2012 = EDGE_LOOP('',(#2013,#2094,#2117,#2144,#2145,#2219,#2246,#2247));
#2013 = ORIENTED_EDGE('',*,*,#2014,.T.);
#2014 = EDGE_CURVE('',#2015,#2017,#2019,.T.);
#2015 = VERTEX_POINT('',#2016);
#2016 = CARTESIAN_POINT('',(-87.51677649426,331.64684478181,37.2));
#2017 = VERTEX_POINT('',#2018);
#2018 = CARTESIAN_POINT('',(-86.25713886873,333.68971361077,37.2));
#2019 = SURFACE_CURVE('',#2020,(#2041,#2065),.PCURVE_S1.);
#2020 = B_SPLINE_CURVE_WITH_KNOTS('',7,(#2021,#2022,#2023,#2024,#2025,
    #2026,#2027,#2028,#2029,#2030,#2031,#2032,#2033,#2034,#2035,#2036,
    #2037,#2038,#2039,#2040),.UNSPECIFIED.,.F.,.F.,(8,6,6,8),(0.,
    0.552559536359,0.720455681449,1.),.UNSPECIFIED.);
#2021 = CARTESIAN_POINT('',(-87.57030645715,330.95055729817,37.2));
#2022 = CARTESIAN_POINT('',(-87.56770899499,331.20570559189,37.2));
#2023 = CARTESIAN_POINT('',(-87.55170506167,331.4600575658,37.2));
#2024 = CARTESIAN_POINT('',(-87.52098932389,331.71322663422,37.2));
#2025 = CARTESIAN_POINT('',(-87.47380869538,331.96393136352,37.2));
#2026 = CARTESIAN_POINT('',(-87.40808135798,332.20999677129,37.2));
#2027 = CARTESIAN_POINT('',(-87.32156716925,332.44839133763,37.2));
#2028 = CARTESIAN_POINT('',(-87.17838111313,332.74405931006,37.2));
#2029 = CARTESIAN_POINT('',(-87.14287935857,332.8118508657,37.2));
#2030 = CARTESIAN_POINT('',(-87.10518746424,332.87840284509,37.2));
#2031 = CARTESIAN_POINT('',(-87.06525466482,332.94357023426,37.2));
#2032 = CARTESIAN_POINT('',(-87.02304053454,333.00719418254,37.2));
#2033 = CARTESIAN_POINT('',(-86.97851939919,333.06910498534,37.2));
#2034 = CARTESIAN_POINT('',(-86.85370582472,333.22905751541,37.2));
#2035 = CARTESIAN_POINT('',(-86.76926957089,333.32380562205,37.2));
#2036 = CARTESIAN_POINT('',(-86.67840238523,333.41245238893,37.2));
#2037 = CARTESIAN_POINT('',(-86.58127712846,333.49410709084,37.2));
#2038 = CARTESIAN_POINT('',(-86.4782475222,333.56794813935,37.2));
#2039 = CARTESIAN_POINT('',(-86.36990226544,333.6332956354,37.2));
#2040 = CARTESIAN_POINT('',(-86.25713886873,333.68971361077,37.2));
#2041 = PCURVE('',#1996,#2042);
#2042 = DEFINITIONAL_REPRESENTATION('',(#2043),#2064);
#2043 = B_SPLINE_CURVE_WITH_KNOTS('',7,(#2044,#2045,#2046,#2047,#2048,
    #2049,#2050,#2051,#2052,#2053,#2054,#2055,#2056,#2057,#2058,#2059,
    #2060,#2061,#2062,#2063),.UNSPECIFIED.,.F.,.F.,(8,6,6,8),(0.,
    0.552559536359,0.720455681449,1.),.UNSPECIFIED.);
#2044 = CARTESIAN_POINT('',(0.848062078981,-2.4));
#2045 = CARTESIAN_POINT('',(0.793026931694,-2.4));
#2046 = CARTESIAN_POINT('',(0.736502369158,-2.4));
#2047 = CARTESIAN_POINT('',(0.678136931915,-2.4));
#2048 = CARTESIAN_POINT('',(0.617651192439,-2.4));
#2049 = CARTESIAN_POINT('',(0.554796617121,-2.4));
#2050 = CARTESIAN_POINT('',(0.489341230955,-2.4));
#2051 = CARTESIAN_POINT('',(0.400199739816,-2.4));
#2052 = CARTESIAN_POINT('',(0.379168469842,-2.4));
#2053 = CARTESIAN_POINT('',(0.357877333988,-2.4));
#2054 = CARTESIAN_POINT('',(0.336326859425,-2.4));
#2055 = CARTESIAN_POINT('',(0.314520863137,-2.4));
#2056 = CARTESIAN_POINT('',(0.292466942891,-2.4));
#2057 = CARTESIAN_POINT('',(0.233064527184,-2.4));
#2058 = CARTESIAN_POINT('',(0.1952767556,-2.4));
#2059 = CARTESIAN_POINT('',(0.156899874792,-2.4));
#2060 = CARTESIAN_POINT('',(0.11803864707,-2.4));
#2061 = CARTESIAN_POINT('',(7.881976378659E-02,-2.4));
#2062 = CARTESIAN_POINT('',(3.94029806125E-02,-2.4));
#2063 = CARTESIAN_POINT('',(0.,-2.4));
#2064 = ( GEOMETRIC_REPRESENTATION_CONTEXT(2) 
PARAMETRIC_REPRESENTATION_CONTEXT() REPRESENTATION_CONTEXT('2D SPACE',''
  ) );
#2065 = PCURVE('',#2066,#2071);
#2066 = PLANE('',#2067);
#2067 = AXIS2_PLACEMENT_3D('',#2068,#2069,#2070);
#2068 = CARTESIAN_POINT('',(-86.25713886873,333.68971361077,37.2));
#2069 = DIRECTION('',(0.,0.,1.));
#2070 = DIRECTION('',(-0.447443747384,0.894312078039,0.));
#2071 = DEFINITIONAL_REPRESENTATION('',(#2072),#2093);
#2072 = B_SPLINE_CURVE_WITH_KNOTS('',7,(#2073,#2074,#2075,#2076,#2077,
    #2078,#2079,#2080,#2081,#2082,#2083,#2084,#2085,#2086,#2087,#2088,
    #2089,#2090,#2091,#2092),.UNSPECIFIED.,.F.,.F.,(8,6,6,8),(0.,
    0.552559536359,0.720455681449,1.),.UNSPECIFIED.);
#2073 = CARTESIAN_POINT('',(-1.862091947286,2.4));
#2074 = CARTESIAN_POINT('',(-1.635071964724,2.283512549527));
#2075 = CARTESIAN_POINT('',(-1.414762782279,2.155391838303));
#2076 = CARTESIAN_POINT('',(-1.202094191427,2.014643466332));
#2077 = CARTESIAN_POINT('',(-0.998996601216,1.860272996834));
#2078 = CARTESIAN_POINT('',(-0.808346621214,1.691391816989));
#2079 = CARTESIAN_POINT('',(-0.633857714,1.507352974968));
#2080 = CARTESIAN_POINT('',(-0.433505980689,1.247005170003));
#2081 = CARTESIAN_POINT('',(-0.38876421179,1.184922614416));
#2082 = CARTESIAN_POINT('',(-0.346110975252,1.121436031022));
#2083 = CARTESIAN_POINT('',(-0.305698673436,1.056564905368));
#2084 = CARTESIAN_POINT('',(-0.267687456687,0.990344160955));
#2085 = CARTESIAN_POINT('',(-0.23224058162,0.922826770272));
#2086 = CARTESIAN_POINT('',(-0.145040155545,0.739634723665));
#2087 = CARTESIAN_POINT('',(-9.808625323785E-02,0.621727914147));
#2088 = CARTESIAN_POINT('',(-5.946633300664E-02,0.500799850948));
#2089 = CARTESIAN_POINT('',(-2.989963570764E-02,0.377403674918));
#2090 = CARTESIAN_POINT('',(-9.962647291275E-03,0.252223338189));
#2091 = CARTESIAN_POINT('',(0.,0.12608953796));
#2092 = CARTESIAN_POINT('',(0.,0.));
#2093 = ( GEOMETRIC_REPRESENTATION_CONTEXT(2) 
PARAMETRIC_REPRESENTATION_CONTEXT() REPRESENTATION_CONTEXT('2D SPACE',''
  ) );
#2094 = ORIENTED_EDGE('',*,*,#2095,.T.);
#2095 = EDGE_CURVE('',#2017,#2096,#2098,.T.);
#2096 = VERTEX_POINT('',#2097);
#2097 = CARTESIAN_POINT('',(-86.25713886873,333.68971361077,37.4));
#2098 = SEAM_CURVE('',#2099,(#2103,#2110),.PCURVE_S1.);
#2099 = LINE('',#2100,#2101);
#2100 = CARTESIAN_POINT('',(-86.25713886873,333.68971361077,34.8));
#2101 = VECTOR('',#2102,1.);
#2102 = DIRECTION('',(0.,0.,1.));
#2103 = PCURVE('',#1996,#2104);
#2104 = DEFINITIONAL_REPRESENTATION('',(#2105),#2109);
#2105 = LINE('',#2106,#2107);
#2106 = CARTESIAN_POINT('',(6.28318530718,0.));
#2107 = VECTOR('',#2108,1.);
#2108 = DIRECTION('',(0.,-1.));
#2109 = ( GEOMETRIC_REPRESENTATION_CONTEXT(2) 
PARAMETRIC_REPRESENTATION_CONTEXT() REPRESENTATION_CONTEXT('2D SPACE',''
  ) );
#2110 = PCURVE('',#1996,#2111);
#2111 = DEFINITIONAL_REPRESENTATION('',(#2112),#2116);
#2112 = LINE('',#2113,#2114);
#2113 = CARTESIAN_POINT('',(0.,0.));
#2114 = VECTOR('',#2115,1.);
#2115 = DIRECTION('',(0.,-1.));
#2116 = ( GEOMETRIC_REPRESENTATION_CONTEXT(2) 
PARAMETRIC_REPRESENTATION_CONTEXT() REPRESENTATION_CONTEXT('2D SPACE',''
  ) );
#2117 = ORIENTED_EDGE('',*,*,#2118,.T.);
#2118 = EDGE_CURVE('',#2096,#2096,#2119,.T.);
#2119 = SURFACE_CURVE('',#2120,(#2125,#2132),.PCURVE_S1.);
#2120 = ELLIPSE('',#2121,5.5,3.2);
#2121 = AXIS2_PLACEMENT_3D('',#2122,#2123,#2124);
#2122 = CARTESIAN_POINT('',(-83.79619825812,328.77099718155,37.4));
#2123 = DIRECTION('',(0.,0.,1.));
#2124 = DIRECTION('',(-0.447443747384,0.894312078039,0.));
#2125 = PCURVE('',#1996,#2126);
#2126 = DEFINITIONAL_REPRESENTATION('',(#2127),#2131);
#2127 = LINE('',#2128,#2129);
#2128 = CARTESIAN_POINT('',(0.,-2.6));
#2129 = VECTOR('',#2130,1.);
#2130 = DIRECTION('',(1.,0.));
#2131 = ( GEOMETRIC_REPRESENTATION_CONTEXT(2) 
PARAMETRIC_REPRESENTATION_CONTEXT() REPRESENTATION_CONTEXT('2D SPACE',''
  ) );
#2132 = PCURVE('',#2133,#2138);
#2133 = PLANE('',#2134);
#2134 = AXIS2_PLACEMENT_3D('',#2135,#2136,#2137);
#2135 = CARTESIAN_POINT('',(-83.96565720714,329.10969715386,37.4));
#2136 = DIRECTION('',(0.,0.,1.));
#2137 = DIRECTION('',(-0.447443747384,0.894312078039,0.));
#2138 = DEFINITIONAL_REPRESENTATION('',(#2139),#2143);
#2139 = ELLIPSE('',#2140,5.5,3.2);
#2140 = AXIS2_PLACEMENT_2D('',#2141,#2142);
#2141 = CARTESIAN_POINT('',(-0.378726823242,3.885780586188E-15));
#2142 = DIRECTION('',(1.,0.));
#2143 = ( GEOMETRIC_REPRESENTATION_CONTEXT(2) 
PARAMETRIC_REPRESENTATION_CONTEXT() REPRESENTATION_CONTEXT('2D SPACE',''
  ) );
#2144 = ORIENTED_EDGE('',*,*,#2095,.F.);
#2145 = ORIENTED_EDGE('',*,*,#2146,.T.);
#2146 = EDGE_CURVE('',#2017,#2147,#2149,.T.);
#2147 = VERTEX_POINT('',#2148);
#2148 = CARTESIAN_POINT('',(-83.86694934332,333.47293254001,37.2));
#2149 = SURFACE_CURVE('',#2150,(#2171,#2195),.PCURVE_S1.);
#2150 = B_SPLINE_CURVE_WITH_KNOTS('',7,(#2151,#2152,#2153,#2154,#2155,
    #2156,#2157,#2158,#2159,#2160,#2161,#2162,#2163,#2164,#2165,#2166,
    #2167,#2168,#2169,#2170),.UNSPECIFIED.,.F.,.F.,(8,6,6,8),(0.,
    0.279544318551,0.44744046364,1.),.UNSPECIFIED.);
#2151 = CARTESIAN_POINT('',(-86.25713886873,333.68971361077,37.2));
#2152 = CARTESIAN_POINT('',(-86.14437547202,333.74613158614,37.2));
#2153 = CARTESIAN_POINT('',(-86.02711476679,333.79365965058,37.2));
#2154 = CARTESIAN_POINT('',(-85.90624379891,333.83184092001,37.2));
#2155 = CARTESIAN_POINT('',(-85.78265967446,333.86061191292,37.2));
#2156 = CARTESIAN_POINT('',(-85.65723200514,333.88018215757,37.2));
#2157 = CARTESIAN_POINT('',(-85.5307772913,333.89094738032,37.2));
#2158 = CARTESIAN_POINT('',(-85.327929146,333.89493112189,37.2));
#2159 = CARTESIAN_POINT('',(-85.25168704542,333.89344078769,37.2));
#2160 = CARTESIAN_POINT('',(-85.17545715261,333.88907695549,37.2));
#2161 = CARTESIAN_POINT('',(-85.09935988966,333.88196192543,37.2));
#2162 = CARTESIAN_POINT('',(-85.02349814734,333.87222329561,37.2));
#2163 = CARTESIAN_POINT('',(-84.94795754331,333.85998864261,37.2));
#2164 = CARTESIAN_POINT('',(-84.62547922649,333.79730266513,37.2));
#2165 = CARTESIAN_POINT('',(-84.38281709672,333.72360215706,37.2));
#2166 = CARTESIAN_POINT('',(-84.14647947634,333.62866640524,37.2));
#2167 = CARTESIAN_POINT('',(-83.91754935412,333.51610587865,37.2));
#2168 = CARTESIAN_POINT('',(-83.69651915387,333.38889076823,37.2));
#2169 = CARTESIAN_POINT('',(-83.48336328819,333.24919241661,37.2));
#2170 = CARTESIAN_POINT('',(-83.27760848257,333.09828728561,37.2));
#2171 = PCURVE('',#1996,#2172);
#2172 = DEFINITIONAL_REPRESENTATION('',(#2173),#2194);
#2173 = B_SPLINE_CURVE_WITH_KNOTS('',7,(#2174,#2175,#2176,#2177,#2178,
    #2179,#2180,#2181,#2182,#2183,#2184,#2185,#2186,#2187,#2188,#2189,
    #2190,#2191,#2192,#2193),.UNSPECIFIED.,.F.,.F.,(8,6,6,8),(0.,
    0.279544318551,0.44744046364,1.),.UNSPECIFIED.);
#2174 = CARTESIAN_POINT('',(6.28318530718,-2.4));
#2175 = CARTESIAN_POINT('',(6.243782326567,-2.4));
#2176 = CARTESIAN_POINT('',(6.204365543393,-2.4));
#2177 = CARTESIAN_POINT('',(6.16514666011,-2.4));
#2178 = CARTESIAN_POINT('',(6.126285432387,-2.4));
#2179 = CARTESIAN_POINT('',(6.08790855158,-2.4));
#2180 = CARTESIAN_POINT('',(6.050120779996,-2.4));
#2181 = CARTESIAN_POINT('',(5.990718364289,-2.4));
#2182 = CARTESIAN_POINT('',(5.968664444043,-2.4));
#2183 = CARTESIAN_POINT('',(5.946858447755,-2.4));
#2184 = CARTESIAN_POINT('',(5.925307973192,-2.4));
#2185 = CARTESIAN_POINT('',(5.904016837338,-2.4));
#2186 = CARTESIAN_POINT('',(5.882985567364,-2.4));
#2187 = CARTESIAN_POINT('',(5.793844076225,-2.4));
#2188 = CARTESIAN_POINT('',(5.728388690059,-2.4));
#2189 = CARTESIAN_POINT('',(5.66553411474,-2.4));
#2190 = CARTESIAN_POINT('',(5.605048375265,-2.4));
#2191 = CARTESIAN_POINT('',(5.546682938022,-2.4));
#2192 = CARTESIAN_POINT('',(5.490158375486,-2.4));
#2193 = CARTESIAN_POINT('',(5.435123228198,-2.4));
#2194 = ( GEOMETRIC_REPRESENTATION_CONTEXT(2) 
PARAMETRIC_REPRESENTATION_CONTEXT() REPRESENTATION_CONTEXT('2D SPACE',''
  ) );
#2195 = PCURVE('',#2066,#2196);
#2196 = DEFINITIONAL_REPRESENTATION('',(#2197),#2218);
#2197 = B_SPLINE_CURVE_WITH_KNOTS('',7,(#2198,#2199,#2200,#2201,#2202,
    #2203,#2204,#2205,#2206,#2207,#2208,#2209,#2210,#2211,#2212,#2213,
    #2214,#2215,#2216,#2217),.UNSPECIFIED.,.F.,.F.,(8,6,6,8),(0.,
    0.279544318551,0.44744046364,1.),.UNSPECIFIED.);
#2198 = CARTESIAN_POINT('',(0.,0.));
#2199 = CARTESIAN_POINT('',(0.,-0.12608953796));
#2200 = CARTESIAN_POINT('',(-9.962647291218E-03,-0.252223338188));
#2201 = CARTESIAN_POINT('',(-2.989963570758E-02,-0.377403674918));
#2202 = CARTESIAN_POINT('',(-5.946633300658E-02,-0.500799850948));
#2203 = CARTESIAN_POINT('',(-9.808625323768E-02,-0.621727914147));
#2204 = CARTESIAN_POINT('',(-0.145040155545,-0.739634723665));
#2205 = CARTESIAN_POINT('',(-0.23224058162,-0.922826770271));
#2206 = CARTESIAN_POINT('',(-0.267687456687,-0.990344160955));
#2207 = CARTESIAN_POINT('',(-0.305698673436,-1.056564905368));
#2208 = CARTESIAN_POINT('',(-0.346110975252,-1.121436031021));
#2209 = CARTESIAN_POINT('',(-0.38876421179,-1.184922614415));
#2210 = CARTESIAN_POINT('',(-0.433505980688,-1.247005170002));
#2211 = CARTESIAN_POINT('',(-0.633857714,-1.507352974968));
#2212 = CARTESIAN_POINT('',(-0.808346621214,-1.691391816989));
#2213 = CARTESIAN_POINT('',(-0.998996601215,-1.860272996833));
#2214 = CARTESIAN_POINT('',(-1.202094191427,-2.014643466332));
#2215 = CARTESIAN_POINT('',(-1.414762782279,-2.155391838303));
#2216 = CARTESIAN_POINT('',(-1.635071964724,-2.283512549527));
#2217 = CARTESIAN_POINT('',(-1.862091947286,-2.4));
#2218 = ( GEOMETRIC_REPRESENTATION_CONTEXT(2) 
PARAMETRIC_REPRESENTATION_CONTEXT() REPRESENTATION_CONTEXT('2D SPACE',''
  ) );
#2219 = ORIENTED_EDGE('',*,*,#2220,.T.);
#2220 = EDGE_CURVE('',#2147,#1944,#2221,.T.);
#2221 = SURFACE_CURVE('',#2222,(#2228,#2237),.PCURVE_S1.);
#2222 = B_SPLINE_CURVE_WITH_KNOTS('',4,(#2223,#2224,#2225,#2226,#2227),
  .UNSPECIFIED.,.F.,.F.,(5,5),(0.,1.),.PIECEWISE_BEZIER_KNOTS.);
#2223 = CARTESIAN_POINT('',(-83.86694934332,333.47293254001,37.2000006)
  );
#2224 = CARTESIAN_POINT('',(-83.86694934332,333.47293254001,36.6000003)
  );
#2225 = CARTESIAN_POINT('',(-83.86694934332,333.47293254001,36.));
#2226 = CARTESIAN_POINT('',(-83.86694934332,333.47293254001,35.3999997)
  );
#2227 = CARTESIAN_POINT('',(-83.86694934332,333.47293254001,34.7999994)
  );
#2228 = PCURVE('',#1996,#2229);
#2229 = DEFINITIONAL_REPRESENTATION('',(#2230),#2236);
#2230 = B_SPLINE_CURVE_WITH_KNOTS('',4,(#2231,#2232,#2233,#2234,#2235),
  .UNSPECIFIED.,.F.,.F.,(5,5),(0.,1.),.PIECEWISE_BEZIER_KNOTS.);
#2231 = CARTESIAN_POINT('',(5.591701796121,-2.4000006));
#2232 = CARTESIAN_POINT('',(5.591701796121,-1.8000003));
#2233 = CARTESIAN_POINT('',(5.591701796121,-1.2));
#2234 = CARTESIAN_POINT('',(5.591701796121,-0.5999997));
#2235 = CARTESIAN_POINT('',(5.591701796121,5.999999999062E-07));
#2236 = ( GEOMETRIC_REPRESENTATION_CONTEXT(2) 
PARAMETRIC_REPRESENTATION_CONTEXT() REPRESENTATION_CONTEXT('2D SPACE',''
  ) );
#2237 = PCURVE('',#1969,#2238);
#2238 = DEFINITIONAL_REPRESENTATION('',(#2239),#2245);
#2239 = B_SPLINE_CURVE_WITH_KNOTS('',4,(#2240,#2241,#2242,#2243,#2244),
  .UNSPECIFIED.,.F.,.F.,(5,5),(0.,1.),.PIECEWISE_BEZIER_KNOTS.);
#2240 = CARTESIAN_POINT('',(-4.158035315084,-2.4000006));
#2241 = CARTESIAN_POINT('',(-4.158035315084,-1.8000003));
#2242 = CARTESIAN_POINT('',(-4.158035315084,-1.2));
#2243 = CARTESIAN_POINT('',(-4.158035315084,-0.5999997));
#2244 = CARTESIAN_POINT('',(-4.158035315084,5.999999999062E-07));
#2245 = ( GEOMETRIC_REPRESENTATION_CONTEXT(2) 
PARAMETRIC_REPRESENTATION_CONTEXT() REPRESENTATION_CONTEXT('2D SPACE',''
  ) );
#2246 = ORIENTED_EDGE('',*,*,#1981,.F.);
#2247 = ORIENTED_EDGE('',*,*,#2248,.F.);
#2248 = EDGE_CURVE('',#2015,#1942,#2249,.T.);
#2249 = SURFACE_CURVE('',#2250,(#2256,#2265),.PCURVE_S1.);
#2250 = B_SPLINE_CURVE_WITH_KNOTS('',4,(#2251,#2252,#2253,#2254,#2255),
  .UNSPECIFIED.,.F.,.F.,(5,5),(0.,1.),.PIECEWISE_BEZIER_KNOTS.);
#2251 = CARTESIAN_POINT('',(-87.51677649426,331.64684478181,37.2000006)
  );
#2252 = CARTESIAN_POINT('',(-87.51677649426,331.64684478181,36.6000003)
  );
#2253 = CARTESIAN_POINT('',(-87.51677649426,331.64684478181,36.));
#2254 = CARTESIAN_POINT('',(-87.51677649426,331.64684478181,35.3999997)
  );
#2255 = CARTESIAN_POINT('',(-87.51677649426,331.64684478181,34.7999994)
  );
#2256 = PCURVE('',#1996,#2257);
#2257 = DEFINITIONAL_REPRESENTATION('',(#2258),#2264);
#2258 = B_SPLINE_CURVE_WITH_KNOTS('',4,(#2259,#2260,#2261,#2262,#2263),
  .UNSPECIFIED.,.F.,.F.,(5,5),(0.,1.),.PIECEWISE_BEZIER_KNOTS.);
#2259 = CARTESIAN_POINT('',(0.691483511059,-2.4000006));
#2260 = CARTESIAN_POINT('',(0.691483511059,-1.8000003));
#2261 = CARTESIAN_POINT('',(0.691483511059,-1.2));
#2262 = CARTESIAN_POINT('',(0.691483511059,-0.5999997));
#2263 = CARTESIAN_POINT('',(0.691483511059,5.999999999062E-07));
#2264 = ( GEOMETRIC_REPRESENTATION_CONTEXT(2) 
PARAMETRIC_REPRESENTATION_CONTEXT() REPRESENTATION_CONTEXT('2D SPACE',''
  ) );
#2265 = PCURVE('',#1969,#2266);
#2266 = DEFINITIONAL_REPRESENTATION('',(#2267),#2273);
#2267 = B_SPLINE_CURVE_WITH_KNOTS('',4,(#2268,#2269,#2270,#2271,#2272),
  .UNSPECIFIED.,.F.,.F.,(5,5),(0.,1.),.PIECEWISE_BEZIER_KNOTS.);
#2268 = CARTESIAN_POINT('',(-8.408335299275,-2.4000006));
#2269 = CARTESIAN_POINT('',(-8.408335299275,-1.8000003));
#2270 = CARTESIAN_POINT('',(-8.408335299275,-1.2));
#2271 = CARTESIAN_POINT('',(-8.408335299275,-0.5999997));
#2272 = CARTESIAN_POINT('',(-8.408335299275,5.999999999062E-07));
#2273 = ( GEOMETRIC_REPRESENTATION_CONTEXT(2) 
PARAMETRIC_REPRESENTATION_CONTEXT() REPRESENTATION_CONTEXT('2D SPACE',''
  ) );
#2274 = ADVANCED_FACE('',(#2275),#2133,.T.);
#2275 = FACE_BOUND('',#2276,.T.);
#2276 = EDGE_LOOP('',(#2277));
#2277 = ORIENTED_EDGE('',*,*,#2118,.T.);
#2278 = ADVANCED_FACE('',(#2279),#2066,.T.);
#2279 = FACE_BOUND('',#2280,.T.);
#2280 = EDGE_LOOP('',(#2281,#2282,#2308));
#2281 = ORIENTED_EDGE('',*,*,#2146,.T.);
#2282 = ORIENTED_EDGE('',*,*,#2283,.F.);
#2283 = EDGE_CURVE('',#2015,#2147,#2284,.T.);
#2284 = SURFACE_CURVE('',#2285,(#2290,#2301),.PCURVE_S1.);
#2285 = CIRCLE('',#2286,2.4);
#2286 = AXIS2_PLACEMENT_3D('',#2287,#2288,#2289);
#2287 = CARTESIAN_POINT('',(-86.25713886873,333.68971361077,37.2));
#2288 = DIRECTION('',(-0.,0.,-1.));
#2289 = DIRECTION('',(-0.524849010639,-0.851195345401,0.));
#2290 = PCURVE('',#2066,#2291);
#2291 = DEFINITIONAL_REPRESENTATION('',(#2292),#2300);
#2292 = ( BOUNDED_CURVE() B_SPLINE_CURVE(2,(#2293,#2294,#2295,#2296,
#2297,#2298,#2299),.UNSPECIFIED.,.T.,.F.) B_SPLINE_CURVE_WITH_KNOTS((1,2
    ,2,2,2,1),(-2.094395102393,0.,2.094395102393,4.188790204786,
6.28318530718,8.377580409573),.UNSPECIFIED.) CURVE() 
GEOMETRIC_REPRESENTATION_ITEM() RATIONAL_B_SPLINE_CURVE((1.,0.5,1.,0.5,
1.,0.5,1.)) REPRESENTATION_ITEM('') );
#2293 = CARTESIAN_POINT('',(-1.263345288075,2.040578026712));
#2294 = CARTESIAN_POINT('',(2.271039530998,4.228756253161));
#2295 = CARTESIAN_POINT('',(2.398865053574,7.380009986873E-02));
#2296 = CARTESIAN_POINT('',(2.52669057615,-4.081156053423));
#2297 = CARTESIAN_POINT('',(-1.135519765499,-2.11437812658));
#2298 = CARTESIAN_POINT('',(-4.797730107148,-0.147600199737));
#2299 = CARTESIAN_POINT('',(-1.263345288075,2.040578026712));
#2300 = ( GEOMETRIC_REPRESENTATION_CONTEXT(2) 
PARAMETRIC_REPRESENTATION_CONTEXT() REPRESENTATION_CONTEXT('2D SPACE',''
  ) );
#2301 = PCURVE('',#1969,#2302);
#2302 = DEFINITIONAL_REPRESENTATION('',(#2303),#2307);
#2303 = LINE('',#2304,#2305);
#2304 = CARTESIAN_POINT('',(-8.408335299275,-2.4));
#2305 = VECTOR('',#2306,1.);
#2306 = DIRECTION('',(1.,-0.));
#2307 = ( GEOMETRIC_REPRESENTATION_CONTEXT(2) 
PARAMETRIC_REPRESENTATION_CONTEXT() REPRESENTATION_CONTEXT('2D SPACE',''
  ) );
#2308 = ORIENTED_EDGE('',*,*,#2014,.T.);
#2309 = ADVANCED_FACE('',(#2310),#1969,.T.);
#2310 = FACE_BOUND('',#2311,.F.);
#2311 = EDGE_LOOP('',(#2312,#2313,#2314,#2315));
#2312 = ORIENTED_EDGE('',*,*,#2283,.F.);
#2313 = ORIENTED_EDGE('',*,*,#2248,.T.);
#2314 = ORIENTED_EDGE('',*,*,#1941,.T.);
#2315 = ORIENTED_EDGE('',*,*,#2220,.F.);
#2316 = MANIFOLD_SOLID_BREP('',#2317);
#2317 = CLOSED_SHELL('',(#2318,#2391,#2655,#2659,#2690));
#2318 = ADVANCED_FACE('',(#2319),#2334,.F.);
#2319 = FACE_BOUND('',#2320,.F.);
#2320 = EDGE_LOOP('',(#2321,#2361));
#2321 = ORIENTED_EDGE('',*,*,#2322,.F.);
#2322 = EDGE_CURVE('',#2323,#2325,#2327,.T.);
#2323 = VERTEX_POINT('',#2324);
#2324 = CARTESIAN_POINT('',(11.520063096826,249.74498760489,34.8));
#2325 = VERTEX_POINT('',#2326);
#2326 = CARTESIAN_POINT('',(13.314056180323,246.07927845812,34.8));
#2327 = SURFACE_CURVE('',#2328,(#2333,#2349),.PCURVE_S1.);
#2328 = CIRCLE('',#2329,2.4);
#2329 = AXIS2_PLACEMENT_3D('',#2330,#2331,#2332);
#2330 = CARTESIAN_POINT('',(13.551800951431,248.46747389062,34.8));
#2331 = DIRECTION('',(0.,0.,-1.));
#2332 = DIRECTION('',(-0.846557439419,0.532297380949,0.));
#2333 = PCURVE('',#2334,#2339);
#2334 = PLANE('',#2335);
#2335 = AXIS2_PLACEMENT_3D('',#2336,#2337,#2338);
#2336 = CARTESIAN_POINT('',(8.951854837771,246.21626650292,34.8));
#2337 = DIRECTION('',(0.,0.,1.));
#2338 = DIRECTION('',(0.898203621423,0.439579633813,0.));
#2339 = DEFINITIONAL_REPRESENTATION('',(#2340),#2348);
#2340 = ( BOUNDED_CURVE() B_SPLINE_CURVE(2,(#2341,#2342,#2343,#2344,
#2345,#2346,#2347),.UNSPECIFIED.,.T.,.F.) B_SPLINE_CURVE_WITH_KNOTS((1,2
    ,2,2,2,1),(-2.094395102393,0.,2.094395102393,4.188790204786,
6.28318530718,8.377580409573),.UNSPECIFIED.) CURVE() 
GEOMETRIC_REPRESENTATION_ITEM() RATIONAL_B_SPLINE_CURVE((1.,0.5,1.,0.5,
1.,0.5,1.)) REPRESENTATION_ITEM('') );
#2341 = CARTESIAN_POINT('',(3.857927888683,2.040578026712));
#2342 = CARTESIAN_POINT('',(7.392312707756,4.228756253161));
#2343 = CARTESIAN_POINT('',(7.520138230332,7.380009986871E-02));
#2344 = CARTESIAN_POINT('',(7.647963752908,-4.081156053423));
#2345 = CARTESIAN_POINT('',(3.985753411259,-2.11437812658));
#2346 = CARTESIAN_POINT('',(0.32354306961,-0.147600199737));
#2347 = CARTESIAN_POINT('',(3.857927888683,2.040578026712));
#2348 = ( GEOMETRIC_REPRESENTATION_CONTEXT(2) 
PARAMETRIC_REPRESENTATION_CONTEXT() REPRESENTATION_CONTEXT('2D SPACE',''
  ) );
#2349 = PCURVE('',#2350,#2355);
#2350 = CYLINDRICAL_SURFACE('',#2351,2.4);
#2351 = AXIS2_PLACEMENT_3D('',#2352,#2353,#2354);
#2352 = CARTESIAN_POINT('',(13.551800951431,248.46747389062,34.8));
#2353 = DIRECTION('',(0.,-0.,-1.));
#2354 = DIRECTION('',(0.898203621423,0.439579633813,0.));
#2355 = DEFINITIONAL_REPRESENTATION('',(#2356),#2360);
#2356 = LINE('',#2357,#2358);
#2357 = CARTESIAN_POINT('',(-8.408335299275,0.));
#2358 = VECTOR('',#2359,1.);
#2359 = DIRECTION('',(1.,-0.));
#2360 = ( GEOMETRIC_REPRESENTATION_CONTEXT(2) 
PARAMETRIC_REPRESENTATION_CONTEXT() REPRESENTATION_CONTEXT('2D SPACE',''
  ) );
#2361 = ORIENTED_EDGE('',*,*,#2362,.T.);
#2362 = EDGE_CURVE('',#2323,#2325,#2363,.T.);
#2363 = SURFACE_CURVE('',#2364,(#2369,#2376),.PCURVE_S1.);
#2364 = ELLIPSE('',#2365,5.5,3.2);
#2365 = AXIS2_PLACEMENT_3D('',#2366,#2367,#2368);
#2366 = CARTESIAN_POINT('',(8.611681033605,246.04978590465,34.8));
#2367 = DIRECTION('',(0.,-0.,1.));
#2368 = DIRECTION('',(0.898203621423,0.439579633813,0.));
#2369 = PCURVE('',#2334,#2370);
#2370 = DEFINITIONAL_REPRESENTATION('',(#2371),#2375);
#2371 = ELLIPSE('',#2372,5.5,3.2);
#2372 = AXIS2_PLACEMENT_2D('',#2373,#2374);
#2373 = CARTESIAN_POINT('',(-0.378726823242,4.024558464266E-15));
#2374 = DIRECTION('',(1.,0.));
#2375 = ( GEOMETRIC_REPRESENTATION_CONTEXT(2) 
PARAMETRIC_REPRESENTATION_CONTEXT() REPRESENTATION_CONTEXT('2D SPACE',''
  ) );
#2376 = PCURVE('',#2377,#2385);
#2377 = SURFACE_OF_LINEAR_EXTRUSION('',#2378,#2383);
#2378 = ELLIPSE('',#2379,5.5,3.2);
#2379 = AXIS2_PLACEMENT_3D('',#2380,#2381,#2382);
#2380 = CARTESIAN_POINT('',(8.611681033605,246.04978590465,34.8));
#2381 = DIRECTION('',(0.,-0.,1.));
#2382 = DIRECTION('',(0.898203621423,0.439579633813,0.));
#2383 = VECTOR('',#2384,1.);
#2384 = DIRECTION('',(0.,-0.,-1.));
#2385 = DEFINITIONAL_REPRESENTATION('',(#2386),#2390);
#2386 = LINE('',#2387,#2388);
#2387 = CARTESIAN_POINT('',(0.,0.));
#2388 = VECTOR('',#2389,1.);
#2389 = DIRECTION('',(1.,0.));
#2390 = ( GEOMETRIC_REPRESENTATION_CONTEXT(2) 
PARAMETRIC_REPRESENTATION_CONTEXT() REPRESENTATION_CONTEXT('2D SPACE',''
  ) );
#2391 = ADVANCED_FACE('',(#2392),#2377,.F.);
#2392 = FACE_BOUND('',#2393,.F.);
#2393 = EDGE_LOOP('',(#2394,#2475,#2498,#2525,#2526,#2600,#2627,#2628));
#2394 = ORIENTED_EDGE('',*,*,#2395,.T.);
#2395 = EDGE_CURVE('',#2396,#2398,#2400,.T.);
#2396 = VERTEX_POINT('',#2397);
#2397 = CARTESIAN_POINT('',(11.520063096826,249.74498760489,37.2));
#2398 = VERTEX_POINT('',#2399);
#2399 = CARTESIAN_POINT('',(13.551800951431,248.46747389062,37.2));
#2400 = SURFACE_CURVE('',#2401,(#2422,#2446),.PCURVE_S1.);
#2401 = B_SPLINE_CURVE_WITH_KNOTS('',7,(#2402,#2403,#2404,#2405,#2406,
    #2407,#2408,#2409,#2410,#2411,#2412,#2413,#2414,#2415,#2416,#2417,
    #2418,#2419,#2420,#2421),.UNSPECIFIED.,.F.,.F.,(8,6,6,8),(0.,
    0.552559536359,0.720455681449,1.),.UNSPECIFIED.);
#2402 = CARTESIAN_POINT('',(10.824272099805,249.80462488572,37.2));
#2403 = CARTESIAN_POINT('',(11.079387781101,249.79978879665,37.2));
#2404 = CARTESIAN_POINT('',(11.333589541929,249.7815537396,37.2));
#2405 = CARTESIAN_POINT('',(11.586479358207,249.74861782347,37.2));
#2406 = CARTESIAN_POINT('',(11.83676046369,249.69923927306,37.2));
#2407 = CARTESIAN_POINT('',(12.082239693346,249.63135543413,37.2));
#2408 = CARTESIAN_POINT('',(12.319865988486,249.54275284968,37.2));
#2409 = CARTESIAN_POINT('',(12.614266233675,249.39697805,37.2));
#2410 = CARTESIAN_POINT('',(12.68174367958,249.36088284413,37.2));
#2411 = CARTESIAN_POINT('',(12.747962380184,249.32260845911,37.2));
#2412 = CARTESIAN_POINT('',(12.812776881685,249.28210540396,37.2));
#2413 = CARTESIAN_POINT('',(12.876027984803,249.23933464825,37.2));
#2414 = CARTESIAN_POINT('',(12.93754576623,249.19427200779,37.2));
#2415 = CARTESIAN_POINT('',(13.096396997484,249.06805977948,37.2));
#2416 = CARTESIAN_POINT('',(13.190400594729,248.98279543536,37.2));
#2417 = CARTESIAN_POINT('',(13.278246660678,248.89115394146,37.2));
#2418 = CARTESIAN_POINT('',(13.359046021139,248.79331596725,37.2));
#2419 = CARTESIAN_POINT('',(13.431980222915,248.68964242954,37.2));
#2420 = CARTESIAN_POINT('',(13.496374558507,248.58072797023,37.2));
#2421 = CARTESIAN_POINT('',(13.551800951431,248.46747389062,37.2));
#2422 = PCURVE('',#2377,#2423);
#2423 = DEFINITIONAL_REPRESENTATION('',(#2424),#2445);
#2424 = B_SPLINE_CURVE_WITH_KNOTS('',7,(#2425,#2426,#2427,#2428,#2429,
    #2430,#2431,#2432,#2433,#2434,#2435,#2436,#2437,#2438,#2439,#2440,
    #2441,#2442,#2443,#2444),.UNSPECIFIED.,.F.,.F.,(8,6,6,8),(0.,
    0.552559536359,0.720455681449,1.),.UNSPECIFIED.);
#2425 = CARTESIAN_POINT('',(0.848062078981,-2.4));
#2426 = CARTESIAN_POINT('',(0.793026931694,-2.4));
#2427 = CARTESIAN_POINT('',(0.736502369158,-2.4));
#2428 = CARTESIAN_POINT('',(0.678136931915,-2.4));
#2429 = CARTESIAN_POINT('',(0.617651192439,-2.4));
#2430 = CARTESIAN_POINT('',(0.554796617121,-2.4));
#2431 = CARTESIAN_POINT('',(0.489341230955,-2.4));
#2432 = CARTESIAN_POINT('',(0.400199739816,-2.4));
#2433 = CARTESIAN_POINT('',(0.379168469842,-2.4));
#2434 = CARTESIAN_POINT('',(0.357877333988,-2.4));
#2435 = CARTESIAN_POINT('',(0.336326859425,-2.4));
#2436 = CARTESIAN_POINT('',(0.314520863137,-2.4));
#2437 = CARTESIAN_POINT('',(0.292466942891,-2.4));
#2438 = CARTESIAN_POINT('',(0.233064527184,-2.4));
#2439 = CARTESIAN_POINT('',(0.1952767556,-2.4));
#2440 = CARTESIAN_POINT('',(0.156899874792,-2.4));
#2441 = CARTESIAN_POINT('',(0.11803864707,-2.4));
#2442 = CARTESIAN_POINT('',(7.881976378659E-02,-2.4));
#2443 = CARTESIAN_POINT('',(3.94029806125E-02,-2.4));
#2444 = CARTESIAN_POINT('',(0.,-2.4));
#2445 = ( GEOMETRIC_REPRESENTATION_CONTEXT(2) 
PARAMETRIC_REPRESENTATION_CONTEXT() REPRESENTATION_CONTEXT('2D SPACE',''
  ) );
#2446 = PCURVE('',#2447,#2452);
#2447 = PLANE('',#2448);
#2448 = AXIS2_PLACEMENT_3D('',#2449,#2450,#2451);
#2449 = CARTESIAN_POINT('',(13.551800951431,248.46747389062,37.2));
#2450 = DIRECTION('',(0.,0.,1.));
#2451 = DIRECTION('',(0.898203621423,0.439579633813,0.));
#2452 = DEFINITIONAL_REPRESENTATION('',(#2453),#2474);
#2453 = B_SPLINE_CURVE_WITH_KNOTS('',7,(#2454,#2455,#2456,#2457,#2458,
    #2459,#2460,#2461,#2462,#2463,#2464,#2465,#2466,#2467,#2468,#2469,
    #2470,#2471,#2472,#2473),.UNSPECIFIED.,.F.,.F.,(8,6,6,8),(0.,
    0.552559536359,0.720455681449,1.),.UNSPECIFIED.);
#2454 = CARTESIAN_POINT('',(-1.862091947286,2.4));
#2455 = CARTESIAN_POINT('',(-1.635071964724,2.283512549527));
#2456 = CARTESIAN_POINT('',(-1.414762782279,2.155391838303));
#2457 = CARTESIAN_POINT('',(-1.202094191427,2.014643466332));
#2458 = CARTESIAN_POINT('',(-0.998996601215,1.860272996834));
#2459 = CARTESIAN_POINT('',(-0.808346621214,1.691391816989));
#2460 = CARTESIAN_POINT('',(-0.633857714,1.507352974968));
#2461 = CARTESIAN_POINT('',(-0.433505980689,1.247005170003));
#2462 = CARTESIAN_POINT('',(-0.38876421179,1.184922614416));
#2463 = CARTESIAN_POINT('',(-0.346110975252,1.121436031022));
#2464 = CARTESIAN_POINT('',(-0.305698673436,1.056564905368));
#2465 = CARTESIAN_POINT('',(-0.267687456687,0.990344160955));
#2466 = CARTESIAN_POINT('',(-0.23224058162,0.922826770272));
#2467 = CARTESIAN_POINT('',(-0.145040155545,0.739634723665));
#2468 = CARTESIAN_POINT('',(-9.808625323781E-02,0.621727914147));
#2469 = CARTESIAN_POINT('',(-5.94663330066E-02,0.500799850948));
#2470 = CARTESIAN_POINT('',(-2.989963570754E-02,0.377403674918));
#2471 = CARTESIAN_POINT('',(-9.962647291232E-03,0.252223338189));
#2472 = CARTESIAN_POINT('',(0.,0.12608953796));
#2473 = CARTESIAN_POINT('',(0.,0.));
#2474 = ( GEOMETRIC_REPRESENTATION_CONTEXT(2) 
PARAMETRIC_REPRESENTATION_CONTEXT() REPRESENTATION_CONTEXT('2D SPACE',''
  ) );
#2475 = ORIENTED_EDGE('',*,*,#2476,.T.);
#2476 = EDGE_CURVE('',#2398,#2477,#2479,.T.);
#2477 = VERTEX_POINT('',#2478);
#2478 = CARTESIAN_POINT('',(13.551800951431,248.46747389062,37.4));
#2479 = SEAM_CURVE('',#2480,(#2484,#2491),.PCURVE_S1.);
#2480 = LINE('',#2481,#2482);
#2481 = CARTESIAN_POINT('',(13.551800951431,248.46747389062,34.8));
#2482 = VECTOR('',#2483,1.);
#2483 = DIRECTION('',(0.,0.,1.));
#2484 = PCURVE('',#2377,#2485);
#2485 = DEFINITIONAL_REPRESENTATION('',(#2486),#2490);
#2486 = LINE('',#2487,#2488);
#2487 = CARTESIAN_POINT('',(6.28318530718,0.));
#2488 = VECTOR('',#2489,1.);
#2489 = DIRECTION('',(0.,-1.));
#2490 = ( GEOMETRIC_REPRESENTATION_CONTEXT(2) 
PARAMETRIC_REPRESENTATION_CONTEXT() REPRESENTATION_CONTEXT('2D SPACE',''
  ) );
#2491 = PCURVE('',#2377,#2492);
#2492 = DEFINITIONAL_REPRESENTATION('',(#2493),#2497);
#2493 = LINE('',#2494,#2495);
#2494 = CARTESIAN_POINT('',(0.,0.));
#2495 = VECTOR('',#2496,1.);
#2496 = DIRECTION('',(0.,-1.));
#2497 = ( GEOMETRIC_REPRESENTATION_CONTEXT(2) 
PARAMETRIC_REPRESENTATION_CONTEXT() REPRESENTATION_CONTEXT('2D SPACE',''
  ) );
#2498 = ORIENTED_EDGE('',*,*,#2499,.T.);
#2499 = EDGE_CURVE('',#2477,#2477,#2500,.T.);
#2500 = SURFACE_CURVE('',#2501,(#2506,#2513),.PCURVE_S1.);
#2501 = ELLIPSE('',#2502,5.5,3.2);
#2502 = AXIS2_PLACEMENT_3D('',#2503,#2504,#2505);
#2503 = CARTESIAN_POINT('',(8.611681033605,246.04978590465,37.4));
#2504 = DIRECTION('',(0.,-0.,1.));
#2505 = DIRECTION('',(0.898203621423,0.439579633813,0.));
#2506 = PCURVE('',#2377,#2507);
#2507 = DEFINITIONAL_REPRESENTATION('',(#2508),#2512);
#2508 = LINE('',#2509,#2510);
#2509 = CARTESIAN_POINT('',(0.,-2.6));
#2510 = VECTOR('',#2511,1.);
#2511 = DIRECTION('',(1.,0.));
#2512 = ( GEOMETRIC_REPRESENTATION_CONTEXT(2) 
PARAMETRIC_REPRESENTATION_CONTEXT() REPRESENTATION_CONTEXT('2D SPACE',''
  ) );
#2513 = PCURVE('',#2514,#2519);
#2514 = PLANE('',#2515);
#2515 = AXIS2_PLACEMENT_3D('',#2516,#2517,#2518);
#2516 = CARTESIAN_POINT('',(8.951854837771,246.21626650292,37.4));
#2517 = DIRECTION('',(0.,0.,1.));
#2518 = DIRECTION('',(0.898203621423,0.439579633813,0.));
#2519 = DEFINITIONAL_REPRESENTATION('',(#2520),#2524);
#2520 = ELLIPSE('',#2521,5.5,3.2);
#2521 = AXIS2_PLACEMENT_2D('',#2522,#2523);
#2522 = CARTESIAN_POINT('',(-0.378726823242,4.024558464266E-15));
#2523 = DIRECTION('',(1.,0.));
#2524 = ( GEOMETRIC_REPRESENTATION_CONTEXT(2) 
PARAMETRIC_REPRESENTATION_CONTEXT() REPRESENTATION_CONTEXT('2D SPACE',''
  ) );
#2525 = ORIENTED_EDGE('',*,*,#2476,.F.);
#2526 = ORIENTED_EDGE('',*,*,#2527,.T.);
#2527 = EDGE_CURVE('',#2398,#2528,#2530,.T.);
#2528 = VERTEX_POINT('',#2529);
#2529 = CARTESIAN_POINT('',(13.314056180322,246.07927845812,37.2));
#2530 = SURFACE_CURVE('',#2531,(#2552,#2576),.PCURVE_S1.);
#2531 = B_SPLINE_CURVE_WITH_KNOTS('',7,(#2532,#2533,#2534,#2535,#2536,
    #2537,#2538,#2539,#2540,#2541,#2542,#2543,#2544,#2545,#2546,#2547,
    #2548,#2549,#2550,#2551),.UNSPECIFIED.,.F.,.F.,(8,6,6,8),(0.,
    0.279544318551,0.44744046364,1.),.UNSPECIFIED.);
#2532 = CARTESIAN_POINT('',(13.551800951431,248.46747389062,37.2));
#2533 = CARTESIAN_POINT('',(13.607227344355,248.354219811,37.2));
#2534 = CARTESIAN_POINT('',(13.653724708195,248.236546598,37.2));
#2535 = CARTESIAN_POINT('',(13.690843959579,248.11534527215,37.2));
#2536 = CARTESIAN_POINT('',(13.718529490865,247.991513462,37.2));
#2537 = CARTESIAN_POINT('',(13.736998452393,247.86591890731,37.2));
#2538 = CARTESIAN_POINT('',(13.746653719452,247.73937460483,37.2));
#2539 = CARTESIAN_POINT('',(13.748857473727,247.53649931379,37.2));
#2540 = CARTESIAN_POINT('',(13.746698232046,247.4602732246,37.2));
#2541 = CARTESIAN_POINT('',(13.741665710087,247.38408455542,37.2));
#2542 = CARTESIAN_POINT('',(13.733883259906,247.3080526506,37.2));
#2543 = CARTESIAN_POINT('',(13.723479377463,247.23227927738,37.2));
#2544 = CARTESIAN_POINT('',(13.71058238566,247.15684893074,37.2));
#2545 = CARTESIAN_POINT('',(13.645069326012,246.83493304793,37.2));
#2546 = CARTESIAN_POINT('',(13.569242484438,246.5929269236,37.2));
#2547 = CARTESIAN_POINT('',(13.47223670917,246.35743138788,37.2));
#2548 = CARTESIAN_POINT('',(13.357671832594,246.1294977088,37.2));
#2549 = CARTESIAN_POINT('',(13.228522251938,245.9095922301,37.2));
#2550 = CARTESIAN_POINT('',(13.086959001757,245.69767031356,37.2));
#2551 = CARTESIAN_POINT('',(12.934254342107,245.49324750289,37.2));
#2552 = PCURVE('',#2377,#2553);
#2553 = DEFINITIONAL_REPRESENTATION('',(#2554),#2575);
#2554 = B_SPLINE_CURVE_WITH_KNOTS('',7,(#2555,#2556,#2557,#2558,#2559,
    #2560,#2561,#2562,#2563,#2564,#2565,#2566,#2567,#2568,#2569,#2570,
    #2571,#2572,#2573,#2574),.UNSPECIFIED.,.F.,.F.,(8,6,6,8),(0.,
    0.279544318551,0.44744046364,1.),.UNSPECIFIED.);
#2555 = CARTESIAN_POINT('',(6.28318530718,-2.4));
#2556 = CARTESIAN_POINT('',(6.243782326567,-2.4));
#2557 = CARTESIAN_POINT('',(6.204365543393,-2.4));
#2558 = CARTESIAN_POINT('',(6.16514666011,-2.4));
#2559 = CARTESIAN_POINT('',(6.126285432387,-2.4));
#2560 = CARTESIAN_POINT('',(6.08790855158,-2.4));
#2561 = CARTESIAN_POINT('',(6.050120779996,-2.4));
#2562 = CARTESIAN_POINT('',(5.990718364289,-2.4));
#2563 = CARTESIAN_POINT('',(5.968664444043,-2.4));
#2564 = CARTESIAN_POINT('',(5.946858447755,-2.4));
#2565 = CARTESIAN_POINT('',(5.925307973192,-2.4));
#2566 = CARTESIAN_POINT('',(5.904016837338,-2.4));
#2567 = CARTESIAN_POINT('',(5.882985567364,-2.4));
#2568 = CARTESIAN_POINT('',(5.793844076225,-2.4));
#2569 = CARTESIAN_POINT('',(5.728388690059,-2.4));
#2570 = CARTESIAN_POINT('',(5.66553411474,-2.4));
#2571 = CARTESIAN_POINT('',(5.605048375265,-2.4));
#2572 = CARTESIAN_POINT('',(5.546682938022,-2.4));
#2573 = CARTESIAN_POINT('',(5.490158375486,-2.4));
#2574 = CARTESIAN_POINT('',(5.435123228198,-2.4));
#2575 = ( GEOMETRIC_REPRESENTATION_CONTEXT(2) 
PARAMETRIC_REPRESENTATION_CONTEXT() REPRESENTATION_CONTEXT('2D SPACE',''
  ) );
#2576 = PCURVE('',#2447,#2577);
#2577 = DEFINITIONAL_REPRESENTATION('',(#2578),#2599);
#2578 = B_SPLINE_CURVE_WITH_KNOTS('',7,(#2579,#2580,#2581,#2582,#2583,
    #2584,#2585,#2586,#2587,#2588,#2589,#2590,#2591,#2592,#2593,#2594,
    #2595,#2596,#2597,#2598),.UNSPECIFIED.,.F.,.F.,(8,6,6,8),(0.,
    0.279544318551,0.44744046364,1.),.UNSPECIFIED.);
#2579 = CARTESIAN_POINT('',(0.,0.));
#2580 = CARTESIAN_POINT('',(1.42108547152E-14,-0.12608953796));
#2581 = CARTESIAN_POINT('',(-9.962647291204E-03,-0.252223338188));
#2582 = CARTESIAN_POINT('',(-2.989963570754E-02,-0.377403674918));
#2583 = CARTESIAN_POINT('',(-5.946633300655E-02,-0.500799850948));
#2584 = CARTESIAN_POINT('',(-9.808625323765E-02,-0.621727914147));
#2585 = CARTESIAN_POINT('',(-0.145040155545,-0.739634723665));
#2586 = CARTESIAN_POINT('',(-0.23224058162,-0.922826770271));
#2587 = CARTESIAN_POINT('',(-0.267687456687,-0.990344160955));
#2588 = CARTESIAN_POINT('',(-0.305698673436,-1.056564905368));
#2589 = CARTESIAN_POINT('',(-0.346110975252,-1.121436031021));
#2590 = CARTESIAN_POINT('',(-0.38876421179,-1.184922614415));
#2591 = CARTESIAN_POINT('',(-0.433505980688,-1.247005170002));
#2592 = CARTESIAN_POINT('',(-0.633857714,-1.507352974968));
#2593 = CARTESIAN_POINT('',(-0.808346621214,-1.691391816989));
#2594 = CARTESIAN_POINT('',(-0.998996601215,-1.860272996833));
#2595 = CARTESIAN_POINT('',(-1.202094191427,-2.014643466332));
#2596 = CARTESIAN_POINT('',(-1.414762782279,-2.155391838303));
#2597 = CARTESIAN_POINT('',(-1.635071964724,-2.283512549527));
#2598 = CARTESIAN_POINT('',(-1.862091947286,-2.4));
#2599 = ( GEOMETRIC_REPRESENTATION_CONTEXT(2) 
PARAMETRIC_REPRESENTATION_CONTEXT() REPRESENTATION_CONTEXT('2D SPACE',''
  ) );
#2600 = ORIENTED_EDGE('',*,*,#2601,.T.);
#2601 = EDGE_CURVE('',#2528,#2325,#2602,.T.);
#2602 = SURFACE_CURVE('',#2603,(#2609,#2618),.PCURVE_S1.);
#2603 = B_SPLINE_CURVE_WITH_KNOTS('',4,(#2604,#2605,#2606,#2607,#2608),
  .UNSPECIFIED.,.F.,.F.,(5,5),(0.,1.),.PIECEWISE_BEZIER_KNOTS.);
#2604 = CARTESIAN_POINT('',(13.314056180322,246.07927845812,37.2000006)
  );
#2605 = CARTESIAN_POINT('',(13.314056180322,246.07927845812,36.6000003)
  );
#2606 = CARTESIAN_POINT('',(13.314056180322,246.07927845812,36.));
#2607 = CARTESIAN_POINT('',(13.314056180322,246.07927845812,35.3999997)
  );
#2608 = CARTESIAN_POINT('',(13.314056180322,246.07927845812,34.7999994)
  );
#2609 = PCURVE('',#2377,#2610);
#2610 = DEFINITIONAL_REPRESENTATION('',(#2611),#2617);
#2611 = B_SPLINE_CURVE_WITH_KNOTS('',4,(#2612,#2613,#2614,#2615,#2616),
  .UNSPECIFIED.,.F.,.F.,(5,5),(0.,1.),.PIECEWISE_BEZIER_KNOTS.);
#2612 = CARTESIAN_POINT('',(5.591701796121,-2.4000006));
#2613 = CARTESIAN_POINT('',(5.591701796121,-1.8000003));
#2614 = CARTESIAN_POINT('',(5.591701796121,-1.2));
#2615 = CARTESIAN_POINT('',(5.591701796121,-0.5999997));
#2616 = CARTESIAN_POINT('',(5.591701796121,5.999999999062E-07));
#2617 = ( GEOMETRIC_REPRESENTATION_CONTEXT(2) 
PARAMETRIC_REPRESENTATION_CONTEXT() REPRESENTATION_CONTEXT('2D SPACE',''
  ) );
#2618 = PCURVE('',#2350,#2619);
#2619 = DEFINITIONAL_REPRESENTATION('',(#2620),#2626);
#2620 = B_SPLINE_CURVE_WITH_KNOTS('',4,(#2621,#2622,#2623,#2624,#2625),
  .UNSPECIFIED.,.F.,.F.,(5,5),(0.,1.),.PIECEWISE_BEZIER_KNOTS.);
#2621 = CARTESIAN_POINT('',(-4.158035315084,-2.4000006));
#2622 = CARTESIAN_POINT('',(-4.158035315084,-1.8000003));
#2623 = CARTESIAN_POINT('',(-4.158035315084,-1.2));
#2624 = CARTESIAN_POINT('',(-4.158035315084,-0.5999997));
#2625 = CARTESIAN_POINT('',(-4.158035315084,5.999999999062E-07));
#2626 = ( GEOMETRIC_REPRESENTATION_CONTEXT(2) 
PARAMETRIC_REPRESENTATION_CONTEXT() REPRESENTATION_CONTEXT('2D SPACE',''
  ) );
#2627 = ORIENTED_EDGE('',*,*,#2362,.F.);
#2628 = ORIENTED_EDGE('',*,*,#2629,.F.);
#2629 = EDGE_CURVE('',#2396,#2323,#2630,.T.);
#2630 = SURFACE_CURVE('',#2631,(#2637,#2646),.PCURVE_S1.);
#2631 = B_SPLINE_CURVE_WITH_KNOTS('',4,(#2632,#2633,#2634,#2635,#2636),
  .UNSPECIFIED.,.F.,.F.,(5,5),(0.,1.),.PIECEWISE_BEZIER_KNOTS.);
#2632 = CARTESIAN_POINT('',(11.520063096826,249.74498760489,37.2000006)
  );
#2633 = CARTESIAN_POINT('',(11.520063096826,249.74498760489,36.6000003)
  );
#2634 = CARTESIAN_POINT('',(11.520063096826,249.74498760489,36.));
#2635 = CARTESIAN_POINT('',(11.520063096826,249.74498760489,35.3999997)
  );
#2636 = CARTESIAN_POINT('',(11.520063096826,249.74498760489,34.7999994)
  );
#2637 = PCURVE('',#2377,#2638);
#2638 = DEFINITIONAL_REPRESENTATION('',(#2639),#2645);
#2639 = B_SPLINE_CURVE_WITH_KNOTS('',4,(#2640,#2641,#2642,#2643,#2644),
  .UNSPECIFIED.,.F.,.F.,(5,5),(0.,1.),.PIECEWISE_BEZIER_KNOTS.);
#2640 = CARTESIAN_POINT('',(0.691483511059,-2.4000006));
#2641 = CARTESIAN_POINT('',(0.691483511059,-1.8000003));
#2642 = CARTESIAN_POINT('',(0.691483511059,-1.2));
#2643 = CARTESIAN_POINT('',(0.691483511059,-0.5999997));
#2644 = CARTESIAN_POINT('',(0.691483511059,5.999999999062E-07));
#2645 = ( GEOMETRIC_REPRESENTATION_CONTEXT(2) 
PARAMETRIC_REPRESENTATION_CONTEXT() REPRESENTATION_CONTEXT('2D SPACE',''
  ) );
#2646 = PCURVE('',#2350,#2647);
#2647 = DEFINITIONAL_REPRESENTATION('',(#2648),#2654);
#2648 = B_SPLINE_CURVE_WITH_KNOTS('',4,(#2649,#2650,#2651,#2652,#2653),
  .UNSPECIFIED.,.F.,.F.,(5,5),(0.,1.),.PIECEWISE_BEZIER_KNOTS.);
#2649 = CARTESIAN_POINT('',(-8.408335299275,-2.4000006));
#2650 = CARTESIAN_POINT('',(-8.408335299275,-1.8000003));
#2651 = CARTESIAN_POINT('',(-8.408335299275,-1.2));
#2652 = CARTESIAN_POINT('',(-8.408335299275,-0.5999997));
#2653 = CARTESIAN_POINT('',(-8.408335299275,5.999999999062E-07));
#2654 = ( GEOMETRIC_REPRESENTATION_CONTEXT(2) 
PARAMETRIC_REPRESENTATION_CONTEXT() REPRESENTATION_CONTEXT('2D SPACE',''
  ) );
#2655 = ADVANCED_FACE('',(#2656),#2514,.T.);
#2656 = FACE_BOUND('',#2657,.T.);
#2657 = EDGE_LOOP('',(#2658));
#2658 = ORIENTED_EDGE('',*,*,#2499,.T.);
#2659 = ADVANCED_FACE('',(#2660),#2447,.T.);
#2660 = FACE_BOUND('',#2661,.T.);
#2661 = EDGE_LOOP('',(#2662,#2663,#2689));
#2662 = ORIENTED_EDGE('',*,*,#2527,.T.);
#2663 = ORIENTED_EDGE('',*,*,#2664,.F.);
#2664 = EDGE_CURVE('',#2396,#2528,#2665,.T.);
#2665 = SURFACE_CURVE('',#2666,(#2671,#2682),.PCURVE_S1.);
#2666 = CIRCLE('',#2667,2.4);
#2667 = AXIS2_PLACEMENT_3D('',#2668,#2669,#2670);
#2668 = CARTESIAN_POINT('',(13.551800951431,248.46747389062,37.2));
#2669 = DIRECTION('',(0.,0.,-1.));
#2670 = DIRECTION('',(-0.846557439419,0.532297380949,0.));
#2671 = PCURVE('',#2447,#2672);
#2672 = DEFINITIONAL_REPRESENTATION('',(#2673),#2681);
#2673 = ( BOUNDED_CURVE() B_SPLINE_CURVE(2,(#2674,#2675,#2676,#2677,
#2678,#2679,#2680),.UNSPECIFIED.,.T.,.F.) B_SPLINE_CURVE_WITH_KNOTS((1,2
    ,2,2,2,1),(-2.094395102393,0.,2.094395102393,4.188790204786,
6.28318530718,8.377580409573),.UNSPECIFIED.) CURVE() 
GEOMETRIC_REPRESENTATION_ITEM() RATIONAL_B_SPLINE_CURVE((1.,0.5,1.,0.5,
1.,0.5,1.)) REPRESENTATION_ITEM('') );
#2674 = CARTESIAN_POINT('',(-1.263345288075,2.040578026712));
#2675 = CARTESIAN_POINT('',(2.271039530998,4.228756253161));
#2676 = CARTESIAN_POINT('',(2.398865053574,7.380009986873E-02));
#2677 = CARTESIAN_POINT('',(2.52669057615,-4.081156053423));
#2678 = CARTESIAN_POINT('',(-1.135519765499,-2.11437812658));
#2679 = CARTESIAN_POINT('',(-4.797730107148,-0.147600199737));
#2680 = CARTESIAN_POINT('',(-1.263345288075,2.040578026712));
#2681 = ( GEOMETRIC_REPRESENTATION_CONTEXT(2) 
PARAMETRIC_REPRESENTATION_CONTEXT() REPRESENTATION_CONTEXT('2D SPACE',''
  ) );
#2682 = PCURVE('',#2350,#2683);
#2683 = DEFINITIONAL_REPRESENTATION('',(#2684),#2688);
#2684 = LINE('',#2685,#2686);
#2685 = CARTESIAN_POINT('',(-8.408335299275,-2.4));
#2686 = VECTOR('',#2687,1.);
#2687 = DIRECTION('',(1.,-0.));
#2688 = ( GEOMETRIC_REPRESENTATION_CONTEXT(2) 
PARAMETRIC_REPRESENTATION_CONTEXT() REPRESENTATION_CONTEXT('2D SPACE',''
  ) );
#2689 = ORIENTED_EDGE('',*,*,#2395,.T.);
#2690 = ADVANCED_FACE('',(#2691),#2350,.T.);
#2691 = FACE_BOUND('',#2692,.F.);
#2692 = EDGE_LOOP('',(#2693,#2694,#2695,#2696));
#2693 = ORIENTED_EDGE('',*,*,#2664,.F.);
#2694 = ORIENTED_EDGE('',*,*,#2629,.T.);
#2695 = ORIENTED_EDGE('',*,*,#2322,.T.);
#2696 = ORIENTED_EDGE('',*,*,#2601,.F.);
#2697 = MANIFOLD_SOLID_BREP('',#2698);
#2698 = CLOSED_SHELL('',(#2699,#2772,#3036,#3040,#3071));
#2699 = ADVANCED_FACE('',(#2700),#2715,.F.);
#2700 = FACE_BOUND('',#2701,.F.);
#2701 = EDGE_LOOP('',(#2702,#2742));
#2702 = ORIENTED_EDGE('',*,*,#2703,.F.);
#2703 = EDGE_CURVE('',#2704,#2706,#2708,.T.);
#2704 = VERTEX_POINT('',#2705);
#2705 = CARTESIAN_POINT('',(5.015741915539,154.29028429404,34.8));
#2706 = VERTEX_POINT('',#2707);
#2707 = CARTESIAN_POINT('',(6.470288650851,150.47713224788,34.8));
#2708 = SURFACE_CURVE('',#2709,(#2714,#2730),.PCURVE_S1.);
#2709 = CIRCLE('',#2710,2.4);
#2710 = AXIS2_PLACEMENT_3D('',#2711,#2712,#2713);
#2711 = CARTESIAN_POINT('',(6.923398392093,152.83397156408,34.8));
#2712 = DIRECTION('',(0.,0.,-1.));
#2713 = DIRECTION('',(-0.794856865231,0.606796970819,0.));
#2714 = PCURVE('',#2715,#2720);
#2715 = PLANE('',#2716);
#2716 = AXIS2_PLACEMENT_3D('',#2717,#2718,#2719);
#2717 = CARTESIAN_POINT('',(2.138432309614,151.00872129617,34.8));
#2718 = DIRECTION('',(0.,0.,1.));
#2719 = DIRECTION('',(0.934331350297,0.356405566528,0.));
#2720 = DEFINITIONAL_REPRESENTATION('',(#2721),#2729);
#2721 = ( BOUNDED_CURVE() B_SPLINE_CURVE(2,(#2722,#2723,#2724,#2725,
#2726,#2727,#2728),.UNSPECIFIED.,.T.,.F.) B_SPLINE_CURVE_WITH_KNOTS((1,2
    ,2,2,2,1),(-2.094395102393,0.,2.094395102393,4.188790204786,
6.28318530718,8.377580409573),.UNSPECIFIED.) CURVE() 
GEOMETRIC_REPRESENTATION_ITEM() RATIONAL_B_SPLINE_CURVE((1.,0.5,1.,0.5,
1.,0.5,1.)) REPRESENTATION_ITEM('') );
#2722 = CARTESIAN_POINT('',(3.857927888683,2.040578026712));
#2723 = CARTESIAN_POINT('',(7.392312707756,4.228756253161));
#2724 = CARTESIAN_POINT('',(7.520138230332,7.38000998687E-02));
#2725 = CARTESIAN_POINT('',(7.647963752908,-4.081156053423));
#2726 = CARTESIAN_POINT('',(3.985753411259,-2.11437812658));
#2727 = CARTESIAN_POINT('',(0.32354306961,-0.147600199737));
#2728 = CARTESIAN_POINT('',(3.857927888683,2.040578026712));
#2729 = ( GEOMETRIC_REPRESENTATION_CONTEXT(2) 
PARAMETRIC_REPRESENTATION_CONTEXT() REPRESENTATION_CONTEXT('2D SPACE',''
  ) );
#2730 = PCURVE('',#2731,#2736);
#2731 = CYLINDRICAL_SURFACE('',#2732,2.4);
#2732 = AXIS2_PLACEMENT_3D('',#2733,#2734,#2735);
#2733 = CARTESIAN_POINT('',(6.923398392093,152.83397156408,34.8));
#2734 = DIRECTION('',(0.,-0.,-1.));
#2735 = DIRECTION('',(0.934331350297,0.356405566528,0.));
#2736 = DEFINITIONAL_REPRESENTATION('',(#2737),#2741);
#2737 = LINE('',#2738,#2739);
#2738 = CARTESIAN_POINT('',(-8.408335299275,0.));
#2739 = VECTOR('',#2740,1.);
#2740 = DIRECTION('',(1.,-0.));
#2741 = ( GEOMETRIC_REPRESENTATION_CONTEXT(2) 
PARAMETRIC_REPRESENTATION_CONTEXT() REPRESENTATION_CONTEXT('2D SPACE',''
  ) );
#2742 = ORIENTED_EDGE('',*,*,#2743,.T.);
#2743 = EDGE_CURVE('',#2704,#2706,#2744,.T.);
#2744 = SURFACE_CURVE('',#2745,(#2750,#2757),.PCURVE_S1.);
#2745 = ELLIPSE('',#2746,5.5,3.2);
#2746 = AXIS2_PLACEMENT_3D('',#2747,#2748,#2749);
#2747 = CARTESIAN_POINT('',(1.784575965461,150.87374094817,34.8));
#2748 = DIRECTION('',(0.,-0.,1.));
#2749 = DIRECTION('',(0.934331350297,0.356405566528,0.));
#2750 = PCURVE('',#2715,#2751);
#2751 = DEFINITIONAL_REPRESENTATION('',(#2752),#2756);
#2752 = ELLIPSE('',#2753,5.5,3.2);
#2753 = AXIS2_PLACEMENT_2D('',#2754,#2755);
#2754 = CARTESIAN_POINT('',(-0.378726823242,-8.187894806611E-15));
#2755 = DIRECTION('',(1.,0.));
#2756 = ( GEOMETRIC_REPRESENTATION_CONTEXT(2) 
PARAMETRIC_REPRESENTATION_CONTEXT() REPRESENTATION_CONTEXT('2D SPACE',''
  ) );
#2757 = PCURVE('',#2758,#2766);
#2758 = SURFACE_OF_LINEAR_EXTRUSION('',#2759,#2764);
#2759 = ELLIPSE('',#2760,5.5,3.2);
#2760 = AXIS2_PLACEMENT_3D('',#2761,#2762,#2763);
#2761 = CARTESIAN_POINT('',(1.784575965461,150.87374094817,34.8));
#2762 = DIRECTION('',(0.,-0.,1.));
#2763 = DIRECTION('',(0.934331350297,0.356405566528,0.));
#2764 = VECTOR('',#2765,1.);
#2765 = DIRECTION('',(0.,-0.,-1.));
#2766 = DEFINITIONAL_REPRESENTATION('',(#2767),#2771);
#2767 = LINE('',#2768,#2769);
#2768 = CARTESIAN_POINT('',(0.,0.));
#2769 = VECTOR('',#2770,1.);
#2770 = DIRECTION('',(1.,0.));
#2771 = ( GEOMETRIC_REPRESENTATION_CONTEXT(2) 
PARAMETRIC_REPRESENTATION_CONTEXT() REPRESENTATION_CONTEXT('2D SPACE',''
  ) );
#2772 = ADVANCED_FACE('',(#2773),#2758,.F.);
#2773 = FACE_BOUND('',#2774,.F.);
#2774 = EDGE_LOOP('',(#2775,#2856,#2879,#2906,#2907,#2981,#3008,#3009));
#2775 = ORIENTED_EDGE('',*,*,#2776,.T.);
#2776 = EDGE_CURVE('',#2777,#2779,#2781,.T.);
#2777 = VERTEX_POINT('',#2778);
#2778 = CARTESIAN_POINT('',(5.015741915539,154.29028429404,37.2));
#2779 = VERTEX_POINT('',#2780);
#2780 = CARTESIAN_POINT('',(6.923398392093,152.83397156408,37.2));
#2781 = SURFACE_CURVE('',#2782,(#2803,#2827),.PCURVE_S1.);
#2782 = B_SPLINE_CURVE_WITH_KNOTS('',7,(#2783,#2784,#2785,#2786,#2787,
    #2788,#2789,#2790,#2791,#2792,#2793,#2794,#2795,#2796,#2797,#2798,
    #2799,#2800,#2801,#2802),.UNSPECIFIED.,.F.,.F.,(8,6,6,8),(0.,
    0.552559536359,0.720455681449,1.),.UNSPECIFIED.);
#2783 = CARTESIAN_POINT('',(4.32821414894,154.41270686939,37.2));
#2784 = CARTESIAN_POINT('',(4.581842811571,154.38478017799,37.2));
#2785 = CARTESIAN_POINT('',(4.833347522156,154.34359239986,37.2));
#2786 = CARTESIAN_POINT('',(5.082213957063,154.28788305303,37.2));
#2787 = CARTESIAN_POINT('',(5.326992897404,154.21603499551,37.2));
#2788 = CARTESIAN_POINT('',(5.565313343231,154.12619272884,37.2));
#2789 = CARTESIAN_POINT('',(5.793936267274,154.0164282869,37.2));
#2790 = CARTESIAN_POINT('',(6.073920579716,153.84458364375,37.2));
#2791 = CARTESIAN_POINT('',(6.137850785461,153.80252418125,37.2));
#2792 = CARTESIAN_POINT('',(6.200330013272,153.758408527,37.2));
#2793 = CARTESIAN_POINT('',(6.261208924086,153.71220056989,37.2));
#2794 = CARTESIAN_POINT('',(6.320325437486,153.66387586159,37.2));
#2795 = CARTESIAN_POINT('',(6.377508138008,153.61342571037,37.2));
#2796 = CARTESIAN_POINT('',(6.524272895004,153.47334235536,37.2));
#2797 = CARTESIAN_POINT('',(6.610166041192,153.37991295897,37.2));
#2798 = CARTESIAN_POINT('',(6.689349278284,153.28069043294,37.2));
#2799 = CARTESIAN_POINT('',(6.76095345452,153.17593525267,37.2));
#2800 = CARTESIAN_POINT('',(6.824196176658,153.06608099327,37.2));
#2801 = CARTESIAN_POINT('',(6.878459378883,152.95178097234,37.2));
#2802 = CARTESIAN_POINT('',(6.923398392093,152.83397156408,37.2));
#2803 = PCURVE('',#2758,#2804);
#2804 = DEFINITIONAL_REPRESENTATION('',(#2805),#2826);
#2805 = B_SPLINE_CURVE_WITH_KNOTS('',7,(#2806,#2807,#2808,#2809,#2810,
    #2811,#2812,#2813,#2814,#2815,#2816,#2817,#2818,#2819,#2820,#2821,
    #2822,#2823,#2824,#2825),.UNSPECIFIED.,.F.,.F.,(8,6,6,8),(0.,
    0.552559536359,0.720455681449,1.),.UNSPECIFIED.);
#2806 = CARTESIAN_POINT('',(0.848062078981,-2.4));
#2807 = CARTESIAN_POINT('',(0.793026931694,-2.4));
#2808 = CARTESIAN_POINT('',(0.736502369158,-2.4));
#2809 = CARTESIAN_POINT('',(0.678136931915,-2.4));
#2810 = CARTESIAN_POINT('',(0.617651192439,-2.4));
#2811 = CARTESIAN_POINT('',(0.554796617121,-2.4));
#2812 = CARTESIAN_POINT('',(0.489341230955,-2.4));
#2813 = CARTESIAN_POINT('',(0.400199739816,-2.4));
#2814 = CARTESIAN_POINT('',(0.379168469842,-2.4));
#2815 = CARTESIAN_POINT('',(0.357877333988,-2.4));
#2816 = CARTESIAN_POINT('',(0.336326859425,-2.4));
#2817 = CARTESIAN_POINT('',(0.314520863137,-2.4));
#2818 = CARTESIAN_POINT('',(0.292466942891,-2.4));
#2819 = CARTESIAN_POINT('',(0.233064527184,-2.4));
#2820 = CARTESIAN_POINT('',(0.1952767556,-2.4));
#2821 = CARTESIAN_POINT('',(0.156899874792,-2.4));
#2822 = CARTESIAN_POINT('',(0.11803864707,-2.4));
#2823 = CARTESIAN_POINT('',(7.881976378659E-02,-2.4));
#2824 = CARTESIAN_POINT('',(3.94029806125E-02,-2.4));
#2825 = CARTESIAN_POINT('',(0.,-2.4));
#2826 = ( GEOMETRIC_REPRESENTATION_CONTEXT(2) 
PARAMETRIC_REPRESENTATION_CONTEXT() REPRESENTATION_CONTEXT('2D SPACE',''
  ) );
#2827 = PCURVE('',#2828,#2833);
#2828 = PLANE('',#2829);
#2829 = AXIS2_PLACEMENT_3D('',#2830,#2831,#2832);
#2830 = CARTESIAN_POINT('',(6.923398392093,152.83397156408,37.2));
#2831 = DIRECTION('',(0.,0.,1.));
#2832 = DIRECTION('',(0.934331350297,0.356405566528,0.));
#2833 = DEFINITIONAL_REPRESENTATION('',(#2834),#2855);
#2834 = B_SPLINE_CURVE_WITH_KNOTS('',7,(#2835,#2836,#2837,#2838,#2839,
    #2840,#2841,#2842,#2843,#2844,#2845,#2846,#2847,#2848,#2849,#2850,
    #2851,#2852,#2853,#2854),.UNSPECIFIED.,.F.,.F.,(8,6,6,8),(0.,
    0.552559536359,0.720455681449,1.),.UNSPECIFIED.);
#2835 = CARTESIAN_POINT('',(-1.862091947286,2.4));
#2836 = CARTESIAN_POINT('',(-1.635071964724,2.283512549527));
#2837 = CARTESIAN_POINT('',(-1.414762782279,2.155391838303));
#2838 = CARTESIAN_POINT('',(-1.202094191427,2.014643466332));
#2839 = CARTESIAN_POINT('',(-0.998996601215,1.860272996834));
#2840 = CARTESIAN_POINT('',(-0.808346621214,1.691391816989));
#2841 = CARTESIAN_POINT('',(-0.633857714,1.507352974968));
#2842 = CARTESIAN_POINT('',(-0.433505980689,1.247005170003));
#2843 = CARTESIAN_POINT('',(-0.38876421179,1.184922614416));
#2844 = CARTESIAN_POINT('',(-0.346110975252,1.121436031022));
#2845 = CARTESIAN_POINT('',(-0.305698673436,1.056564905368));
#2846 = CARTESIAN_POINT('',(-0.267687456687,0.990344160955));
#2847 = CARTESIAN_POINT('',(-0.23224058162,0.922826770272));
#2848 = CARTESIAN_POINT('',(-0.145040155545,0.739634723665));
#2849 = CARTESIAN_POINT('',(-9.808625323782E-02,0.621727914147));
#2850 = CARTESIAN_POINT('',(-5.94663330066E-02,0.500799850948));
#2851 = CARTESIAN_POINT('',(-2.989963570754E-02,0.377403674919));
#2852 = CARTESIAN_POINT('',(-9.962647291239E-03,0.252223338189));
#2853 = CARTESIAN_POINT('',(0.,0.12608953796));
#2854 = CARTESIAN_POINT('',(0.,0.));
#2855 = ( GEOMETRIC_REPRESENTATION_CONTEXT(2) 
PARAMETRIC_REPRESENTATION_CONTEXT() REPRESENTATION_CONTEXT('2D SPACE',''
  ) );
#2856 = ORIENTED_EDGE('',*,*,#2857,.T.);
#2857 = EDGE_CURVE('',#2779,#2858,#2860,.T.);
#2858 = VERTEX_POINT('',#2859);
#2859 = CARTESIAN_POINT('',(6.923398392093,152.83397156408,37.4));
#2860 = SEAM_CURVE('',#2861,(#2865,#2872),.PCURVE_S1.);
#2861 = LINE('',#2862,#2863);
#2862 = CARTESIAN_POINT('',(6.923398392093,152.83397156408,34.8));
#2863 = VECTOR('',#2864,1.);
#2864 = DIRECTION('',(0.,0.,1.));
#2865 = PCURVE('',#2758,#2866);
#2866 = DEFINITIONAL_REPRESENTATION('',(#2867),#2871);
#2867 = LINE('',#2868,#2869);
#2868 = CARTESIAN_POINT('',(6.28318530718,0.));
#2869 = VECTOR('',#2870,1.);
#2870 = DIRECTION('',(0.,-1.));
#2871 = ( GEOMETRIC_REPRESENTATION_CONTEXT(2) 
PARAMETRIC_REPRESENTATION_CONTEXT() REPRESENTATION_CONTEXT('2D SPACE',''
  ) );
#2872 = PCURVE('',#2758,#2873);
#2873 = DEFINITIONAL_REPRESENTATION('',(#2874),#2878);
#2874 = LINE('',#2875,#2876);
#2875 = CARTESIAN_POINT('',(0.,0.));
#2876 = VECTOR('',#2877,1.);
#2877 = DIRECTION('',(0.,-1.));
#2878 = ( GEOMETRIC_REPRESENTATION_CONTEXT(2) 
PARAMETRIC_REPRESENTATION_CONTEXT() REPRESENTATION_CONTEXT('2D SPACE',''
  ) );
#2879 = ORIENTED_EDGE('',*,*,#2880,.T.);
#2880 = EDGE_CURVE('',#2858,#2858,#2881,.T.);
#2881 = SURFACE_CURVE('',#2882,(#2887,#2894),.PCURVE_S1.);
#2882 = ELLIPSE('',#2883,5.5,3.2);
#2883 = AXIS2_PLACEMENT_3D('',#2884,#2885,#2886);
#2884 = CARTESIAN_POINT('',(1.784575965461,150.87374094817,37.4));
#2885 = DIRECTION('',(0.,-0.,1.));
#2886 = DIRECTION('',(0.934331350297,0.356405566528,0.));
#2887 = PCURVE('',#2758,#2888);
#2888 = DEFINITIONAL_REPRESENTATION('',(#2889),#2893);
#2889 = LINE('',#2890,#2891);
#2890 = CARTESIAN_POINT('',(0.,-2.6));
#2891 = VECTOR('',#2892,1.);
#2892 = DIRECTION('',(1.,0.));
#2893 = ( GEOMETRIC_REPRESENTATION_CONTEXT(2) 
PARAMETRIC_REPRESENTATION_CONTEXT() REPRESENTATION_CONTEXT('2D SPACE',''
  ) );
#2894 = PCURVE('',#2895,#2900);
#2895 = PLANE('',#2896);
#2896 = AXIS2_PLACEMENT_3D('',#2897,#2898,#2899);
#2897 = CARTESIAN_POINT('',(2.138432309614,151.00872129617,37.4));
#2898 = DIRECTION('',(0.,0.,1.));
#2899 = DIRECTION('',(0.934331350297,0.356405566528,0.));
#2900 = DEFINITIONAL_REPRESENTATION('',(#2901),#2905);
#2901 = ELLIPSE('',#2902,5.5,3.2);
#2902 = AXIS2_PLACEMENT_2D('',#2903,#2904);
#2903 = CARTESIAN_POINT('',(-0.378726823242,-8.187894806611E-15));
#2904 = DIRECTION('',(1.,0.));
#2905 = ( GEOMETRIC_REPRESENTATION_CONTEXT(2) 
PARAMETRIC_REPRESENTATION_CONTEXT() REPRESENTATION_CONTEXT('2D SPACE',''
  ) );
#2906 = ORIENTED_EDGE('',*,*,#2857,.F.);
#2907 = ORIENTED_EDGE('',*,*,#2908,.T.);
#2908 = EDGE_CURVE('',#2779,#2909,#2911,.T.);
#2909 = VERTEX_POINT('',#2910);
#2910 = CARTESIAN_POINT('',(6.470288650851,150.47713224788,37.2));
#2911 = SURFACE_CURVE('',#2912,(#2933,#2957),.PCURVE_S1.);
#2912 = B_SPLINE_CURVE_WITH_KNOTS('',7,(#2913,#2914,#2915,#2916,#2917,
    #2918,#2919,#2920,#2921,#2922,#2923,#2924,#2925,#2926,#2927,#2928,
    #2929,#2930,#2931,#2932),.UNSPECIFIED.,.F.,.F.,(8,6,6,8),(0.,
    0.279544318551,0.44744046364,1.),.UNSPECIFIED.);
#2913 = CARTESIAN_POINT('',(6.923398392093,152.83397156408,37.2));
#2914 = CARTESIAN_POINT('',(6.968337405303,152.71616215582,37.2));
#2915 = CARTESIAN_POINT('',(7.003983780136,152.59476064898,37.2));
#2916 = CARTESIAN_POINT('',(7.029970995659,152.47069508228,37.2));
#2917 = CARTESIAN_POINT('',(7.046324987473,152.34486443101,37.2));
#2918 = CARTESIAN_POINT('',(7.053340620128,152.21811319588,37.2));
#2919 = CARTESIAN_POINT('',(7.051492760428,152.09121453518,37.2));
#2920 = CARTESIAN_POINT('',(7.035309333741,151.88897374566,37.2));
#2921 = CARTESIAN_POINT('',(7.026253780973,151.81325666726,37.2));
#2922 = CARTESIAN_POINT('',(7.01434015143,151.73783714048,37.2));
#2923 = CARTESIAN_POINT('',(6.999702101195,151.66282284473,37.2));
#2924 = CARTESIAN_POINT('',(6.982476816828,151.5883034886,37.2));
#2925 = CARTESIAN_POINT('',(6.962799747874,151.51435159512,37.2));
#2926 = CARTESIAN_POINT('',(6.868394249278,151.19969400595,37.2));
#2927 = CARTESIAN_POINT('',(6.770956260743,150.96555192834,37.2));
#2928 = CARTESIAN_POINT('',(6.653016200072,150.73981223341,37.2));
#2929 = CARTESIAN_POINT('',(6.518274249005,150.5231939525,37.2));
#2930 = CARTESIAN_POINT('',(6.369734820599,150.31589206646,37.2));
#2931 = CARTESIAN_POINT('',(6.209555979349,150.11766545036,37.2));
#2932 = CARTESIAN_POINT('',(6.038960868277,149.92791638796,37.2));
#2933 = PCURVE('',#2758,#2934);
#2934 = DEFINITIONAL_REPRESENTATION('',(#2935),#2956);
#2935 = B_SPLINE_CURVE_WITH_KNOTS('',7,(#2936,#2937,#2938,#2939,#2940,
    #2941,#2942,#2943,#2944,#2945,#2946,#2947,#2948,#2949,#2950,#2951,
    #2952,#2953,#2954,#2955),.UNSPECIFIED.,.F.,.F.,(8,6,6,8),(0.,
    0.279544318551,0.44744046364,1.),.UNSPECIFIED.);
#2936 = CARTESIAN_POINT('',(6.28318530718,-2.4));
#2937 = CARTESIAN_POINT('',(6.243782326567,-2.4));
#2938 = CARTESIAN_POINT('',(6.204365543393,-2.4));
#2939 = CARTESIAN_POINT('',(6.16514666011,-2.4));
#2940 = CARTESIAN_POINT('',(6.126285432387,-2.4));
#2941 = CARTESIAN_POINT('',(6.08790855158,-2.4));
#2942 = CARTESIAN_POINT('',(6.050120779996,-2.4));
#2943 = CARTESIAN_POINT('',(5.990718364289,-2.4));
#2944 = CARTESIAN_POINT('',(5.968664444043,-2.4));
#2945 = CARTESIAN_POINT('',(5.946858447755,-2.4));
#2946 = CARTESIAN_POINT('',(5.925307973192,-2.4));
#2947 = CARTESIAN_POINT('',(5.904016837338,-2.4));
#2948 = CARTESIAN_POINT('',(5.882985567364,-2.4));
#2949 = CARTESIAN_POINT('',(5.793844076225,-2.4));
#2950 = CARTESIAN_POINT('',(5.728388690059,-2.4));
#2951 = CARTESIAN_POINT('',(5.66553411474,-2.4));
#2952 = CARTESIAN_POINT('',(5.605048375265,-2.4));
#2953 = CARTESIAN_POINT('',(5.546682938022,-2.4));
#2954 = CARTESIAN_POINT('',(5.490158375486,-2.4));
#2955 = CARTESIAN_POINT('',(5.435123228198,-2.4));
#2956 = ( GEOMETRIC_REPRESENTATION_CONTEXT(2) 
PARAMETRIC_REPRESENTATION_CONTEXT() REPRESENTATION_CONTEXT('2D SPACE',''
  ) );
#2957 = PCURVE('',#2828,#2958);
#2958 = DEFINITIONAL_REPRESENTATION('',(#2959),#2980);
#2959 = B_SPLINE_CURVE_WITH_KNOTS('',7,(#2960,#2961,#2962,#2963,#2964,
    #2965,#2966,#2967,#2968,#2969,#2970,#2971,#2972,#2973,#2974,#2975,
    #2976,#2977,#2978,#2979),.UNSPECIFIED.,.F.,.F.,(8,6,6,8),(0.,
    0.279544318551,0.44744046364,1.),.UNSPECIFIED.);
#2960 = CARTESIAN_POINT('',(0.,0.));
#2961 = CARTESIAN_POINT('',(-7.105427357601E-15,-0.12608953796));
#2962 = CARTESIAN_POINT('',(-9.962647291196E-03,-0.252223338188));
#2963 = CARTESIAN_POINT('',(-2.989963570755E-02,-0.377403674918));
#2964 = CARTESIAN_POINT('',(-5.946633300655E-02,-0.500799850947));
#2965 = CARTESIAN_POINT('',(-9.808625323765E-02,-0.621727914147));
#2966 = CARTESIAN_POINT('',(-0.145040155545,-0.739634723665));
#2967 = CARTESIAN_POINT('',(-0.23224058162,-0.922826770271));
#2968 = CARTESIAN_POINT('',(-0.267687456687,-0.990344160955));
#2969 = CARTESIAN_POINT('',(-0.305698673436,-1.056564905368));
#2970 = CARTESIAN_POINT('',(-0.346110975252,-1.121436031021));
#2971 = CARTESIAN_POINT('',(-0.38876421179,-1.184922614415));
#2972 = CARTESIAN_POINT('',(-0.433505980688,-1.247005170002));
#2973 = CARTESIAN_POINT('',(-0.633857714,-1.507352974967));
#2974 = CARTESIAN_POINT('',(-0.808346621214,-1.691391816989));
#2975 = CARTESIAN_POINT('',(-0.998996601215,-1.860272996833));
#2976 = CARTESIAN_POINT('',(-1.202094191427,-2.014643466332));
#2977 = CARTESIAN_POINT('',(-1.414762782279,-2.155391838303));
#2978 = CARTESIAN_POINT('',(-1.635071964724,-2.283512549527));
#2979 = CARTESIAN_POINT('',(-1.862091947286,-2.4));
#2980 = ( GEOMETRIC_REPRESENTATION_CONTEXT(2) 
PARAMETRIC_REPRESENTATION_CONTEXT() REPRESENTATION_CONTEXT('2D SPACE',''
  ) );
#2981 = ORIENTED_EDGE('',*,*,#2982,.T.);
#2982 = EDGE_CURVE('',#2909,#2706,#2983,.T.);
#2983 = SURFACE_CURVE('',#2984,(#2990,#2999),.PCURVE_S1.);
#2984 = B_SPLINE_CURVE_WITH_KNOTS('',4,(#2985,#2986,#2987,#2988,#2989),
  .UNSPECIFIED.,.F.,.F.,(5,5),(0.,1.),.PIECEWISE_BEZIER_KNOTS.);
#2985 = CARTESIAN_POINT('',(6.470288650851,150.47713224788,37.2000006));
#2986 = CARTESIAN_POINT('',(6.470288650851,150.47713224788,36.6000003));
#2987 = CARTESIAN_POINT('',(6.470288650851,150.47713224788,36.));
#2988 = CARTESIAN_POINT('',(6.470288650851,150.47713224788,35.3999997));
#2989 = CARTESIAN_POINT('',(6.470288650851,150.47713224788,34.7999994));
#2990 = PCURVE('',#2758,#2991);
#2991 = DEFINITIONAL_REPRESENTATION('',(#2992),#2998);
#2992 = B_SPLINE_CURVE_WITH_KNOTS('',4,(#2993,#2994,#2995,#2996,#2997),
  .UNSPECIFIED.,.F.,.F.,(5,5),(0.,1.),.PIECEWISE_BEZIER_KNOTS.);
#2993 = CARTESIAN_POINT('',(5.591701796121,-2.4000006));
#2994 = CARTESIAN_POINT('',(5.591701796121,-1.8000003));
#2995 = CARTESIAN_POINT('',(5.591701796121,-1.2));
#2996 = CARTESIAN_POINT('',(5.591701796121,-0.5999997));
#2997 = CARTESIAN_POINT('',(5.591701796121,5.999999999062E-07));
#2998 = ( GEOMETRIC_REPRESENTATION_CONTEXT(2) 
PARAMETRIC_REPRESENTATION_CONTEXT() REPRESENTATION_CONTEXT('2D SPACE',''
  ) );
#2999 = PCURVE('',#2731,#3000);
#3000 = DEFINITIONAL_REPRESENTATION('',(#3001),#3007);
#3001 = B_SPLINE_CURVE_WITH_KNOTS('',4,(#3002,#3003,#3004,#3005,#3006),
  .UNSPECIFIED.,.F.,.F.,(5,5),(0.,1.),.PIECEWISE_BEZIER_KNOTS.);
#3002 = CARTESIAN_POINT('',(-4.158035315084,-2.4000006));
#3003 = CARTESIAN_POINT('',(-4.158035315084,-1.8000003));
#3004 = CARTESIAN_POINT('',(-4.158035315084,-1.2));
#3005 = CARTESIAN_POINT('',(-4.158035315084,-0.5999997));
#3006 = CARTESIAN_POINT('',(-4.158035315084,5.999999999062E-07));
#3007 = ( GEOMETRIC_REPRESENTATION_CONTEXT(2) 
PARAMETRIC_REPRESENTATION_CONTEXT() REPRESENTATION_CONTEXT('2D SPACE',''
  ) );
#3008 = ORIENTED_EDGE('',*,*,#2743,.F.);
#3009 = ORIENTED_EDGE('',*,*,#3010,.F.);
#3010 = EDGE_CURVE('',#2777,#2704,#3011,.T.);
#3011 = SURFACE_CURVE('',#3012,(#3018,#3027),.PCURVE_S1.);
#3012 = B_SPLINE_CURVE_WITH_KNOTS('',4,(#3013,#3014,#3015,#3016,#3017),
  .UNSPECIFIED.,.F.,.F.,(5,5),(0.,1.),.PIECEWISE_BEZIER_KNOTS.);
#3013 = CARTESIAN_POINT('',(5.015741915539,154.29028429404,37.2000006));
#3014 = CARTESIAN_POINT('',(5.015741915539,154.29028429404,36.6000003));
#3015 = CARTESIAN_POINT('',(5.015741915539,154.29028429404,36.));
#3016 = CARTESIAN_POINT('',(5.015741915539,154.29028429404,35.3999997));
#3017 = CARTESIAN_POINT('',(5.015741915539,154.29028429404,34.7999994));
#3018 = PCURVE('',#2758,#3019);
#3019 = DEFINITIONAL_REPRESENTATION('',(#3020),#3026);
#3020 = B_SPLINE_CURVE_WITH_KNOTS('',4,(#3021,#3022,#3023,#3024,#3025),
  .UNSPECIFIED.,.F.,.F.,(5,5),(0.,1.),.PIECEWISE_BEZIER_KNOTS.);
#3021 = CARTESIAN_POINT('',(0.691483511059,-2.4000006));
#3022 = CARTESIAN_POINT('',(0.691483511059,-1.8000003));
#3023 = CARTESIAN_POINT('',(0.691483511059,-1.2));
#3024 = CARTESIAN_POINT('',(0.691483511059,-0.5999997));
#3025 = CARTESIAN_POINT('',(0.691483511059,5.999999999062E-07));
#3026 = ( GEOMETRIC_REPRESENTATION_CONTEXT(2) 
PARAMETRIC_REPRESENTATION_CONTEXT() REPRESENTATION_CONTEXT('2D SPACE',''
  ) );
#3027 = PCURVE('',#2731,#3028);
#3028 = DEFINITIONAL_REPRESENTATION('',(#3029),#3035);
#3029 = B_SPLINE_CURVE_WITH_KNOTS('',4,(#3030,#3031,#3032,#3033,#3034),
  .UNSPECIFIED.,.F.,.F.,(5,5),(0.,1.),.PIECEWISE_BEZIER_KNOTS.);
#3030 = CARTESIAN_POINT('',(-8.408335299275,-2.4000006));
#3031 = CARTESIAN_POINT('',(-8.408335299275,-1.8000003));
#3032 = CARTESIAN_POINT('',(-8.408335299275,-1.2));
#3033 = CARTESIAN_POINT('',(-8.408335299275,-0.5999997));
#3034 = CARTESIAN_POINT('',(-8.408335299275,5.999999999062E-07));
#3035 = ( GEOMETRIC_REPRESENTATION_CONTEXT(2) 
PARAMETRIC_REPRESENTATION_CONTEXT() REPRESENTATION_CONTEXT('2D SPACE',''
  ) );
#3036 = ADVANCED_FACE('',(#3037),#2895,.T.);
#3037 = FACE_BOUND('',#3038,.T.);
#3038 = EDGE_LOOP('',(#3039));
#3039 = ORIENTED_EDGE('',*,*,#2880,.T.);
#3040 = ADVANCED_FACE('',(#3041),#2828,.T.);
#3041 = FACE_BOUND('',#3042,.T.);
#3042 = EDGE_LOOP('',(#3043,#3044,#3070));
#3043 = ORIENTED_EDGE('',*,*,#2908,.T.);
#3044 = ORIENTED_EDGE('',*,*,#3045,.F.);
#3045 = EDGE_CURVE('',#2777,#2909,#3046,.T.);
#3046 = SURFACE_CURVE('',#3047,(#3052,#3063),.PCURVE_S1.);
#3047 = CIRCLE('',#3048,2.4);
#3048 = AXIS2_PLACEMENT_3D('',#3049,#3050,#3051);
#3049 = CARTESIAN_POINT('',(6.923398392093,152.83397156408,37.2));
#3050 = DIRECTION('',(0.,0.,-1.));
#3051 = DIRECTION('',(-0.794856865231,0.606796970819,0.));
#3052 = PCURVE('',#2828,#3053);
#3053 = DEFINITIONAL_REPRESENTATION('',(#3054),#3062);
#3054 = ( BOUNDED_CURVE() B_SPLINE_CURVE(2,(#3055,#3056,#3057,#3058,
#3059,#3060,#3061),.UNSPECIFIED.,.T.,.F.) B_SPLINE_CURVE_WITH_KNOTS((1,2
    ,2,2,2,1),(-2.094395102393,0.,2.094395102393,4.188790204786,
6.28318530718,8.377580409573),.UNSPECIFIED.) CURVE() 
GEOMETRIC_REPRESENTATION_ITEM() RATIONAL_B_SPLINE_CURVE((1.,0.5,1.,0.5,
1.,0.5,1.)) REPRESENTATION_ITEM('') );
#3055 = CARTESIAN_POINT('',(-1.263345288075,2.040578026712));
#3056 = CARTESIAN_POINT('',(2.271039530998,4.228756253161));
#3057 = CARTESIAN_POINT('',(2.398865053574,7.380009986873E-02));
#3058 = CARTESIAN_POINT('',(2.52669057615,-4.081156053423));
#3059 = CARTESIAN_POINT('',(-1.135519765499,-2.11437812658));
#3060 = CARTESIAN_POINT('',(-4.797730107148,-0.147600199737));
#3061 = CARTESIAN_POINT('',(-1.263345288075,2.040578026712));
#3062 = ( GEOMETRIC_REPRESENTATION_CONTEXT(2) 
PARAMETRIC_REPRESENTATION_CONTEXT() REPRESENTATION_CONTEXT('2D SPACE',''
  ) );
#3063 = PCURVE('',#2731,#3064);
#3064 = DEFINITIONAL_REPRESENTATION('',(#3065),#3069);
#3065 = LINE('',#3066,#3067);
#3066 = CARTESIAN_POINT('',(-8.408335299275,-2.4));
#3067 = VECTOR('',#3068,1.);
#3068 = DIRECTION('',(1.,-0.));
#3069 = ( GEOMETRIC_REPRESENTATION_CONTEXT(2) 
PARAMETRIC_REPRESENTATION_CONTEXT() REPRESENTATION_CONTEXT('2D SPACE',''
  ) );
#3070 = ORIENTED_EDGE('',*,*,#2776,.T.);
#3071 = ADVANCED_FACE('',(#3072),#2731,.T.);
#3072 = FACE_BOUND('',#3073,.F.);
#3073 = EDGE_LOOP('',(#3074,#3075,#3076,#3077));
#3074 = ORIENTED_EDGE('',*,*,#3045,.F.);
#3075 = ORIENTED_EDGE('',*,*,#3010,.T.);
#3076 = ORIENTED_EDGE('',*,*,#2703,.T.);
#3077 = ORIENTED_EDGE('',*,*,#2982,.F.);
#3078 = MANIFOLD_SOLID_BREP('',#3079);
#3079 = CLOSED_SHELL('',(#3080,#3153,#3417,#3421,#3452));
#3080 = ADVANCED_FACE('',(#3081),#3096,.F.);
#3081 = FACE_BOUND('',#3082,.F.);
#3082 = EDGE_LOOP('',(#3083,#3123));
#3083 = ORIENTED_EDGE('',*,*,#3084,.F.);
#3084 = EDGE_CURVE('',#3085,#3087,#3089,.T.);
#3085 = VERTEX_POINT('',#3086);
#3086 = CARTESIAN_POINT('',(-107.9347671765,166.15659137096,34.8));
#3087 = VERTEX_POINT('',#3088);
#3088 = CARTESIAN_POINT('',(-106.2821316916,169.88816351775,34.8));
#3089 = SURFACE_CURVE('',#3090,(#3095,#3111),.PCURVE_S1.);
#3090 = CIRCLE('',#3091,2.4);
#3091 = AXIS2_PLACEMENT_3D('',#3092,#3093,#3094);
#3092 = CARTESIAN_POINT('',(-108.2635790167,168.5339602472,34.8));
#3093 = DIRECTION('',(0.,-0.,-1.));
#3094 = DIRECTION('',(0.137004933434,-0.9905703651,0.));
#3095 = PCURVE('',#3096,#3101);
#3096 = PLANE('',#3097);
#3097 = AXIS2_PLACEMENT_3D('',#3098,#3099,#3100);
#3098 = CARTESIAN_POINT('',(-103.5809841607,166.46013663726,34.8));
#3099 = DIRECTION('',(0.,0.,1.));
#3100 = DIRECTION('',(-0.914341940847,0.404942977725,0.));
#3101 = DEFINITIONAL_REPRESENTATION('',(#3102),#3110);
#3102 = ( BOUNDED_CURVE() B_SPLINE_CURVE(2,(#3103,#3104,#3105,#3106,
#3107,#3108,#3109),.UNSPECIFIED.,.T.,.F.) B_SPLINE_CURVE_WITH_KNOTS((1,2
    ,2,2,2,1),(-2.094395102393,0.,2.094395102393,4.188790204786,
6.28318530718,8.377580409573),.UNSPECIFIED.) CURVE() 
GEOMETRIC_REPRESENTATION_ITEM() RATIONAL_B_SPLINE_CURVE((1.,0.5,1.,0.5,
1.,0.5,1.)) REPRESENTATION_ITEM('') );
#3103 = CARTESIAN_POINT('',(3.857927888683,2.040578026712));
#3104 = CARTESIAN_POINT('',(7.392312707756,4.228756253161));
#3105 = CARTESIAN_POINT('',(7.520138230332,7.380009986873E-02));
#3106 = CARTESIAN_POINT('',(7.647963752908,-4.081156053423));
#3107 = CARTESIAN_POINT('',(3.985753411259,-2.11437812658));
#3108 = CARTESIAN_POINT('',(0.32354306961,-0.147600199737));
#3109 = CARTESIAN_POINT('',(3.857927888683,2.040578026712));
#3110 = ( GEOMETRIC_REPRESENTATION_CONTEXT(2) 
PARAMETRIC_REPRESENTATION_CONTEXT() REPRESENTATION_CONTEXT('2D SPACE',''
  ) );
#3111 = PCURVE('',#3112,#3117);
#3112 = CYLINDRICAL_SURFACE('',#3113,2.4);
#3113 = AXIS2_PLACEMENT_3D('',#3114,#3115,#3116);
#3114 = CARTESIAN_POINT('',(-108.2635790167,168.5339602472,34.8));
#3115 = DIRECTION('',(0.,0.,-1.));
#3116 = DIRECTION('',(-0.914341940847,0.404942977725,0.));
#3117 = DEFINITIONAL_REPRESENTATION('',(#3118),#3122);
#3118 = LINE('',#3119,#3120);
#3119 = CARTESIAN_POINT('',(-8.408335299275,0.));
#3120 = VECTOR('',#3121,1.);
#3121 = DIRECTION('',(1.,-0.));
#3122 = ( GEOMETRIC_REPRESENTATION_CONTEXT(2) 
PARAMETRIC_REPRESENTATION_CONTEXT() REPRESENTATION_CONTEXT('2D SPACE',''
  ) );
#3123 = ORIENTED_EDGE('',*,*,#3124,.T.);
#3124 = EDGE_CURVE('',#3085,#3087,#3125,.T.);
#3125 = SURFACE_CURVE('',#3126,(#3131,#3138),.PCURVE_S1.);
#3126 = ELLIPSE('',#3127,5.5,3.2);
#3127 = AXIS2_PLACEMENT_3D('',#3128,#3129,#3130);
#3128 = CARTESIAN_POINT('',(-103.234698342,166.30677386972,34.8));
#3129 = DIRECTION('',(0.,0.,1.));
#3130 = DIRECTION('',(-0.914341940847,0.404942977725,0.));
#3131 = PCURVE('',#3096,#3132);
#3132 = DEFINITIONAL_REPRESENTATION('',(#3133),#3137);
#3133 = ELLIPSE('',#3134,5.5,3.2);
#3134 = AXIS2_PLACEMENT_2D('',#3135,#3136);
#3135 = CARTESIAN_POINT('',(-0.378726823242,8.659739592076E-15));
#3136 = DIRECTION('',(1.,0.));
#3137 = ( GEOMETRIC_REPRESENTATION_CONTEXT(2) 
PARAMETRIC_REPRESENTATION_CONTEXT() REPRESENTATION_CONTEXT('2D SPACE',''
  ) );
#3138 = PCURVE('',#3139,#3147);
#3139 = SURFACE_OF_LINEAR_EXTRUSION('',#3140,#3145);
#3140 = ELLIPSE('',#3141,5.5,3.2);
#3141 = AXIS2_PLACEMENT_3D('',#3142,#3143,#3144);
#3142 = CARTESIAN_POINT('',(-103.234698342,166.30677386972,34.8));
#3143 = DIRECTION('',(0.,0.,1.));
#3144 = DIRECTION('',(-0.914341940847,0.404942977725,0.));
#3145 = VECTOR('',#3146,1.);
#3146 = DIRECTION('',(0.,0.,-1.));
#3147 = DEFINITIONAL_REPRESENTATION('',(#3148),#3152);
#3148 = LINE('',#3149,#3150);
#3149 = CARTESIAN_POINT('',(0.,0.));
#3150 = VECTOR('',#3151,1.);
#3151 = DIRECTION('',(1.,0.));
#3152 = ( GEOMETRIC_REPRESENTATION_CONTEXT(2) 
PARAMETRIC_REPRESENTATION_CONTEXT() REPRESENTATION_CONTEXT('2D SPACE',''
  ) );
#3153 = ADVANCED_FACE('',(#3154),#3139,.F.);
#3154 = FACE_BOUND('',#3155,.F.);
#3155 = EDGE_LOOP('',(#3156,#3237,#3260,#3287,#3288,#3362,#3389,#3390));
#3156 = ORIENTED_EDGE('',*,*,#3157,.T.);
#3157 = EDGE_CURVE('',#3158,#3160,#3162,.T.);
#3158 = VERTEX_POINT('',#3159);
#3159 = CARTESIAN_POINT('',(-107.9347671765,166.15659137096,37.2));
#3160 = VERTEX_POINT('',#3161);
#3161 = CARTESIAN_POINT('',(-108.2635790167,168.5339602472,37.2));
#3162 = SURFACE_CURVE('',#3163,(#3184,#3208),.PCURVE_S1.);
#3163 = B_SPLINE_CURVE_WITH_KNOTS('',7,(#3164,#3165,#3166,#3167,#3168,
    #3169,#3170,#3171,#3172,#3173,#3174,#3175,#3176,#3177,#3178,#3179,
    #3180,#3181,#3182,#3183),.UNSPECIFIED.,.F.,.F.,(8,6,6,8),(0.,
    0.552559536359,0.720455681449,1.),.UNSPECIFIED.);
#3164 = CARTESIAN_POINT('',(-107.5328533981,165.58549853124,37.2));
#3165 = CARTESIAN_POINT('',(-107.6932565145,165.78393804053,37.2));
#3166 = CARTESIAN_POINT('',(-107.8428128577,165.99029683665,37.2));
#3167 = CARTESIAN_POINT('',(-107.9802696049,166.2051076287,37.2));
#3168 = CARTESIAN_POINT('',(-108.1034590122,166.42849796634,37.2));
#3169 = CARTESIAN_POINT('',(-108.2093910371,166.6601154827,37.2));
#3170 = CARTESIAN_POINT('',(-108.2944083264,166.89904797237,37.2));
#3171 = CARTESIAN_POINT('',(-108.3721723037,167.21822591714,37.2));
#3172 = CARTESIAN_POINT('',(-108.3879416846,167.29310846663,37.2));
#3173 = CARTESIAN_POINT('',(-108.4012328816,167.36842904112,37.2));
#3174 = CARTESIAN_POINT('',(-108.4119144373,167.44410810989,37.2));
#3175 = CARTESIAN_POINT('',(-108.4198540615,167.52004888916,37.2));
#3176 = CARTESIAN_POINT('',(-108.4249239328,167.59613683434,37.2));
#3177 = CARTESIAN_POINT('',(-108.4304726068,167.79894820597,37.2));
#3178 = CARTESIAN_POINT('',(-108.4256589944,167.92576900004,37.2));
#3179 = CARTESIAN_POINT('',(-108.4120018372,168.05197746555,37.2));
#3180 = CARTESIAN_POINT('',(-108.3890674937,168.17677659108,37.2));
#3181 = CARTESIAN_POINT('',(-108.3566058201,168.29930756658,37.2));
#3182 = CARTESIAN_POINT('',(-108.3146380897,168.41867129435,37.2));
#3183 = CARTESIAN_POINT('',(-108.2635790167,168.5339602472,37.2));
#3184 = PCURVE('',#3139,#3185);
#3185 = DEFINITIONAL_REPRESENTATION('',(#3186),#3207);
#3186 = B_SPLINE_CURVE_WITH_KNOTS('',7,(#3187,#3188,#3189,#3190,#3191,
    #3192,#3193,#3194,#3195,#3196,#3197,#3198,#3199,#3200,#3201,#3202,
    #3203,#3204,#3205,#3206),.UNSPECIFIED.,.F.,.F.,(8,6,6,8),(0.,
    0.552559536359,0.720455681449,1.),.UNSPECIFIED.);
#3187 = CARTESIAN_POINT('',(0.848062078981,-2.4));
#3188 = CARTESIAN_POINT('',(0.793026931694,-2.4));
#3189 = CARTESIAN_POINT('',(0.736502369158,-2.4));
#3190 = CARTESIAN_POINT('',(0.678136931915,-2.4));
#3191 = CARTESIAN_POINT('',(0.617651192439,-2.4));
#3192 = CARTESIAN_POINT('',(0.554796617121,-2.4));
#3193 = CARTESIAN_POINT('',(0.489341230955,-2.4));
#3194 = CARTESIAN_POINT('',(0.400199739816,-2.4));
#3195 = CARTESIAN_POINT('',(0.379168469842,-2.4));
#3196 = CARTESIAN_POINT('',(0.357877333988,-2.4));
#3197 = CARTESIAN_POINT('',(0.336326859425,-2.4));
#3198 = CARTESIAN_POINT('',(0.314520863137,-2.4));
#3199 = CARTESIAN_POINT('',(0.292466942891,-2.4));
#3200 = CARTESIAN_POINT('',(0.233064527184,-2.4));
#3201 = CARTESIAN_POINT('',(0.1952767556,-2.4));
#3202 = CARTESIAN_POINT('',(0.156899874792,-2.4));
#3203 = CARTESIAN_POINT('',(0.11803864707,-2.4));
#3204 = CARTESIAN_POINT('',(7.881976378659E-02,-2.4));
#3205 = CARTESIAN_POINT('',(3.94029806125E-02,-2.4));
#3206 = CARTESIAN_POINT('',(0.,-2.4));
#3207 = ( GEOMETRIC_REPRESENTATION_CONTEXT(2) 
PARAMETRIC_REPRESENTATION_CONTEXT() REPRESENTATION_CONTEXT('2D SPACE',''
  ) );
#3208 = PCURVE('',#3209,#3214);
#3209 = PLANE('',#3210);
#3210 = AXIS2_PLACEMENT_3D('',#3211,#3212,#3213);
#3211 = CARTESIAN_POINT('',(-108.2635790167,168.5339602472,37.2));
#3212 = DIRECTION('',(0.,0.,1.));
#3213 = DIRECTION('',(-0.914341940847,0.404942977725,0.));
#3214 = DEFINITIONAL_REPRESENTATION('',(#3215),#3236);
#3215 = B_SPLINE_CURVE_WITH_KNOTS('',7,(#3216,#3217,#3218,#3219,#3220,
    #3221,#3222,#3223,#3224,#3225,#3226,#3227,#3228,#3229,#3230,#3231,
    #3232,#3233,#3234,#3235),.UNSPECIFIED.,.F.,.F.,(8,6,6,8),(0.,
    0.552559536359,0.720455681449,1.),.UNSPECIFIED.);
#3216 = CARTESIAN_POINT('',(-1.862091947286,2.4));
#3217 = CARTESIAN_POINT('',(-1.635071964724,2.283512549527));
#3218 = CARTESIAN_POINT('',(-1.414762782279,2.155391838303));
#3219 = CARTESIAN_POINT('',(-1.202094191427,2.014643466332));
#3220 = CARTESIAN_POINT('',(-0.998996601215,1.860272996834));
#3221 = CARTESIAN_POINT('',(-0.808346621214,1.691391816989));
#3222 = CARTESIAN_POINT('',(-0.633857714,1.507352974968));
#3223 = CARTESIAN_POINT('',(-0.433505980689,1.247005170003));
#3224 = CARTESIAN_POINT('',(-0.38876421179,1.184922614416));
#3225 = CARTESIAN_POINT('',(-0.346110975252,1.121436031022));
#3226 = CARTESIAN_POINT('',(-0.305698673436,1.056564905368));
#3227 = CARTESIAN_POINT('',(-0.267687456687,0.990344160955));
#3228 = CARTESIAN_POINT('',(-0.23224058162,0.922826770272));
#3229 = CARTESIAN_POINT('',(-0.145040155545,0.739634723665));
#3230 = CARTESIAN_POINT('',(-9.80862532378E-02,0.621727914147));
#3231 = CARTESIAN_POINT('',(-5.946633300658E-02,0.500799850948));
#3232 = CARTESIAN_POINT('',(-2.989963570752E-02,0.377403674918));
#3233 = CARTESIAN_POINT('',(-9.962647291246E-03,0.252223338189));
#3234 = CARTESIAN_POINT('',(0.,0.12608953796));
#3235 = CARTESIAN_POINT('',(0.,0.));
#3236 = ( GEOMETRIC_REPRESENTATION_CONTEXT(2) 
PARAMETRIC_REPRESENTATION_CONTEXT() REPRESENTATION_CONTEXT('2D SPACE',''
  ) );
#3237 = ORIENTED_EDGE('',*,*,#3238,.T.);
#3238 = EDGE_CURVE('',#3160,#3239,#3241,.T.);
#3239 = VERTEX_POINT('',#3240);
#3240 = CARTESIAN_POINT('',(-108.2635790167,168.5339602472,37.4));
#3241 = SEAM_CURVE('',#3242,(#3246,#3253),.PCURVE_S1.);
#3242 = LINE('',#3243,#3244);
#3243 = CARTESIAN_POINT('',(-108.2635790167,168.5339602472,34.8));
#3244 = VECTOR('',#3245,1.);
#3245 = DIRECTION('',(0.,0.,1.));
#3246 = PCURVE('',#3139,#3247);
#3247 = DEFINITIONAL_REPRESENTATION('',(#3248),#3252);
#3248 = LINE('',#3249,#3250);
#3249 = CARTESIAN_POINT('',(6.28318530718,0.));
#3250 = VECTOR('',#3251,1.);
#3251 = DIRECTION('',(0.,-1.));
#3252 = ( GEOMETRIC_REPRESENTATION_CONTEXT(2) 
PARAMETRIC_REPRESENTATION_CONTEXT() REPRESENTATION_CONTEXT('2D SPACE',''
  ) );
#3253 = PCURVE('',#3139,#3254);
#3254 = DEFINITIONAL_REPRESENTATION('',(#3255),#3259);
#3255 = LINE('',#3256,#3257);
#3256 = CARTESIAN_POINT('',(0.,0.));
#3257 = VECTOR('',#3258,1.);
#3258 = DIRECTION('',(0.,-1.));
#3259 = ( GEOMETRIC_REPRESENTATION_CONTEXT(2) 
PARAMETRIC_REPRESENTATION_CONTEXT() REPRESENTATION_CONTEXT('2D SPACE',''
  ) );
#3260 = ORIENTED_EDGE('',*,*,#3261,.T.);
#3261 = EDGE_CURVE('',#3239,#3239,#3262,.T.);
#3262 = SURFACE_CURVE('',#3263,(#3268,#3275),.PCURVE_S1.);
#3263 = ELLIPSE('',#3264,5.5,3.2);
#3264 = AXIS2_PLACEMENT_3D('',#3265,#3266,#3267);
#3265 = CARTESIAN_POINT('',(-103.234698342,166.30677386972,37.4));
#3266 = DIRECTION('',(0.,0.,1.));
#3267 = DIRECTION('',(-0.914341940847,0.404942977725,0.));
#3268 = PCURVE('',#3139,#3269);
#3269 = DEFINITIONAL_REPRESENTATION('',(#3270),#3274);
#3270 = LINE('',#3271,#3272);
#3271 = CARTESIAN_POINT('',(0.,-2.6));
#3272 = VECTOR('',#3273,1.);
#3273 = DIRECTION('',(1.,0.));
#3274 = ( GEOMETRIC_REPRESENTATION_CONTEXT(2) 
PARAMETRIC_REPRESENTATION_CONTEXT() REPRESENTATION_CONTEXT('2D SPACE',''
  ) );
#3275 = PCURVE('',#3276,#3281);
#3276 = PLANE('',#3277);
#3277 = AXIS2_PLACEMENT_3D('',#3278,#3279,#3280);
#3278 = CARTESIAN_POINT('',(-103.5809841607,166.46013663726,37.4));
#3279 = DIRECTION('',(0.,0.,1.));
#3280 = DIRECTION('',(-0.914341940847,0.404942977725,0.));
#3281 = DEFINITIONAL_REPRESENTATION('',(#3282),#3286);
#3282 = ELLIPSE('',#3283,5.5,3.2);
#3283 = AXIS2_PLACEMENT_2D('',#3284,#3285);
#3284 = CARTESIAN_POINT('',(-0.378726823242,8.659739592076E-15));
#3285 = DIRECTION('',(1.,0.));
#3286 = ( GEOMETRIC_REPRESENTATION_CONTEXT(2) 
PARAMETRIC_REPRESENTATION_CONTEXT() REPRESENTATION_CONTEXT('2D SPACE',''
  ) );
#3287 = ORIENTED_EDGE('',*,*,#3238,.F.);
#3288 = ORIENTED_EDGE('',*,*,#3289,.T.);
#3289 = EDGE_CURVE('',#3160,#3290,#3292,.T.);
#3290 = VERTEX_POINT('',#3291);
#3291 = CARTESIAN_POINT('',(-106.2821316916,169.88816351775,37.2));
#3292 = SURFACE_CURVE('',#3293,(#3314,#3338),.PCURVE_S1.);
#3293 = B_SPLINE_CURVE_WITH_KNOTS('',7,(#3294,#3295,#3296,#3297,#3298,
    #3299,#3300,#3301,#3302,#3303,#3304,#3305,#3306,#3307,#3308,#3309,
    #3310,#3311,#3312,#3313),.UNSPECIFIED.,.F.,.F.,(8,6,6,8),(0.,
    0.279544318551,0.44744046364,1.),.UNSPECIFIED.);
#3294 = CARTESIAN_POINT('',(-108.2635790167,168.5339602472,37.2));
#3295 = CARTESIAN_POINT('',(-108.2125199437,168.64924920006,37.2));
#3296 = CARTESIAN_POINT('',(-108.1523336808,168.76054431971,37.2));
#3297 = CARTESIAN_POINT('',(-108.0834135578,168.8669286083,37.2));
#3298 = CARTESIAN_POINT('',(-108.0064110715,168.96778208093,37.2));
#3299 = CARTESIAN_POINT('',(-107.9221302887,169.06271281544,37.2));
#3300 = CARTESIAN_POINT('',(-107.8314528319,169.15150630348,37.2));
#3301 = CARTESIAN_POINT('',(-107.6775394923,169.28369527473,37.2));
#3302 = CARTESIAN_POINT('',(-107.6177882345,169.33107529363,37.2));
#3303 = CARTESIAN_POINT('',(-107.5562173594,169.3762313223,37.2));
#3304 = CARTESIAN_POINT('',(-107.4929975901,169.4191810354,37.2));
#3305 = CARTESIAN_POINT('',(-107.4282895009,169.45995735267,37.2));
#3306 = CARTESIAN_POINT('',(-107.3622403302,169.49860417191,37.2));
#3307 = CARTESIAN_POINT('',(-107.0736243221,169.65552006172,37.2));
#3308 = CARTESIAN_POINT('',(-106.8395565593,169.75313643605,37.2));
#3309 = CARTESIAN_POINT('',(-106.5968500387,169.8303492112,37.2));
#3310 = CARTESIAN_POINT('',(-106.3486381563,169.88925366294,37.2));
#3311 = CARTESIAN_POINT('',(-106.0971912793,169.93182715009,37.2));
#3312 = CARTESIAN_POINT('',(-105.8438717716,169.9597606335,37.2));
#3313 = CARTESIAN_POINT('',(-105.589127105,169.9743398473,37.2));
#3314 = PCURVE('',#3139,#3315);
#3315 = DEFINITIONAL_REPRESENTATION('',(#3316),#3337);
#3316 = B_SPLINE_CURVE_WITH_KNOTS('',7,(#3317,#3318,#3319,#3320,#3321,
    #3322,#3323,#3324,#3325,#3326,#3327,#3328,#3329,#3330,#3331,#3332,
    #3333,#3334,#3335,#3336),.UNSPECIFIED.,.F.,.F.,(8,6,6,8),(0.,
    0.279544318551,0.44744046364,1.),.UNSPECIFIED.);
#3317 = CARTESIAN_POINT('',(6.28318530718,-2.4));
#3318 = CARTESIAN_POINT('',(6.243782326567,-2.4));
#3319 = CARTESIAN_POINT('',(6.204365543393,-2.4));
#3320 = CARTESIAN_POINT('',(6.16514666011,-2.4));
#3321 = CARTESIAN_POINT('',(6.126285432387,-2.4));
#3322 = CARTESIAN_POINT('',(6.08790855158,-2.4));
#3323 = CARTESIAN_POINT('',(6.050120779996,-2.4));
#3324 = CARTESIAN_POINT('',(5.990718364289,-2.4));
#3325 = CARTESIAN_POINT('',(5.968664444043,-2.4));
#3326 = CARTESIAN_POINT('',(5.946858447755,-2.4));
#3327 = CARTESIAN_POINT('',(5.925307973192,-2.4));
#3328 = CARTESIAN_POINT('',(5.904016837338,-2.4));
#3329 = CARTESIAN_POINT('',(5.882985567364,-2.4));
#3330 = CARTESIAN_POINT('',(5.793844076225,-2.4));
#3331 = CARTESIAN_POINT('',(5.728388690059,-2.4));
#3332 = CARTESIAN_POINT('',(5.66553411474,-2.4));
#3333 = CARTESIAN_POINT('',(5.605048375265,-2.4));
#3334 = CARTESIAN_POINT('',(5.546682938022,-2.4));
#3335 = CARTESIAN_POINT('',(5.490158375486,-2.4));
#3336 = CARTESIAN_POINT('',(5.435123228198,-2.4));
#3337 = ( GEOMETRIC_REPRESENTATION_CONTEXT(2) 
PARAMETRIC_REPRESENTATION_CONTEXT() REPRESENTATION_CONTEXT('2D SPACE',''
  ) );
#3338 = PCURVE('',#3209,#3339);
#3339 = DEFINITIONAL_REPRESENTATION('',(#3340),#3361);
#3340 = B_SPLINE_CURVE_WITH_KNOTS('',7,(#3341,#3342,#3343,#3344,#3345,
    #3346,#3347,#3348,#3349,#3350,#3351,#3352,#3353,#3354,#3355,#3356,
    #3357,#3358,#3359,#3360),.UNSPECIFIED.,.F.,.F.,(8,6,6,8),(0.,
    0.279544318551,0.44744046364,1.),.UNSPECIFIED.);
#3341 = CARTESIAN_POINT('',(0.,0.));
#3342 = CARTESIAN_POINT('',(0.,-0.12608953796));
#3343 = CARTESIAN_POINT('',(-9.962647291218E-03,-0.252223338188));
#3344 = CARTESIAN_POINT('',(-2.989963570752E-02,-0.377403674918));
#3345 = CARTESIAN_POINT('',(-5.946633300655E-02,-0.500799850948));
#3346 = CARTESIAN_POINT('',(-9.808625323768E-02,-0.621727914147));
#3347 = CARTESIAN_POINT('',(-0.145040155545,-0.739634723665));
#3348 = CARTESIAN_POINT('',(-0.23224058162,-0.922826770271));
#3349 = CARTESIAN_POINT('',(-0.267687456687,-0.990344160955));
#3350 = CARTESIAN_POINT('',(-0.305698673436,-1.056564905368));
#3351 = CARTESIAN_POINT('',(-0.346110975252,-1.121436031021));
#3352 = CARTESIAN_POINT('',(-0.38876421179,-1.184922614415));
#3353 = CARTESIAN_POINT('',(-0.433505980688,-1.247005170002));
#3354 = CARTESIAN_POINT('',(-0.633857714,-1.507352974968));
#3355 = CARTESIAN_POINT('',(-0.808346621214,-1.691391816989));
#3356 = CARTESIAN_POINT('',(-0.998996601215,-1.860272996833));
#3357 = CARTESIAN_POINT('',(-1.202094191427,-2.014643466332));
#3358 = CARTESIAN_POINT('',(-1.414762782279,-2.155391838303));
#3359 = CARTESIAN_POINT('',(-1.635071964724,-2.283512549527));
#3360 = CARTESIAN_POINT('',(-1.862091947286,-2.4));
#3361 = ( GEOMETRIC_REPRESENTATION_CONTEXT(2) 
PARAMETRIC_REPRESENTATION_CONTEXT() REPRESENTATION_CONTEXT('2D SPACE',''
  ) );
#3362 = ORIENTED_EDGE('',*,*,#3363,.T.);
#3363 = EDGE_CURVE('',#3290,#3087,#3364,.T.);
#3364 = SURFACE_CURVE('',#3365,(#3371,#3380),.PCURVE_S1.);
#3365 = B_SPLINE_CURVE_WITH_KNOTS('',4,(#3366,#3367,#3368,#3369,#3370),
  .UNSPECIFIED.,.F.,.F.,(5,5),(0.,1.),.PIECEWISE_BEZIER_KNOTS.);
#3366 = CARTESIAN_POINT('',(-106.2821316916,169.88816351775,37.2000006)
  );
#3367 = CARTESIAN_POINT('',(-106.2821316916,169.88816351775,36.6000003)
  );
#3368 = CARTESIAN_POINT('',(-106.2821316916,169.88816351775,36.));
#3369 = CARTESIAN_POINT('',(-106.2821316916,169.88816351775,35.3999997)
  );
#3370 = CARTESIAN_POINT('',(-106.2821316916,169.88816351775,34.7999994)
  );
#3371 = PCURVE('',#3139,#3372);
#3372 = DEFINITIONAL_REPRESENTATION('',(#3373),#3379);
#3373 = B_SPLINE_CURVE_WITH_KNOTS('',4,(#3374,#3375,#3376,#3377,#3378),
  .UNSPECIFIED.,.F.,.F.,(5,5),(0.,1.),.PIECEWISE_BEZIER_KNOTS.);
#3374 = CARTESIAN_POINT('',(5.591701796121,-2.4000006));
#3375 = CARTESIAN_POINT('',(5.591701796121,-1.8000003));
#3376 = CARTESIAN_POINT('',(5.591701796121,-1.2));
#3377 = CARTESIAN_POINT('',(5.591701796121,-0.5999997));
#3378 = CARTESIAN_POINT('',(5.591701796121,5.999999999062E-07));
#3379 = ( GEOMETRIC_REPRESENTATION_CONTEXT(2) 
PARAMETRIC_REPRESENTATION_CONTEXT() REPRESENTATION_CONTEXT('2D SPACE',''
  ) );
#3380 = PCURVE('',#3112,#3381);
#3381 = DEFINITIONAL_REPRESENTATION('',(#3382),#3388);
#3382 = B_SPLINE_CURVE_WITH_KNOTS('',4,(#3383,#3384,#3385,#3386,#3387),
  .UNSPECIFIED.,.F.,.F.,(5,5),(0.,1.),.PIECEWISE_BEZIER_KNOTS.);
#3383 = CARTESIAN_POINT('',(-4.158035315084,-2.4000006));
#3384 = CARTESIAN_POINT('',(-4.158035315084,-1.8000003));
#3385 = CARTESIAN_POINT('',(-4.158035315084,-1.2));
#3386 = CARTESIAN_POINT('',(-4.158035315084,-0.5999997));
#3387 = CARTESIAN_POINT('',(-4.158035315084,5.999999999062E-07));
#3388 = ( GEOMETRIC_REPRESENTATION_CONTEXT(2) 
PARAMETRIC_REPRESENTATION_CONTEXT() REPRESENTATION_CONTEXT('2D SPACE',''
  ) );
#3389 = ORIENTED_EDGE('',*,*,#3124,.F.);
#3390 = ORIENTED_EDGE('',*,*,#3391,.F.);
#3391 = EDGE_CURVE('',#3158,#3085,#3392,.T.);
#3392 = SURFACE_CURVE('',#3393,(#3399,#3408),.PCURVE_S1.);
#3393 = B_SPLINE_CURVE_WITH_KNOTS('',4,(#3394,#3395,#3396,#3397,#3398),
  .UNSPECIFIED.,.F.,.F.,(5,5),(0.,1.),.PIECEWISE_BEZIER_KNOTS.);
#3394 = CARTESIAN_POINT('',(-107.9347671765,166.15659137096,37.2000006)
  );
#3395 = CARTESIAN_POINT('',(-107.9347671765,166.15659137096,36.6000003)
  );
#3396 = CARTESIAN_POINT('',(-107.9347671765,166.15659137096,36.));
#3397 = CARTESIAN_POINT('',(-107.9347671765,166.15659137096,35.3999997)
  );
#3398 = CARTESIAN_POINT('',(-107.9347671765,166.15659137096,34.7999994)
  );
#3399 = PCURVE('',#3139,#3400);
#3400 = DEFINITIONAL_REPRESENTATION('',(#3401),#3407);
#3401 = B_SPLINE_CURVE_WITH_KNOTS('',4,(#3402,#3403,#3404,#3405,#3406),
  .UNSPECIFIED.,.F.,.F.,(5,5),(0.,1.),.PIECEWISE_BEZIER_KNOTS.);
#3402 = CARTESIAN_POINT('',(0.691483511059,-2.4000006));
#3403 = CARTESIAN_POINT('',(0.691483511059,-1.8000003));
#3404 = CARTESIAN_POINT('',(0.691483511059,-1.2));
#3405 = CARTESIAN_POINT('',(0.691483511059,-0.5999997));
#3406 = CARTESIAN_POINT('',(0.691483511059,5.999999999062E-07));
#3407 = ( GEOMETRIC_REPRESENTATION_CONTEXT(2) 
PARAMETRIC_REPRESENTATION_CONTEXT() REPRESENTATION_CONTEXT('2D SPACE',''
  ) );
#3408 = PCURVE('',#3112,#3409);
#3409 = DEFINITIONAL_REPRESENTATION('',(#3410),#3416);
#3410 = B_SPLINE_CURVE_WITH_KNOTS('',4,(#3411,#3412,#3413,#3414,#3415),
  .UNSPECIFIED.,.F.,.F.,(5,5),(0.,1.),.PIECEWISE_BEZIER_KNOTS.);
#3411 = CARTESIAN_POINT('',(-8.408335299275,-2.4000006));
#3412 = CARTESIAN_POINT('',(-8.408335299275,-1.8000003));
#3413 = CARTESIAN_POINT('',(-8.408335299275,-1.2));
#3414 = CARTESIAN_POINT('',(-8.408335299275,-0.5999997));
#3415 = CARTESIAN_POINT('',(-8.408335299275,5.999999999062E-07));
#3416 = ( GEOMETRIC_REPRESENTATION_CONTEXT(2) 
PARAMETRIC_REPRESENTATION_CONTEXT() REPRESENTATION_CONTEXT('2D SPACE',''
  ) );
#3417 = ADVANCED_FACE('',(#3418),#3276,.T.);
#3418 = FACE_BOUND('',#3419,.T.);
#3419 = EDGE_LOOP('',(#3420));
#3420 = ORIENTED_EDGE('',*,*,#3261,.T.);
#3421 = ADVANCED_FACE('',(#3422),#3209,.T.);
#3422 = FACE_BOUND('',#3423,.T.);
#3423 = EDGE_LOOP('',(#3424,#3425,#3451));
#3424 = ORIENTED_EDGE('',*,*,#3289,.T.);
#3425 = ORIENTED_EDGE('',*,*,#3426,.F.);
#3426 = EDGE_CURVE('',#3158,#3290,#3427,.T.);
#3427 = SURFACE_CURVE('',#3428,(#3433,#3444),.PCURVE_S1.);
#3428 = CIRCLE('',#3429,2.4);
#3429 = AXIS2_PLACEMENT_3D('',#3430,#3431,#3432);
#3430 = CARTESIAN_POINT('',(-108.2635790167,168.5339602472,37.2));
#3431 = DIRECTION('',(0.,-0.,-1.));
#3432 = DIRECTION('',(0.137004933434,-0.9905703651,0.));
#3433 = PCURVE('',#3209,#3434);
#3434 = DEFINITIONAL_REPRESENTATION('',(#3435),#3443);
#3435 = ( BOUNDED_CURVE() B_SPLINE_CURVE(2,(#3436,#3437,#3438,#3439,
#3440,#3441,#3442),.UNSPECIFIED.,.T.,.F.) B_SPLINE_CURVE_WITH_KNOTS((1,2
    ,2,2,2,1),(-2.094395102393,0.,2.094395102393,4.188790204786,
6.28318530718,8.377580409573),.UNSPECIFIED.) CURVE() 
GEOMETRIC_REPRESENTATION_ITEM() RATIONAL_B_SPLINE_CURVE((1.,0.5,1.,0.5,
1.,0.5,1.)) REPRESENTATION_ITEM('') );
#3436 = CARTESIAN_POINT('',(-1.263345288075,2.040578026712));
#3437 = CARTESIAN_POINT('',(2.271039530998,4.228756253161));
#3438 = CARTESIAN_POINT('',(2.398865053574,7.380009986873E-02));
#3439 = CARTESIAN_POINT('',(2.52669057615,-4.081156053423));
#3440 = CARTESIAN_POINT('',(-1.135519765499,-2.11437812658));
#3441 = CARTESIAN_POINT('',(-4.797730107148,-0.147600199737));
#3442 = CARTESIAN_POINT('',(-1.263345288075,2.040578026712));
#3443 = ( GEOMETRIC_REPRESENTATION_CONTEXT(2) 
PARAMETRIC_REPRESENTATION_CONTEXT() REPRESENTATION_CONTEXT('2D SPACE',''
  ) );
#3444 = PCURVE('',#3112,#3445);
#3445 = DEFINITIONAL_REPRESENTATION('',(#3446),#3450);
#3446 = LINE('',#3447,#3448);
#3447 = CARTESIAN_POINT('',(-8.408335299275,-2.4));
#3448 = VECTOR('',#3449,1.);
#3449 = DIRECTION('',(1.,-0.));
#3450 = ( GEOMETRIC_REPRESENTATION_CONTEXT(2) 
PARAMETRIC_REPRESENTATION_CONTEXT() REPRESENTATION_CONTEXT('2D SPACE',''
  ) );
#3451 = ORIENTED_EDGE('',*,*,#3157,.T.);
#3452 = ADVANCED_FACE('',(#3453),#3112,.T.);
#3453 = FACE_BOUND('',#3454,.F.);
#3454 = EDGE_LOOP('',(#3455,#3456,#3457,#3458));
#3455 = ORIENTED_EDGE('',*,*,#3426,.F.);
#3456 = ORIENTED_EDGE('',*,*,#3391,.T.);
#3457 = ORIENTED_EDGE('',*,*,#3084,.T.);
#3458 = ORIENTED_EDGE('',*,*,#3363,.F.);
#3459 = MANIFOLD_SOLID_BREP('',#3460);
#3460 = CLOSED_SHELL('',(#3461,#3534,#3798,#3802,#3833));
#3461 = ADVANCED_FACE('',(#3462),#3477,.F.);
#3462 = FACE_BOUND('',#3463,.F.);
#3463 = EDGE_LOOP('',(#3464,#3504));
#3464 = ORIENTED_EDGE('',*,*,#3465,.F.);
#3465 = EDGE_CURVE('',#3466,#3468,#3470,.T.);
#3466 = VERTEX_POINT('',#3467);
#3467 = CARTESIAN_POINT('',(73.743559257333,176.02200359522,34.8));
#3468 = VERTEX_POINT('',#3469);
#3469 = CARTESIAN_POINT('',(75.607342321259,179.65272630882,34.8));
#3470 = SURFACE_CURVE('',#3471,(#3476,#3492),.PCURVE_S1.);
#3471 = CIRCLE('',#3472,2.4);
#3472 = AXIS2_PLACEMENT_3D('',#3473,#3474,#3475);
#3473 = CARTESIAN_POINT('',(73.551539727703,178.41430970027,34.8));
#3474 = DIRECTION('',(0.,-0.,-1.));
#3475 = DIRECTION('',(8.000813734566E-02,-0.996794210436,0.));
#3476 = PCURVE('',#3477,#3482);
#3477 = PLANE('',#3478);
#3478 = AXIS2_PLACEMENT_3D('',#3479,#3480,#3481);
#3479 = CARTESIAN_POINT('',(78.107582819901,176.07552576561,34.8));
#3480 = DIRECTION('',(0.,0.,1.));
#3481 = DIRECTION('',(-0.889630944288,0.456680175795,0.));
#3482 = DEFINITIONAL_REPRESENTATION('',(#3483),#3491);
#3483 = ( BOUNDED_CURVE() B_SPLINE_CURVE(2,(#3484,#3485,#3486,#3487,
#3488,#3489,#3490),.UNSPECIFIED.,.T.,.F.) B_SPLINE_CURVE_WITH_KNOTS((1,2
    ,2,2,2,1),(-2.094395102393,0.,2.094395102393,4.188790204786,
6.28318530718,8.377580409573),.UNSPECIFIED.) CURVE() 
GEOMETRIC_REPRESENTATION_ITEM() RATIONAL_B_SPLINE_CURVE((1.,0.5,1.,0.5,
1.,0.5,1.)) REPRESENTATION_ITEM('') );
#3484 = CARTESIAN_POINT('',(3.857927888683,2.040578026712));
#3485 = CARTESIAN_POINT('',(7.392312707756,4.228756253161));
#3486 = CARTESIAN_POINT('',(7.520138230332,7.380009986872E-02));
#3487 = CARTESIAN_POINT('',(7.647963752908,-4.081156053423));
#3488 = CARTESIAN_POINT('',(3.985753411259,-2.11437812658));
#3489 = CARTESIAN_POINT('',(0.32354306961,-0.147600199737));
#3490 = CARTESIAN_POINT('',(3.857927888683,2.040578026712));
#3491 = ( GEOMETRIC_REPRESENTATION_CONTEXT(2) 
PARAMETRIC_REPRESENTATION_CONTEXT() REPRESENTATION_CONTEXT('2D SPACE',''
  ) );
#3492 = PCURVE('',#3493,#3498);
#3493 = CYLINDRICAL_SURFACE('',#3494,2.4);
#3494 = AXIS2_PLACEMENT_3D('',#3495,#3496,#3497);
#3495 = CARTESIAN_POINT('',(73.551539727703,178.41430970027,34.8));
#3496 = DIRECTION('',(0.,0.,-1.));
#3497 = DIRECTION('',(-0.889630944288,0.456680175795,0.));
#3498 = DEFINITIONAL_REPRESENTATION('',(#3499),#3503);
#3499 = LINE('',#3500,#3501);
#3500 = CARTESIAN_POINT('',(-8.408335299275,0.));
#3501 = VECTOR('',#3502,1.);
#3502 = DIRECTION('',(1.,-0.));
#3503 = ( GEOMETRIC_REPRESENTATION_CONTEXT(2) 
PARAMETRIC_REPRESENTATION_CONTEXT() REPRESENTATION_CONTEXT('2D SPACE',''
  ) );
#3504 = ORIENTED_EDGE('',*,*,#3505,.T.);
#3505 = EDGE_CURVE('',#3466,#3468,#3506,.T.);
#3506 = SURFACE_CURVE('',#3507,(#3512,#3519),.PCURVE_S1.);
#3507 = ELLIPSE('',#3508,5.5,3.2);
#3508 = AXIS2_PLACEMENT_3D('',#3509,#3510,#3511);
#3509 = CARTESIAN_POINT('',(78.444509921289,175.90256873339,34.8));
#3510 = DIRECTION('',(0.,0.,1.));
#3511 = DIRECTION('',(-0.889630944288,0.456680175795,0.));
#3512 = PCURVE('',#3477,#3513);
#3513 = DEFINITIONAL_REPRESENTATION('',(#3514),#3518);
#3514 = ELLIPSE('',#3515,5.5,3.2);
#3515 = AXIS2_PLACEMENT_2D('',#3516,#3517);
#3516 = CARTESIAN_POINT('',(-0.378726823242,8.465450562767E-15));
#3517 = DIRECTION('',(1.,0.));
#3518 = ( GEOMETRIC_REPRESENTATION_CONTEXT(2) 
PARAMETRIC_REPRESENTATION_CONTEXT() REPRESENTATION_CONTEXT('2D SPACE',''
  ) );
#3519 = PCURVE('',#3520,#3528);
#3520 = SURFACE_OF_LINEAR_EXTRUSION('',#3521,#3526);
#3521 = ELLIPSE('',#3522,5.5,3.2);
#3522 = AXIS2_PLACEMENT_3D('',#3523,#3524,#3525);
#3523 = CARTESIAN_POINT('',(78.444509921289,175.90256873339,34.8));
#3524 = DIRECTION('',(0.,0.,1.));
#3525 = DIRECTION('',(-0.889630944288,0.456680175795,0.));
#3526 = VECTOR('',#3527,1.);
#3527 = DIRECTION('',(0.,0.,-1.));
#3528 = DEFINITIONAL_REPRESENTATION('',(#3529),#3533);
#3529 = LINE('',#3530,#3531);
#3530 = CARTESIAN_POINT('',(0.,0.));
#3531 = VECTOR('',#3532,1.);
#3532 = DIRECTION('',(1.,0.));
#3533 = ( GEOMETRIC_REPRESENTATION_CONTEXT(2) 
PARAMETRIC_REPRESENTATION_CONTEXT() REPRESENTATION_CONTEXT('2D SPACE',''
  ) );
#3534 = ADVANCED_FACE('',(#3535),#3520,.F.);
#3535 = FACE_BOUND('',#3536,.F.);
#3536 = EDGE_LOOP('',(#3537,#3618,#3641,#3668,#3669,#3743,#3770,#3771));
#3537 = ORIENTED_EDGE('',*,*,#3538,.T.);
#3538 = EDGE_CURVE('',#3539,#3541,#3543,.T.);
#3539 = VERTEX_POINT('',#3540);
#3540 = CARTESIAN_POINT('',(73.743559257333,176.02200359522,37.2));
#3541 = VERTEX_POINT('',#3542);
#3542 = CARTESIAN_POINT('',(73.551539727703,178.41430970027,37.2));
#3543 = SURFACE_CURVE('',#3544,(#3565,#3589),.PCURVE_S1.);
#3544 = B_SPLINE_CURVE_WITH_KNOTS('',7,(#3545,#3546,#3547,#3548,#3549,
    #3550,#3551,#3552,#3553,#3554,#3555,#3556,#3557,#3558,#3559,#3560,
    #3561,#3562,#3563,#3564),.UNSPECIFIED.,.F.,.F.,(8,6,6,8),(0.,
    0.552559536359,0.720455681449,1.),.UNSPECIFIED.);
#3545 = CARTESIAN_POINT('',(74.11208192321,175.42881495614,37.2));
#3546 = CARTESIAN_POINT('',(73.963315431111,175.63612132225,37.2));
#3547 = CARTESIAN_POINT('',(73.825831754021,175.85071230773,37.2));
#3548 = CARTESIAN_POINT('',(73.700912185976,176.07304794425,37.2));
#3549 = CARTESIAN_POINT('',(73.590728218162,176.303131334,37.2));
#3550 = CARTESIAN_POINT('',(73.498244783324,176.54043932388,37.2));
#3551 = CARTESIAN_POINT('',(73.427060942759,176.78385159751,37.2));
#3552 = CARTESIAN_POINT('',(73.367717522403,177.10696172588,37.2));
#3553 = CARTESIAN_POINT('',(73.356265732688,177.18262496731,37.2));
#3554 = CARTESIAN_POINT('',(73.347313157655,177.25858348401,37.2));
#3555 = CARTESIAN_POINT('',(73.340986480497,177.33475034188,37.2));
#3556 = CARTESIAN_POINT('',(73.337412227047,177.41102133441,37.2));
#3557 = CARTESIAN_POINT('',(73.336711443955,177.48727477958,37.2));
#3558 = CARTESIAN_POINT('',(73.342795422613,177.69007079889,37.2));
#3559 = CARTESIAN_POINT('',(73.354869480663,177.81640726154,37.2));
#3560 = CARTESIAN_POINT('',(73.37573745372,177.94162556056,37.2));
#3561 = CARTESIAN_POINT('',(73.405786592244,178.06490514168,37.2));
#3562 = CARTESIAN_POINT('',(73.445217408597,178.18537427023,37.2));
#3563 = CARTESIAN_POINT('',(73.493957135342,178.30213654555,37.2));
#3564 = CARTESIAN_POINT('',(73.551539727703,178.41430970027,37.2));
#3565 = PCURVE('',#3520,#3566);
#3566 = DEFINITIONAL_REPRESENTATION('',(#3567),#3588);
#3567 = B_SPLINE_CURVE_WITH_KNOTS('',7,(#3568,#3569,#3570,#3571,#3572,
    #3573,#3574,#3575,#3576,#3577,#3578,#3579,#3580,#3581,#3582,#3583,
    #3584,#3585,#3586,#3587),.UNSPECIFIED.,.F.,.F.,(8,6,6,8),(0.,
    0.552559536359,0.720455681449,1.),.UNSPECIFIED.);
#3568 = CARTESIAN_POINT('',(0.848062078981,-2.4));
#3569 = CARTESIAN_POINT('',(0.793026931694,-2.4));
#3570 = CARTESIAN_POINT('',(0.736502369158,-2.4));
#3571 = CARTESIAN_POINT('',(0.678136931915,-2.4));
#3572 = CARTESIAN_POINT('',(0.617651192439,-2.4));
#3573 = CARTESIAN_POINT('',(0.554796617121,-2.4));
#3574 = CARTESIAN_POINT('',(0.489341230955,-2.4));
#3575 = CARTESIAN_POINT('',(0.400199739816,-2.4));
#3576 = CARTESIAN_POINT('',(0.379168469842,-2.4));
#3577 = CARTESIAN_POINT('',(0.357877333988,-2.4));
#3578 = CARTESIAN_POINT('',(0.336326859425,-2.4));
#3579 = CARTESIAN_POINT('',(0.314520863137,-2.4));
#3580 = CARTESIAN_POINT('',(0.292466942891,-2.4));
#3581 = CARTESIAN_POINT('',(0.233064527184,-2.4));
#3582 = CARTESIAN_POINT('',(0.1952767556,-2.4));
#3583 = CARTESIAN_POINT('',(0.156899874792,-2.4));
#3584 = CARTESIAN_POINT('',(0.11803864707,-2.4));
#3585 = CARTESIAN_POINT('',(7.881976378659E-02,-2.4));
#3586 = CARTESIAN_POINT('',(3.94029806125E-02,-2.4));
#3587 = CARTESIAN_POINT('',(0.,-2.4));
#3588 = ( GEOMETRIC_REPRESENTATION_CONTEXT(2) 
PARAMETRIC_REPRESENTATION_CONTEXT() REPRESENTATION_CONTEXT('2D SPACE',''
  ) );
#3589 = PCURVE('',#3590,#3595);
#3590 = PLANE('',#3591);
#3591 = AXIS2_PLACEMENT_3D('',#3592,#3593,#3594);
#3592 = CARTESIAN_POINT('',(73.551539727703,178.41430970027,37.2));
#3593 = DIRECTION('',(0.,0.,1.));
#3594 = DIRECTION('',(-0.889630944288,0.456680175795,0.));
#3595 = DEFINITIONAL_REPRESENTATION('',(#3596),#3617);
#3596 = B_SPLINE_CURVE_WITH_KNOTS('',7,(#3597,#3598,#3599,#3600,#3601,
    #3602,#3603,#3604,#3605,#3606,#3607,#3608,#3609,#3610,#3611,#3612,
    #3613,#3614,#3615,#3616),.UNSPECIFIED.,.F.,.F.,(8,6,6,8),(0.,
    0.552559536359,0.720455681449,1.),.UNSPECIFIED.);
#3597 = CARTESIAN_POINT('',(-1.862091947286,2.4));
#3598 = CARTESIAN_POINT('',(-1.635071964724,2.283512549527));
#3599 = CARTESIAN_POINT('',(-1.414762782279,2.155391838303));
#3600 = CARTESIAN_POINT('',(-1.202094191427,2.014643466332));
#3601 = CARTESIAN_POINT('',(-0.998996601215,1.860272996834));
#3602 = CARTESIAN_POINT('',(-0.808346621214,1.691391816989));
#3603 = CARTESIAN_POINT('',(-0.633857714,1.507352974968));
#3604 = CARTESIAN_POINT('',(-0.433505980689,1.247005170003));
#3605 = CARTESIAN_POINT('',(-0.38876421179,1.184922614416));
#3606 = CARTESIAN_POINT('',(-0.346110975252,1.121436031022));
#3607 = CARTESIAN_POINT('',(-0.305698673436,1.056564905368));
#3608 = CARTESIAN_POINT('',(-0.267687456687,0.990344160955));
#3609 = CARTESIAN_POINT('',(-0.23224058162,0.922826770272));
#3610 = CARTESIAN_POINT('',(-0.145040155545,0.739634723665));
#3611 = CARTESIAN_POINT('',(-9.80862532378E-02,0.621727914147));
#3612 = CARTESIAN_POINT('',(-5.94663330066E-02,0.500799850948));
#3613 = CARTESIAN_POINT('',(-2.989963570752E-02,0.377403674919));
#3614 = CARTESIAN_POINT('',(-9.962647291232E-03,0.252223338189));
#3615 = CARTESIAN_POINT('',(0.,0.12608953796));
#3616 = CARTESIAN_POINT('',(0.,0.));
#3617 = ( GEOMETRIC_REPRESENTATION_CONTEXT(2) 
PARAMETRIC_REPRESENTATION_CONTEXT() REPRESENTATION_CONTEXT('2D SPACE',''
  ) );
#3618 = ORIENTED_EDGE('',*,*,#3619,.T.);
#3619 = EDGE_CURVE('',#3541,#3620,#3622,.T.);
#3620 = VERTEX_POINT('',#3621);
#3621 = CARTESIAN_POINT('',(73.551539727703,178.41430970027,37.4));
#3622 = SEAM_CURVE('',#3623,(#3627,#3634),.PCURVE_S1.);
#3623 = LINE('',#3624,#3625);
#3624 = CARTESIAN_POINT('',(73.551539727703,178.41430970027,34.8));
#3625 = VECTOR('',#3626,1.);
#3626 = DIRECTION('',(0.,0.,1.));
#3627 = PCURVE('',#3520,#3628);
#3628 = DEFINITIONAL_REPRESENTATION('',(#3629),#3633);
#3629 = LINE('',#3630,#3631);
#3630 = CARTESIAN_POINT('',(6.28318530718,0.));
#3631 = VECTOR('',#3632,1.);
#3632 = DIRECTION('',(0.,-1.));
#3633 = ( GEOMETRIC_REPRESENTATION_CONTEXT(2) 
PARAMETRIC_REPRESENTATION_CONTEXT() REPRESENTATION_CONTEXT('2D SPACE',''
  ) );
#3634 = PCURVE('',#3520,#3635);
#3635 = DEFINITIONAL_REPRESENTATION('',(#3636),#3640);
#3636 = LINE('',#3637,#3638);
#3637 = CARTESIAN_POINT('',(0.,0.));
#3638 = VECTOR('',#3639,1.);
#3639 = DIRECTION('',(0.,-1.));
#3640 = ( GEOMETRIC_REPRESENTATION_CONTEXT(2) 
PARAMETRIC_REPRESENTATION_CONTEXT() REPRESENTATION_CONTEXT('2D SPACE',''
  ) );
#3641 = ORIENTED_EDGE('',*,*,#3642,.T.);
#3642 = EDGE_CURVE('',#3620,#3620,#3643,.T.);
#3643 = SURFACE_CURVE('',#3644,(#3649,#3656),.PCURVE_S1.);
#3644 = ELLIPSE('',#3645,5.5,3.2);
#3645 = AXIS2_PLACEMENT_3D('',#3646,#3647,#3648);
#3646 = CARTESIAN_POINT('',(78.444509921289,175.90256873339,37.4));
#3647 = DIRECTION('',(0.,0.,1.));
#3648 = DIRECTION('',(-0.889630944288,0.456680175795,0.));
#3649 = PCURVE('',#3520,#3650);
#3650 = DEFINITIONAL_REPRESENTATION('',(#3651),#3655);
#3651 = LINE('',#3652,#3653);
#3652 = CARTESIAN_POINT('',(0.,-2.6));
#3653 = VECTOR('',#3654,1.);
#3654 = DIRECTION('',(1.,0.));
#3655 = ( GEOMETRIC_REPRESENTATION_CONTEXT(2) 
PARAMETRIC_REPRESENTATION_CONTEXT() REPRESENTATION_CONTEXT('2D SPACE',''
  ) );
#3656 = PCURVE('',#3657,#3662);
#3657 = PLANE('',#3658);
#3658 = AXIS2_PLACEMENT_3D('',#3659,#3660,#3661);
#3659 = CARTESIAN_POINT('',(78.107582819901,176.07552576561,37.4));
#3660 = DIRECTION('',(0.,0.,1.));
#3661 = DIRECTION('',(-0.889630944288,0.456680175795,0.));
#3662 = DEFINITIONAL_REPRESENTATION('',(#3663),#3667);
#3663 = ELLIPSE('',#3664,5.5,3.2);
#3664 = AXIS2_PLACEMENT_2D('',#3665,#3666);
#3665 = CARTESIAN_POINT('',(-0.378726823242,8.465450562767E-15));
#3666 = DIRECTION('',(1.,0.));
#3667 = ( GEOMETRIC_REPRESENTATION_CONTEXT(2) 
PARAMETRIC_REPRESENTATION_CONTEXT() REPRESENTATION_CONTEXT('2D SPACE',''
  ) );
#3668 = ORIENTED_EDGE('',*,*,#3619,.F.);
#3669 = ORIENTED_EDGE('',*,*,#3670,.T.);
#3670 = EDGE_CURVE('',#3541,#3671,#3673,.T.);
#3671 = VERTEX_POINT('',#3672);
#3672 = CARTESIAN_POINT('',(75.607342321259,179.65272630882,37.2));
#3673 = SURFACE_CURVE('',#3674,(#3695,#3719),.PCURVE_S1.);
#3674 = B_SPLINE_CURVE_WITH_KNOTS('',7,(#3675,#3676,#3677,#3678,#3679,
    #3680,#3681,#3682,#3683,#3684,#3685,#3686,#3687,#3688,#3689,#3690,
    #3691,#3692,#3693,#3694),.UNSPECIFIED.,.F.,.F.,(8,6,6,8),(0.,
    0.279544318551,0.44744046364,1.),.UNSPECIFIED.);
#3675 = CARTESIAN_POINT('',(73.551539727703,178.41430970027,37.2));
#3676 = CARTESIAN_POINT('',(73.609122320065,178.52648285499,37.2));
#3677 = CARTESIAN_POINT('',(73.675588205444,178.63414564328,37.2));
#3678 = CARTESIAN_POINT('',(73.750492145459,178.73640511707,37.2));
#3679 = CARTESIAN_POINT('',(73.833148181658,178.83267964915,37.2));
#3680 = CARTESIAN_POINT('',(73.922731106922,178.92262404425,37.2));
#3681 = CARTESIAN_POINT('',(74.018348453868,179.00607467418,37.2));
#3682 = CARTESIAN_POINT('',(74.179584827308,179.12922528168,37.2));
#3683 = CARTESIAN_POINT('',(74.241953318093,179.17310295657,37.2));
#3684 = CARTESIAN_POINT('',(74.306010973942,179.21465601081,37.2));
#3685 = CARTESIAN_POINT('',(74.371588365235,179.25391187448,37.2));
#3686 = CARTESIAN_POINT('',(74.438527068399,179.29091261606,37.2));
#3687 = CARTESIAN_POINT('',(74.506682602912,179.32571049972,37.2));
#3688 = CARTESIAN_POINT('',(74.803817385947,179.46582729851,37.2));
#3689 = CARTESIAN_POINT('',(75.043095007967,179.5498683225,37.2));
#3690 = CARTESIAN_POINT('',(75.289827816604,179.61304417961,37.2));
#3691 = CARTESIAN_POINT('',(75.541007650715,179.65762628296,37.2));
#3692 = CARTESIAN_POINT('',(75.79448120127,179.68571886057,37.2));
#3693 = CARTESIAN_POINT('',(76.048985256209,179.69908817371,37.2));
#3694 = CARTESIAN_POINT('',(76.304146767028,179.69904348873,37.2));
#3695 = PCURVE('',#3520,#3696);
#3696 = DEFINITIONAL_REPRESENTATION('',(#3697),#3718);
#3697 = B_SPLINE_CURVE_WITH_KNOTS('',7,(#3698,#3699,#3700,#3701,#3702,
    #3703,#3704,#3705,#3706,#3707,#3708,#3709,#3710,#3711,#3712,#3713,
    #3714,#3715,#3716,#3717),.UNSPECIFIED.,.F.,.F.,(8,6,6,8),(0.,
    0.279544318551,0.44744046364,1.),.UNSPECIFIED.);
#3698 = CARTESIAN_POINT('',(6.28318530718,-2.4));
#3699 = CARTESIAN_POINT('',(6.243782326567,-2.4));
#3700 = CARTESIAN_POINT('',(6.204365543393,-2.4));
#3701 = CARTESIAN_POINT('',(6.16514666011,-2.4));
#3702 = CARTESIAN_POINT('',(6.126285432387,-2.4));
#3703 = CARTESIAN_POINT('',(6.08790855158,-2.4));
#3704 = CARTESIAN_POINT('',(6.050120779996,-2.4));
#3705 = CARTESIAN_POINT('',(5.990718364289,-2.4));
#3706 = CARTESIAN_POINT('',(5.968664444043,-2.4));
#3707 = CARTESIAN_POINT('',(5.946858447755,-2.4));
#3708 = CARTESIAN_POINT('',(5.925307973192,-2.4));
#3709 = CARTESIAN_POINT('',(5.904016837338,-2.4));
#3710 = CARTESIAN_POINT('',(5.882985567364,-2.4));
#3711 = CARTESIAN_POINT('',(5.793844076225,-2.4));
#3712 = CARTESIAN_POINT('',(5.728388690059,-2.4));
#3713 = CARTESIAN_POINT('',(5.66553411474,-2.4));
#3714 = CARTESIAN_POINT('',(5.605048375265,-2.4));
#3715 = CARTESIAN_POINT('',(5.546682938022,-2.4));
#3716 = CARTESIAN_POINT('',(5.490158375486,-2.4));
#3717 = CARTESIAN_POINT('',(5.435123228198,-2.4));
#3718 = ( GEOMETRIC_REPRESENTATION_CONTEXT(2) 
PARAMETRIC_REPRESENTATION_CONTEXT() REPRESENTATION_CONTEXT('2D SPACE',''
  ) );
#3719 = PCURVE('',#3590,#3720);
#3720 = DEFINITIONAL_REPRESENTATION('',(#3721),#3742);
#3721 = B_SPLINE_CURVE_WITH_KNOTS('',7,(#3722,#3723,#3724,#3725,#3726,
    #3727,#3728,#3729,#3730,#3731,#3732,#3733,#3734,#3735,#3736,#3737,
    #3738,#3739,#3740,#3741),.UNSPECIFIED.,.F.,.F.,(8,6,6,8),(0.,
    0.279544318551,0.44744046364,1.),.UNSPECIFIED.);
#3722 = CARTESIAN_POINT('',(0.,0.));
#3723 = CARTESIAN_POINT('',(0.,-0.12608953796));
#3724 = CARTESIAN_POINT('',(-9.962647291204E-03,-0.252223338188));
#3725 = CARTESIAN_POINT('',(-2.989963570755E-02,-0.377403674918));
#3726 = CARTESIAN_POINT('',(-5.946633300655E-02,-0.500799850947));
#3727 = CARTESIAN_POINT('',(-9.808625323765E-02,-0.621727914147));
#3728 = CARTESIAN_POINT('',(-0.145040155545,-0.739634723665));
#3729 = CARTESIAN_POINT('',(-0.23224058162,-0.922826770271));
#3730 = CARTESIAN_POINT('',(-0.267687456687,-0.990344160955));
#3731 = CARTESIAN_POINT('',(-0.305698673436,-1.056564905368));
#3732 = CARTESIAN_POINT('',(-0.346110975252,-1.121436031021));
#3733 = CARTESIAN_POINT('',(-0.38876421179,-1.184922614415));
#3734 = CARTESIAN_POINT('',(-0.433505980688,-1.247005170002));
#3735 = CARTESIAN_POINT('',(-0.633857714,-1.507352974967));
#3736 = CARTESIAN_POINT('',(-0.808346621214,-1.691391816989));
#3737 = CARTESIAN_POINT('',(-0.998996601215,-1.860272996833));
#3738 = CARTESIAN_POINT('',(-1.202094191427,-2.014643466332));
#3739 = CARTESIAN_POINT('',(-1.414762782279,-2.155391838303));
#3740 = CARTESIAN_POINT('',(-1.635071964724,-2.283512549527));
#3741 = CARTESIAN_POINT('',(-1.862091947286,-2.4));
#3742 = ( GEOMETRIC_REPRESENTATION_CONTEXT(2) 
PARAMETRIC_REPRESENTATION_CONTEXT() REPRESENTATION_CONTEXT('2D SPACE',''
  ) );
#3743 = ORIENTED_EDGE('',*,*,#3744,.T.);
#3744 = EDGE_CURVE('',#3671,#3468,#3745,.T.);
#3745 = SURFACE_CURVE('',#3746,(#3752,#3761),.PCURVE_S1.);
#3746 = B_SPLINE_CURVE_WITH_KNOTS('',4,(#3747,#3748,#3749,#3750,#3751),
  .UNSPECIFIED.,.F.,.F.,(5,5),(0.,1.),.PIECEWISE_BEZIER_KNOTS.);
#3747 = CARTESIAN_POINT('',(75.607342321259,179.65272630882,37.2000006)
  );
#3748 = CARTESIAN_POINT('',(75.607342321259,179.65272630882,36.6000003)
  );
#3749 = CARTESIAN_POINT('',(75.607342321259,179.65272630882,36.));
#3750 = CARTESIAN_POINT('',(75.607342321259,179.65272630882,35.3999997)
  );
#3751 = CARTESIAN_POINT('',(75.607342321259,179.65272630882,34.7999994)
  );
#3752 = PCURVE('',#3520,#3753);
#3753 = DEFINITIONAL_REPRESENTATION('',(#3754),#3760);
#3754 = B_SPLINE_CURVE_WITH_KNOTS('',4,(#3755,#3756,#3757,#3758,#3759),
  .UNSPECIFIED.,.F.,.F.,(5,5),(0.,1.),.PIECEWISE_BEZIER_KNOTS.);
#3755 = CARTESIAN_POINT('',(5.591701796121,-2.4000006));
#3756 = CARTESIAN_POINT('',(5.591701796121,-1.8000003));
#3757 = CARTESIAN_POINT('',(5.591701796121,-1.2));
#3758 = CARTESIAN_POINT('',(5.591701796121,-0.5999997));
#3759 = CARTESIAN_POINT('',(5.591701796121,5.999999999062E-07));
#3760 = ( GEOMETRIC_REPRESENTATION_CONTEXT(2) 
PARAMETRIC_REPRESENTATION_CONTEXT() REPRESENTATION_CONTEXT('2D SPACE',''
  ) );
#3761 = PCURVE('',#3493,#3762);
#3762 = DEFINITIONAL_REPRESENTATION('',(#3763),#3769);
#3763 = B_SPLINE_CURVE_WITH_KNOTS('',4,(#3764,#3765,#3766,#3767,#3768),
  .UNSPECIFIED.,.F.,.F.,(5,5),(0.,1.),.PIECEWISE_BEZIER_KNOTS.);
#3764 = CARTESIAN_POINT('',(-4.158035315084,-2.4000006));
#3765 = CARTESIAN_POINT('',(-4.158035315084,-1.8000003));
#3766 = CARTESIAN_POINT('',(-4.158035315084,-1.2));
#3767 = CARTESIAN_POINT('',(-4.158035315084,-0.5999997));
#3768 = CARTESIAN_POINT('',(-4.158035315084,5.999999999062E-07));
#3769 = ( GEOMETRIC_REPRESENTATION_CONTEXT(2) 
PARAMETRIC_REPRESENTATION_CONTEXT() REPRESENTATION_CONTEXT('2D SPACE',''
  ) );
#3770 = ORIENTED_EDGE('',*,*,#3505,.F.);
#3771 = ORIENTED_EDGE('',*,*,#3772,.F.);
#3772 = EDGE_CURVE('',#3539,#3466,#3773,.T.);
#3773 = SURFACE_CURVE('',#3774,(#3780,#3789),.PCURVE_S1.);
#3774 = B_SPLINE_CURVE_WITH_KNOTS('',4,(#3775,#3776,#3777,#3778,#3779),
  .UNSPECIFIED.,.F.,.F.,(5,5),(0.,1.),.PIECEWISE_BEZIER_KNOTS.);
#3775 = CARTESIAN_POINT('',(73.743559257333,176.02200359522,37.2000006)
  );
#3776 = CARTESIAN_POINT('',(73.743559257333,176.02200359522,36.6000003)
  );
#3777 = CARTESIAN_POINT('',(73.743559257333,176.02200359522,36.));
#3778 = CARTESIAN_POINT('',(73.743559257333,176.02200359522,35.3999997)
  );
#3779 = CARTESIAN_POINT('',(73.743559257333,176.02200359522,34.7999994)
  );
#3780 = PCURVE('',#3520,#3781);
#3781 = DEFINITIONAL_REPRESENTATION('',(#3782),#3788);
#3782 = B_SPLINE_CURVE_WITH_KNOTS('',4,(#3783,#3784,#3785,#3786,#3787),
  .UNSPECIFIED.,.F.,.F.,(5,5),(0.,1.),.PIECEWISE_BEZIER_KNOTS.);
#3783 = CARTESIAN_POINT('',(0.691483511059,-2.4000006));
#3784 = CARTESIAN_POINT('',(0.691483511059,-1.8000003));
#3785 = CARTESIAN_POINT('',(0.691483511059,-1.2));
#3786 = CARTESIAN_POINT('',(0.691483511059,-0.5999997));
#3787 = CARTESIAN_POINT('',(0.691483511059,5.999999999062E-07));
#3788 = ( GEOMETRIC_REPRESENTATION_CONTEXT(2) 
PARAMETRIC_REPRESENTATION_CONTEXT() REPRESENTATION_CONTEXT('2D SPACE',''
  ) );
#3789 = PCURVE('',#3493,#3790);
#3790 = DEFINITIONAL_REPRESENTATION('',(#3791),#3797);
#3791 = B_SPLINE_CURVE_WITH_KNOTS('',4,(#3792,#3793,#3794,#3795,#3796),
  .UNSPECIFIED.,.F.,.F.,(5,5),(0.,1.),.PIECEWISE_BEZIER_KNOTS.);
#3792 = CARTESIAN_POINT('',(-8.408335299275,-2.4000006));
#3793 = CARTESIAN_POINT('',(-8.408335299275,-1.8000003));
#3794 = CARTESIAN_POINT('',(-8.408335299275,-1.2));
#3795 = CARTESIAN_POINT('',(-8.408335299275,-0.5999997));
#3796 = CARTESIAN_POINT('',(-8.408335299275,5.999999999062E-07));
#3797 = ( GEOMETRIC_REPRESENTATION_CONTEXT(2) 
PARAMETRIC_REPRESENTATION_CONTEXT() REPRESENTATION_CONTEXT('2D SPACE',''
  ) );
#3798 = ADVANCED_FACE('',(#3799),#3657,.T.);
#3799 = FACE_BOUND('',#3800,.T.);
#3800 = EDGE_LOOP('',(#3801));
#3801 = ORIENTED_EDGE('',*,*,#3642,.T.);
#3802 = ADVANCED_FACE('',(#3803),#3590,.T.);
#3803 = FACE_BOUND('',#3804,.T.);
#3804 = EDGE_LOOP('',(#3805,#3806,#3832));
#3805 = ORIENTED_EDGE('',*,*,#3670,.T.);
#3806 = ORIENTED_EDGE('',*,*,#3807,.F.);
#3807 = EDGE_CURVE('',#3539,#3671,#3808,.T.);
#3808 = SURFACE_CURVE('',#3809,(#3814,#3825),.PCURVE_S1.);
#3809 = CIRCLE('',#3810,2.4);
#3810 = AXIS2_PLACEMENT_3D('',#3811,#3812,#3813);
#3811 = CARTESIAN_POINT('',(73.551539727703,178.41430970027,37.2));
#3812 = DIRECTION('',(0.,-0.,-1.));
#3813 = DIRECTION('',(8.000813734566E-02,-0.996794210436,0.));
#3814 = PCURVE('',#3590,#3815);
#3815 = DEFINITIONAL_REPRESENTATION('',(#3816),#3824);
#3816 = ( BOUNDED_CURVE() B_SPLINE_CURVE(2,(#3817,#3818,#3819,#3820,
#3821,#3822,#3823),.UNSPECIFIED.,.T.,.F.) B_SPLINE_CURVE_WITH_KNOTS((1,2
    ,2,2,2,1),(-2.094395102393,0.,2.094395102393,4.188790204786,
6.28318530718,8.377580409573),.UNSPECIFIED.) CURVE() 
GEOMETRIC_REPRESENTATION_ITEM() RATIONAL_B_SPLINE_CURVE((1.,0.5,1.,0.5,
1.,0.5,1.)) REPRESENTATION_ITEM('') );
#3817 = CARTESIAN_POINT('',(-1.263345288075,2.040578026712));
#3818 = CARTESIAN_POINT('',(2.271039530998,4.228756253161));
#3819 = CARTESIAN_POINT('',(2.398865053574,7.380009986873E-02));
#3820 = CARTESIAN_POINT('',(2.52669057615,-4.081156053423));
#3821 = CARTESIAN_POINT('',(-1.135519765499,-2.11437812658));
#3822 = CARTESIAN_POINT('',(-4.797730107148,-0.147600199737));
#3823 = CARTESIAN_POINT('',(-1.263345288075,2.040578026712));
#3824 = ( GEOMETRIC_REPRESENTATION_CONTEXT(2) 
PARAMETRIC_REPRESENTATION_CONTEXT() REPRESENTATION_CONTEXT('2D SPACE',''
  ) );
#3825 = PCURVE('',#3493,#3826);
#3826 = DEFINITIONAL_REPRESENTATION('',(#3827),#3831);
#3827 = LINE('',#3828,#3829);
#3828 = CARTESIAN_POINT('',(-8.408335299275,-2.4));
#3829 = VECTOR('',#3830,1.);
#3830 = DIRECTION('',(1.,-0.));
#3831 = ( GEOMETRIC_REPRESENTATION_CONTEXT(2) 
PARAMETRIC_REPRESENTATION_CONTEXT() REPRESENTATION_CONTEXT('2D SPACE',''
  ) );
#3832 = ORIENTED_EDGE('',*,*,#3538,.T.);
#3833 = ADVANCED_FACE('',(#3834),#3493,.T.);
#3834 = FACE_BOUND('',#3835,.F.);
#3835 = EDGE_LOOP('',(#3836,#3837,#3838,#3839));
#3836 = ORIENTED_EDGE('',*,*,#3807,.F.);
#3837 = ORIENTED_EDGE('',*,*,#3772,.T.);
#3838 = ORIENTED_EDGE('',*,*,#3465,.T.);
#3839 = ORIENTED_EDGE('',*,*,#3744,.F.);
#3840 = MANIFOLD_SOLID_BREP('',#3841);
#3841 = CLOSED_SHELL('',(#3842,#3915,#4179,#4183,#4214));
#3842 = ADVANCED_FACE('',(#3843),#3858,.F.);
#3843 = FACE_BOUND('',#3844,.F.);
#3844 = EDGE_LOOP('',(#3845,#3885));
#3845 = ORIENTED_EDGE('',*,*,#3846,.F.);
#3846 = EDGE_CURVE('',#3847,#3849,#3851,.T.);
#3847 = VERTEX_POINT('',#3848);
#3848 = CARTESIAN_POINT('',(29.281192021556,419.35399596946,34.8));
#3849 = VERTEX_POINT('',#3850);
#3850 = CARTESIAN_POINT('',(33.304791451678,418.67100083162,34.8));
#3851 = SURFACE_CURVE('',#3852,(#3857,#3873),.PCURVE_S1.);
#3852 = CIRCLE('',#3853,2.4);
#3853 = AXIS2_PLACEMENT_3D('',#3854,#3855,#3856);
#3854 = CARTESIAN_POINT('',(31.504416802915,420.25802670542,34.8));
#3855 = DIRECTION('',(-0.,0.,-1.));
#3856 = DIRECTION('',(-0.9263436589,-0.376679473314,0.));
#3857 = PCURVE('',#3858,#3863);
#3858 = PLANE('',#3859);
#3859 = AXIS2_PLACEMENT_3D('',#3860,#3861,#3862);
#3860 = CARTESIAN_POINT('',(30.647354579985,415.20897894401,34.8));
#3861 = DIRECTION('',(0.,0.,1.));
#3862 = DIRECTION('',(0.167353350104,0.985896980525,0.));
#3863 = DEFINITIONAL_REPRESENTATION('',(#3864),#3872);
#3864 = ( BOUNDED_CURVE() B_SPLINE_CURVE(2,(#3865,#3866,#3867,#3868,
#3869,#3870,#3871),.UNSPECIFIED.,.T.,.F.) B_SPLINE_CURVE_WITH_KNOTS((1,2
    ,2,2,2,1),(-2.094395102393,0.,2.094395102393,4.188790204786,
6.28318530718,8.377580409573),.UNSPECIFIED.) CURVE() 
GEOMETRIC_REPRESENTATION_ITEM() RATIONAL_B_SPLINE_CURVE((1.,0.5,1.,0.5,
1.,0.5,1.)) REPRESENTATION_ITEM('') );
#3865 = CARTESIAN_POINT('',(3.857927888683,2.040578026712));
#3866 = CARTESIAN_POINT('',(7.392312707756,4.228756253161));
#3867 = CARTESIAN_POINT('',(7.520138230332,7.380009986871E-02));
#3868 = CARTESIAN_POINT('',(7.647963752908,-4.081156053423));
#3869 = CARTESIAN_POINT('',(3.985753411259,-2.11437812658));
#3870 = CARTESIAN_POINT('',(0.32354306961,-0.147600199737));
#3871 = CARTESIAN_POINT('',(3.857927888683,2.040578026712));
#3872 = ( GEOMETRIC_REPRESENTATION_CONTEXT(2) 
PARAMETRIC_REPRESENTATION_CONTEXT() REPRESENTATION_CONTEXT('2D SPACE',''
  ) );
#3873 = PCURVE('',#3874,#3879);
#3874 = CYLINDRICAL_SURFACE('',#3875,2.4);
#3875 = AXIS2_PLACEMENT_3D('',#3876,#3877,#3878);
#3876 = CARTESIAN_POINT('',(31.504416802915,420.25802670542,34.8));
#3877 = DIRECTION('',(0.,-0.,-1.));
#3878 = DIRECTION('',(0.167353350104,0.985896980525,0.));
#3879 = DEFINITIONAL_REPRESENTATION('',(#3880),#3884);
#3880 = LINE('',#3881,#3882);
#3881 = CARTESIAN_POINT('',(-8.408335299275,0.));
#3882 = VECTOR('',#3883,1.);
#3883 = DIRECTION('',(1.,-0.));
#3884 = ( GEOMETRIC_REPRESENTATION_CONTEXT(2) 
PARAMETRIC_REPRESENTATION_CONTEXT() REPRESENTATION_CONTEXT('2D SPACE',''
  ) );
#3885 = ORIENTED_EDGE('',*,*,#3886,.T.);
#3886 = EDGE_CURVE('',#3847,#3849,#3887,.T.);
#3887 = SURFACE_CURVE('',#3888,(#3893,#3900),.PCURVE_S1.);
#3888 = ELLIPSE('',#3889,5.5,3.2);
#3889 = AXIS2_PLACEMENT_3D('',#3890,#3891,#3892);
#3890 = CARTESIAN_POINT('',(30.583973377341,414.83559331253,34.8));
#3891 = DIRECTION('',(0.,-0.,1.));
#3892 = DIRECTION('',(0.167353350104,0.985896980525,0.));
#3893 = PCURVE('',#3858,#3894);
#3894 = DEFINITIONAL_REPRESENTATION('',(#3895),#3899);
#3895 = ELLIPSE('',#3896,5.5,3.2);
#3896 = AXIS2_PLACEMENT_2D('',#3897,#3898);
#3897 = CARTESIAN_POINT('',(-0.378726823242,-2.289834988289E-15));
#3898 = DIRECTION('',(1.,0.));
#3899 = ( GEOMETRIC_REPRESENTATION_CONTEXT(2) 
PARAMETRIC_REPRESENTATION_CONTEXT() REPRESENTATION_CONTEXT('2D SPACE',''
  ) );
#3900 = PCURVE('',#3901,#3909);
#3901 = SURFACE_OF_LINEAR_EXTRUSION('',#3902,#3907);
#3902 = ELLIPSE('',#3903,5.5,3.2);
#3903 = AXIS2_PLACEMENT_3D('',#3904,#3905,#3906);
#3904 = CARTESIAN_POINT('',(30.583973377341,414.83559331253,34.8));
#3905 = DIRECTION('',(0.,-0.,1.));
#3906 = DIRECTION('',(0.167353350104,0.985896980525,0.));
#3907 = VECTOR('',#3908,1.);
#3908 = DIRECTION('',(0.,-0.,-1.));
#3909 = DEFINITIONAL_REPRESENTATION('',(#3910),#3914);
#3910 = LINE('',#3911,#3912);
#3911 = CARTESIAN_POINT('',(0.,0.));
#3912 = VECTOR('',#3913,1.);
#3913 = DIRECTION('',(1.,0.));
#3914 = ( GEOMETRIC_REPRESENTATION_CONTEXT(2) 
PARAMETRIC_REPRESENTATION_CONTEXT() REPRESENTATION_CONTEXT('2D SPACE',''
  ) );
#3915 = ADVANCED_FACE('',(#3916),#3901,.F.);
#3916 = FACE_BOUND('',#3917,.F.);
#3917 = EDGE_LOOP('',(#3918,#3999,#4022,#4049,#4050,#4124,#4151,#4152));
#3918 = ORIENTED_EDGE('',*,*,#3919,.T.);
#3919 = EDGE_CURVE('',#3920,#3922,#3924,.T.);
#3920 = VERTEX_POINT('',#3921);
#3921 = CARTESIAN_POINT('',(29.281192021556,419.35399596946,37.2));
#3922 = VERTEX_POINT('',#3923);
#3923 = CARTESIAN_POINT('',(31.504416802915,420.25802670542,37.2));
#3924 = SURFACE_CURVE('',#3925,(#3946,#3970),.PCURVE_S1.);
#3925 = B_SPLINE_CURVE_WITH_KNOTS('',7,(#3926,#3927,#3928,#3929,#3930,
    #3931,#3932,#3933,#3934,#3935,#3936,#3937,#3938,#3939,#3940,#3941,
    #3942,#3943,#3944,#3945),.UNSPECIFIED.,.F.,.F.,(8,6,6,8),(0.,
    0.552559536359,0.720455681449,1.),.UNSPECIFIED.);
#3926 = CARTESIAN_POINT('',(28.826636724074,418.82384391738,37.2));
#3927 = CARTESIAN_POINT('',(28.979473904387,419.02816766762,37.2));
#3928 = CARTESIAN_POINT('',(29.142657206466,419.22392839514,37.2));
#3929 = CARTESIAN_POINT('',(29.317011402547,419.41004300514,37.2));
#3930 = CARTESIAN_POINT('',(29.503193844428,419.58444189085,37.2));
#3931 = CARTESIAN_POINT('',(29.701599202555,419.74414029926,37.2));
#3932 = CARTESIAN_POINT('',(29.912243844381,419.88536886925,37.2));
#3933 = CARTESIAN_POINT('',(30.202449492952,420.03932496081,37.2));
#3934 = CARTESIAN_POINT('',(30.271144181963,420.07304601201,37.2));
#3935 = CARTESIAN_POINT('',(30.340873574862,420.10447301671,37.2));
#3936 = CARTESIAN_POINT('',(30.411592955862,420.13345898284,37.2));
#3937 = CARTESIAN_POINT('',(30.483241092291,420.15985186324,37.2));
#3938 = CARTESIAN_POINT('',(30.555738437192,420.18349956881,37.2));
#3939 = CARTESIAN_POINT('',(30.750940206232,420.23881240287,37.2));
#3940 = CARTESIAN_POINT('',(30.87504206657,420.2653720138,37.2));
#3941 = CARTESIAN_POINT('',(31.000727851971,420.28320956005,37.2));
#3942 = CARTESIAN_POINT('',(31.127331855171,420.29170851419,37.2));
#3943 = CARTESIAN_POINT('',(31.254083292977,420.29041498215,37.2));
#3944 = CARTESIAN_POINT('',(31.380105508164,420.27912821201,37.2));
#3945 = CARTESIAN_POINT('',(31.504416802915,420.25802670542,37.2));
#3946 = PCURVE('',#3901,#3947);
#3947 = DEFINITIONAL_REPRESENTATION('',(#3948),#3969);
#3948 = B_SPLINE_CURVE_WITH_KNOTS('',7,(#3949,#3950,#3951,#3952,#3953,
    #3954,#3955,#3956,#3957,#3958,#3959,#3960,#3961,#3962,#3963,#3964,
    #3965,#3966,#3967,#3968),.UNSPECIFIED.,.F.,.F.,(8,6,6,8),(0.,
    0.552559536359,0.720455681449,1.),.UNSPECIFIED.);
#3949 = CARTESIAN_POINT('',(0.848062078981,-2.4));
#3950 = CARTESIAN_POINT('',(0.793026931694,-2.4));
#3951 = CARTESIAN_POINT('',(0.736502369158,-2.4));
#3952 = CARTESIAN_POINT('',(0.678136931915,-2.4));
#3953 = CARTESIAN_POINT('',(0.617651192439,-2.4));
#3954 = CARTESIAN_POINT('',(0.554796617121,-2.4));
#3955 = CARTESIAN_POINT('',(0.489341230955,-2.4));
#3956 = CARTESIAN_POINT('',(0.400199739816,-2.4));
#3957 = CARTESIAN_POINT('',(0.379168469842,-2.4));
#3958 = CARTESIAN_POINT('',(0.357877333988,-2.4));
#3959 = CARTESIAN_POINT('',(0.336326859425,-2.4));
#3960 = CARTESIAN_POINT('',(0.314520863137,-2.4));
#3961 = CARTESIAN_POINT('',(0.292466942891,-2.4));
#3962 = CARTESIAN_POINT('',(0.233064527184,-2.4));
#3963 = CARTESIAN_POINT('',(0.1952767556,-2.4));
#3964 = CARTESIAN_POINT('',(0.156899874792,-2.4));
#3965 = CARTESIAN_POINT('',(0.11803864707,-2.4));
#3966 = CARTESIAN_POINT('',(7.881976378659E-02,-2.4));
#3967 = CARTESIAN_POINT('',(3.94029806125E-02,-2.4));
#3968 = CARTESIAN_POINT('',(0.,-2.4));
#3969 = ( GEOMETRIC_REPRESENTATION_CONTEXT(2) 
PARAMETRIC_REPRESENTATION_CONTEXT() REPRESENTATION_CONTEXT('2D SPACE',''
  ) );
#3970 = PCURVE('',#3971,#3976);
#3971 = PLANE('',#3972);
#3972 = AXIS2_PLACEMENT_3D('',#3973,#3974,#3975);
#3973 = CARTESIAN_POINT('',(31.504416802915,420.25802670542,37.2));
#3974 = DIRECTION('',(0.,0.,1.));
#3975 = DIRECTION('',(0.167353350104,0.985896980525,0.));
#3976 = DEFINITIONAL_REPRESENTATION('',(#3977),#3998);
#3977 = B_SPLINE_CURVE_WITH_KNOTS('',7,(#3978,#3979,#3980,#3981,#3982,
    #3983,#3984,#3985,#3986,#3987,#3988,#3989,#3990,#3991,#3992,#3993,
    #3994,#3995,#3996,#3997),.UNSPECIFIED.,.F.,.F.,(8,6,6,8),(0.,
    0.552559536359,0.720455681449,1.),.UNSPECIFIED.);
#3978 = CARTESIAN_POINT('',(-1.862091947286,2.4));
#3979 = CARTESIAN_POINT('',(-1.635071964724,2.283512549527));
#3980 = CARTESIAN_POINT('',(-1.414762782279,2.155391838303));
#3981 = CARTESIAN_POINT('',(-1.202094191427,2.014643466332));
#3982 = CARTESIAN_POINT('',(-0.998996601215,1.860272996834));
#3983 = CARTESIAN_POINT('',(-0.808346621214,1.691391816989));
#3984 = CARTESIAN_POINT('',(-0.633857714,1.507352974968));
#3985 = CARTESIAN_POINT('',(-0.433505980689,1.247005170003));
#3986 = CARTESIAN_POINT('',(-0.38876421179,1.184922614416));
#3987 = CARTESIAN_POINT('',(-0.346110975252,1.121436031022));
#3988 = CARTESIAN_POINT('',(-0.305698673436,1.056564905368));
#3989 = CARTESIAN_POINT('',(-0.267687456687,0.990344160955));
#3990 = CARTESIAN_POINT('',(-0.23224058162,0.922826770272));
#3991 = CARTESIAN_POINT('',(-0.145040155545,0.739634723665));
#3992 = CARTESIAN_POINT('',(-9.80862532378E-02,0.621727914147));
#3993 = CARTESIAN_POINT('',(-5.946633300658E-02,0.500799850948));
#3994 = CARTESIAN_POINT('',(-2.989963570758E-02,0.377403674919));
#3995 = CARTESIAN_POINT('',(-9.962647291275E-03,0.252223338189));
#3996 = CARTESIAN_POINT('',(0.,0.12608953796));
#3997 = CARTESIAN_POINT('',(0.,0.));
#3998 = ( GEOMETRIC_REPRESENTATION_CONTEXT(2) 
PARAMETRIC_REPRESENTATION_CONTEXT() REPRESENTATION_CONTEXT('2D SPACE',''
  ) );
#3999 = ORIENTED_EDGE('',*,*,#4000,.T.);
#4000 = EDGE_CURVE('',#3922,#4001,#4003,.T.);
#4001 = VERTEX_POINT('',#4002);
#4002 = CARTESIAN_POINT('',(31.504416802915,420.25802670542,37.4));
#4003 = SEAM_CURVE('',#4004,(#4008,#4015),.PCURVE_S1.);
#4004 = LINE('',#4005,#4006);
#4005 = CARTESIAN_POINT('',(31.504416802915,420.25802670542,34.8));
#4006 = VECTOR('',#4007,1.);
#4007 = DIRECTION('',(0.,0.,1.));
#4008 = PCURVE('',#3901,#4009);
#4009 = DEFINITIONAL_REPRESENTATION('',(#4010),#4014);
#4010 = LINE('',#4011,#4012);
#4011 = CARTESIAN_POINT('',(6.28318530718,0.));
#4012 = VECTOR('',#4013,1.);
#4013 = DIRECTION('',(0.,-1.));
#4014 = ( GEOMETRIC_REPRESENTATION_CONTEXT(2) 
PARAMETRIC_REPRESENTATION_CONTEXT() REPRESENTATION_CONTEXT('2D SPACE',''
  ) );
#4015 = PCURVE('',#3901,#4016);
#4016 = DEFINITIONAL_REPRESENTATION('',(#4017),#4021);
#4017 = LINE('',#4018,#4019);
#4018 = CARTESIAN_POINT('',(0.,0.));
#4019 = VECTOR('',#4020,1.);
#4020 = DIRECTION('',(0.,-1.));
#4021 = ( GEOMETRIC_REPRESENTATION_CONTEXT(2) 
PARAMETRIC_REPRESENTATION_CONTEXT() REPRESENTATION_CONTEXT('2D SPACE',''
  ) );
#4022 = ORIENTED_EDGE('',*,*,#4023,.T.);
#4023 = EDGE_CURVE('',#4001,#4001,#4024,.T.);
#4024 = SURFACE_CURVE('',#4025,(#4030,#4037),.PCURVE_S1.);
#4025 = ELLIPSE('',#4026,5.5,3.2);
#4026 = AXIS2_PLACEMENT_3D('',#4027,#4028,#4029);
#4027 = CARTESIAN_POINT('',(30.583973377341,414.83559331253,37.4));
#4028 = DIRECTION('',(0.,-0.,1.));
#4029 = DIRECTION('',(0.167353350104,0.985896980525,0.));
#4030 = PCURVE('',#3901,#4031);
#4031 = DEFINITIONAL_REPRESENTATION('',(#4032),#4036);
#4032 = LINE('',#4033,#4034);
#4033 = CARTESIAN_POINT('',(0.,-2.6));
#4034 = VECTOR('',#4035,1.);
#4035 = DIRECTION('',(1.,0.));
#4036 = ( GEOMETRIC_REPRESENTATION_CONTEXT(2) 
PARAMETRIC_REPRESENTATION_CONTEXT() REPRESENTATION_CONTEXT('2D SPACE',''
  ) );
#4037 = PCURVE('',#4038,#4043);
#4038 = PLANE('',#4039);
#4039 = AXIS2_PLACEMENT_3D('',#4040,#4041,#4042);
#4040 = CARTESIAN_POINT('',(30.647354579985,415.20897894401,37.4));
#4041 = DIRECTION('',(0.,0.,1.));
#4042 = DIRECTION('',(0.167353350104,0.985896980525,0.));
#4043 = DEFINITIONAL_REPRESENTATION('',(#4044),#4048);
#4044 = ELLIPSE('',#4045,5.5,3.2);
#4045 = AXIS2_PLACEMENT_2D('',#4046,#4047);
#4046 = CARTESIAN_POINT('',(-0.378726823242,-2.289834988289E-15));
#4047 = DIRECTION('',(1.,0.));
#4048 = ( GEOMETRIC_REPRESENTATION_CONTEXT(2) 
PARAMETRIC_REPRESENTATION_CONTEXT() REPRESENTATION_CONTEXT('2D SPACE',''
  ) );
#4049 = ORIENTED_EDGE('',*,*,#4000,.F.);
#4050 = ORIENTED_EDGE('',*,*,#4051,.T.);
#4051 = EDGE_CURVE('',#3922,#4052,#4054,.T.);
#4052 = VERTEX_POINT('',#4053);
#4053 = CARTESIAN_POINT('',(33.304791451678,418.67100083162,37.2));
#4054 = SURFACE_CURVE('',#4055,(#4076,#4100),.PCURVE_S1.);
#4055 = B_SPLINE_CURVE_WITH_KNOTS('',7,(#4056,#4057,#4058,#4059,#4060,
    #4061,#4062,#4063,#4064,#4065,#4066,#4067,#4068,#4069,#4070,#4071,
    #4072,#4073,#4074,#4075),.UNSPECIFIED.,.F.,.F.,(8,6,6,8),(0.,
    0.279544318551,0.44744046364,1.),.UNSPECIFIED.);
#4056 = CARTESIAN_POINT('',(31.504416802915,420.25802670542,37.2));
#4057 = CARTESIAN_POINT('',(31.628728097666,420.23692519883,37.2));
#4058 = CARTESIAN_POINT('',(31.751415748053,420.20599414091,37.2));
#4059 = CARTESIAN_POINT('',(31.871494142254,420.16538897551,37.2));
#4060 = CARTESIAN_POINT('',(31.988201973765,420.11558849447,37.2));
#4061 = CARTESIAN_POINT('',(32.100961413102,420.05727551523,37.2));
#4062 = CARTESIAN_POINT('',(32.209347487738,419.99125170515,37.2));
#4063 = CARTESIAN_POINT('',(32.375362689909,419.87462326567,37.2));
#4064 = CARTESIAN_POINT('',(32.435995728224,419.82837703705,37.2));
#4065 = CARTESIAN_POINT('',(32.494921255724,419.77981962981,37.2));
#4066 = CARTESIAN_POINT('',(32.552114368535,419.72912086327,37.2));
#4067 = CARTESIAN_POINT('',(32.60756743738,419.67644447374,37.2));
#4068 = CARTESIAN_POINT('',(32.661286756561,419.62194397522,37.2));
#4069 = CARTESIAN_POINT('',(32.884433337594,419.38084772895,37.2));
#4070 = CARTESIAN_POINT('',(33.036675373064,419.17802012543,37.2));
#4071 = CARTESIAN_POINT('',(33.17126890549,418.96179605459,37.2));
#4072 = CARTESIAN_POINT('',(33.28947322313,418.73572833843,37.2));
#4073 = CARTESIAN_POINT('',(33.39264581693,418.50250430528,37.2));
#4074 = CARTESIAN_POINT('',(33.482090159527,418.26386071728,37.2));
#4075 = CARTESIAN_POINT('',(33.558942230595,418.02054783688,37.2));
#4076 = PCURVE('',#3901,#4077);
#4077 = DEFINITIONAL_REPRESENTATION('',(#4078),#4099);
#4078 = B_SPLINE_CURVE_WITH_KNOTS('',7,(#4079,#4080,#4081,#4082,#4083,
    #4084,#4085,#4086,#4087,#4088,#4089,#4090,#4091,#4092,#4093,#4094,
    #4095,#4096,#4097,#4098),.UNSPECIFIED.,.F.,.F.,(8,6,6,8),(0.,
    0.279544318551,0.44744046364,1.),.UNSPECIFIED.);
#4079 = CARTESIAN_POINT('',(6.28318530718,-2.4));
#4080 = CARTESIAN_POINT('',(6.243782326567,-2.4));
#4081 = CARTESIAN_POINT('',(6.204365543393,-2.4));
#4082 = CARTESIAN_POINT('',(6.16514666011,-2.4));
#4083 = CARTESIAN_POINT('',(6.126285432387,-2.4));
#4084 = CARTESIAN_POINT('',(6.08790855158,-2.4));
#4085 = CARTESIAN_POINT('',(6.050120779996,-2.4));
#4086 = CARTESIAN_POINT('',(5.990718364289,-2.4));
#4087 = CARTESIAN_POINT('',(5.968664444043,-2.4));
#4088 = CARTESIAN_POINT('',(5.946858447755,-2.4));
#4089 = CARTESIAN_POINT('',(5.925307973192,-2.4));
#4090 = CARTESIAN_POINT('',(5.904016837338,-2.4));
#4091 = CARTESIAN_POINT('',(5.882985567364,-2.4));
#4092 = CARTESIAN_POINT('',(5.793844076225,-2.4));
#4093 = CARTESIAN_POINT('',(5.728388690059,-2.4));
#4094 = CARTESIAN_POINT('',(5.66553411474,-2.4));
#4095 = CARTESIAN_POINT('',(5.605048375265,-2.4));
#4096 = CARTESIAN_POINT('',(5.546682938022,-2.4));
#4097 = CARTESIAN_POINT('',(5.490158375486,-2.4));
#4098 = CARTESIAN_POINT('',(5.435123228198,-2.4));
#4099 = ( GEOMETRIC_REPRESENTATION_CONTEXT(2) 
PARAMETRIC_REPRESENTATION_CONTEXT() REPRESENTATION_CONTEXT('2D SPACE',''
  ) );
#4100 = PCURVE('',#3971,#4101);
#4101 = DEFINITIONAL_REPRESENTATION('',(#4102),#4123);
#4102 = B_SPLINE_CURVE_WITH_KNOTS('',7,(#4103,#4104,#4105,#4106,#4107,
    #4108,#4109,#4110,#4111,#4112,#4113,#4114,#4115,#4116,#4117,#4118,
    #4119,#4120,#4121,#4122),.UNSPECIFIED.,.F.,.F.,(8,6,6,8),(0.,
    0.279544318551,0.44744046364,1.),.UNSPECIFIED.);
#4103 = CARTESIAN_POINT('',(0.,0.));
#4104 = CARTESIAN_POINT('',(5.684341886081E-14,-0.12608953796));
#4105 = CARTESIAN_POINT('',(-9.962647291161E-03,-0.252223338188));
#4106 = CARTESIAN_POINT('',(-2.989963570752E-02,-0.377403674918));
#4107 = CARTESIAN_POINT('',(-5.946633300653E-02,-0.500799850948));
#4108 = CARTESIAN_POINT('',(-9.808625323762E-02,-0.621727914147));
#4109 = CARTESIAN_POINT('',(-0.145040155545,-0.739634723665));
#4110 = CARTESIAN_POINT('',(-0.23224058162,-0.922826770271));
#4111 = CARTESIAN_POINT('',(-0.267687456687,-0.990344160955));
#4112 = CARTESIAN_POINT('',(-0.305698673436,-1.056564905368));
#4113 = CARTESIAN_POINT('',(-0.346110975252,-1.121436031021));
#4114 = CARTESIAN_POINT('',(-0.38876421179,-1.184922614415));
#4115 = CARTESIAN_POINT('',(-0.433505980688,-1.247005170002));
#4116 = CARTESIAN_POINT('',(-0.633857713999,-1.507352974967));
#4117 = CARTESIAN_POINT('',(-0.808346621214,-1.691391816989));
#4118 = CARTESIAN_POINT('',(-0.998996601215,-1.860272996833));
#4119 = CARTESIAN_POINT('',(-1.202094191427,-2.014643466332));
#4120 = CARTESIAN_POINT('',(-1.414762782279,-2.155391838303));
#4121 = CARTESIAN_POINT('',(-1.635071964724,-2.283512549527));
#4122 = CARTESIAN_POINT('',(-1.862091947286,-2.4));
#4123 = ( GEOMETRIC_REPRESENTATION_CONTEXT(2) 
PARAMETRIC_REPRESENTATION_CONTEXT() REPRESENTATION_CONTEXT('2D SPACE',''
  ) );
#4124 = ORIENTED_EDGE('',*,*,#4125,.T.);
#4125 = EDGE_CURVE('',#4052,#3849,#4126,.T.);
#4126 = SURFACE_CURVE('',#4127,(#4133,#4142),.PCURVE_S1.);
#4127 = B_SPLINE_CURVE_WITH_KNOTS('',4,(#4128,#4129,#4130,#4131,#4132),
  .UNSPECIFIED.,.F.,.F.,(5,5),(0.,1.),.PIECEWISE_BEZIER_KNOTS.);
#4128 = CARTESIAN_POINT('',(33.304791451678,418.67100083162,37.2000006)
  );
#4129 = CARTESIAN_POINT('',(33.304791451678,418.67100083162,36.6000003)
  );
#4130 = CARTESIAN_POINT('',(33.304791451678,418.67100083162,36.));
#4131 = CARTESIAN_POINT('',(33.304791451678,418.67100083162,35.3999997)
  );
#4132 = CARTESIAN_POINT('',(33.304791451678,418.67100083162,34.7999994)
  );
#4133 = PCURVE('',#3901,#4134);
#4134 = DEFINITIONAL_REPRESENTATION('',(#4135),#4141);
#4135 = B_SPLINE_CURVE_WITH_KNOTS('',4,(#4136,#4137,#4138,#4139,#4140),
  .UNSPECIFIED.,.F.,.F.,(5,5),(0.,1.),.PIECEWISE_BEZIER_KNOTS.);
#4136 = CARTESIAN_POINT('',(5.591701796121,-2.4000006));
#4137 = CARTESIAN_POINT('',(5.591701796121,-1.8000003));
#4138 = CARTESIAN_POINT('',(5.591701796121,-1.2));
#4139 = CARTESIAN_POINT('',(5.591701796121,-0.5999997));
#4140 = CARTESIAN_POINT('',(5.591701796121,5.999999999062E-07));
#4141 = ( GEOMETRIC_REPRESENTATION_CONTEXT(2) 
PARAMETRIC_REPRESENTATION_CONTEXT() REPRESENTATION_CONTEXT('2D SPACE',''
  ) );
#4142 = PCURVE('',#3874,#4143);
#4143 = DEFINITIONAL_REPRESENTATION('',(#4144),#4150);
#4144 = B_SPLINE_CURVE_WITH_KNOTS('',4,(#4145,#4146,#4147,#4148,#4149),
  .UNSPECIFIED.,.F.,.F.,(5,5),(0.,1.),.PIECEWISE_BEZIER_KNOTS.);
#4145 = CARTESIAN_POINT('',(-4.158035315084,-2.4000006));
#4146 = CARTESIAN_POINT('',(-4.158035315084,-1.8000003));
#4147 = CARTESIAN_POINT('',(-4.158035315084,-1.2));
#4148 = CARTESIAN_POINT('',(-4.158035315084,-0.5999997));
#4149 = CARTESIAN_POINT('',(-4.158035315084,5.999999999062E-07));
#4150 = ( GEOMETRIC_REPRESENTATION_CONTEXT(2) 
PARAMETRIC_REPRESENTATION_CONTEXT() REPRESENTATION_CONTEXT('2D SPACE',''
  ) );
#4151 = ORIENTED_EDGE('',*,*,#3886,.F.);
#4152 = ORIENTED_EDGE('',*,*,#4153,.F.);
#4153 = EDGE_CURVE('',#3920,#3847,#4154,.T.);
#4154 = SURFACE_CURVE('',#4155,(#4161,#4170),.PCURVE_S1.);
#4155 = B_SPLINE_CURVE_WITH_KNOTS('',4,(#4156,#4157,#4158,#4159,#4160),
  .UNSPECIFIED.,.F.,.F.,(5,5),(0.,1.),.PIECEWISE_BEZIER_KNOTS.);
#4156 = CARTESIAN_POINT('',(29.281192021556,419.35399596946,37.2000006)
  );
#4157 = CARTESIAN_POINT('',(29.281192021556,419.35399596946,36.6000003)
  );
#4158 = CARTESIAN_POINT('',(29.281192021556,419.35399596946,36.));
#4159 = CARTESIAN_POINT('',(29.281192021556,419.35399596946,35.3999997)
  );
#4160 = CARTESIAN_POINT('',(29.281192021556,419.35399596946,34.7999994)
  );
#4161 = PCURVE('',#3901,#4162);
#4162 = DEFINITIONAL_REPRESENTATION('',(#4163),#4169);
#4163 = B_SPLINE_CURVE_WITH_KNOTS('',4,(#4164,#4165,#4166,#4167,#4168),
  .UNSPECIFIED.,.F.,.F.,(5,5),(0.,1.),.PIECEWISE_BEZIER_KNOTS.);
#4164 = CARTESIAN_POINT('',(0.691483511059,-2.4000006));
#4165 = CARTESIAN_POINT('',(0.691483511059,-1.8000003));
#4166 = CARTESIAN_POINT('',(0.691483511059,-1.2));
#4167 = CARTESIAN_POINT('',(0.691483511059,-0.5999997));
#4168 = CARTESIAN_POINT('',(0.691483511059,5.999999999062E-07));
#4169 = ( GEOMETRIC_REPRESENTATION_CONTEXT(2) 
PARAMETRIC_REPRESENTATION_CONTEXT() REPRESENTATION_CONTEXT('2D SPACE',''
  ) );
#4170 = PCURVE('',#3874,#4171);
#4171 = DEFINITIONAL_REPRESENTATION('',(#4172),#4178);
#4172 = B_SPLINE_CURVE_WITH_KNOTS('',4,(#4173,#4174,#4175,#4176,#4177),
  .UNSPECIFIED.,.F.,.F.,(5,5),(0.,1.),.PIECEWISE_BEZIER_KNOTS.);
#4173 = CARTESIAN_POINT('',(-8.408335299275,-2.4000006));
#4174 = CARTESIAN_POINT('',(-8.408335299275,-1.8000003));
#4175 = CARTESIAN_POINT('',(-8.408335299275,-1.2));
#4176 = CARTESIAN_POINT('',(-8.408335299275,-0.5999997));
#4177 = CARTESIAN_POINT('',(-8.408335299275,5.999999999062E-07));
#4178 = ( GEOMETRIC_REPRESENTATION_CONTEXT(2) 
PARAMETRIC_REPRESENTATION_CONTEXT() REPRESENTATION_CONTEXT('2D SPACE',''
  ) );
#4179 = ADVANCED_FACE('',(#4180),#4038,.T.);
#4180 = FACE_BOUND('',#4181,.T.);
#4181 = EDGE_LOOP('',(#4182));
#4182 = ORIENTED_EDGE('',*,*,#4023,.T.);
#4183 = ADVANCED_FACE('',(#4184),#3971,.T.);
#4184 = FACE_BOUND('',#4185,.T.);
#4185 = EDGE_LOOP('',(#4186,#4187,#4213));
#4186 = ORIENTED_EDGE('',*,*,#4051,.T.);
#4187 = ORIENTED_EDGE('',*,*,#4188,.F.);
#4188 = EDGE_CURVE('',#3920,#4052,#4189,.T.);
#4189 = SURFACE_CURVE('',#4190,(#4195,#4206),.PCURVE_S1.);
#4190 = CIRCLE('',#4191,2.4);
#4191 = AXIS2_PLACEMENT_3D('',#4192,#4193,#4194);
#4192 = CARTESIAN_POINT('',(31.504416802915,420.25802670542,37.2));
#4193 = DIRECTION('',(-0.,0.,-1.));
#4194 = DIRECTION('',(-0.9263436589,-0.376679473315,0.));
#4195 = PCURVE('',#3971,#4196);
#4196 = DEFINITIONAL_REPRESENTATION('',(#4197),#4205);
#4197 = ( BOUNDED_CURVE() B_SPLINE_CURVE(2,(#4198,#4199,#4200,#4201,
#4202,#4203,#4204),.UNSPECIFIED.,.T.,.F.) B_SPLINE_CURVE_WITH_KNOTS((1,2
    ,2,2,2,1),(-2.094395102393,0.,2.094395102393,4.188790204786,
6.28318530718,8.377580409573),.UNSPECIFIED.) CURVE() 
GEOMETRIC_REPRESENTATION_ITEM() RATIONAL_B_SPLINE_CURVE((1.,0.5,1.,0.5,
1.,0.5,1.)) REPRESENTATION_ITEM('') );
#4198 = CARTESIAN_POINT('',(-1.263345288075,2.040578026712));
#4199 = CARTESIAN_POINT('',(2.271039530998,4.228756253161));
#4200 = CARTESIAN_POINT('',(2.398865053574,7.380009986873E-02));
#4201 = CARTESIAN_POINT('',(2.52669057615,-4.081156053423));
#4202 = CARTESIAN_POINT('',(-1.135519765499,-2.11437812658));
#4203 = CARTESIAN_POINT('',(-4.797730107148,-0.147600199737));
#4204 = CARTESIAN_POINT('',(-1.263345288075,2.040578026712));
#4205 = ( GEOMETRIC_REPRESENTATION_CONTEXT(2) 
PARAMETRIC_REPRESENTATION_CONTEXT() REPRESENTATION_CONTEXT('2D SPACE',''
  ) );
#4206 = PCURVE('',#3874,#4207);
#4207 = DEFINITIONAL_REPRESENTATION('',(#4208),#4212);
#4208 = LINE('',#4209,#4210);
#4209 = CARTESIAN_POINT('',(-8.408335299275,-2.4));
#4210 = VECTOR('',#4211,1.);
#4211 = DIRECTION('',(1.,-0.));
#4212 = ( GEOMETRIC_REPRESENTATION_CONTEXT(2) 
PARAMETRIC_REPRESENTATION_CONTEXT() REPRESENTATION_CONTEXT('2D SPACE',''
  ) );
#4213 = ORIENTED_EDGE('',*,*,#3919,.T.);
#4214 = ADVANCED_FACE('',(#4215),#3874,.T.);
#4215 = FACE_BOUND('',#4216,.F.);
#4216 = EDGE_LOOP('',(#4217,#4218,#4219,#4220));
#4217 = ORIENTED_EDGE('',*,*,#4188,.F.);
#4218 = ORIENTED_EDGE('',*,*,#4153,.T.);
#4219 = ORIENTED_EDGE('',*,*,#3846,.T.);
#4220 = ORIENTED_EDGE('',*,*,#4125,.F.);
#4221 = MANIFOLD_SOLID_BREP('',#4222);
#4222 = CLOSED_SHELL('',(#4223,#4296,#4560,#4564,#4595));
#4223 = ADVANCED_FACE('',(#4224),#4239,.F.);
#4224 = FACE_BOUND('',#4225,.F.);
#4225 = EDGE_LOOP('',(#4226,#4266));
#4226 = ORIENTED_EDGE('',*,*,#4227,.F.);
#4227 = EDGE_CURVE('',#4228,#4230,#4232,.T.);
#4228 = VERTEX_POINT('',#4229);
#4229 = CARTESIAN_POINT('',(-27.59548465672,419.33510137282,34.8));
#4230 = VERTEX_POINT('',#4231);
#4231 = CARTESIAN_POINT('',(-29.49617529868,422.94663980068,34.8));
#4232 = SURFACE_CURVE('',#4233,(#4238,#4254),.PCURVE_S1.);
#4233 = CIRCLE('',#4234,2.4);
#4234 = AXIS2_PLACEMENT_3D('',#4235,#4236,#4237);
#4235 = CARTESIAN_POINT('',(-29.6638024335,420.55250088582,34.8));
#4236 = DIRECTION('',(0.,-0.,-1.));
#4237 = DIRECTION('',(0.861799073659,-0.507249797082,0.));
#4238 = PCURVE('',#4239,#4244);
#4239 = PLANE('',#4240);
#4240 = AXIS2_PLACEMENT_3D('',#4241,#4242,#4243);
#4241 = CARTESIAN_POINT('',(-25.13183290444,422.9375986068,34.8));
#4242 = DIRECTION('',(0.,0.,1.));
#4243 = DIRECTION('',(-0.884930245398,-0.465723588387,0.));
#4244 = DEFINITIONAL_REPRESENTATION('',(#4245),#4253);
#4245 = ( BOUNDED_CURVE() B_SPLINE_CURVE(2,(#4246,#4247,#4248,#4249,
#4250,#4251,#4252),.UNSPECIFIED.,.T.,.F.) B_SPLINE_CURVE_WITH_KNOTS((1,2
    ,2,2,2,1),(-2.094395102393,0.,2.094395102393,4.188790204786,
6.28318530718,8.377580409573),.UNSPECIFIED.) CURVE() 
GEOMETRIC_REPRESENTATION_ITEM() RATIONAL_B_SPLINE_CURVE((1.,0.5,1.,0.5,
1.,0.5,1.)) REPRESENTATION_ITEM('') );
#4246 = CARTESIAN_POINT('',(3.857927888683,2.040578026712));
#4247 = CARTESIAN_POINT('',(7.392312707756,4.228756253161));
#4248 = CARTESIAN_POINT('',(7.520138230332,7.380009986876E-02));
#4249 = CARTESIAN_POINT('',(7.647963752908,-4.081156053423));
#4250 = CARTESIAN_POINT('',(3.985753411259,-2.11437812658));
#4251 = CARTESIAN_POINT('',(0.32354306961,-0.147600199737));
#4252 = CARTESIAN_POINT('',(3.857927888683,2.040578026712));
#4253 = ( GEOMETRIC_REPRESENTATION_CONTEXT(2) 
PARAMETRIC_REPRESENTATION_CONTEXT() REPRESENTATION_CONTEXT('2D SPACE',''
  ) );
#4254 = PCURVE('',#4255,#4260);
#4255 = CYLINDRICAL_SURFACE('',#4256,2.4);
#4256 = AXIS2_PLACEMENT_3D('',#4257,#4258,#4259);
#4257 = CARTESIAN_POINT('',(-29.6638024335,420.55250088582,34.8));
#4258 = DIRECTION('',(0.,0.,-1.));
#4259 = DIRECTION('',(-0.884930245398,-0.465723588387,0.));
#4260 = DEFINITIONAL_REPRESENTATION('',(#4261),#4265);
#4261 = LINE('',#4262,#4263);
#4262 = CARTESIAN_POINT('',(-8.408335299275,0.));
#4263 = VECTOR('',#4264,1.);
#4264 = DIRECTION('',(1.,-0.));
#4265 = ( GEOMETRIC_REPRESENTATION_CONTEXT(2) 
PARAMETRIC_REPRESENTATION_CONTEXT() REPRESENTATION_CONTEXT('2D SPACE',''
  ) );
#4266 = ORIENTED_EDGE('',*,*,#4267,.T.);
#4267 = EDGE_CURVE('',#4228,#4230,#4268,.T.);
#4268 = SURFACE_CURVE('',#4269,(#4274,#4281),.PCURVE_S1.);
#4269 = ELLIPSE('',#4270,5.5,3.2);
#4270 = AXIS2_PLACEMENT_3D('',#4271,#4272,#4273);
#4271 = CARTESIAN_POINT('',(-24.79668608381,423.11398062194,34.8));
#4272 = DIRECTION('',(0.,0.,1.));
#4273 = DIRECTION('',(-0.884930245398,-0.465723588387,0.));
#4274 = PCURVE('',#4239,#4275);
#4275 = DEFINITIONAL_REPRESENTATION('',(#4276),#4280);
#4276 = ELLIPSE('',#4277,5.5,3.2);
#4277 = AXIS2_PLACEMENT_2D('',#4278,#4279);
#4278 = CARTESIAN_POINT('',(-0.378726823242,2.528532938584E-14));
#4279 = DIRECTION('',(1.,0.));
#4280 = ( GEOMETRIC_REPRESENTATION_CONTEXT(2) 
PARAMETRIC_REPRESENTATION_CONTEXT() REPRESENTATION_CONTEXT('2D SPACE',''
  ) );
#4281 = PCURVE('',#4282,#4290);
#4282 = SURFACE_OF_LINEAR_EXTRUSION('',#4283,#4288);
#4283 = ELLIPSE('',#4284,5.5,3.2);
#4284 = AXIS2_PLACEMENT_3D('',#4285,#4286,#4287);
#4285 = CARTESIAN_POINT('',(-24.79668608381,423.11398062194,34.8));
#4286 = DIRECTION('',(0.,0.,1.));
#4287 = DIRECTION('',(-0.884930245398,-0.465723588387,0.));
#4288 = VECTOR('',#4289,1.);
#4289 = DIRECTION('',(0.,0.,-1.));
#4290 = DEFINITIONAL_REPRESENTATION('',(#4291),#4295);
#4291 = LINE('',#4292,#4293);
#4292 = CARTESIAN_POINT('',(0.,0.));
#4293 = VECTOR('',#4294,1.);
#4294 = DIRECTION('',(1.,0.));
#4295 = ( GEOMETRIC_REPRESENTATION_CONTEXT(2) 
PARAMETRIC_REPRESENTATION_CONTEXT() REPRESENTATION_CONTEXT('2D SPACE',''
  ) );
#4296 = ADVANCED_FACE('',(#4297),#4282,.F.);
#4297 = FACE_BOUND('',#4298,.F.);
#4298 = EDGE_LOOP('',(#4299,#4380,#4403,#4430,#4431,#4505,#4532,#4533));
#4299 = ORIENTED_EDGE('',*,*,#4300,.T.);
#4300 = EDGE_CURVE('',#4301,#4303,#4305,.T.);
#4301 = VERTEX_POINT('',#4302);
#4302 = CARTESIAN_POINT('',(-27.59548465672,419.33510137282,37.2));
#4303 = VERTEX_POINT('',#4304);
#4304 = CARTESIAN_POINT('',(-29.6638024335,420.55250088582,37.2));
#4305 = SURFACE_CURVE('',#4306,(#4327,#4351),.PCURVE_S1.);
#4306 = B_SPLINE_CURVE_WITH_KNOTS('',7,(#4307,#4308,#4309,#4310,#4311,
    #4312,#4313,#4314,#4315,#4316,#4317,#4318,#4319,#4320,#4321,#4322,
    #4323,#4324,#4325,#4326),.UNSPECIFIED.,.F.,.F.,(8,6,6,8),(0.,
    0.552559536359,0.720455681449,1.),.UNSPECIFIED.);
#4307 = CARTESIAN_POINT('',(-26.8982443375,419.29588844046,37.2));
#4308 = CARTESIAN_POINT('',(-27.15339213982,419.29324314767,37.2));
#4309 = CARTESIAN_POINT('',(-27.40801923608,419.3040178571,37.2));
#4310 = CARTESIAN_POINT('',(-27.66176594123,419.32952556917,37.2));
#4311 = CARTESIAN_POINT('',(-27.91338711057,419.37154532812,37.2));
#4312 = CARTESIAN_POINT('',(-28.16075099324,419.43220319923,37.2));
#4313 = CARTESIAN_POINT('',(-28.40087273463,419.51380113687,37.2));
#4314 = CARTESIAN_POINT('',(-28.69942015711,419.65088225563,37.2));
#4315 = CARTESIAN_POINT('',(-28.76792681221,419.68498368961,37.2));
#4316 = CARTESIAN_POINT('',(-28.83523915072,419.72130026906,37.2));
#4317 = CARTESIAN_POINT('',(-28.9012132323,419.75988572799,37.2));
#4318 = CARTESIAN_POINT('',(-28.96569107038,419.80078374733,37.2));
#4319 = CARTESIAN_POINT('',(-29.0285035237,419.84402348258,37.2));
#4320 = CARTESIAN_POINT('',(-29.19098667546,419.96552437,37.2));
#4321 = CARTESIAN_POINT('',(-29.28744958617,420.04799613201,37.2));
#4322 = CARTESIAN_POINT('',(-29.37794457319,420.13702282482,37.2));
#4323 = CARTESIAN_POINT('',(-29.46157754778,420.23244992479,37.2));
#4324 = CARTESIAN_POINT('',(-29.53751982745,420.3339406651,37.2));
#4325 = CARTESIAN_POINT('',(-29.60507956142,420.44092044005,37.2));
#4326 = CARTESIAN_POINT('',(-29.6638024335,420.55250088582,37.2));
#4327 = PCURVE('',#4282,#4328);
#4328 = DEFINITIONAL_REPRESENTATION('',(#4329),#4350);
#4329 = B_SPLINE_CURVE_WITH_KNOTS('',7,(#4330,#4331,#4332,#4333,#4334,
    #4335,#4336,#4337,#4338,#4339,#4340,#4341,#4342,#4343,#4344,#4345,
    #4346,#4347,#4348,#4349),.UNSPECIFIED.,.F.,.F.,(8,6,6,8),(0.,
    0.552559536359,0.720455681449,1.),.UNSPECIFIED.);
#4330 = CARTESIAN_POINT('',(0.848062078981,-2.4));
#4331 = CARTESIAN_POINT('',(0.793026931694,-2.4));
#4332 = CARTESIAN_POINT('',(0.736502369158,-2.4));
#4333 = CARTESIAN_POINT('',(0.678136931915,-2.4));
#4334 = CARTESIAN_POINT('',(0.617651192439,-2.4));
#4335 = CARTESIAN_POINT('',(0.554796617121,-2.4));
#4336 = CARTESIAN_POINT('',(0.489341230955,-2.4));
#4337 = CARTESIAN_POINT('',(0.400199739816,-2.4));
#4338 = CARTESIAN_POINT('',(0.379168469842,-2.4));
#4339 = CARTESIAN_POINT('',(0.357877333988,-2.4));
#4340 = CARTESIAN_POINT('',(0.336326859425,-2.4));
#4341 = CARTESIAN_POINT('',(0.314520863137,-2.4));
#4342 = CARTESIAN_POINT('',(0.292466942891,-2.4));
#4343 = CARTESIAN_POINT('',(0.233064527184,-2.4));
#4344 = CARTESIAN_POINT('',(0.1952767556,-2.4));
#4345 = CARTESIAN_POINT('',(0.156899874792,-2.4));
#4346 = CARTESIAN_POINT('',(0.11803864707,-2.4));
#4347 = CARTESIAN_POINT('',(7.881976378659E-02,-2.4));
#4348 = CARTESIAN_POINT('',(3.94029806125E-02,-2.4));
#4349 = CARTESIAN_POINT('',(0.,-2.4));
#4350 = ( GEOMETRIC_REPRESENTATION_CONTEXT(2) 
PARAMETRIC_REPRESENTATION_CONTEXT() REPRESENTATION_CONTEXT('2D SPACE',''
  ) );
#4351 = PCURVE('',#4352,#4357);
#4352 = PLANE('',#4353);
#4353 = AXIS2_PLACEMENT_3D('',#4354,#4355,#4356);
#4354 = CARTESIAN_POINT('',(-29.6638024335,420.55250088582,37.2));
#4355 = DIRECTION('',(0.,0.,1.));
#4356 = DIRECTION('',(-0.884930245398,-0.465723588387,0.));
#4357 = DEFINITIONAL_REPRESENTATION('',(#4358),#4379);
#4358 = B_SPLINE_CURVE_WITH_KNOTS('',7,(#4359,#4360,#4361,#4362,#4363,
    #4364,#4365,#4366,#4367,#4368,#4369,#4370,#4371,#4372,#4373,#4374,
    #4375,#4376,#4377,#4378),.UNSPECIFIED.,.F.,.F.,(8,6,6,8),(0.,
    0.552559536359,0.720455681449,1.),.UNSPECIFIED.);
#4359 = CARTESIAN_POINT('',(-1.862091947286,2.4));
#4360 = CARTESIAN_POINT('',(-1.635071964724,2.283512549527));
#4361 = CARTESIAN_POINT('',(-1.414762782279,2.155391838303));
#4362 = CARTESIAN_POINT('',(-1.202094191427,2.014643466332));
#4363 = CARTESIAN_POINT('',(-0.998996601215,1.860272996834));
#4364 = CARTESIAN_POINT('',(-0.808346621214,1.691391816989));
#4365 = CARTESIAN_POINT('',(-0.633857714,1.507352974968));
#4366 = CARTESIAN_POINT('',(-0.433505980689,1.247005170003));
#4367 = CARTESIAN_POINT('',(-0.38876421179,1.184922614416));
#4368 = CARTESIAN_POINT('',(-0.346110975252,1.121436031022));
#4369 = CARTESIAN_POINT('',(-0.305698673436,1.056564905368));
#4370 = CARTESIAN_POINT('',(-0.267687456687,0.990344160955));
#4371 = CARTESIAN_POINT('',(-0.23224058162,0.922826770272));
#4372 = CARTESIAN_POINT('',(-0.145040155545,0.739634723665));
#4373 = CARTESIAN_POINT('',(-9.80862532378E-02,0.621727914147));
#4374 = CARTESIAN_POINT('',(-5.946633300658E-02,0.500799850948));
#4375 = CARTESIAN_POINT('',(-2.989963570752E-02,0.377403674918));
#4376 = CARTESIAN_POINT('',(-9.962647291246E-03,0.252223338189));
#4377 = CARTESIAN_POINT('',(2.84217094304E-14,0.12608953796));
#4378 = CARTESIAN_POINT('',(0.,0.));
#4379 = ( GEOMETRIC_REPRESENTATION_CONTEXT(2) 
PARAMETRIC_REPRESENTATION_CONTEXT() REPRESENTATION_CONTEXT('2D SPACE',''
  ) );
#4380 = ORIENTED_EDGE('',*,*,#4381,.T.);
#4381 = EDGE_CURVE('',#4303,#4382,#4384,.T.);
#4382 = VERTEX_POINT('',#4383);
#4383 = CARTESIAN_POINT('',(-29.6638024335,420.55250088582,37.4));
#4384 = SEAM_CURVE('',#4385,(#4389,#4396),.PCURVE_S1.);
#4385 = LINE('',#4386,#4387);
#4386 = CARTESIAN_POINT('',(-29.6638024335,420.55250088582,34.8));
#4387 = VECTOR('',#4388,1.);
#4388 = DIRECTION('',(0.,0.,1.));
#4389 = PCURVE('',#4282,#4390);
#4390 = DEFINITIONAL_REPRESENTATION('',(#4391),#4395);
#4391 = LINE('',#4392,#4393);
#4392 = CARTESIAN_POINT('',(6.28318530718,0.));
#4393 = VECTOR('',#4394,1.);
#4394 = DIRECTION('',(0.,-1.));
#4395 = ( GEOMETRIC_REPRESENTATION_CONTEXT(2) 
PARAMETRIC_REPRESENTATION_CONTEXT() REPRESENTATION_CONTEXT('2D SPACE',''
  ) );
#4396 = PCURVE('',#4282,#4397);
#4397 = DEFINITIONAL_REPRESENTATION('',(#4398),#4402);
#4398 = LINE('',#4399,#4400);
#4399 = CARTESIAN_POINT('',(0.,0.));
#4400 = VECTOR('',#4401,1.);
#4401 = DIRECTION('',(0.,-1.));
#4402 = ( GEOMETRIC_REPRESENTATION_CONTEXT(2) 
PARAMETRIC_REPRESENTATION_CONTEXT() REPRESENTATION_CONTEXT('2D SPACE',''
  ) );
#4403 = ORIENTED_EDGE('',*,*,#4404,.T.);
#4404 = EDGE_CURVE('',#4382,#4382,#4405,.T.);
#4405 = SURFACE_CURVE('',#4406,(#4411,#4418),.PCURVE_S1.);
#4406 = ELLIPSE('',#4407,5.5,3.2);
#4407 = AXIS2_PLACEMENT_3D('',#4408,#4409,#4410);
#4408 = CARTESIAN_POINT('',(-24.79668608381,423.11398062194,37.4));
#4409 = DIRECTION('',(0.,0.,1.));
#4410 = DIRECTION('',(-0.884930245398,-0.465723588387,0.));
#4411 = PCURVE('',#4282,#4412);
#4412 = DEFINITIONAL_REPRESENTATION('',(#4413),#4417);
#4413 = LINE('',#4414,#4415);
#4414 = CARTESIAN_POINT('',(0.,-2.6));
#4415 = VECTOR('',#4416,1.);
#4416 = DIRECTION('',(1.,0.));
#4417 = ( GEOMETRIC_REPRESENTATION_CONTEXT(2) 
PARAMETRIC_REPRESENTATION_CONTEXT() REPRESENTATION_CONTEXT('2D SPACE',''
  ) );
#4418 = PCURVE('',#4419,#4424);
#4419 = PLANE('',#4420);
#4420 = AXIS2_PLACEMENT_3D('',#4421,#4422,#4423);
#4421 = CARTESIAN_POINT('',(-25.13183290444,422.9375986068,37.4));
#4422 = DIRECTION('',(0.,0.,1.));
#4423 = DIRECTION('',(-0.884930245398,-0.465723588387,0.));
#4424 = DEFINITIONAL_REPRESENTATION('',(#4425),#4429);
#4425 = ELLIPSE('',#4426,5.5,3.2);
#4426 = AXIS2_PLACEMENT_2D('',#4427,#4428);
#4427 = CARTESIAN_POINT('',(-0.378726823242,2.528532938584E-14));
#4428 = DIRECTION('',(1.,0.));
#4429 = ( GEOMETRIC_REPRESENTATION_CONTEXT(2) 
PARAMETRIC_REPRESENTATION_CONTEXT() REPRESENTATION_CONTEXT('2D SPACE',''
  ) );
#4430 = ORIENTED_EDGE('',*,*,#4381,.F.);
#4431 = ORIENTED_EDGE('',*,*,#4432,.T.);
#4432 = EDGE_CURVE('',#4303,#4433,#4435,.T.);
#4433 = VERTEX_POINT('',#4434);
#4434 = CARTESIAN_POINT('',(-29.49617529868,422.94663980068,37.2));
#4435 = SURFACE_CURVE('',#4436,(#4457,#4481),.PCURVE_S1.);
#4436 = B_SPLINE_CURVE_WITH_KNOTS('',7,(#4437,#4438,#4439,#4440,#4441,
    #4442,#4443,#4444,#4445,#4446,#4447,#4448,#4449,#4450,#4451,#4452,
    #4453,#4454,#4455,#4456),.UNSPECIFIED.,.F.,.F.,(8,6,6,8),(0.,
    0.279544318551,0.44744046364,1.),.UNSPECIFIED.);
#4437 = CARTESIAN_POINT('',(-29.6638024335,420.55250088582,37.2));
#4438 = CARTESIAN_POINT('',(-29.72252530557,420.66408133158,37.2));
#4439 = CARTESIAN_POINT('',(-29.77245254372,420.78034078622,37.2));
#4440 = CARTESIAN_POINT('',(-29.81310913529,420.90040177811,37.2));
#4441 = CARTESIAN_POINT('',(-29.84441318048,421.02336869481,37.2));
#4442 = CARTESIAN_POINT('',(-29.86655629653,421.14836780328,37.2));
#4443 = CARTESIAN_POINT('',(-29.87991735066,421.27457464503,37.2));
#4444 = CARTESIAN_POINT('',(-29.88806791352,421.47729812313,37.2));
#4445 = CARTESIAN_POINT('',(-29.88814434314,421.55355475009,37.2));
#4446 = CARTESIAN_POINT('',(-29.88534763049,421.62985820996,37.2));
#4447 = CARTESIAN_POINT('',(-29.87979757575,421.70608559332,37.2));
#4448 = CARTESIAN_POINT('',(-29.8716196361,421.78213140952,37.2));
#4449 = CARTESIAN_POINT('',(-29.86093960214,421.85790743783,37.2));
#4450 = CARTESIAN_POINT('',(-29.80489240757,422.18160561295,37.2));
#4451 = CARTESIAN_POINT('',(-29.736193126,422.42573075058,37.2));
#4452 = CARTESIAN_POINT('',(-29.6461331415,422.66396900731,37.2));
#4453 = CARTESIAN_POINT('',(-29.53829991015,422.89516344328,37.2));
#4454 = CARTESIAN_POINT('',(-29.41565287871,423.11876071389,37.2));
#4455 = CARTESIAN_POINT('',(-29.2803634572,423.33474178932,37.2));
#4456 = CARTESIAN_POINT('',(-29.13371756176,423.54355361837,37.2));
#4457 = PCURVE('',#4282,#4458);
#4458 = DEFINITIONAL_REPRESENTATION('',(#4459),#4480);
#4459 = B_SPLINE_CURVE_WITH_KNOTS('',7,(#4460,#4461,#4462,#4463,#4464,
    #4465,#4466,#4467,#4468,#4469,#4470,#4471,#4472,#4473,#4474,#4475,
    #4476,#4477,#4478,#4479),.UNSPECIFIED.,.F.,.F.,(8,6,6,8),(0.,
    0.279544318551,0.44744046364,1.),.UNSPECIFIED.);
#4460 = CARTESIAN_POINT('',(6.28318530718,-2.4));
#4461 = CARTESIAN_POINT('',(6.243782326567,-2.4));
#4462 = CARTESIAN_POINT('',(6.204365543393,-2.4));
#4463 = CARTESIAN_POINT('',(6.16514666011,-2.4));
#4464 = CARTESIAN_POINT('',(6.126285432387,-2.4));
#4465 = CARTESIAN_POINT('',(6.08790855158,-2.4));
#4466 = CARTESIAN_POINT('',(6.050120779996,-2.4));
#4467 = CARTESIAN_POINT('',(5.990718364289,-2.4));
#4468 = CARTESIAN_POINT('',(5.968664444043,-2.4));
#4469 = CARTESIAN_POINT('',(5.946858447755,-2.4));
#4470 = CARTESIAN_POINT('',(5.925307973192,-2.4));
#4471 = CARTESIAN_POINT('',(5.904016837338,-2.4));
#4472 = CARTESIAN_POINT('',(5.882985567364,-2.4));
#4473 = CARTESIAN_POINT('',(5.793844076225,-2.4));
#4474 = CARTESIAN_POINT('',(5.728388690059,-2.4));
#4475 = CARTESIAN_POINT('',(5.66553411474,-2.4));
#4476 = CARTESIAN_POINT('',(5.605048375265,-2.4));
#4477 = CARTESIAN_POINT('',(5.546682938022,-2.4));
#4478 = CARTESIAN_POINT('',(5.490158375486,-2.4));
#4479 = CARTESIAN_POINT('',(5.435123228198,-2.4));
#4480 = ( GEOMETRIC_REPRESENTATION_CONTEXT(2) 
PARAMETRIC_REPRESENTATION_CONTEXT() REPRESENTATION_CONTEXT('2D SPACE',''
  ) );
#4481 = PCURVE('',#4352,#4482);
#4482 = DEFINITIONAL_REPRESENTATION('',(#4483),#4504);
#4483 = B_SPLINE_CURVE_WITH_KNOTS('',7,(#4484,#4485,#4486,#4487,#4488,
    #4489,#4490,#4491,#4492,#4493,#4494,#4495,#4496,#4497,#4498,#4499,
    #4500,#4501,#4502,#4503),.UNSPECIFIED.,.F.,.F.,(8,6,6,8),(0.,
    0.279544318551,0.44744046364,1.),.UNSPECIFIED.);
#4484 = CARTESIAN_POINT('',(0.,0.));
#4485 = CARTESIAN_POINT('',(2.84217094304E-14,-0.12608953796));
#4486 = CARTESIAN_POINT('',(-9.962647291189E-03,-0.252223338188));
#4487 = CARTESIAN_POINT('',(-2.989963570755E-02,-0.377403674918));
#4488 = CARTESIAN_POINT('',(-5.946633300655E-02,-0.500799850948));
#4489 = CARTESIAN_POINT('',(-9.808625323765E-02,-0.621727914147));
#4490 = CARTESIAN_POINT('',(-0.145040155545,-0.739634723665));
#4491 = CARTESIAN_POINT('',(-0.23224058162,-0.922826770271));
#4492 = CARTESIAN_POINT('',(-0.267687456687,-0.990344160955));
#4493 = CARTESIAN_POINT('',(-0.305698673436,-1.056564905368));
#4494 = CARTESIAN_POINT('',(-0.346110975252,-1.121436031021));
#4495 = CARTESIAN_POINT('',(-0.38876421179,-1.184922614415));
#4496 = CARTESIAN_POINT('',(-0.433505980688,-1.247005170002));
#4497 = CARTESIAN_POINT('',(-0.633857714,-1.507352974968));
#4498 = CARTESIAN_POINT('',(-0.808346621214,-1.691391816989));
#4499 = CARTESIAN_POINT('',(-0.998996601215,-1.860272996833));
#4500 = CARTESIAN_POINT('',(-1.202094191427,-2.014643466332));
#4501 = CARTESIAN_POINT('',(-1.414762782279,-2.155391838303));
#4502 = CARTESIAN_POINT('',(-1.635071964724,-2.283512549527));
#4503 = CARTESIAN_POINT('',(-1.862091947286,-2.4));
#4504 = ( GEOMETRIC_REPRESENTATION_CONTEXT(2) 
PARAMETRIC_REPRESENTATION_CONTEXT() REPRESENTATION_CONTEXT('2D SPACE',''
  ) );
#4505 = ORIENTED_EDGE('',*,*,#4506,.T.);
#4506 = EDGE_CURVE('',#4433,#4230,#4507,.T.);
#4507 = SURFACE_CURVE('',#4508,(#4514,#4523),.PCURVE_S1.);
#4508 = B_SPLINE_CURVE_WITH_KNOTS('',4,(#4509,#4510,#4511,#4512,#4513),
  .UNSPECIFIED.,.F.,.F.,(5,5),(0.,1.),.PIECEWISE_BEZIER_KNOTS.);
#4509 = CARTESIAN_POINT('',(-29.49617529868,422.94663980068,37.2000006)
  );
#4510 = CARTESIAN_POINT('',(-29.49617529868,422.94663980068,36.6000003)
  );
#4511 = CARTESIAN_POINT('',(-29.49617529868,422.94663980068,36.));
#4512 = CARTESIAN_POINT('',(-29.49617529868,422.94663980068,35.3999997)
  );
#4513 = CARTESIAN_POINT('',(-29.49617529868,422.94663980068,34.7999994)
  );
#4514 = PCURVE('',#4282,#4515);
#4515 = DEFINITIONAL_REPRESENTATION('',(#4516),#4522);
#4516 = B_SPLINE_CURVE_WITH_KNOTS('',4,(#4517,#4518,#4519,#4520,#4521),
  .UNSPECIFIED.,.F.,.F.,(5,5),(0.,1.),.PIECEWISE_BEZIER_KNOTS.);
#4517 = CARTESIAN_POINT('',(5.591701796121,-2.4000006));
#4518 = CARTESIAN_POINT('',(5.591701796121,-1.8000003));
#4519 = CARTESIAN_POINT('',(5.591701796121,-1.2));
#4520 = CARTESIAN_POINT('',(5.591701796121,-0.5999997));
#4521 = CARTESIAN_POINT('',(5.591701796121,5.999999999062E-07));
#4522 = ( GEOMETRIC_REPRESENTATION_CONTEXT(2) 
PARAMETRIC_REPRESENTATION_CONTEXT() REPRESENTATION_CONTEXT('2D SPACE',''
  ) );
#4523 = PCURVE('',#4255,#4524);
#4524 = DEFINITIONAL_REPRESENTATION('',(#4525),#4531);
#4525 = B_SPLINE_CURVE_WITH_KNOTS('',4,(#4526,#4527,#4528,#4529,#4530),
  .UNSPECIFIED.,.F.,.F.,(5,5),(0.,1.),.PIECEWISE_BEZIER_KNOTS.);
#4526 = CARTESIAN_POINT('',(-4.158035315084,-2.4000006));
#4527 = CARTESIAN_POINT('',(-4.158035315084,-1.8000003));
#4528 = CARTESIAN_POINT('',(-4.158035315084,-1.2));
#4529 = CARTESIAN_POINT('',(-4.158035315084,-0.5999997));
#4530 = CARTESIAN_POINT('',(-4.158035315084,5.999999999062E-07));
#4531 = ( GEOMETRIC_REPRESENTATION_CONTEXT(2) 
PARAMETRIC_REPRESENTATION_CONTEXT() REPRESENTATION_CONTEXT('2D SPACE',''
  ) );
#4532 = ORIENTED_EDGE('',*,*,#4267,.F.);
#4533 = ORIENTED_EDGE('',*,*,#4534,.F.);
#4534 = EDGE_CURVE('',#4301,#4228,#4535,.T.);
#4535 = SURFACE_CURVE('',#4536,(#4542,#4551),.PCURVE_S1.);
#4536 = B_SPLINE_CURVE_WITH_KNOTS('',4,(#4537,#4538,#4539,#4540,#4541),
  .UNSPECIFIED.,.F.,.F.,(5,5),(0.,1.),.PIECEWISE_BEZIER_KNOTS.);
#4537 = CARTESIAN_POINT('',(-27.59548465672,419.33510137282,37.2000006)
  );
#4538 = CARTESIAN_POINT('',(-27.59548465672,419.33510137282,36.6000003)
  );
#4539 = CARTESIAN_POINT('',(-27.59548465672,419.33510137282,36.));
#4540 = CARTESIAN_POINT('',(-27.59548465672,419.33510137282,35.3999997)
  );
#4541 = CARTESIAN_POINT('',(-27.59548465672,419.33510137282,34.7999994)
  );
#4542 = PCURVE('',#4282,#4543);
#4543 = DEFINITIONAL_REPRESENTATION('',(#4544),#4550);
#4544 = B_SPLINE_CURVE_WITH_KNOTS('',4,(#4545,#4546,#4547,#4548,#4549),
  .UNSPECIFIED.,.F.,.F.,(5,5),(0.,1.),.PIECEWISE_BEZIER_KNOTS.);
#4545 = CARTESIAN_POINT('',(0.691483511059,-2.4000006));
#4546 = CARTESIAN_POINT('',(0.691483511059,-1.8000003));
#4547 = CARTESIAN_POINT('',(0.691483511059,-1.2));
#4548 = CARTESIAN_POINT('',(0.691483511059,-0.5999997));
#4549 = CARTESIAN_POINT('',(0.691483511059,5.999999999062E-07));
#4550 = ( GEOMETRIC_REPRESENTATION_CONTEXT(2) 
PARAMETRIC_REPRESENTATION_CONTEXT() REPRESENTATION_CONTEXT('2D SPACE',''
  ) );
#4551 = PCURVE('',#4255,#4552);
#4552 = DEFINITIONAL_REPRESENTATION('',(#4553),#4559);
#4553 = B_SPLINE_CURVE_WITH_KNOTS('',4,(#4554,#4555,#4556,#4557,#4558),
  .UNSPECIFIED.,.F.,.F.,(5,5),(0.,1.),.PIECEWISE_BEZIER_KNOTS.);
#4554 = CARTESIAN_POINT('',(-8.408335299275,-2.4000006));
#4555 = CARTESIAN_POINT('',(-8.408335299275,-1.8000003));
#4556 = CARTESIAN_POINT('',(-8.408335299275,-1.2));
#4557 = CARTESIAN_POINT('',(-8.408335299275,-0.5999997));
#4558 = CARTESIAN_POINT('',(-8.408335299275,5.999999999062E-07));
#4559 = ( GEOMETRIC_REPRESENTATION_CONTEXT(2) 
PARAMETRIC_REPRESENTATION_CONTEXT() REPRESENTATION_CONTEXT('2D SPACE',''
  ) );
#4560 = ADVANCED_FACE('',(#4561),#4419,.T.);
#4561 = FACE_BOUND('',#4562,.T.);
#4562 = EDGE_LOOP('',(#4563));
#4563 = ORIENTED_EDGE('',*,*,#4404,.T.);
#4564 = ADVANCED_FACE('',(#4565),#4352,.T.);
#4565 = FACE_BOUND('',#4566,.T.);
#4566 = EDGE_LOOP('',(#4567,#4568,#4594));
#4567 = ORIENTED_EDGE('',*,*,#4432,.T.);
#4568 = ORIENTED_EDGE('',*,*,#4569,.F.);
#4569 = EDGE_CURVE('',#4301,#4433,#4570,.T.);
#4570 = SURFACE_CURVE('',#4571,(#4576,#4587),.PCURVE_S1.);
#4571 = CIRCLE('',#4572,2.4);
#4572 = AXIS2_PLACEMENT_3D('',#4573,#4574,#4575);
#4573 = CARTESIAN_POINT('',(-29.6638024335,420.55250088582,37.2));
#4574 = DIRECTION('',(0.,-0.,-1.));
#4575 = DIRECTION('',(0.861799073659,-0.507249797082,0.));
#4576 = PCURVE('',#4352,#4577);
#4577 = DEFINITIONAL_REPRESENTATION('',(#4578),#4586);
#4578 = ( BOUNDED_CURVE() B_SPLINE_CURVE(2,(#4579,#4580,#4581,#4582,
#4583,#4584,#4585),.UNSPECIFIED.,.T.,.F.) B_SPLINE_CURVE_WITH_KNOTS((1,2
    ,2,2,2,1),(-2.094395102393,0.,2.094395102393,4.188790204786,
6.28318530718,8.377580409573),.UNSPECIFIED.) CURVE() 
GEOMETRIC_REPRESENTATION_ITEM() RATIONAL_B_SPLINE_CURVE((1.,0.5,1.,0.5,
1.,0.5,1.)) REPRESENTATION_ITEM('') );
#4579 = CARTESIAN_POINT('',(-1.263345288075,2.040578026712));
#4580 = CARTESIAN_POINT('',(2.271039530998,4.228756253161));
#4581 = CARTESIAN_POINT('',(2.398865053574,7.380009986873E-02));
#4582 = CARTESIAN_POINT('',(2.52669057615,-4.081156053423));
#4583 = CARTESIAN_POINT('',(-1.135519765499,-2.11437812658));
#4584 = CARTESIAN_POINT('',(-4.797730107148,-0.147600199737));
#4585 = CARTESIAN_POINT('',(-1.263345288075,2.040578026712));
#4586 = ( GEOMETRIC_REPRESENTATION_CONTEXT(2) 
PARAMETRIC_REPRESENTATION_CONTEXT() REPRESENTATION_CONTEXT('2D SPACE',''
  ) );
#4587 = PCURVE('',#4255,#4588);
#4588 = DEFINITIONAL_REPRESENTATION('',(#4589),#4593);
#4589 = LINE('',#4590,#4591);
#4590 = CARTESIAN_POINT('',(-8.408335299275,-2.4));
#4591 = VECTOR('',#4592,1.);
#4592 = DIRECTION('',(1.,-0.));
#4593 = ( GEOMETRIC_REPRESENTATION_CONTEXT(2) 
PARAMETRIC_REPRESENTATION_CONTEXT() REPRESENTATION_CONTEXT('2D SPACE',''
  ) );
#4594 = ORIENTED_EDGE('',*,*,#4300,.T.);
#4595 = ADVANCED_FACE('',(#4596),#4255,.T.);
#4596 = FACE_BOUND('',#4597,.F.);
#4597 = EDGE_LOOP('',(#4598,#4599,#4600,#4601));
#4598 = ORIENTED_EDGE('',*,*,#4569,.F.);
#4599 = ORIENTED_EDGE('',*,*,#4534,.T.);
#4600 = ORIENTED_EDGE('',*,*,#4227,.T.);
#4601 = ORIENTED_EDGE('',*,*,#4506,.F.);
#4602 = MANIFOLD_SOLID_BREP('',#4603);
#4603 = CLOSED_SHELL('',(#4604,#4677,#4941,#4945,#4976));
#4604 = ADVANCED_FACE('',(#4605),#4620,.F.);
#4605 = FACE_BOUND('',#4606,.F.);
#4606 = EDGE_LOOP('',(#4607,#4647));
#4607 = ORIENTED_EDGE('',*,*,#4608,.F.);
#4608 = EDGE_CURVE('',#4609,#4611,#4613,.T.);
#4609 = VERTEX_POINT('',#4610);
#4610 = CARTESIAN_POINT('',(89.500146952386,227.1628766203,34.8));
#4611 = VERTEX_POINT('',#4612);
#4612 = CARTESIAN_POINT('',(90.677668948125,223.2552844356,34.8));
#4613 = SURFACE_CURVE('',#4614,(#4619,#4635),.PCURVE_S1.);
#4614 = CIRCLE('',#4615,2.4);
#4615 = AXIS2_PLACEMENT_3D('',#4616,#4617,#4618);
#4616 = CARTESIAN_POINT('',(91.29852554626,225.57358922241,34.8));
#4617 = DIRECTION('',(0.,0.,-1.));
#4618 = DIRECTION('',(-0.749324414114,0.662203082454,0.));
#4619 = PCURVE('',#4620,#4625);
#4620 = PLANE('',#4621);
#4621 = AXIS2_PLACEMENT_3D('',#4622,#4623,#4624);
#4622 = CARTESIAN_POINT('',(86.39505045752,224.09596579099,34.8));
#4623 = DIRECTION('',(0.,0.,1.));
#4624 = DIRECTION('',(0.957471886287,0.288526579314,0.));
#4625 = DEFINITIONAL_REPRESENTATION('',(#4626),#4634);
#4626 = ( BOUNDED_CURVE() B_SPLINE_CURVE(2,(#4627,#4628,#4629,#4630,
#4631,#4632,#4633),.UNSPECIFIED.,.T.,.F.) B_SPLINE_CURVE_WITH_KNOTS((1,2
    ,2,2,2,1),(-2.094395102393,0.,2.094395102393,4.188790204786,
6.28318530718,8.377580409573),.UNSPECIFIED.) CURVE() 
GEOMETRIC_REPRESENTATION_ITEM() RATIONAL_B_SPLINE_CURVE((1.,0.5,1.,0.5,
1.,0.5,1.)) REPRESENTATION_ITEM('') );
#4627 = CARTESIAN_POINT('',(3.857927888683,2.040578026712));
#4628 = CARTESIAN_POINT('',(7.392312707756,4.228756253161));
#4629 = CARTESIAN_POINT('',(7.520138230332,7.380009986872E-02));
#4630 = CARTESIAN_POINT('',(7.647963752908,-4.081156053423));
#4631 = CARTESIAN_POINT('',(3.985753411259,-2.11437812658));
#4632 = CARTESIAN_POINT('',(0.32354306961,-0.147600199737));
#4633 = CARTESIAN_POINT('',(3.857927888683,2.040578026712));
#4634 = ( GEOMETRIC_REPRESENTATION_CONTEXT(2) 
PARAMETRIC_REPRESENTATION_CONTEXT() REPRESENTATION_CONTEXT('2D SPACE',''
  ) );
#4635 = PCURVE('',#4636,#4641);
#4636 = CYLINDRICAL_SURFACE('',#4637,2.4);
#4637 = AXIS2_PLACEMENT_3D('',#4638,#4639,#4640);
#4638 = CARTESIAN_POINT('',(91.29852554626,225.57358922241,34.8));
#4639 = DIRECTION('',(0.,-0.,-1.));
#4640 = DIRECTION('',(0.957471886287,0.288526579314,0.));
#4641 = DEFINITIONAL_REPRESENTATION('',(#4642),#4646);
#4642 = LINE('',#4643,#4644);
#4643 = CARTESIAN_POINT('',(-8.408335299275,0.));
#4644 = VECTOR('',#4645,1.);
#4645 = DIRECTION('',(1.,-0.));
#4646 = ( GEOMETRIC_REPRESENTATION_CONTEXT(2) 
PARAMETRIC_REPRESENTATION_CONTEXT() REPRESENTATION_CONTEXT('2D SPACE',''
  ) );
#4647 = ORIENTED_EDGE('',*,*,#4648,.T.);
#4648 = EDGE_CURVE('',#4609,#4611,#4649,.T.);
#4649 = SURFACE_CURVE('',#4650,(#4655,#4662),.PCURVE_S1.);
#4650 = ELLIPSE('',#4651,5.5,3.2);
#4651 = AXIS2_PLACEMENT_3D('',#4652,#4653,#4654);
#4652 = CARTESIAN_POINT('',(86.032430171683,223.98669303618,34.8));
#4653 = DIRECTION('',(0.,-0.,1.));
#4654 = DIRECTION('',(0.957471886287,0.288526579314,0.));
#4655 = PCURVE('',#4620,#4656);
#4656 = DEFINITIONAL_REPRESENTATION('',(#4657),#4661);
#4657 = ELLIPSE('',#4658,5.5,3.2);
#4658 = AXIS2_PLACEMENT_2D('',#4659,#4660);
#4659 = CARTESIAN_POINT('',(-0.378726823242,-7.632783294298E-15));
#4660 = DIRECTION('',(1.,0.));
#4661 = ( GEOMETRIC_REPRESENTATION_CONTEXT(2) 
PARAMETRIC_REPRESENTATION_CONTEXT() REPRESENTATION_CONTEXT('2D SPACE',''
  ) );
#4662 = PCURVE('',#4663,#4671);
#4663 = SURFACE_OF_LINEAR_EXTRUSION('',#4664,#4669);
#4664 = ELLIPSE('',#4665,5.5,3.2);
#4665 = AXIS2_PLACEMENT_3D('',#4666,#4667,#4668);
#4666 = CARTESIAN_POINT('',(86.032430171683,223.98669303618,34.8));
#4667 = DIRECTION('',(0.,-0.,1.));
#4668 = DIRECTION('',(0.957471886287,0.288526579314,0.));
#4669 = VECTOR('',#4670,1.);
#4670 = DIRECTION('',(0.,-0.,-1.));
#4671 = DEFINITIONAL_REPRESENTATION('',(#4672),#4676);
#4672 = LINE('',#4673,#4674);
#4673 = CARTESIAN_POINT('',(0.,0.));
#4674 = VECTOR('',#4675,1.);
#4675 = DIRECTION('',(1.,0.));
#4676 = ( GEOMETRIC_REPRESENTATION_CONTEXT(2) 
PARAMETRIC_REPRESENTATION_CONTEXT() REPRESENTATION_CONTEXT('2D SPACE',''
  ) );
#4677 = ADVANCED_FACE('',(#4678),#4663,.F.);
#4678 = FACE_BOUND('',#4679,.F.);
#4679 = EDGE_LOOP('',(#4680,#4761,#4784,#4811,#4812,#4886,#4913,#4914));
#4680 = ORIENTED_EDGE('',*,*,#4681,.T.);
#4681 = EDGE_CURVE('',#4682,#4684,#4686,.T.);
#4682 = VERTEX_POINT('',#4683);
#4683 = CARTESIAN_POINT('',(89.500146952386,227.1628766203,37.2));
#4684 = VERTEX_POINT('',#4685);
#4685 = CARTESIAN_POINT('',(91.29852554626,225.57358922241,37.2));
#4686 = SURFACE_CURVE('',#4687,(#4708,#4732),.PCURVE_S1.);
#4687 = B_SPLINE_CURVE_WITH_KNOTS('',7,(#4688,#4689,#4690,#4691,#4692,
    #4693,#4694,#4695,#4696,#4697,#4698,#4699,#4700,#4701,#4702,#4703,
    #4704,#4705,#4706,#4707),.UNSPECIFIED.,.F.,.F.,(8,6,6,8),(0.,
    0.552559536359,0.720455681449,1.),.UNSPECIFIED.);
#4688 = CARTESIAN_POINT('',(88.8231610667,227.33425872958,37.2));
#4689 = CARTESIAN_POINT('',(89.074136043246,227.28822656965,37.2));
#4690 = CARTESIAN_POINT('',(89.322042122277,227.2291196454,37.2));
#4691 = CARTESIAN_POINT('',(89.566275965423,227.15571757725,37.2));
#4692 = CARTESIAN_POINT('',(89.805276181734,227.0665112456,37.2));
#4693 = CARTESIAN_POINT('',(90.036544886838,226.95981985035,37.2));
#4694 = CARTESIAN_POINT('',(90.256713207514,226.83395252066,37.2));
#4695 = CARTESIAN_POINT('',(90.523661621126,226.64248361702,37.2));
#4696 = CARTESIAN_POINT('',(90.584413074388,226.59595050495,37.2));
#4697 = CARTESIAN_POINT('',(90.643569915971,226.54747047863,37.2));
#4698 = CARTESIAN_POINT('',(90.700980602801,226.49701822279,37.2));
#4699 = CARTESIAN_POINT('',(90.756481719067,226.44458096807,37.2));
#4700 = CARTESIAN_POINT('',(90.809901667179,226.39016233026,37.2));
#4701 = CARTESIAN_POINT('',(90.946249398182,226.2399207365,37.2));
#4702 = CARTESIAN_POINT('',(91.025225688021,226.14057573,37.2));
#4703 = CARTESIAN_POINT('',(91.097094136311,226.0359333827,37.2));
#4704 = CARTESIAN_POINT('',(91.161006494315,225.92631579131,37.2));
#4705 = CARTESIAN_POINT('',(91.216213454575,225.81221148924,37.2));
#4706 = CARTESIAN_POINT('',(91.262145363185,225.69431641016,37.2));
#4707 = CARTESIAN_POINT('',(91.29852554626,225.57358922241,37.2));
#4708 = PCURVE('',#4663,#4709);
#4709 = DEFINITIONAL_REPRESENTATION('',(#4710),#4731);
#4710 = B_SPLINE_CURVE_WITH_KNOTS('',7,(#4711,#4712,#4713,#4714,#4715,
    #4716,#4717,#4718,#4719,#4720,#4721,#4722,#4723,#4724,#4725,#4726,
    #4727,#4728,#4729,#4730),.UNSPECIFIED.,.F.,.F.,(8,6,6,8),(0.,
    0.552559536359,0.720455681449,1.),.UNSPECIFIED.);
#4711 = CARTESIAN_POINT('',(0.848062078981,-2.4));
#4712 = CARTESIAN_POINT('',(0.793026931694,-2.4));
#4713 = CARTESIAN_POINT('',(0.736502369158,-2.4));
#4714 = CARTESIAN_POINT('',(0.678136931915,-2.4));
#4715 = CARTESIAN_POINT('',(0.617651192439,-2.4));
#4716 = CARTESIAN_POINT('',(0.554796617121,-2.4));
#4717 = CARTESIAN_POINT('',(0.489341230955,-2.4));
#4718 = CARTESIAN_POINT('',(0.400199739816,-2.4));
#4719 = CARTESIAN_POINT('',(0.379168469842,-2.4));
#4720 = CARTESIAN_POINT('',(0.357877333988,-2.4));
#4721 = CARTESIAN_POINT('',(0.336326859425,-2.4));
#4722 = CARTESIAN_POINT('',(0.314520863137,-2.4));
#4723 = CARTESIAN_POINT('',(0.292466942891,-2.4));
#4724 = CARTESIAN_POINT('',(0.233064527184,-2.4));
#4725 = CARTESIAN_POINT('',(0.1952767556,-2.4));
#4726 = CARTESIAN_POINT('',(0.156899874792,-2.4));
#4727 = CARTESIAN_POINT('',(0.11803864707,-2.4));
#4728 = CARTESIAN_POINT('',(7.881976378659E-02,-2.4));
#4729 = CARTESIAN_POINT('',(3.94029806125E-02,-2.4));
#4730 = CARTESIAN_POINT('',(0.,-2.4));
#4731 = ( GEOMETRIC_REPRESENTATION_CONTEXT(2) 
PARAMETRIC_REPRESENTATION_CONTEXT() REPRESENTATION_CONTEXT('2D SPACE',''
  ) );
#4732 = PCURVE('',#4733,#4738);
#4733 = PLANE('',#4734);
#4734 = AXIS2_PLACEMENT_3D('',#4735,#4736,#4737);
#4735 = CARTESIAN_POINT('',(91.29852554626,225.57358922241,37.2));
#4736 = DIRECTION('',(0.,0.,1.));
#4737 = DIRECTION('',(0.957471886287,0.288526579314,0.));
#4738 = DEFINITIONAL_REPRESENTATION('',(#4739),#4760);
#4739 = B_SPLINE_CURVE_WITH_KNOTS('',7,(#4740,#4741,#4742,#4743,#4744,
    #4745,#4746,#4747,#4748,#4749,#4750,#4751,#4752,#4753,#4754,#4755,
    #4756,#4757,#4758,#4759),.UNSPECIFIED.,.F.,.F.,(8,6,6,8),(0.,
    0.552559536359,0.720455681449,1.),.UNSPECIFIED.);
#4740 = CARTESIAN_POINT('',(-1.862091947286,2.4));
#4741 = CARTESIAN_POINT('',(-1.635071964724,2.283512549527));
#4742 = CARTESIAN_POINT('',(-1.414762782279,2.155391838303));
#4743 = CARTESIAN_POINT('',(-1.202094191427,2.014643466332));
#4744 = CARTESIAN_POINT('',(-0.998996601215,1.860272996834));
#4745 = CARTESIAN_POINT('',(-0.808346621214,1.691391816989));
#4746 = CARTESIAN_POINT('',(-0.633857714,1.507352974968));
#4747 = CARTESIAN_POINT('',(-0.433505980689,1.247005170003));
#4748 = CARTESIAN_POINT('',(-0.38876421179,1.184922614416));
#4749 = CARTESIAN_POINT('',(-0.346110975252,1.121436031022));
#4750 = CARTESIAN_POINT('',(-0.305698673436,1.056564905368));
#4751 = CARTESIAN_POINT('',(-0.267687456687,0.990344160955));
#4752 = CARTESIAN_POINT('',(-0.23224058162,0.922826770272));
#4753 = CARTESIAN_POINT('',(-0.145040155545,0.739634723665));
#4754 = CARTESIAN_POINT('',(-9.808625323782E-02,0.621727914147));
#4755 = CARTESIAN_POINT('',(-5.946633300658E-02,0.500799850948));
#4756 = CARTESIAN_POINT('',(-2.989963570752E-02,0.377403674918));
#4757 = CARTESIAN_POINT('',(-9.962647291246E-03,0.252223338189));
#4758 = CARTESIAN_POINT('',(-2.84217094304E-14,0.12608953796));
#4759 = CARTESIAN_POINT('',(0.,0.));
#4760 = ( GEOMETRIC_REPRESENTATION_CONTEXT(2) 
PARAMETRIC_REPRESENTATION_CONTEXT() REPRESENTATION_CONTEXT('2D SPACE',''
  ) );
#4761 = ORIENTED_EDGE('',*,*,#4762,.T.);
#4762 = EDGE_CURVE('',#4684,#4763,#4765,.T.);
#4763 = VERTEX_POINT('',#4764);
#4764 = CARTESIAN_POINT('',(91.29852554626,225.57358922241,37.4));
#4765 = SEAM_CURVE('',#4766,(#4770,#4777),.PCURVE_S1.);
#4766 = LINE('',#4767,#4768);
#4767 = CARTESIAN_POINT('',(91.29852554626,225.57358922241,34.8));
#4768 = VECTOR('',#4769,1.);
#4769 = DIRECTION('',(0.,0.,1.));
#4770 = PCURVE('',#4663,#4771);
#4771 = DEFINITIONAL_REPRESENTATION('',(#4772),#4776);
#4772 = LINE('',#4773,#4774);
#4773 = CARTESIAN_POINT('',(6.28318530718,0.));
#4774 = VECTOR('',#4775,1.);
#4775 = DIRECTION('',(0.,-1.));
#4776 = ( GEOMETRIC_REPRESENTATION_CONTEXT(2) 
PARAMETRIC_REPRESENTATION_CONTEXT() REPRESENTATION_CONTEXT('2D SPACE',''
  ) );
#4777 = PCURVE('',#4663,#4778);
#4778 = DEFINITIONAL_REPRESENTATION('',(#4779),#4783);
#4779 = LINE('',#4780,#4781);
#4780 = CARTESIAN_POINT('',(0.,0.));
#4781 = VECTOR('',#4782,1.);
#4782 = DIRECTION('',(0.,-1.));
#4783 = ( GEOMETRIC_REPRESENTATION_CONTEXT(2) 
PARAMETRIC_REPRESENTATION_CONTEXT() REPRESENTATION_CONTEXT('2D SPACE',''
  ) );
#4784 = ORIENTED_EDGE('',*,*,#4785,.T.);
#4785 = EDGE_CURVE('',#4763,#4763,#4786,.T.);
#4786 = SURFACE_CURVE('',#4787,(#4792,#4799),.PCURVE_S1.);
#4787 = ELLIPSE('',#4788,5.5,3.2);
#4788 = AXIS2_PLACEMENT_3D('',#4789,#4790,#4791);
#4789 = CARTESIAN_POINT('',(86.032430171683,223.98669303618,37.4));
#4790 = DIRECTION('',(0.,-0.,1.));
#4791 = DIRECTION('',(0.957471886287,0.288526579314,0.));
#4792 = PCURVE('',#4663,#4793);
#4793 = DEFINITIONAL_REPRESENTATION('',(#4794),#4798);
#4794 = LINE('',#4795,#4796);
#4795 = CARTESIAN_POINT('',(0.,-2.6));
#4796 = VECTOR('',#4797,1.);
#4797 = DIRECTION('',(1.,0.));
#4798 = ( GEOMETRIC_REPRESENTATION_CONTEXT(2) 
PARAMETRIC_REPRESENTATION_CONTEXT() REPRESENTATION_CONTEXT('2D SPACE',''
  ) );
#4799 = PCURVE('',#4800,#4805);
#4800 = PLANE('',#4801);
#4801 = AXIS2_PLACEMENT_3D('',#4802,#4803,#4804);
#4802 = CARTESIAN_POINT('',(86.39505045752,224.09596579099,37.4));
#4803 = DIRECTION('',(0.,0.,1.));
#4804 = DIRECTION('',(0.957471886287,0.288526579314,0.));
#4805 = DEFINITIONAL_REPRESENTATION('',(#4806),#4810);
#4806 = ELLIPSE('',#4807,5.5,3.2);
#4807 = AXIS2_PLACEMENT_2D('',#4808,#4809);
#4808 = CARTESIAN_POINT('',(-0.378726823242,-7.632783294298E-15));
#4809 = DIRECTION('',(1.,0.));
#4810 = ( GEOMETRIC_REPRESENTATION_CONTEXT(2) 
PARAMETRIC_REPRESENTATION_CONTEXT() REPRESENTATION_CONTEXT('2D SPACE',''
  ) );
#4811 = ORIENTED_EDGE('',*,*,#4762,.F.);
#4812 = ORIENTED_EDGE('',*,*,#4813,.T.);
#4813 = EDGE_CURVE('',#4684,#4814,#4816,.T.);
#4814 = VERTEX_POINT('',#4815);
#4815 = CARTESIAN_POINT('',(90.677668948125,223.2552844356,37.2));
#4816 = SURFACE_CURVE('',#4817,(#4838,#4862),.PCURVE_S1.);
#4817 = B_SPLINE_CURVE_WITH_KNOTS('',7,(#4818,#4819,#4820,#4821,#4822,
    #4823,#4824,#4825,#4826,#4827,#4828,#4829,#4830,#4831,#4832,#4833,
    #4834,#4835,#4836,#4837),.UNSPECIFIED.,.F.,.F.,(8,6,6,8),(0.,
    0.279544318551,0.44744046364,1.),.UNSPECIFIED.);
#4818 = CARTESIAN_POINT('',(91.29852554626,225.57358922241,37.2));
#4819 = CARTESIAN_POINT('',(91.334905729335,225.45286203466,37.2));
#4820 = CARTESIAN_POINT('',(91.361759728557,225.32921797848,37.2));
#4821 = CARTESIAN_POINT('',(91.378788477005,225.20360897428,37.2));
#4822 = CARTESIAN_POINT('',(91.386082272141,225.07692982682,37.2));
#4823 = CARTESIAN_POINT('',(91.383995744687,224.95000173257,37.2));
#4824 = CARTESIAN_POINT('',(91.373057951704,224.82356182843,37.2));
#4825 = CARTESIAN_POINT('',(91.34242176983,224.62300095337,37.2));
#4826 = CARTESIAN_POINT('',(91.327962945274,224.54812758434,37.2));
#4827 = CARTESIAN_POINT('',(91.310674718739,224.47375583693,37.2));
#4828 = CARTESIAN_POINT('',(91.290698119871,224.39998353468,37.2));
#4829 = CARTESIAN_POINT('',(91.268176411766,224.32689032349,37.2));
#4830 = CARTESIAN_POINT('',(91.243249893301,224.25453883236,37.2));
#4831 = CARTESIAN_POINT('',(91.126536002885,223.94745632817,37.2));
#4832 = CARTESIAN_POINT('',(91.012567877308,223.72089962343,37.2));
#4833 = CARTESIAN_POINT('',(90.878752590467,223.50419305503,37.2));
#4834 = CARTESIAN_POINT('',(90.728832341178,223.29778861744,37.2));
#4835 = CARTESIAN_POINT('',(90.56581779065,223.10166546719,37.2));
#4836 = CARTESIAN_POINT('',(90.391844172716,222.91542843334,37.2));
#4837 = CARTESIAN_POINT('',(90.208088647406,222.7383936754,37.2));
#4838 = PCURVE('',#4663,#4839);
#4839 = DEFINITIONAL_REPRESENTATION('',(#4840),#4861);
#4840 = B_SPLINE_CURVE_WITH_KNOTS('',7,(#4841,#4842,#4843,#4844,#4845,
    #4846,#4847,#4848,#4849,#4850,#4851,#4852,#4853,#4854,#4855,#4856,
    #4857,#4858,#4859,#4860),.UNSPECIFIED.,.F.,.F.,(8,6,6,8),(0.,
    0.279544318551,0.44744046364,1.),.UNSPECIFIED.);
#4841 = CARTESIAN_POINT('',(6.28318530718,-2.4));
#4842 = CARTESIAN_POINT('',(6.243782326567,-2.4));
#4843 = CARTESIAN_POINT('',(6.204365543393,-2.4));
#4844 = CARTESIAN_POINT('',(6.16514666011,-2.4));
#4845 = CARTESIAN_POINT('',(6.126285432387,-2.4));
#4846 = CARTESIAN_POINT('',(6.08790855158,-2.4));
#4847 = CARTESIAN_POINT('',(6.050120779996,-2.4));
#4848 = CARTESIAN_POINT('',(5.990718364289,-2.4));
#4849 = CARTESIAN_POINT('',(5.968664444043,-2.4));
#4850 = CARTESIAN_POINT('',(5.946858447755,-2.4));
#4851 = CARTESIAN_POINT('',(5.925307973192,-2.4));
#4852 = CARTESIAN_POINT('',(5.904016837338,-2.4));
#4853 = CARTESIAN_POINT('',(5.882985567364,-2.4));
#4854 = CARTESIAN_POINT('',(5.793844076225,-2.4));
#4855 = CARTESIAN_POINT('',(5.728388690059,-2.4));
#4856 = CARTESIAN_POINT('',(5.66553411474,-2.4));
#4857 = CARTESIAN_POINT('',(5.605048375265,-2.4));
#4858 = CARTESIAN_POINT('',(5.546682938022,-2.4));
#4859 = CARTESIAN_POINT('',(5.490158375486,-2.4));
#4860 = CARTESIAN_POINT('',(5.435123228198,-2.4));
#4861 = ( GEOMETRIC_REPRESENTATION_CONTEXT(2) 
PARAMETRIC_REPRESENTATION_CONTEXT() REPRESENTATION_CONTEXT('2D SPACE',''
  ) );
#4862 = PCURVE('',#4733,#4863);
#4863 = DEFINITIONAL_REPRESENTATION('',(#4864),#4885);
#4864 = B_SPLINE_CURVE_WITH_KNOTS('',7,(#4865,#4866,#4867,#4868,#4869,
    #4870,#4871,#4872,#4873,#4874,#4875,#4876,#4877,#4878,#4879,#4880,
    #4881,#4882,#4883,#4884),.UNSPECIFIED.,.F.,.F.,(8,6,6,8),(0.,
    0.279544318551,0.44744046364,1.),.UNSPECIFIED.);
#4865 = CARTESIAN_POINT('',(0.,0.));
#4866 = CARTESIAN_POINT('',(0.,-0.12608953796));
#4867 = CARTESIAN_POINT('',(-9.962647291218E-03,-0.252223338188));
#4868 = CARTESIAN_POINT('',(-2.989963570758E-02,-0.377403674918));
#4869 = CARTESIAN_POINT('',(-5.946633300658E-02,-0.500799850947));
#4870 = CARTESIAN_POINT('',(-9.808625323768E-02,-0.621727914147));
#4871 = CARTESIAN_POINT('',(-0.145040155545,-0.739634723665));
#4872 = CARTESIAN_POINT('',(-0.23224058162,-0.922826770271));
#4873 = CARTESIAN_POINT('',(-0.267687456687,-0.990344160955));
#4874 = CARTESIAN_POINT('',(-0.305698673436,-1.056564905368));
#4875 = CARTESIAN_POINT('',(-0.346110975252,-1.121436031021));
#4876 = CARTESIAN_POINT('',(-0.38876421179,-1.184922614415));
#4877 = CARTESIAN_POINT('',(-0.433505980688,-1.247005170002));
#4878 = CARTESIAN_POINT('',(-0.633857714,-1.507352974967));
#4879 = CARTESIAN_POINT('',(-0.808346621214,-1.691391816989));
#4880 = CARTESIAN_POINT('',(-0.998996601215,-1.860272996833));
#4881 = CARTESIAN_POINT('',(-1.202094191427,-2.014643466332));
#4882 = CARTESIAN_POINT('',(-1.414762782279,-2.155391838303));
#4883 = CARTESIAN_POINT('',(-1.635071964724,-2.283512549527));
#4884 = CARTESIAN_POINT('',(-1.862091947286,-2.4));
#4885 = ( GEOMETRIC_REPRESENTATION_CONTEXT(2) 
PARAMETRIC_REPRESENTATION_CONTEXT() REPRESENTATION_CONTEXT('2D SPACE',''
  ) );
#4886 = ORIENTED_EDGE('',*,*,#4887,.T.);
#4887 = EDGE_CURVE('',#4814,#4611,#4888,.T.);
#4888 = SURFACE_CURVE('',#4889,(#4895,#4904),.PCURVE_S1.);
#4889 = B_SPLINE_CURVE_WITH_KNOTS('',4,(#4890,#4891,#4892,#4893,#4894),
  .UNSPECIFIED.,.F.,.F.,(5,5),(0.,1.),.PIECEWISE_BEZIER_KNOTS.);
#4890 = CARTESIAN_POINT('',(90.677668948125,223.2552844356,37.2000006));
#4891 = CARTESIAN_POINT('',(90.677668948125,223.2552844356,36.6000003));
#4892 = CARTESIAN_POINT('',(90.677668948125,223.2552844356,36.));
#4893 = CARTESIAN_POINT('',(90.677668948125,223.2552844356,35.3999997));
#4894 = CARTESIAN_POINT('',(90.677668948125,223.2552844356,34.7999994));
#4895 = PCURVE('',#4663,#4896);
#4896 = DEFINITIONAL_REPRESENTATION('',(#4897),#4903);
#4897 = B_SPLINE_CURVE_WITH_KNOTS('',4,(#4898,#4899,#4900,#4901,#4902),
  .UNSPECIFIED.,.F.,.F.,(5,5),(0.,1.),.PIECEWISE_BEZIER_KNOTS.);
#4898 = CARTESIAN_POINT('',(5.591701796121,-2.4000006));
#4899 = CARTESIAN_POINT('',(5.591701796121,-1.8000003));
#4900 = CARTESIAN_POINT('',(5.591701796121,-1.2));
#4901 = CARTESIAN_POINT('',(5.591701796121,-0.5999997));
#4902 = CARTESIAN_POINT('',(5.591701796121,5.999999999062E-07));
#4903 = ( GEOMETRIC_REPRESENTATION_CONTEXT(2) 
PARAMETRIC_REPRESENTATION_CONTEXT() REPRESENTATION_CONTEXT('2D SPACE',''
  ) );
#4904 = PCURVE('',#4636,#4905);
#4905 = DEFINITIONAL_REPRESENTATION('',(#4906),#4912);
#4906 = B_SPLINE_CURVE_WITH_KNOTS('',4,(#4907,#4908,#4909,#4910,#4911),
  .UNSPECIFIED.,.F.,.F.,(5,5),(0.,1.),.PIECEWISE_BEZIER_KNOTS.);
#4907 = CARTESIAN_POINT('',(-4.158035315084,-2.4000006));
#4908 = CARTESIAN_POINT('',(-4.158035315084,-1.8000003));
#4909 = CARTESIAN_POINT('',(-4.158035315084,-1.2));
#4910 = CARTESIAN_POINT('',(-4.158035315084,-0.5999997));
#4911 = CARTESIAN_POINT('',(-4.158035315084,5.999999999062E-07));
#4912 = ( GEOMETRIC_REPRESENTATION_CONTEXT(2) 
PARAMETRIC_REPRESENTATION_CONTEXT() REPRESENTATION_CONTEXT('2D SPACE',''
  ) );
#4913 = ORIENTED_EDGE('',*,*,#4648,.F.);
#4914 = ORIENTED_EDGE('',*,*,#4915,.F.);
#4915 = EDGE_CURVE('',#4682,#4609,#4916,.T.);
#4916 = SURFACE_CURVE('',#4917,(#4923,#4932),.PCURVE_S1.);
#4917 = B_SPLINE_CURVE_WITH_KNOTS('',4,(#4918,#4919,#4920,#4921,#4922),
  .UNSPECIFIED.,.F.,.F.,(5,5),(0.,1.),.PIECEWISE_BEZIER_KNOTS.);
#4918 = CARTESIAN_POINT('',(89.500146952386,227.1628766203,37.2000006));
#4919 = CARTESIAN_POINT('',(89.500146952386,227.1628766203,36.6000003));
#4920 = CARTESIAN_POINT('',(89.500146952386,227.1628766203,36.));
#4921 = CARTESIAN_POINT('',(89.500146952386,227.1628766203,35.3999997));
#4922 = CARTESIAN_POINT('',(89.500146952386,227.1628766203,34.7999994));
#4923 = PCURVE('',#4663,#4924);
#4924 = DEFINITIONAL_REPRESENTATION('',(#4925),#4931);
#4925 = B_SPLINE_CURVE_WITH_KNOTS('',4,(#4926,#4927,#4928,#4929,#4930),
  .UNSPECIFIED.,.F.,.F.,(5,5),(0.,1.),.PIECEWISE_BEZIER_KNOTS.);
#4926 = CARTESIAN_POINT('',(0.691483511059,-2.4000006));
#4927 = CARTESIAN_POINT('',(0.691483511059,-1.8000003));
#4928 = CARTESIAN_POINT('',(0.691483511059,-1.2));
#4929 = CARTESIAN_POINT('',(0.691483511059,-0.5999997));
#4930 = CARTESIAN_POINT('',(0.691483511059,5.999999999062E-07));
#4931 = ( GEOMETRIC_REPRESENTATION_CONTEXT(2) 
PARAMETRIC_REPRESENTATION_CONTEXT() REPRESENTATION_CONTEXT('2D SPACE',''
  ) );
#4932 = PCURVE('',#4636,#4933);
#4933 = DEFINITIONAL_REPRESENTATION('',(#4934),#4940);
#4934 = B_SPLINE_CURVE_WITH_KNOTS('',4,(#4935,#4936,#4937,#4938,#4939),
  .UNSPECIFIED.,.F.,.F.,(5,5),(0.,1.),.PIECEWISE_BEZIER_KNOTS.);
#4935 = CARTESIAN_POINT('',(-8.408335299275,-2.4000006));
#4936 = CARTESIAN_POINT('',(-8.408335299275,-1.8000003));
#4937 = CARTESIAN_POINT('',(-8.408335299275,-1.2));
#4938 = CARTESIAN_POINT('',(-8.408335299275,-0.5999997));
#4939 = CARTESIAN_POINT('',(-8.408335299275,5.999999999062E-07));
#4940 = ( GEOMETRIC_REPRESENTATION_CONTEXT(2) 
PARAMETRIC_REPRESENTATION_CONTEXT() REPRESENTATION_CONTEXT('2D SPACE',''
  ) );
#4941 = ADVANCED_FACE('',(#4942),#4800,.T.);
#4942 = FACE_BOUND('',#4943,.T.);
#4943 = EDGE_LOOP('',(#4944));
#4944 = ORIENTED_EDGE('',*,*,#4785,.T.);
#4945 = ADVANCED_FACE('',(#4946),#4733,.T.);
#4946 = FACE_BOUND('',#4947,.T.);
#4947 = EDGE_LOOP('',(#4948,#4949,#4975));
#4948 = ORIENTED_EDGE('',*,*,#4813,.T.);
#4949 = ORIENTED_EDGE('',*,*,#4950,.F.);
#4950 = EDGE_CURVE('',#4682,#4814,#4951,.T.);
#4951 = SURFACE_CURVE('',#4952,(#4957,#4968),.PCURVE_S1.);
#4952 = CIRCLE('',#4953,2.4);
#4953 = AXIS2_PLACEMENT_3D('',#4954,#4955,#4956);
#4954 = CARTESIAN_POINT('',(91.29852554626,225.57358922241,37.2));
#4955 = DIRECTION('',(0.,0.,-1.));
#4956 = DIRECTION('',(-0.749324414114,0.662203082454,0.));
#4957 = PCURVE('',#4733,#4958);
#4958 = DEFINITIONAL_REPRESENTATION('',(#4959),#4967);
#4959 = ( BOUNDED_CURVE() B_SPLINE_CURVE(2,(#4960,#4961,#4962,#4963,
#4964,#4965,#4966),.UNSPECIFIED.,.T.,.F.) B_SPLINE_CURVE_WITH_KNOTS((1,2
    ,2,2,2,1),(-2.094395102393,0.,2.094395102393,4.188790204786,
6.28318530718,8.377580409573),.UNSPECIFIED.) CURVE() 
GEOMETRIC_REPRESENTATION_ITEM() RATIONAL_B_SPLINE_CURVE((1.,0.5,1.,0.5,
1.,0.5,1.)) REPRESENTATION_ITEM('') );
#4960 = CARTESIAN_POINT('',(-1.263345288075,2.040578026712));
#4961 = CARTESIAN_POINT('',(2.271039530998,4.228756253161));
#4962 = CARTESIAN_POINT('',(2.398865053574,7.380009986873E-02));
#4963 = CARTESIAN_POINT('',(2.52669057615,-4.081156053423));
#4964 = CARTESIAN_POINT('',(-1.135519765499,-2.11437812658));
#4965 = CARTESIAN_POINT('',(-4.797730107148,-0.147600199737));
#4966 = CARTESIAN_POINT('',(-1.263345288075,2.040578026712));
#4967 = ( GEOMETRIC_REPRESENTATION_CONTEXT(2) 
PARAMETRIC_REPRESENTATION_CONTEXT() REPRESENTATION_CONTEXT('2D SPACE',''
  ) );
#4968 = PCURVE('',#4636,#4969);
#4969 = DEFINITIONAL_REPRESENTATION('',(#4970),#4974);
#4970 = LINE('',#4971,#4972);
#4971 = CARTESIAN_POINT('',(-8.408335299275,-2.4));
#4972 = VECTOR('',#4973,1.);
#4973 = DIRECTION('',(1.,-0.));
#4974 = ( GEOMETRIC_REPRESENTATION_CONTEXT(2) 
PARAMETRIC_REPRESENTATION_CONTEXT() REPRESENTATION_CONTEXT('2D SPACE',''
  ) );
#4975 = ORIENTED_EDGE('',*,*,#4681,.T.);
#4976 = ADVANCED_FACE('',(#4977),#4636,.T.);
#4977 = FACE_BOUND('',#4978,.F.);
#4978 = EDGE_LOOP('',(#4979,#4980,#4981,#4982));
#4979 = ORIENTED_EDGE('',*,*,#4950,.F.);
#4980 = ORIENTED_EDGE('',*,*,#4915,.T.);
#4981 = ORIENTED_EDGE('',*,*,#4608,.T.);
#4982 = ORIENTED_EDGE('',*,*,#4887,.F.);
#4983 = MANIFOLD_SOLID_BREP('',#4984);
#4984 = CLOSED_SHELL('',(#4985,#5058,#5322,#5326,#5357));
#4985 = ADVANCED_FACE('',(#4986),#5001,.F.);
#4986 = FACE_BOUND('',#4987,.F.);
#4987 = EDGE_LOOP('',(#4988,#5028));
#4988 = ORIENTED_EDGE('',*,*,#4989,.F.);
#4989 = EDGE_CURVE('',#4990,#4992,#4994,.T.);
#4990 = VERTEX_POINT('',#4991);
#4991 = CARTESIAN_POINT('',(-90.72404901664,234.05337028392,34.8));
#4992 = VERTEX_POINT('',#4993);
#4993 = CARTESIAN_POINT('',(-87.5110459159,231.53693514528,34.8));
#4994 = SURFACE_CURVE('',#4995,(#5000,#5016),.PCURVE_S1.);
#4995 = CIRCLE('',#4996,2.4);
#4996 = AXIS2_PLACEMENT_3D('',#4997,#4998,#4999);
#4997 = CARTESIAN_POINT('',(-88.33857052113,233.78975627172,34.8));
#4998 = DIRECTION('',(0.,0.,-1.));
#4999 = DIRECTION('',(-0.993949373132,0.109839171752,0.));
#5000 = PCURVE('',#5001,#5006);
#5001 = PLANE('',#5002);
#5002 = AXIS2_PLACEMENT_3D('',#5003,#5004,#5005);
#5003 = CARTESIAN_POINT('',(-91.49634042944,229.75789216722,34.8));
#5004 = DIRECTION('',(0.,0.,1.));
#5005 = DIRECTION('',(0.616598607283,0.787277687666,0.));
#5006 = DEFINITIONAL_REPRESENTATION('',(#5007),#5015);
#5007 = ( BOUNDED_CURVE() B_SPLINE_CURVE(2,(#5008,#5009,#5010,#5011,
#5012,#5013,#5014),.UNSPECIFIED.,.T.,.F.) B_SPLINE_CURVE_WITH_KNOTS((1,2
    ,2,2,2,1),(-2.094395102393,0.,2.094395102393,4.188790204786,
6.28318530718,8.377580409573),.UNSPECIFIED.) CURVE() 
GEOMETRIC_REPRESENTATION_ITEM() RATIONAL_B_SPLINE_CURVE((1.,0.5,1.,0.5,
1.,0.5,1.)) REPRESENTATION_ITEM('') );
#5008 = CARTESIAN_POINT('',(3.857927888683,2.040578026712));
#5009 = CARTESIAN_POINT('',(7.392312707756,4.228756253161));
#5010 = CARTESIAN_POINT('',(7.520138230332,7.380009986871E-02));
#5011 = CARTESIAN_POINT('',(7.647963752908,-4.081156053423));
#5012 = CARTESIAN_POINT('',(3.985753411259,-2.11437812658));
#5013 = CARTESIAN_POINT('',(0.32354306961,-0.147600199737));
#5014 = CARTESIAN_POINT('',(3.857927888683,2.040578026712));
#5015 = ( GEOMETRIC_REPRESENTATION_CONTEXT(2) 
PARAMETRIC_REPRESENTATION_CONTEXT() REPRESENTATION_CONTEXT('2D SPACE',''
  ) );
#5016 = PCURVE('',#5017,#5022);
#5017 = CYLINDRICAL_SURFACE('',#5018,2.4);
#5018 = AXIS2_PLACEMENT_3D('',#5019,#5020,#5021);
#5019 = CARTESIAN_POINT('',(-88.33857052113,233.78975627172,34.8));
#5020 = DIRECTION('',(0.,-0.,-1.));
#5021 = DIRECTION('',(0.616598607283,0.787277687666,0.));
#5022 = DEFINITIONAL_REPRESENTATION('',(#5023),#5027);
#5023 = LINE('',#5024,#5025);
#5024 = CARTESIAN_POINT('',(-8.408335299275,0.));
#5025 = VECTOR('',#5026,1.);
#5026 = DIRECTION('',(1.,-0.));
#5027 = ( GEOMETRIC_REPRESENTATION_CONTEXT(2) 
PARAMETRIC_REPRESENTATION_CONTEXT() REPRESENTATION_CONTEXT('2D SPACE',''
  ) );
#5028 = ORIENTED_EDGE('',*,*,#5029,.T.);
#5029 = EDGE_CURVE('',#4990,#4992,#5030,.T.);
#5030 = SURFACE_CURVE('',#5031,(#5036,#5043),.PCURVE_S1.);
#5031 = ELLIPSE('',#5032,5.5,3.2);
#5032 = AXIS2_PLACEMENT_3D('',#5033,#5034,#5035);
#5033 = CARTESIAN_POINT('',(-91.72986286119,229.45972898956,34.8));
#5034 = DIRECTION('',(0.,-0.,1.));
#5035 = DIRECTION('',(0.616598607283,0.787277687666,0.));
#5036 = PCURVE('',#5001,#5037);
#5037 = DEFINITIONAL_REPRESENTATION('',(#5038),#5042);
#5038 = ELLIPSE('',#5039,5.5,3.2);
#5039 = AXIS2_PLACEMENT_2D('',#5040,#5041);
#5040 = CARTESIAN_POINT('',(-0.378726823242,3.858025010572E-15));
#5041 = DIRECTION('',(1.,0.));
#5042 = ( GEOMETRIC_REPRESENTATION_CONTEXT(2) 
PARAMETRIC_REPRESENTATION_CONTEXT() REPRESENTATION_CONTEXT('2D SPACE',''
  ) );
#5043 = PCURVE('',#5044,#5052);
#5044 = SURFACE_OF_LINEAR_EXTRUSION('',#5045,#5050);
#5045 = ELLIPSE('',#5046,5.5,3.2);
#5046 = AXIS2_PLACEMENT_3D('',#5047,#5048,#5049);
#5047 = CARTESIAN_POINT('',(-91.72986286119,229.45972898956,34.8));
#5048 = DIRECTION('',(0.,-0.,1.));
#5049 = DIRECTION('',(0.616598607283,0.787277687666,0.));
#5050 = VECTOR('',#5051,1.);
#5051 = DIRECTION('',(0.,-0.,-1.));
#5052 = DEFINITIONAL_REPRESENTATION('',(#5053),#5057);
#5053 = LINE('',#5054,#5055);
#5054 = CARTESIAN_POINT('',(0.,0.));
#5055 = VECTOR('',#5056,1.);
#5056 = DIRECTION('',(1.,0.));
#5057 = ( GEOMETRIC_REPRESENTATION_CONTEXT(2) 
PARAMETRIC_REPRESENTATION_CONTEXT() REPRESENTATION_CONTEXT('2D SPACE',''
  ) );
#5058 = ADVANCED_FACE('',(#5059),#5044,.F.);
#5059 = FACE_BOUND('',#5060,.F.);
#5060 = EDGE_LOOP('',(#5061,#5142,#5165,#5192,#5193,#5267,#5294,#5295));
#5061 = ORIENTED_EDGE('',*,*,#5062,.T.);
#5062 = EDGE_CURVE('',#5063,#5065,#5067,.T.);
#5063 = VERTEX_POINT('',#5064);
#5064 = CARTESIAN_POINT('',(-90.72404901665,234.05337028392,37.2));
#5065 = VERTEX_POINT('',#5066);
#5066 = CARTESIAN_POINT('',(-88.33857052113,233.78975627172,37.2));
#5067 = SURFACE_CURVE('',#5068,(#5089,#5113),.PCURVE_S1.);
#5068 = B_SPLINE_CURVE_WITH_KNOTS('',7,(#5069,#5070,#5071,#5072,#5073,
    #5074,#5075,#5076,#5077,#5078,#5079,#5080,#5081,#5082,#5083,#5084,
    #5085,#5086,#5087,#5088),.UNSPECIFIED.,.F.,.F.,(8,6,6,8),(0.,
    0.552559536359,0.720455681449,1.),.UNSPECIFIED.);
#5069 = CARTESIAN_POINT('',(-91.37620027286,233.80360948672,37.2));
#5070 = CARTESIAN_POINT('',(-91.14451209713,233.91051125392,37.2));
#5071 = CARTESIAN_POINT('',(-90.90780318479,234.00495670554,37.2));
#5072 = CARTESIAN_POINT('',(-90.66586397503,234.08560069185,37.2));
#5073 = CARTESIAN_POINT('',(-90.41910185749,234.15031027654,37.2));
#5074 = CARTESIAN_POINT('',(-90.16859096059,234.19627285166,37.2));
#5075 = CARTESIAN_POINT('',(-89.91611166943,234.22016598138,37.2));
#5076 = CARTESIAN_POINT('',(-89.58760905182,234.21736833675,37.2));
#5077 = CARTESIAN_POINT('',(-89.51114512862,234.2143125158,37.2));
#5078 = CARTESIAN_POINT('',(-89.4348636318,234.20874671833,37.2));
#5079 = CARTESIAN_POINT('',(-89.35887387298,234.20056297613,37.2));
#5080 = CARTESIAN_POINT('',(-89.28330209514,234.18965674018,37.2));
#5081 = CARTESIAN_POINT('',(-89.20829066613,234.17593214495,37.2));
#5082 = CARTESIAN_POINT('',(-89.010299994,234.13162713395,37.2));
#5083 = CARTESIAN_POINT('',(-88.88852288288,234.09589171905,37.2));
#5084 = CARTESIAN_POINT('',(-88.76950592788,234.0517322452,37.2));
#5085 = CARTESIAN_POINT('',(-88.65412808737,233.99892353599,37.2));
#5086 = CARTESIAN_POINT('',(-88.54328328204,233.93743346085,37.2));
#5087 = CARTESIAN_POINT('',(-88.43783800101,233.86750290522,37.2));
#5088 = CARTESIAN_POINT('',(-88.33857052113,233.78975627172,37.2));
#5089 = PCURVE('',#5044,#5090);
#5090 = DEFINITIONAL_REPRESENTATION('',(#5091),#5112);
#5091 = B_SPLINE_CURVE_WITH_KNOTS('',7,(#5092,#5093,#5094,#5095,#5096,
    #5097,#5098,#5099,#5100,#5101,#5102,#5103,#5104,#5105,#5106,#5107,
    #5108,#5109,#5110,#5111),.UNSPECIFIED.,.F.,.F.,(8,6,6,8),(0.,
    0.552559536359,0.720455681449,1.),.UNSPECIFIED.);
#5092 = CARTESIAN_POINT('',(0.848062078981,-2.4));
#5093 = CARTESIAN_POINT('',(0.793026931694,-2.4));
#5094 = CARTESIAN_POINT('',(0.736502369158,-2.4));
#5095 = CARTESIAN_POINT('',(0.678136931915,-2.4));
#5096 = CARTESIAN_POINT('',(0.617651192439,-2.4));
#5097 = CARTESIAN_POINT('',(0.554796617121,-2.4));
#5098 = CARTESIAN_POINT('',(0.489341230955,-2.4));
#5099 = CARTESIAN_POINT('',(0.400199739816,-2.4));
#5100 = CARTESIAN_POINT('',(0.379168469842,-2.4));
#5101 = CARTESIAN_POINT('',(0.357877333988,-2.4));
#5102 = CARTESIAN_POINT('',(0.336326859425,-2.4));
#5103 = CARTESIAN_POINT('',(0.314520863137,-2.4));
#5104 = CARTESIAN_POINT('',(0.292466942891,-2.4));
#5105 = CARTESIAN_POINT('',(0.233064527184,-2.4));
#5106 = CARTESIAN_POINT('',(0.1952767556,-2.4));
#5107 = CARTESIAN_POINT('',(0.156899874792,-2.4));
#5108 = CARTESIAN_POINT('',(0.11803864707,-2.4));
#5109 = CARTESIAN_POINT('',(7.881976378659E-02,-2.4));
#5110 = CARTESIAN_POINT('',(3.94029806125E-02,-2.4));
#5111 = CARTESIAN_POINT('',(0.,-2.4));
#5112 = ( GEOMETRIC_REPRESENTATION_CONTEXT(2) 
PARAMETRIC_REPRESENTATION_CONTEXT() REPRESENTATION_CONTEXT('2D SPACE',''
  ) );
#5113 = PCURVE('',#5114,#5119);
#5114 = PLANE('',#5115);
#5115 = AXIS2_PLACEMENT_3D('',#5116,#5117,#5118);
#5116 = CARTESIAN_POINT('',(-88.33857052113,233.78975627172,37.2));
#5117 = DIRECTION('',(0.,0.,1.));
#5118 = DIRECTION('',(0.616598607283,0.787277687666,0.));
#5119 = DEFINITIONAL_REPRESENTATION('',(#5120),#5141);
#5120 = B_SPLINE_CURVE_WITH_KNOTS('',7,(#5121,#5122,#5123,#5124,#5125,
    #5126,#5127,#5128,#5129,#5130,#5131,#5132,#5133,#5134,#5135,#5136,
    #5137,#5138,#5139,#5140),.UNSPECIFIED.,.F.,.F.,(8,6,6,8),(0.,
    0.552559536359,0.720455681449,1.),.UNSPECIFIED.);
#5121 = CARTESIAN_POINT('',(-1.862091947286,2.4));
#5122 = CARTESIAN_POINT('',(-1.635071964724,2.283512549527));
#5123 = CARTESIAN_POINT('',(-1.414762782279,2.155391838303));
#5124 = CARTESIAN_POINT('',(-1.202094191427,2.014643466332));
#5125 = CARTESIAN_POINT('',(-0.998996601215,1.860272996834));
#5126 = CARTESIAN_POINT('',(-0.808346621214,1.691391816989));
#5127 = CARTESIAN_POINT('',(-0.633857714,1.507352974968));
#5128 = CARTESIAN_POINT('',(-0.433505980689,1.247005170003));
#5129 = CARTESIAN_POINT('',(-0.38876421179,1.184922614416));
#5130 = CARTESIAN_POINT('',(-0.346110975252,1.121436031022));
#5131 = CARTESIAN_POINT('',(-0.305698673436,1.056564905368));
#5132 = CARTESIAN_POINT('',(-0.267687456687,0.990344160955));
#5133 = CARTESIAN_POINT('',(-0.23224058162,0.922826770272));
#5134 = CARTESIAN_POINT('',(-0.145040155545,0.739634723665));
#5135 = CARTESIAN_POINT('',(-9.80862532378E-02,0.621727914147));
#5136 = CARTESIAN_POINT('',(-5.946633300658E-02,0.500799850948));
#5137 = CARTESIAN_POINT('',(-2.989963570752E-02,0.377403674918));
#5138 = CARTESIAN_POINT('',(-9.962647291218E-03,0.252223338189));
#5139 = CARTESIAN_POINT('',(5.684341886081E-14,0.12608953796));
#5140 = CARTESIAN_POINT('',(0.,0.));
#5141 = ( GEOMETRIC_REPRESENTATION_CONTEXT(2) 
PARAMETRIC_REPRESENTATION_CONTEXT() REPRESENTATION_CONTEXT('2D SPACE',''
  ) );
#5142 = ORIENTED_EDGE('',*,*,#5143,.T.);
#5143 = EDGE_CURVE('',#5065,#5144,#5146,.T.);
#5144 = VERTEX_POINT('',#5145);
#5145 = CARTESIAN_POINT('',(-88.33857052113,233.78975627172,37.4));
#5146 = SEAM_CURVE('',#5147,(#5151,#5158),.PCURVE_S1.);
#5147 = LINE('',#5148,#5149);
#5148 = CARTESIAN_POINT('',(-88.33857052113,233.78975627172,34.8));
#5149 = VECTOR('',#5150,1.);
#5150 = DIRECTION('',(0.,0.,1.));
#5151 = PCURVE('',#5044,#5152);
#5152 = DEFINITIONAL_REPRESENTATION('',(#5153),#5157);
#5153 = LINE('',#5154,#5155);
#5154 = CARTESIAN_POINT('',(6.28318530718,0.));
#5155 = VECTOR('',#5156,1.);
#5156 = DIRECTION('',(0.,-1.));
#5157 = ( GEOMETRIC_REPRESENTATION_CONTEXT(2) 
PARAMETRIC_REPRESENTATION_CONTEXT() REPRESENTATION_CONTEXT('2D SPACE',''
  ) );
#5158 = PCURVE('',#5044,#5159);
#5159 = DEFINITIONAL_REPRESENTATION('',(#5160),#5164);
#5160 = LINE('',#5161,#5162);
#5161 = CARTESIAN_POINT('',(0.,0.));
#5162 = VECTOR('',#5163,1.);
#5163 = DIRECTION('',(0.,-1.));
#5164 = ( GEOMETRIC_REPRESENTATION_CONTEXT(2) 
PARAMETRIC_REPRESENTATION_CONTEXT() REPRESENTATION_CONTEXT('2D SPACE',''
  ) );
#5165 = ORIENTED_EDGE('',*,*,#5166,.T.);
#5166 = EDGE_CURVE('',#5144,#5144,#5167,.T.);
#5167 = SURFACE_CURVE('',#5168,(#5173,#5180),.PCURVE_S1.);
#5168 = ELLIPSE('',#5169,5.5,3.2);
#5169 = AXIS2_PLACEMENT_3D('',#5170,#5171,#5172);
#5170 = CARTESIAN_POINT('',(-91.72986286119,229.45972898956,37.4));
#5171 = DIRECTION('',(0.,-0.,1.));
#5172 = DIRECTION('',(0.616598607283,0.787277687666,0.));
#5173 = PCURVE('',#5044,#5174);
#5174 = DEFINITIONAL_REPRESENTATION('',(#5175),#5179);
#5175 = LINE('',#5176,#5177);
#5176 = CARTESIAN_POINT('',(0.,-2.6));
#5177 = VECTOR('',#5178,1.);
#5178 = DIRECTION('',(1.,0.));
#5179 = ( GEOMETRIC_REPRESENTATION_CONTEXT(2) 
PARAMETRIC_REPRESENTATION_CONTEXT() REPRESENTATION_CONTEXT('2D SPACE',''
  ) );
#5180 = PCURVE('',#5181,#5186);
#5181 = PLANE('',#5182);
#5182 = AXIS2_PLACEMENT_3D('',#5183,#5184,#5185);
#5183 = CARTESIAN_POINT('',(-91.49634042944,229.75789216722,37.4));
#5184 = DIRECTION('',(0.,0.,1.));
#5185 = DIRECTION('',(0.616598607283,0.787277687666,0.));
#5186 = DEFINITIONAL_REPRESENTATION('',(#5187),#5191);
#5187 = ELLIPSE('',#5188,5.5,3.2);
#5188 = AXIS2_PLACEMENT_2D('',#5189,#5190);
#5189 = CARTESIAN_POINT('',(-0.378726823242,3.858025010572E-15));
#5190 = DIRECTION('',(1.,0.));
#5191 = ( GEOMETRIC_REPRESENTATION_CONTEXT(2) 
PARAMETRIC_REPRESENTATION_CONTEXT() REPRESENTATION_CONTEXT('2D SPACE',''
  ) );
#5192 = ORIENTED_EDGE('',*,*,#5143,.F.);
#5193 = ORIENTED_EDGE('',*,*,#5194,.T.);
#5194 = EDGE_CURVE('',#5065,#5195,#5197,.T.);
#5195 = VERTEX_POINT('',#5196);
#5196 = CARTESIAN_POINT('',(-87.5110459159,231.53693514528,37.2));
#5197 = SURFACE_CURVE('',#5198,(#5219,#5243),.PCURVE_S1.);
#5198 = B_SPLINE_CURVE_WITH_KNOTS('',7,(#5199,#5200,#5201,#5202,#5203,
    #5204,#5205,#5206,#5207,#5208,#5209,#5210,#5211,#5212,#5213,#5214,
    #5215,#5216,#5217,#5218),.UNSPECIFIED.,.F.,.F.,(8,6,6,8),(0.,
    0.279544318551,0.44744046364,1.),.UNSPECIFIED.);
#5199 = CARTESIAN_POINT('',(-88.33857052113,233.78975627172,37.2));
#5200 = CARTESIAN_POINT('',(-88.23930304124,233.71200963822,37.2));
#5201 = CARTESIAN_POINT('',(-88.14614366911,233.62639234274,37.2));
#5202 = CARTESIAN_POINT('',(-88.05988510236,233.53351037532,37.2));
#5203 = CARTESIAN_POINT('',(-87.9809688306,233.43414726395,37.2));
#5204 = CARTESIAN_POINT('',(-87.90957785366,233.32917858711,37.2));
#5205 = CARTESIAN_POINT('',(-87.84570416407,233.21951165293,37.2));
#5206 = CARTESIAN_POINT('',(-87.75524881449,233.03790474233,37.2));
#5207 = CARTESIAN_POINT('',(-87.72395037308,232.96836707942,37.2));
#5208 = CARTESIAN_POINT('',(-87.69525392185,232.89761007782,37.2));
#5209 = CARTESIAN_POINT('',(-87.66910050107,232.82579492856,37.2));
#5210 = CARTESIAN_POINT('',(-87.64541885674,232.75306924823,37.2));
#5211 = CARTESIAN_POINT('',(-87.62413035832,232.67956503455,37.2));
#5212 = CARTESIAN_POINT('',(-87.54270094017,232.36130249128,37.2));
#5213 = CARTESIAN_POINT('',(-87.50540088336,232.11045317421,37.2));
#5214 = CARTESIAN_POINT('',(-87.48999901074,231.85622679851,37.2));
#5215 = CARTESIAN_POINT('',(-87.49369627574,231.60114798082,37.2));
#5216 = CARTESIAN_POINT('',(-87.51401937985,231.34693349424,37.2));
#5217 = CARTESIAN_POINT('',(-87.54899513764,231.09448993841,37.2));
#5218 = CARTESIAN_POINT('',(-87.59726737206,230.84393617176,37.2));
#5219 = PCURVE('',#5044,#5220);
#5220 = DEFINITIONAL_REPRESENTATION('',(#5221),#5242);
#5221 = B_SPLINE_CURVE_WITH_KNOTS('',7,(#5222,#5223,#5224,#5225,#5226,
    #5227,#5228,#5229,#5230,#5231,#5232,#5233,#5234,#5235,#5236,#5237,
    #5238,#5239,#5240,#5241),.UNSPECIFIED.,.F.,.F.,(8,6,6,8),(0.,
    0.279544318551,0.44744046364,1.),.UNSPECIFIED.);
#5222 = CARTESIAN_POINT('',(6.28318530718,-2.4));
#5223 = CARTESIAN_POINT('',(6.243782326567,-2.4));
#5224 = CARTESIAN_POINT('',(6.204365543393,-2.4));
#5225 = CARTESIAN_POINT('',(6.16514666011,-2.4));
#5226 = CARTESIAN_POINT('',(6.126285432387,-2.4));
#5227 = CARTESIAN_POINT('',(6.08790855158,-2.4));
#5228 = CARTESIAN_POINT('',(6.050120779996,-2.4));
#5229 = CARTESIAN_POINT('',(5.990718364289,-2.4));
#5230 = CARTESIAN_POINT('',(5.968664444043,-2.4));
#5231 = CARTESIAN_POINT('',(5.946858447755,-2.4));
#5232 = CARTESIAN_POINT('',(5.925307973192,-2.4));
#5233 = CARTESIAN_POINT('',(5.904016837338,-2.4));
#5234 = CARTESIAN_POINT('',(5.882985567364,-2.4));
#5235 = CARTESIAN_POINT('',(5.793844076225,-2.4));
#5236 = CARTESIAN_POINT('',(5.728388690059,-2.4));
#5237 = CARTESIAN_POINT('',(5.66553411474,-2.4));
#5238 = CARTESIAN_POINT('',(5.605048375265,-2.4));
#5239 = CARTESIAN_POINT('',(5.546682938022,-2.4));
#5240 = CARTESIAN_POINT('',(5.490158375486,-2.4));
#5241 = CARTESIAN_POINT('',(5.435123228198,-2.4));
#5242 = ( GEOMETRIC_REPRESENTATION_CONTEXT(2) 
PARAMETRIC_REPRESENTATION_CONTEXT() REPRESENTATION_CONTEXT('2D SPACE',''
  ) );
#5243 = PCURVE('',#5114,#5244);
#5244 = DEFINITIONAL_REPRESENTATION('',(#5245),#5266);
#5245 = B_SPLINE_CURVE_WITH_KNOTS('',7,(#5246,#5247,#5248,#5249,#5250,
    #5251,#5252,#5253,#5254,#5255,#5256,#5257,#5258,#5259,#5260,#5261,
    #5262,#5263,#5264,#5265),.UNSPECIFIED.,.F.,.F.,(8,6,6,8),(0.,
    0.279544318551,0.44744046364,1.),.UNSPECIFIED.);
#5246 = CARTESIAN_POINT('',(0.,0.));
#5247 = CARTESIAN_POINT('',(2.84217094304E-14,-0.12608953796));
#5248 = CARTESIAN_POINT('',(-9.962647291161E-03,-0.252223338188));
#5249 = CARTESIAN_POINT('',(-2.989963570752E-02,-0.377403674918));
#5250 = CARTESIAN_POINT('',(-5.946633300655E-02,-0.500799850948));
#5251 = CARTESIAN_POINT('',(-9.808625323762E-02,-0.621727914147));
#5252 = CARTESIAN_POINT('',(-0.145040155545,-0.739634723665));
#5253 = CARTESIAN_POINT('',(-0.23224058162,-0.922826770271));
#5254 = CARTESIAN_POINT('',(-0.267687456687,-0.990344160955));
#5255 = CARTESIAN_POINT('',(-0.305698673436,-1.056564905368));
#5256 = CARTESIAN_POINT('',(-0.346110975252,-1.121436031021));
#5257 = CARTESIAN_POINT('',(-0.38876421179,-1.184922614415));
#5258 = CARTESIAN_POINT('',(-0.433505980688,-1.247005170002));
#5259 = CARTESIAN_POINT('',(-0.633857713999,-1.507352974968));
#5260 = CARTESIAN_POINT('',(-0.808346621213,-1.691391816989));
#5261 = CARTESIAN_POINT('',(-0.998996601215,-1.860272996833));
#5262 = CARTESIAN_POINT('',(-1.202094191427,-2.014643466332));
#5263 = CARTESIAN_POINT('',(-1.414762782278,-2.155391838303));
#5264 = CARTESIAN_POINT('',(-1.635071964724,-2.283512549527));
#5265 = CARTESIAN_POINT('',(-1.862091947286,-2.4));
#5266 = ( GEOMETRIC_REPRESENTATION_CONTEXT(2) 
PARAMETRIC_REPRESENTATION_CONTEXT() REPRESENTATION_CONTEXT('2D SPACE',''
  ) );
#5267 = ORIENTED_EDGE('',*,*,#5268,.T.);
#5268 = EDGE_CURVE('',#5195,#4992,#5269,.T.);
#5269 = SURFACE_CURVE('',#5270,(#5276,#5285),.PCURVE_S1.);
#5270 = B_SPLINE_CURVE_WITH_KNOTS('',4,(#5271,#5272,#5273,#5274,#5275),
  .UNSPECIFIED.,.F.,.F.,(5,5),(0.,1.),.PIECEWISE_BEZIER_KNOTS.);
#5271 = CARTESIAN_POINT('',(-87.5110459159,231.53693514528,37.2000006));
#5272 = CARTESIAN_POINT('',(-87.5110459159,231.53693514528,36.6000003));
#5273 = CARTESIAN_POINT('',(-87.5110459159,231.53693514528,36.));
#5274 = CARTESIAN_POINT('',(-87.5110459159,231.53693514528,35.3999997));
#5275 = CARTESIAN_POINT('',(-87.5110459159,231.53693514528,34.7999994));
#5276 = PCURVE('',#5044,#5277);
#5277 = DEFINITIONAL_REPRESENTATION('',(#5278),#5284);
#5278 = B_SPLINE_CURVE_WITH_KNOTS('',4,(#5279,#5280,#5281,#5282,#5283),
  .UNSPECIFIED.,.F.,.F.,(5,5),(0.,1.),.PIECEWISE_BEZIER_KNOTS.);
#5279 = CARTESIAN_POINT('',(5.591701796121,-2.4000006));
#5280 = CARTESIAN_POINT('',(5.591701796121,-1.8000003));
#5281 = CARTESIAN_POINT('',(5.591701796121,-1.2));
#5282 = CARTESIAN_POINT('',(5.591701796121,-0.5999997));
#5283 = CARTESIAN_POINT('',(5.591701796121,5.999999999062E-07));
#5284 = ( GEOMETRIC_REPRESENTATION_CONTEXT(2) 
PARAMETRIC_REPRESENTATION_CONTEXT() REPRESENTATION_CONTEXT('2D SPACE',''
  ) );
#5285 = PCURVE('',#5017,#5286);
#5286 = DEFINITIONAL_REPRESENTATION('',(#5287),#5293);
#5287 = B_SPLINE_CURVE_WITH_KNOTS('',4,(#5288,#5289,#5290,#5291,#5292),
  .UNSPECIFIED.,.F.,.F.,(5,5),(0.,1.),.PIECEWISE_BEZIER_KNOTS.);
#5288 = CARTESIAN_POINT('',(-4.158035315084,-2.4000006));
#5289 = CARTESIAN_POINT('',(-4.158035315084,-1.8000003));
#5290 = CARTESIAN_POINT('',(-4.158035315084,-1.2));
#5291 = CARTESIAN_POINT('',(-4.158035315084,-0.5999997));
#5292 = CARTESIAN_POINT('',(-4.158035315084,5.999999999062E-07));
#5293 = ( GEOMETRIC_REPRESENTATION_CONTEXT(2) 
PARAMETRIC_REPRESENTATION_CONTEXT() REPRESENTATION_CONTEXT('2D SPACE',''
  ) );
#5294 = ORIENTED_EDGE('',*,*,#5029,.F.);
#5295 = ORIENTED_EDGE('',*,*,#5296,.F.);
#5296 = EDGE_CURVE('',#5063,#4990,#5297,.T.);
#5297 = SURFACE_CURVE('',#5298,(#5304,#5313),.PCURVE_S1.);
#5298 = B_SPLINE_CURVE_WITH_KNOTS('',4,(#5299,#5300,#5301,#5302,#5303),
  .UNSPECIFIED.,.F.,.F.,(5,5),(0.,1.),.PIECEWISE_BEZIER_KNOTS.);
#5299 = CARTESIAN_POINT('',(-90.72404901665,234.05337028392,37.2000006)
  );
#5300 = CARTESIAN_POINT('',(-90.72404901665,234.05337028392,36.6000003)
  );
#5301 = CARTESIAN_POINT('',(-90.72404901665,234.05337028392,36.));
#5302 = CARTESIAN_POINT('',(-90.72404901665,234.05337028392,35.3999997)
  );
#5303 = CARTESIAN_POINT('',(-90.72404901665,234.05337028392,34.7999994)
  );
#5304 = PCURVE('',#5044,#5305);
#5305 = DEFINITIONAL_REPRESENTATION('',(#5306),#5312);
#5306 = B_SPLINE_CURVE_WITH_KNOTS('',4,(#5307,#5308,#5309,#5310,#5311),
  .UNSPECIFIED.,.F.,.F.,(5,5),(0.,1.),.PIECEWISE_BEZIER_KNOTS.);
#5307 = CARTESIAN_POINT('',(0.691483511059,-2.4000006));
#5308 = CARTESIAN_POINT('',(0.691483511059,-1.8000003));
#5309 = CARTESIAN_POINT('',(0.691483511059,-1.2));
#5310 = CARTESIAN_POINT('',(0.691483511059,-0.5999997));
#5311 = CARTESIAN_POINT('',(0.691483511059,5.999999999062E-07));
#5312 = ( GEOMETRIC_REPRESENTATION_CONTEXT(2) 
PARAMETRIC_REPRESENTATION_CONTEXT() REPRESENTATION_CONTEXT('2D SPACE',''
  ) );
#5313 = PCURVE('',#5017,#5314);
#5314 = DEFINITIONAL_REPRESENTATION('',(#5315),#5321);
#5315 = B_SPLINE_CURVE_WITH_KNOTS('',4,(#5316,#5317,#5318,#5319,#5320),
  .UNSPECIFIED.,.F.,.F.,(5,5),(0.,1.),.PIECEWISE_BEZIER_KNOTS.);
#5316 = CARTESIAN_POINT('',(-8.408335299275,-2.4000006));
#5317 = CARTESIAN_POINT('',(-8.408335299275,-1.8000003));
#5318 = CARTESIAN_POINT('',(-8.408335299275,-1.2));
#5319 = CARTESIAN_POINT('',(-8.408335299275,-0.5999997));
#5320 = CARTESIAN_POINT('',(-8.408335299275,5.999999999062E-07));
#5321 = ( GEOMETRIC_REPRESENTATION_CONTEXT(2) 
PARAMETRIC_REPRESENTATION_CONTEXT() REPRESENTATION_CONTEXT('2D SPACE',''
  ) );
#5322 = ADVANCED_FACE('',(#5323),#5181,.T.);
#5323 = FACE_BOUND('',#5324,.T.);
#5324 = EDGE_LOOP('',(#5325));
#5325 = ORIENTED_EDGE('',*,*,#5166,.T.);
#5326 = ADVANCED_FACE('',(#5327),#5114,.T.);
#5327 = FACE_BOUND('',#5328,.T.);
#5328 = EDGE_LOOP('',(#5329,#5330,#5356));
#5329 = ORIENTED_EDGE('',*,*,#5194,.T.);
#5330 = ORIENTED_EDGE('',*,*,#5331,.F.);
#5331 = EDGE_CURVE('',#5063,#5195,#5332,.T.);
#5332 = SURFACE_CURVE('',#5333,(#5338,#5349),.PCURVE_S1.);
#5333 = CIRCLE('',#5334,2.4);
#5334 = AXIS2_PLACEMENT_3D('',#5335,#5336,#5337);
#5335 = CARTESIAN_POINT('',(-88.33857052113,233.78975627172,37.2));
#5336 = DIRECTION('',(0.,0.,-1.));
#5337 = DIRECTION('',(-0.993949373132,0.109839171752,0.));
#5338 = PCURVE('',#5114,#5339);
#5339 = DEFINITIONAL_REPRESENTATION('',(#5340),#5348);
#5340 = ( BOUNDED_CURVE() B_SPLINE_CURVE(2,(#5341,#5342,#5343,#5344,
#5345,#5346,#5347),.UNSPECIFIED.,.T.,.F.) B_SPLINE_CURVE_WITH_KNOTS((1,2
    ,2,2,2,1),(-2.094395102393,0.,2.094395102393,4.188790204786,
6.28318530718,8.377580409573),.UNSPECIFIED.) CURVE() 
GEOMETRIC_REPRESENTATION_ITEM() RATIONAL_B_SPLINE_CURVE((1.,0.5,1.,0.5,
1.,0.5,1.)) REPRESENTATION_ITEM('') );
#5341 = CARTESIAN_POINT('',(-1.263345288075,2.040578026712));
#5342 = CARTESIAN_POINT('',(2.271039530998,4.228756253161));
#5343 = CARTESIAN_POINT('',(2.398865053574,7.380009986873E-02));
#5344 = CARTESIAN_POINT('',(2.52669057615,-4.081156053423));
#5345 = CARTESIAN_POINT('',(-1.135519765499,-2.11437812658));
#5346 = CARTESIAN_POINT('',(-4.797730107148,-0.147600199737));
#5347 = CARTESIAN_POINT('',(-1.263345288075,2.040578026712));
#5348 = ( GEOMETRIC_REPRESENTATION_CONTEXT(2) 
PARAMETRIC_REPRESENTATION_CONTEXT() REPRESENTATION_CONTEXT('2D SPACE',''
  ) );
#5349 = PCURVE('',#5017,#5350);
#5350 = DEFINITIONAL_REPRESENTATION('',(#5351),#5355);
#5351 = LINE('',#5352,#5353);
#5352 = CARTESIAN_POINT('',(-8.408335299275,-2.4));
#5353 = VECTOR('',#5354,1.);
#5354 = DIRECTION('',(1.,-0.));
#5355 = ( GEOMETRIC_REPRESENTATION_CONTEXT(2) 
PARAMETRIC_REPRESENTATION_CONTEXT() REPRESENTATION_CONTEXT('2D SPACE',''
  ) );
#5356 = ORIENTED_EDGE('',*,*,#5062,.T.);
#5357 = ADVANCED_FACE('',(#5358),#5017,.T.);
#5358 = FACE_BOUND('',#5359,.F.);
#5359 = EDGE_LOOP('',(#5360,#5361,#5362,#5363));
#5360 = ORIENTED_EDGE('',*,*,#5331,.F.);
#5361 = ORIENTED_EDGE('',*,*,#5296,.T.);
#5362 = ORIENTED_EDGE('',*,*,#4989,.T.);
#5363 = ORIENTED_EDGE('',*,*,#5268,.F.);
#5364 = MANIFOLD_SOLID_BREP('',#5365);
#5365 = CLOSED_SHELL('',(#5366,#5439,#5703,#5707,#5738));
#5366 = ADVANCED_FACE('',(#5367),#5382,.F.);
#5367 = FACE_BOUND('',#5368,.F.);
#5368 = EDGE_LOOP('',(#5369,#5409));
#5369 = ORIENTED_EDGE('',*,*,#5370,.F.);
#5370 = EDGE_CURVE('',#5371,#5373,#5375,.T.);
#5371 = VERTEX_POINT('',#5372);
#5372 = CARTESIAN_POINT('',(-73.04864767328,305.61148762493,34.8));
#5373 = VERTEX_POINT('',#5374);
#5374 = CARTESIAN_POINT('',(-76.78258305721,303.96419855467,34.8));
#5375 = SURFACE_CURVE('',#5376,(#5381,#5397),.PCURVE_S1.);
#5376 = CIRCLE('',#5377,2.4);
#5377 = AXIS2_PLACEMENT_3D('',#5378,#5379,#5380);
#5378 = CARTESIAN_POINT('',(-74.40568757573,303.63198195351,34.8));
#5379 = DIRECTION('',(0.,0.,-1.));
#5380 = DIRECTION('',(0.565433292687,0.824794029756,0.));
#5381 = PCURVE('',#5382,#5387);
#5382 = PLANE('',#5383);
#5383 = AXIS2_PLACEMENT_3D('',#5384,#5385,#5386);
#5384 = CARTESIAN_POINT('',(-76.47280219213,308.31754233767,34.8));
#5385 = DIRECTION('',(0.,0.,1.));
#5386 = DIRECTION('',(0.403632953186,-0.914921001564,0.));
#5387 = DEFINITIONAL_REPRESENTATION('',(#5388),#5396);
#5388 = ( BOUNDED_CURVE() B_SPLINE_CURVE(2,(#5389,#5390,#5391,#5392,
#5393,#5394,#5395),.UNSPECIFIED.,.T.,.F.) B_SPLINE_CURVE_WITH_KNOTS((1,2
    ,2,2,2,1),(-2.094395102393,0.,2.094395102393,4.188790204786,
6.28318530718,8.377580409573),.UNSPECIFIED.) CURVE() 
GEOMETRIC_REPRESENTATION_ITEM() RATIONAL_B_SPLINE_CURVE((1.,0.5,1.,0.5,
1.,0.5,1.)) REPRESENTATION_ITEM('') );
#5389 = CARTESIAN_POINT('',(3.857927888683,2.040578026712));
#5390 = CARTESIAN_POINT('',(7.392312707756,4.228756253161));
#5391 = CARTESIAN_POINT('',(7.520138230332,7.380009986872E-02));
#5392 = CARTESIAN_POINT('',(7.647963752908,-4.081156053423));
#5393 = CARTESIAN_POINT('',(3.985753411259,-2.11437812658));
#5394 = CARTESIAN_POINT('',(0.32354306961,-0.147600199737));
#5395 = CARTESIAN_POINT('',(3.857927888683,2.040578026712));
#5396 = ( GEOMETRIC_REPRESENTATION_CONTEXT(2) 
PARAMETRIC_REPRESENTATION_CONTEXT() REPRESENTATION_CONTEXT('2D SPACE',''
  ) );
#5397 = PCURVE('',#5398,#5403);
#5398 = CYLINDRICAL_SURFACE('',#5399,2.4);
#5399 = AXIS2_PLACEMENT_3D('',#5400,#5401,#5402);
#5400 = CARTESIAN_POINT('',(-74.40568757573,303.63198195351,34.8));
#5401 = DIRECTION('',(-0.,0.,-1.));
#5402 = DIRECTION('',(0.403632953186,-0.914921001564,0.));
#5403 = DEFINITIONAL_REPRESENTATION('',(#5404),#5408);
#5404 = LINE('',#5405,#5406);
#5405 = CARTESIAN_POINT('',(-8.408335299275,0.));
#5406 = VECTOR('',#5407,1.);
#5407 = DIRECTION('',(1.,-0.));
#5408 = ( GEOMETRIC_REPRESENTATION_CONTEXT(2) 
PARAMETRIC_REPRESENTATION_CONTEXT() REPRESENTATION_CONTEXT('2D SPACE',''
  ) );
#5409 = ORIENTED_EDGE('',*,*,#5410,.T.);
#5410 = EDGE_CURVE('',#5371,#5373,#5411,.T.);
#5411 = SURFACE_CURVE('',#5412,(#5417,#5424),.PCURVE_S1.);
#5412 = ELLIPSE('',#5413,5.5,3.2);
#5413 = AXIS2_PLACEMENT_3D('',#5414,#5415,#5416);
#5414 = CARTESIAN_POINT('',(-76.62566881825,308.66404746211,34.8));
#5415 = DIRECTION('',(-0.,0.,1.));
#5416 = DIRECTION('',(0.403632953186,-0.914921001564,0.));
#5417 = PCURVE('',#5382,#5418);
#5418 = DEFINITIONAL_REPRESENTATION('',(#5419),#5423);
#5419 = ELLIPSE('',#5420,5.5,3.2);
#5420 = AXIS2_PLACEMENT_2D('',#5421,#5422);
#5421 = CARTESIAN_POINT('',(-0.378726823242,2.720046410332E-15));
#5422 = DIRECTION('',(1.,0.));
#5423 = ( GEOMETRIC_REPRESENTATION_CONTEXT(2) 
PARAMETRIC_REPRESENTATION_CONTEXT() REPRESENTATION_CONTEXT('2D SPACE',''
  ) );
#5424 = PCURVE('',#5425,#5433);
#5425 = SURFACE_OF_LINEAR_EXTRUSION('',#5426,#5431);
#5426 = ELLIPSE('',#5427,5.5,3.2);
#5427 = AXIS2_PLACEMENT_3D('',#5428,#5429,#5430);
#5428 = CARTESIAN_POINT('',(-76.62566881825,308.66404746211,34.8));
#5429 = DIRECTION('',(-0.,0.,1.));
#5430 = DIRECTION('',(0.403632953186,-0.914921001564,0.));
#5431 = VECTOR('',#5432,1.);
#5432 = DIRECTION('',(-0.,0.,-1.));
#5433 = DEFINITIONAL_REPRESENTATION('',(#5434),#5438);
#5434 = LINE('',#5435,#5436);
#5435 = CARTESIAN_POINT('',(0.,0.));
#5436 = VECTOR('',#5437,1.);
#5437 = DIRECTION('',(1.,0.));
#5438 = ( GEOMETRIC_REPRESENTATION_CONTEXT(2) 
PARAMETRIC_REPRESENTATION_CONTEXT() REPRESENTATION_CONTEXT('2D SPACE',''
  ) );
#5439 = ADVANCED_FACE('',(#5440),#5425,.F.);
#5440 = FACE_BOUND('',#5441,.F.);
#5441 = EDGE_LOOP('',(#5442,#5523,#5546,#5573,#5574,#5648,#5675,#5676));
#5442 = ORIENTED_EDGE('',*,*,#5443,.T.);
#5443 = EDGE_CURVE('',#5444,#5446,#5448,.T.);
#5444 = VERTEX_POINT('',#5445);
#5445 = CARTESIAN_POINT('',(-73.04864767328,305.61148762493,37.2));
#5446 = VERTEX_POINT('',#5447);
#5447 = CARTESIAN_POINT('',(-74.40568757573,303.63198195351,37.2));
#5448 = SURFACE_CURVE('',#5449,(#5470,#5494),.PCURVE_S1.);
#5449 = B_SPLINE_CURVE_WITH_KNOTS('',7,(#5450,#5451,#5452,#5453,#5454,
    #5455,#5456,#5457,#5458,#5459,#5460,#5461,#5462,#5463,#5464,#5465,
    #5466,#5467,#5468,#5469),.UNSPECIFIED.,.F.,.F.,(8,6,6,8),(0.,
    0.552559536359,0.720455681449,1.),.UNSPECIFIED.);
#5450 = CARTESIAN_POINT('',(-72.96147884376,306.30436807057,37.2));
#5451 = CARTESIAN_POINT('',(-72.97642291262,306.04964454711,37.2));
#5452 = CARTESIAN_POINT('',(-73.00471919613,305.79636530822,37.2));
#5453 = CARTESIAN_POINT('',(-73.04765278621,305.54497966704,37.2));
#5454 = CARTESIAN_POINT('',(-73.10691269065,305.2968524079,37.2));
#5455 = CARTESIAN_POINT('',(-73.18447301441,305.05425672789,37.2));
#5456 = CARTESIAN_POINT('',(-73.28242454316,304.82032902083,37.2));
#5457 = CARTESIAN_POINT('',(-73.43975365584,304.53193805895,37.2));
#5458 = CARTESIAN_POINT('',(-73.47849503747,304.46594430969,37.2));
#5459 = CARTESIAN_POINT('',(-73.51936399411,304.40129469065,37.2));
#5460 = CARTESIAN_POINT('',(-73.56240421263,304.33813650297,37.2));
#5461 = CARTESIAN_POINT('',(-73.60764838277,304.27663036785,37.2));
#5462 = CARTESIAN_POINT('',(-73.65511393461,304.21694703361,37.2));
#5463 = CARTESIAN_POINT('',(-73.78752321987,304.06322318568,37.2));
#5464 = CARTESIAN_POINT('',(-73.87644649388,303.97267300063,37.2));
#5465 = CARTESIAN_POINT('',(-73.97149784612,303.88852827326,37.2));
#5466 = CARTESIAN_POINT('',(-74.07246150574,303.81167031801,37.2));
#5467 = CARTESIAN_POINT('',(-74.17894439928,303.7429026396,37.2));
#5468 = CARTESIAN_POINT('',(-74.29032560937,303.68287584608,37.2));
#5469 = CARTESIAN_POINT('',(-74.40568757573,303.63198195351,37.2));
#5470 = PCURVE('',#5425,#5471);
#5471 = DEFINITIONAL_REPRESENTATION('',(#5472),#5493);
#5472 = B_SPLINE_CURVE_WITH_KNOTS('',7,(#5473,#5474,#5475,#5476,#5477,
    #5478,#5479,#5480,#5481,#5482,#5483,#5484,#5485,#5486,#5487,#5488,
    #5489,#5490,#5491,#5492),.UNSPECIFIED.,.F.,.F.,(8,6,6,8),(0.,
    0.552559536359,0.720455681449,1.),.UNSPECIFIED.);
#5473 = CARTESIAN_POINT('',(0.848062078981,-2.4));
#5474 = CARTESIAN_POINT('',(0.793026931694,-2.4));
#5475 = CARTESIAN_POINT('',(0.736502369158,-2.4));
#5476 = CARTESIAN_POINT('',(0.678136931915,-2.4));
#5477 = CARTESIAN_POINT('',(0.617651192439,-2.4));
#5478 = CARTESIAN_POINT('',(0.554796617121,-2.4));
#5479 = CARTESIAN_POINT('',(0.489341230955,-2.4));
#5480 = CARTESIAN_POINT('',(0.400199739816,-2.4));
#5481 = CARTESIAN_POINT('',(0.379168469842,-2.4));
#5482 = CARTESIAN_POINT('',(0.357877333988,-2.4));
#5483 = CARTESIAN_POINT('',(0.336326859425,-2.4));
#5484 = CARTESIAN_POINT('',(0.314520863137,-2.4));
#5485 = CARTESIAN_POINT('',(0.292466942891,-2.4));
#5486 = CARTESIAN_POINT('',(0.233064527184,-2.4));
#5487 = CARTESIAN_POINT('',(0.1952767556,-2.4));
#5488 = CARTESIAN_POINT('',(0.156899874792,-2.4));
#5489 = CARTESIAN_POINT('',(0.11803864707,-2.4));
#5490 = CARTESIAN_POINT('',(7.881976378659E-02,-2.4));
#5491 = CARTESIAN_POINT('',(3.94029806125E-02,-2.4));
#5492 = CARTESIAN_POINT('',(0.,-2.4));
#5493 = ( GEOMETRIC_REPRESENTATION_CONTEXT(2) 
PARAMETRIC_REPRESENTATION_CONTEXT() REPRESENTATION_CONTEXT('2D SPACE',''
  ) );
#5494 = PCURVE('',#5495,#5500);
#5495 = PLANE('',#5496);
#5496 = AXIS2_PLACEMENT_3D('',#5497,#5498,#5499);
#5497 = CARTESIAN_POINT('',(-74.40568757573,303.63198195351,37.2));
#5498 = DIRECTION('',(0.,0.,1.));
#5499 = DIRECTION('',(0.403632953186,-0.914921001564,0.));
#5500 = DEFINITIONAL_REPRESENTATION('',(#5501),#5522);
#5501 = B_SPLINE_CURVE_WITH_KNOTS('',7,(#5502,#5503,#5504,#5505,#5506,
    #5507,#5508,#5509,#5510,#5511,#5512,#5513,#5514,#5515,#5516,#5517,
    #5518,#5519,#5520,#5521),.UNSPECIFIED.,.F.,.F.,(8,6,6,8),(0.,
    0.552559536359,0.720455681449,1.),.UNSPECIFIED.);
#5502 = CARTESIAN_POINT('',(-1.862091947286,2.4));
#5503 = CARTESIAN_POINT('',(-1.635071964724,2.283512549527));
#5504 = CARTESIAN_POINT('',(-1.414762782279,2.155391838303));
#5505 = CARTESIAN_POINT('',(-1.202094191427,2.014643466332));
#5506 = CARTESIAN_POINT('',(-0.998996601215,1.860272996834));
#5507 = CARTESIAN_POINT('',(-0.808346621214,1.691391816989));
#5508 = CARTESIAN_POINT('',(-0.633857714,1.507352974968));
#5509 = CARTESIAN_POINT('',(-0.433505980688,1.247005170003));
#5510 = CARTESIAN_POINT('',(-0.38876421179,1.184922614416));
#5511 = CARTESIAN_POINT('',(-0.346110975252,1.121436031022));
#5512 = CARTESIAN_POINT('',(-0.305698673436,1.056564905368));
#5513 = CARTESIAN_POINT('',(-0.267687456687,0.990344160955));
#5514 = CARTESIAN_POINT('',(-0.23224058162,0.922826770272));
#5515 = CARTESIAN_POINT('',(-0.145040155545,0.739634723665));
#5516 = CARTESIAN_POINT('',(-9.80862532378E-02,0.621727914147));
#5517 = CARTESIAN_POINT('',(-5.946633300658E-02,0.500799850948));
#5518 = CARTESIAN_POINT('',(-2.989963570747E-02,0.377403674919));
#5519 = CARTESIAN_POINT('',(-9.962647291218E-03,0.252223338189));
#5520 = CARTESIAN_POINT('',(5.684341886081E-14,0.12608953796));
#5521 = CARTESIAN_POINT('',(0.,0.));
#5522 = ( GEOMETRIC_REPRESENTATION_CONTEXT(2) 
PARAMETRIC_REPRESENTATION_CONTEXT() REPRESENTATION_CONTEXT('2D SPACE',''
  ) );
#5523 = ORIENTED_EDGE('',*,*,#5524,.T.);
#5524 = EDGE_CURVE('',#5446,#5525,#5527,.T.);
#5525 = VERTEX_POINT('',#5526);
#5526 = CARTESIAN_POINT('',(-74.40568757573,303.63198195351,37.4));
#5527 = SEAM_CURVE('',#5528,(#5532,#5539),.PCURVE_S1.);
#5528 = LINE('',#5529,#5530);
#5529 = CARTESIAN_POINT('',(-74.40568757573,303.63198195351,34.8));
#5530 = VECTOR('',#5531,1.);
#5531 = DIRECTION('',(0.,0.,1.));
#5532 = PCURVE('',#5425,#5533);
#5533 = DEFINITIONAL_REPRESENTATION('',(#5534),#5538);
#5534 = LINE('',#5535,#5536);
#5535 = CARTESIAN_POINT('',(6.28318530718,0.));
#5536 = VECTOR('',#5537,1.);
#5537 = DIRECTION('',(0.,-1.));
#5538 = ( GEOMETRIC_REPRESENTATION_CONTEXT(2) 
PARAMETRIC_REPRESENTATION_CONTEXT() REPRESENTATION_CONTEXT('2D SPACE',''
  ) );
#5539 = PCURVE('',#5425,#5540);
#5540 = DEFINITIONAL_REPRESENTATION('',(#5541),#5545);
#5541 = LINE('',#5542,#5543);
#5542 = CARTESIAN_POINT('',(0.,0.));
#5543 = VECTOR('',#5544,1.);
#5544 = DIRECTION('',(0.,-1.));
#5545 = ( GEOMETRIC_REPRESENTATION_CONTEXT(2) 
PARAMETRIC_REPRESENTATION_CONTEXT() REPRESENTATION_CONTEXT('2D SPACE',''
  ) );
#5546 = ORIENTED_EDGE('',*,*,#5547,.T.);
#5547 = EDGE_CURVE('',#5525,#5525,#5548,.T.);
#5548 = SURFACE_CURVE('',#5549,(#5554,#5561),.PCURVE_S1.);
#5549 = ELLIPSE('',#5550,5.5,3.2);
#5550 = AXIS2_PLACEMENT_3D('',#5551,#5552,#5553);
#5551 = CARTESIAN_POINT('',(-76.62566881825,308.66404746211,37.4));
#5552 = DIRECTION('',(-0.,0.,1.));
#5553 = DIRECTION('',(0.403632953186,-0.914921001564,0.));
#5554 = PCURVE('',#5425,#5555);
#5555 = DEFINITIONAL_REPRESENTATION('',(#5556),#5560);
#5556 = LINE('',#5557,#5558);
#5557 = CARTESIAN_POINT('',(0.,-2.6));
#5558 = VECTOR('',#5559,1.);
#5559 = DIRECTION('',(1.,0.));
#5560 = ( GEOMETRIC_REPRESENTATION_CONTEXT(2) 
PARAMETRIC_REPRESENTATION_CONTEXT() REPRESENTATION_CONTEXT('2D SPACE',''
  ) );
#5561 = PCURVE('',#5562,#5567);
#5562 = PLANE('',#5563);
#5563 = AXIS2_PLACEMENT_3D('',#5564,#5565,#5566);
#5564 = CARTESIAN_POINT('',(-76.47280219213,308.31754233767,37.4));
#5565 = DIRECTION('',(0.,0.,1.));
#5566 = DIRECTION('',(0.403632953186,-0.914921001564,0.));
#5567 = DEFINITIONAL_REPRESENTATION('',(#5568),#5572);
#5568 = ELLIPSE('',#5569,5.5,3.2);
#5569 = AXIS2_PLACEMENT_2D('',#5570,#5571);
#5570 = CARTESIAN_POINT('',(-0.378726823242,2.720046410332E-15));
#5571 = DIRECTION('',(1.,0.));
#5572 = ( GEOMETRIC_REPRESENTATION_CONTEXT(2) 
PARAMETRIC_REPRESENTATION_CONTEXT() REPRESENTATION_CONTEXT('2D SPACE',''
  ) );
#5573 = ORIENTED_EDGE('',*,*,#5524,.F.);
#5574 = ORIENTED_EDGE('',*,*,#5575,.T.);
#5575 = EDGE_CURVE('',#5446,#5576,#5578,.T.);
#5576 = VERTEX_POINT('',#5577);
#5577 = CARTESIAN_POINT('',(-76.78258305721,303.96419855467,37.2));
#5578 = SURFACE_CURVE('',#5579,(#5600,#5624),.PCURVE_S1.);
#5579 = B_SPLINE_CURVE_WITH_KNOTS('',7,(#5580,#5581,#5582,#5583,#5584,
    #5585,#5586,#5587,#5588,#5589,#5590,#5591,#5592,#5593,#5594,#5595,
    #5596,#5597,#5598,#5599),.UNSPECIFIED.,.F.,.F.,(8,6,6,8),(0.,
    0.279544318551,0.44744046364,1.),.UNSPECIFIED.);
#5580 = CARTESIAN_POINT('',(-74.40568757573,303.63198195351,37.2));
#5581 = CARTESIAN_POINT('',(-74.52104954208,303.58108806094,37.2));
#5582 = CARTESIAN_POINT('',(-74.64047325767,303.53929133789,37.2));
#5583 = CARTESIAN_POINT('',(-74.76305060224,303.50700519831,37.2));
#5584 = CARTESIAN_POINT('',(-74.88788244854,303.48424962767,37.2));
#5585 = CARTESIAN_POINT('',(-75.0141103457,303.4707732525,37.2));
#5586 = CARTESIAN_POINT('',(-75.14093790421,303.4661412901,37.2));
#5587 = CARTESIAN_POINT('',(-75.34374112046,303.47198044449,37.2));
#5588 = CARTESIAN_POINT('',(-75.41982172603,303.47715929113,37.2));
#5589 = CARTESIAN_POINT('',(-75.49575105551,303.485207677,37.2));
#5590 = CARTESIAN_POINT('',(-75.57141474749,303.49599761663,37.2));
#5591 = CARTESIAN_POINT('',(-75.64671620778,303.50939668138,37.2));
#5592 = CARTESIAN_POINT('',(-75.72157609403,303.52527330014,37.2));
#5593 = CARTESIAN_POINT('',(-76.0406423303,303.60349435527,37.2));
#5594 = CARTESIAN_POINT('',(-76.27945280488,303.68885377972,37.2));
#5595 = CARTESIAN_POINT('',(-76.51091835754,303.79511744101,37.2));
#5596 = CARTESIAN_POINT('',(-76.73413202223,303.91862668317,37.2));
#5597 = CARTESIAN_POINT('',(-76.94874571506,304.05639096228,37.2));
#5598 = CARTESIAN_POINT('',(-77.15489009042,304.2062427191,37.2));
#5599 = CARTESIAN_POINT('',(-77.35309965127,304.36692989528,37.2));
#5600 = PCURVE('',#5425,#5601);
#5601 = DEFINITIONAL_REPRESENTATION('',(#5602),#5623);
#5602 = B_SPLINE_CURVE_WITH_KNOTS('',7,(#5603,#5604,#5605,#5606,#5607,
    #5608,#5609,#5610,#5611,#5612,#5613,#5614,#5615,#5616,#5617,#5618,
    #5619,#5620,#5621,#5622),.UNSPECIFIED.,.F.,.F.,(8,6,6,8),(0.,
    0.279544318551,0.44744046364,1.),.UNSPECIFIED.);
#5603 = CARTESIAN_POINT('',(6.28318530718,-2.4));
#5604 = CARTESIAN_POINT('',(6.243782326567,-2.4));
#5605 = CARTESIAN_POINT('',(6.204365543393,-2.4));
#5606 = CARTESIAN_POINT('',(6.16514666011,-2.4));
#5607 = CARTESIAN_POINT('',(6.126285432387,-2.4));
#5608 = CARTESIAN_POINT('',(6.08790855158,-2.4));
#5609 = CARTESIAN_POINT('',(6.050120779996,-2.4));
#5610 = CARTESIAN_POINT('',(5.990718364289,-2.4));
#5611 = CARTESIAN_POINT('',(5.968664444043,-2.4));
#5612 = CARTESIAN_POINT('',(5.946858447755,-2.4));
#5613 = CARTESIAN_POINT('',(5.925307973192,-2.4));
#5614 = CARTESIAN_POINT('',(5.904016837338,-2.4));
#5615 = CARTESIAN_POINT('',(5.882985567364,-2.4));
#5616 = CARTESIAN_POINT('',(5.793844076225,-2.4));
#5617 = CARTESIAN_POINT('',(5.728388690059,-2.4));
#5618 = CARTESIAN_POINT('',(5.66553411474,-2.4));
#5619 = CARTESIAN_POINT('',(5.605048375265,-2.4));
#5620 = CARTESIAN_POINT('',(5.546682938022,-2.4));
#5621 = CARTESIAN_POINT('',(5.490158375486,-2.4));
#5622 = CARTESIAN_POINT('',(5.435123228198,-2.4));
#5623 = ( GEOMETRIC_REPRESENTATION_CONTEXT(2) 
PARAMETRIC_REPRESENTATION_CONTEXT() REPRESENTATION_CONTEXT('2D SPACE',''
  ) );
#5624 = PCURVE('',#5495,#5625);
#5625 = DEFINITIONAL_REPRESENTATION('',(#5626),#5647);
#5626 = B_SPLINE_CURVE_WITH_KNOTS('',7,(#5627,#5628,#5629,#5630,#5631,
    #5632,#5633,#5634,#5635,#5636,#5637,#5638,#5639,#5640,#5641,#5642,
    #5643,#5644,#5645,#5646),.UNSPECIFIED.,.F.,.F.,(8,6,6,8),(0.,
    0.279544318551,0.44744046364,1.),.UNSPECIFIED.);
#5627 = CARTESIAN_POINT('',(0.,0.));
#5628 = CARTESIAN_POINT('',(0.,-0.12608953796));
#5629 = CARTESIAN_POINT('',(-9.962647291161E-03,-0.252223338188));
#5630 = CARTESIAN_POINT('',(-2.989963570747E-02,-0.377403674918));
#5631 = CARTESIAN_POINT('',(-5.946633300653E-02,-0.500799850948));
#5632 = CARTESIAN_POINT('',(-9.808625323762E-02,-0.621727914147));
#5633 = CARTESIAN_POINT('',(-0.145040155545,-0.739634723665));
#5634 = CARTESIAN_POINT('',(-0.23224058162,-0.922826770271));
#5635 = CARTESIAN_POINT('',(-0.267687456687,-0.990344160955));
#5636 = CARTESIAN_POINT('',(-0.305698673436,-1.056564905368));
#5637 = CARTESIAN_POINT('',(-0.346110975252,-1.121436031021));
#5638 = CARTESIAN_POINT('',(-0.38876421179,-1.184922614415));
#5639 = CARTESIAN_POINT('',(-0.433505980688,-1.247005170002));
#5640 = CARTESIAN_POINT('',(-0.633857713999,-1.507352974968));
#5641 = CARTESIAN_POINT('',(-0.808346621213,-1.691391816989));
#5642 = CARTESIAN_POINT('',(-0.998996601215,-1.860272996833));
#5643 = CARTESIAN_POINT('',(-1.202094191427,-2.014643466332));
#5644 = CARTESIAN_POINT('',(-1.414762782279,-2.155391838303));
#5645 = CARTESIAN_POINT('',(-1.635071964724,-2.283512549527));
#5646 = CARTESIAN_POINT('',(-1.862091947286,-2.4));
#5647 = ( GEOMETRIC_REPRESENTATION_CONTEXT(2) 
PARAMETRIC_REPRESENTATION_CONTEXT() REPRESENTATION_CONTEXT('2D SPACE',''
  ) );
#5648 = ORIENTED_EDGE('',*,*,#5649,.T.);
#5649 = EDGE_CURVE('',#5576,#5373,#5650,.T.);
#5650 = SURFACE_CURVE('',#5651,(#5657,#5666),.PCURVE_S1.);
#5651 = B_SPLINE_CURVE_WITH_KNOTS('',4,(#5652,#5653,#5654,#5655,#5656),
  .UNSPECIFIED.,.F.,.F.,(5,5),(0.,1.),.PIECEWISE_BEZIER_KNOTS.);
#5652 = CARTESIAN_POINT('',(-76.78258305721,303.96419855467,37.2000006)
  );
#5653 = CARTESIAN_POINT('',(-76.78258305721,303.96419855467,36.6000003)
  );
#5654 = CARTESIAN_POINT('',(-76.78258305721,303.96419855467,36.));
#5655 = CARTESIAN_POINT('',(-76.78258305721,303.96419855467,35.3999997)
  );
#5656 = CARTESIAN_POINT('',(-76.78258305721,303.96419855467,34.7999994)
  );
#5657 = PCURVE('',#5425,#5658);
#5658 = DEFINITIONAL_REPRESENTATION('',(#5659),#5665);
#5659 = B_SPLINE_CURVE_WITH_KNOTS('',4,(#5660,#5661,#5662,#5663,#5664),
  .UNSPECIFIED.,.F.,.F.,(5,5),(0.,1.),.PIECEWISE_BEZIER_KNOTS.);
#5660 = CARTESIAN_POINT('',(5.591701796121,-2.4000006));
#5661 = CARTESIAN_POINT('',(5.591701796121,-1.8000003));
#5662 = CARTESIAN_POINT('',(5.591701796121,-1.2));
#5663 = CARTESIAN_POINT('',(5.591701796121,-0.5999997));
#5664 = CARTESIAN_POINT('',(5.591701796121,5.999999999062E-07));
#5665 = ( GEOMETRIC_REPRESENTATION_CONTEXT(2) 
PARAMETRIC_REPRESENTATION_CONTEXT() REPRESENTATION_CONTEXT('2D SPACE',''
  ) );
#5666 = PCURVE('',#5398,#5667);
#5667 = DEFINITIONAL_REPRESENTATION('',(#5668),#5674);
#5668 = B_SPLINE_CURVE_WITH_KNOTS('',4,(#5669,#5670,#5671,#5672,#5673),
  .UNSPECIFIED.,.F.,.F.,(5,5),(0.,1.),.PIECEWISE_BEZIER_KNOTS.);
#5669 = CARTESIAN_POINT('',(-4.158035315084,-2.4000006));
#5670 = CARTESIAN_POINT('',(-4.158035315084,-1.8000003));
#5671 = CARTESIAN_POINT('',(-4.158035315084,-1.2));
#5672 = CARTESIAN_POINT('',(-4.158035315084,-0.5999997));
#5673 = CARTESIAN_POINT('',(-4.158035315084,5.999999999062E-07));
#5674 = ( GEOMETRIC_REPRESENTATION_CONTEXT(2) 
PARAMETRIC_REPRESENTATION_CONTEXT() REPRESENTATION_CONTEXT('2D SPACE',''
  ) );
#5675 = ORIENTED_EDGE('',*,*,#5410,.F.);
#5676 = ORIENTED_EDGE('',*,*,#5677,.F.);
#5677 = EDGE_CURVE('',#5444,#5371,#5678,.T.);
#5678 = SURFACE_CURVE('',#5679,(#5685,#5694),.PCURVE_S1.);
#5679 = B_SPLINE_CURVE_WITH_KNOTS('',4,(#5680,#5681,#5682,#5683,#5684),
  .UNSPECIFIED.,.F.,.F.,(5,5),(0.,1.),.PIECEWISE_BEZIER_KNOTS.);
#5680 = CARTESIAN_POINT('',(-73.04864767328,305.61148762493,37.2000006)
  );
#5681 = CARTESIAN_POINT('',(-73.04864767328,305.61148762493,36.6000003)
  );
#5682 = CARTESIAN_POINT('',(-73.04864767328,305.61148762493,36.));
#5683 = CARTESIAN_POINT('',(-73.04864767328,305.61148762493,35.3999997)
  );
#5684 = CARTESIAN_POINT('',(-73.04864767328,305.61148762493,34.7999994)
  );
#5685 = PCURVE('',#5425,#5686);
#5686 = DEFINITIONAL_REPRESENTATION('',(#5687),#5693);
#5687 = B_SPLINE_CURVE_WITH_KNOTS('',4,(#5688,#5689,#5690,#5691,#5692),
  .UNSPECIFIED.,.F.,.F.,(5,5),(0.,1.),.PIECEWISE_BEZIER_KNOTS.);
#5688 = CARTESIAN_POINT('',(0.691483511059,-2.4000006));
#5689 = CARTESIAN_POINT('',(0.691483511059,-1.8000003));
#5690 = CARTESIAN_POINT('',(0.691483511059,-1.2));
#5691 = CARTESIAN_POINT('',(0.691483511059,-0.5999997));
#5692 = CARTESIAN_POINT('',(0.691483511059,5.999999999062E-07));
#5693 = ( GEOMETRIC_REPRESENTATION_CONTEXT(2) 
PARAMETRIC_REPRESENTATION_CONTEXT() REPRESENTATION_CONTEXT('2D SPACE',''
  ) );
#5694 = PCURVE('',#5398,#5695);
#5695 = DEFINITIONAL_REPRESENTATION('',(#5696),#5702);
#5696 = B_SPLINE_CURVE_WITH_KNOTS('',4,(#5697,#5698,#5699,#5700,#5701),
  .UNSPECIFIED.,.F.,.F.,(5,5),(0.,1.),.PIECEWISE_BEZIER_KNOTS.);
#5697 = CARTESIAN_POINT('',(-8.408335299275,-2.4000006));
#5698 = CARTESIAN_POINT('',(-8.408335299275,-1.8000003));
#5699 = CARTESIAN_POINT('',(-8.408335299275,-1.2));
#5700 = CARTESIAN_POINT('',(-8.408335299275,-0.5999997));
#5701 = CARTESIAN_POINT('',(-8.408335299275,5.999999999062E-07));
#5702 = ( GEOMETRIC_REPRESENTATION_CONTEXT(2) 
PARAMETRIC_REPRESENTATION_CONTEXT() REPRESENTATION_CONTEXT('2D SPACE',''
  ) );
#5703 = ADVANCED_FACE('',(#5704),#5562,.T.);
#5704 = FACE_BOUND('',#5705,.T.);
#5705 = EDGE_LOOP('',(#5706));
#5706 = ORIENTED_EDGE('',*,*,#5547,.T.);
#5707 = ADVANCED_FACE('',(#5708),#5495,.T.);
#5708 = FACE_BOUND('',#5709,.T.);
#5709 = EDGE_LOOP('',(#5710,#5711,#5737));
#5710 = ORIENTED_EDGE('',*,*,#5575,.T.);
#5711 = ORIENTED_EDGE('',*,*,#5712,.F.);
#5712 = EDGE_CURVE('',#5444,#5576,#5713,.T.);
#5713 = SURFACE_CURVE('',#5714,(#5719,#5730),.PCURVE_S1.);
#5714 = CIRCLE('',#5715,2.4);
#5715 = AXIS2_PLACEMENT_3D('',#5716,#5717,#5718);
#5716 = CARTESIAN_POINT('',(-74.40568757573,303.63198195351,37.2));
#5717 = DIRECTION('',(0.,0.,-1.));
#5718 = DIRECTION('',(0.565433292687,0.824794029756,0.));
#5719 = PCURVE('',#5495,#5720);
#5720 = DEFINITIONAL_REPRESENTATION('',(#5721),#5729);
#5721 = ( BOUNDED_CURVE() B_SPLINE_CURVE(2,(#5722,#5723,#5724,#5725,
#5726,#5727,#5728),.UNSPECIFIED.,.T.,.F.) B_SPLINE_CURVE_WITH_KNOTS((1,2
    ,2,2,2,1),(-2.094395102393,0.,2.094395102393,4.188790204786,
6.28318530718,8.377580409573),.UNSPECIFIED.) CURVE() 
GEOMETRIC_REPRESENTATION_ITEM() RATIONAL_B_SPLINE_CURVE((1.,0.5,1.,0.5,
1.,0.5,1.)) REPRESENTATION_ITEM('') );
#5722 = CARTESIAN_POINT('',(-1.263345288075,2.040578026712));
#5723 = CARTESIAN_POINT('',(2.271039530998,4.228756253161));
#5724 = CARTESIAN_POINT('',(2.398865053574,7.380009986873E-02));
#5725 = CARTESIAN_POINT('',(2.52669057615,-4.081156053423));
#5726 = CARTESIAN_POINT('',(-1.135519765499,-2.11437812658));
#5727 = CARTESIAN_POINT('',(-4.797730107148,-0.147600199737));
#5728 = CARTESIAN_POINT('',(-1.263345288075,2.040578026712));
#5729 = ( GEOMETRIC_REPRESENTATION_CONTEXT(2) 
PARAMETRIC_REPRESENTATION_CONTEXT() REPRESENTATION_CONTEXT('2D SPACE',''
  ) );
#5730 = PCURVE('',#5398,#5731);
#5731 = DEFINITIONAL_REPRESENTATION('',(#5732),#5736);
#5732 = LINE('',#5733,#5734);
#5733 = CARTESIAN_POINT('',(-8.408335299275,-2.4));
#5734 = VECTOR('',#5735,1.);
#5735 = DIRECTION('',(1.,-0.));
#5736 = ( GEOMETRIC_REPRESENTATION_CONTEXT(2) 
PARAMETRIC_REPRESENTATION_CONTEXT() REPRESENTATION_CONTEXT('2D SPACE',''
  ) );
#5737 = ORIENTED_EDGE('',*,*,#5443,.T.);
#5738 = ADVANCED_FACE('',(#5739),#5398,.T.);
#5739 = FACE_BOUND('',#5740,.F.);
#5740 = EDGE_LOOP('',(#5741,#5742,#5743,#5744));
#5741 = ORIENTED_EDGE('',*,*,#5712,.F.);
#5742 = ORIENTED_EDGE('',*,*,#5677,.T.);
#5743 = ORIENTED_EDGE('',*,*,#5370,.T.);
#5744 = ORIENTED_EDGE('',*,*,#5649,.F.);
#5745 = MANIFOLD_SOLID_BREP('',#5746);
#5746 = CLOSED_SHELL('',(#5747,#5820,#6084,#6088,#6119));
#5747 = ADVANCED_FACE('',(#5748),#5763,.F.);
#5748 = FACE_BOUND('',#5749,.F.);
#5749 = EDGE_LOOP('',(#5750,#5790));
#5750 = ORIENTED_EDGE('',*,*,#5751,.F.);
#5751 = EDGE_CURVE('',#5752,#5754,#5756,.T.);
#5752 = VERTEX_POINT('',#5753);
#5753 = CARTESIAN_POINT('',(-31.78398162274,294.28859187221,34.8));
#5754 = VERTEX_POINT('',#5755);
#5755 = CARTESIAN_POINT('',(-34.91073364913,296.91142554934,34.8));
#5756 = SURFACE_CURVE('',#5757,(#5762,#5778),.PCURVE_S1.);
#5757 = CIRCLE('',#5758,2.4);
#5758 = AXIS2_PLACEMENT_3D('',#5759,#5760,#5761);
#5759 = CARTESIAN_POINT('',(-34.15927085955,294.63210466893,34.8));
#5760 = DIRECTION('',(0.,-0.,-1.));
#5761 = DIRECTION('',(0.989703848669,-0.143130331967,0.));
#5762 = PCURVE('',#5763,#5768);
#5763 = PLANE('',#5764);
#5764 = AXIS2_PLACEMENT_3D('',#5765,#5766,#5767);
#5765 = CARTESIAN_POINT('',(-30.86798584571,298.55573588358,34.8));
#5766 = DIRECTION('',(0.,0.,1.));
#5767 = DIRECTION('',(-0.642669293406,-0.766143706698,0.));
#5768 = DEFINITIONAL_REPRESENTATION('',(#5769),#5777);
#5769 = ( BOUNDED_CURVE() B_SPLINE_CURVE(2,(#5770,#5771,#5772,#5773,
#5774,#5775,#5776),.UNSPECIFIED.,.T.,.F.) B_SPLINE_CURVE_WITH_KNOTS((1,2
    ,2,2,2,1),(-2.094395102393,0.,2.094395102393,4.188790204786,
6.28318530718,8.377580409573),.UNSPECIFIED.) CURVE() 
GEOMETRIC_REPRESENTATION_ITEM() RATIONAL_B_SPLINE_CURVE((1.,0.5,1.,0.5,
1.,0.5,1.)) REPRESENTATION_ITEM('') );
#5770 = CARTESIAN_POINT('',(3.857927888683,2.040578026712));
#5771 = CARTESIAN_POINT('',(7.392312707756,4.228756253161));
#5772 = CARTESIAN_POINT('',(7.520138230332,7.380009986869E-02));
#5773 = CARTESIAN_POINT('',(7.647963752908,-4.081156053423));
#5774 = CARTESIAN_POINT('',(3.985753411259,-2.11437812658));
#5775 = CARTESIAN_POINT('',(0.32354306961,-0.147600199737));
#5776 = CARTESIAN_POINT('',(3.857927888683,2.040578026712));
#5777 = ( GEOMETRIC_REPRESENTATION_CONTEXT(2) 
PARAMETRIC_REPRESENTATION_CONTEXT() REPRESENTATION_CONTEXT('2D SPACE',''
  ) );
#5778 = PCURVE('',#5779,#5784);
#5779 = CYLINDRICAL_SURFACE('',#5780,2.4);
#5780 = AXIS2_PLACEMENT_3D('',#5781,#5782,#5783);
#5781 = CARTESIAN_POINT('',(-34.15927085955,294.63210466893,34.8));
#5782 = DIRECTION('',(0.,0.,-1.));
#5783 = DIRECTION('',(-0.642669293406,-0.766143706698,0.));
#5784 = DEFINITIONAL_REPRESENTATION('',(#5785),#5789);
#5785 = LINE('',#5786,#5787);
#5786 = CARTESIAN_POINT('',(-8.408335299275,0.));
#5787 = VECTOR('',#5788,1.);
#5788 = DIRECTION('',(1.,-0.));
#5789 = ( GEOMETRIC_REPRESENTATION_CONTEXT(2) 
PARAMETRIC_REPRESENTATION_CONTEXT() REPRESENTATION_CONTEXT('2D SPACE',''
  ) );
#5790 = ORIENTED_EDGE('',*,*,#5791,.T.);
#5791 = EDGE_CURVE('',#5752,#5754,#5792,.T.);
#5792 = SURFACE_CURVE('',#5793,(#5798,#5805),.PCURVE_S1.);
#5793 = ELLIPSE('',#5794,5.5,3.2);
#5794 = AXIS2_PLACEMENT_3D('',#5795,#5796,#5797);
#5795 = CARTESIAN_POINT('',(-30.62458974582,298.84589505577,34.8));
#5796 = DIRECTION('',(0.,0.,1.));
#5797 = DIRECTION('',(-0.642669293406,-0.766143706698,0.));
#5798 = PCURVE('',#5763,#5799);
#5799 = DEFINITIONAL_REPRESENTATION('',(#5800),#5804);
#5800 = ELLIPSE('',#5801,5.5,3.2);
#5801 = AXIS2_PLACEMENT_2D('',#5802,#5803);
#5802 = CARTESIAN_POINT('',(-0.378726823242,-1.337818744673E-14));
#5803 = DIRECTION('',(1.,0.));
#5804 = ( GEOMETRIC_REPRESENTATION_CONTEXT(2) 
PARAMETRIC_REPRESENTATION_CONTEXT() REPRESENTATION_CONTEXT('2D SPACE',''
  ) );
#5805 = PCURVE('',#5806,#5814);
#5806 = SURFACE_OF_LINEAR_EXTRUSION('',#5807,#5812);
#5807 = ELLIPSE('',#5808,5.5,3.2);
#5808 = AXIS2_PLACEMENT_3D('',#5809,#5810,#5811);
#5809 = CARTESIAN_POINT('',(-30.62458974582,298.84589505577,34.8));
#5810 = DIRECTION('',(0.,0.,1.));
#5811 = DIRECTION('',(-0.642669293406,-0.766143706698,0.));
#5812 = VECTOR('',#5813,1.);
#5813 = DIRECTION('',(0.,0.,-1.));
#5814 = DEFINITIONAL_REPRESENTATION('',(#5815),#5819);
#5815 = LINE('',#5816,#5817);
#5816 = CARTESIAN_POINT('',(0.,0.));
#5817 = VECTOR('',#5818,1.);
#5818 = DIRECTION('',(1.,0.));
#5819 = ( GEOMETRIC_REPRESENTATION_CONTEXT(2) 
PARAMETRIC_REPRESENTATION_CONTEXT() REPRESENTATION_CONTEXT('2D SPACE',''
  ) );
#5820 = ADVANCED_FACE('',(#5821),#5806,.F.);
#5821 = FACE_BOUND('',#5822,.F.);
#5822 = EDGE_LOOP('',(#5823,#5904,#5927,#5954,#5955,#6029,#6056,#6057));
#5823 = ORIENTED_EDGE('',*,*,#5824,.T.);
#5824 = EDGE_CURVE('',#5825,#5827,#5829,.T.);
#5825 = VERTEX_POINT('',#5826);
#5826 = CARTESIAN_POINT('',(-31.78398162274,294.28859187221,37.2));
#5827 = VERTEX_POINT('',#5828);
#5828 = CARTESIAN_POINT('',(-34.15927085955,294.63210466893,37.2));
#5829 = SURFACE_CURVE('',#5830,(#5851,#5875),.PCURVE_S1.);
#5830 = B_SPLINE_CURVE_WITH_KNOTS('',7,(#5831,#5832,#5833,#5834,#5835,
    #5836,#5837,#5838,#5839,#5840,#5841,#5842,#5843,#5844,#5845,#5846,
    #5847,#5848,#5849,#5850),.UNSPECIFIED.,.F.,.F.,(8,6,6,8),(0.,
    0.552559536359,0.720455681449,1.),.UNSPECIFIED.);
#5831 = CARTESIAN_POINT('',(-31.12381664746,294.51632839146,37.2));
#5832 = CARTESIAN_POINT('',(-31.35896154633,294.41726136801,37.2));
#5833 = CARTESIAN_POINT('',(-31.59870636954,294.33081212131,37.2));
#5834 = CARTESIAN_POINT('',(-31.84321542197,294.25833207557,37.2));
#5835 = CARTESIAN_POINT('',(-32.09200997047,294.20193929554,37.2));
#5836 = CARTESIAN_POINT('',(-32.34392211152,294.1644087617,37.2));
#5837 = CARTESIAN_POINT('',(-32.59706097483,294.14900129611,37.2));
#5838 = CARTESIAN_POINT('',(-32.92528471404,294.16282061637,37.2));
#5839 = CARTESIAN_POINT('',(-33.0016030343,294.16844054383,37.2));
#5840 = CARTESIAN_POINT('',(-33.07765480601,294.17656291278,37.2));
#5841 = CARTESIAN_POINT('',(-33.15332715613,294.18729196256,37.2));
#5842 = CARTESIAN_POINT('',(-33.22849040453,294.20072794708,37.2));
#5843 = CARTESIAN_POINT('',(-33.30299904664,294.21696190059,37.2));
#5844 = CARTESIAN_POINT('',(-33.49939151648,294.26788574608,37.2));
#5845 = CARTESIAN_POINT('',(-33.61990090779,294.30768739528,37.2));
#5846 = CARTESIAN_POINT('',(-33.73736901922,294.35581573937,37.2));
#5847 = CARTESIAN_POINT('',(-33.85090983137,294.41246633357,37.2));
#5848 = CARTESIAN_POINT('',(-33.95962884882,294.47764129392,37.2));
#5849 = CARTESIAN_POINT('',(-34.06266815356,294.55107079466,37.2));
#5850 = CARTESIAN_POINT('',(-34.15927085955,294.63210466893,37.2));
#5851 = PCURVE('',#5806,#5852);
#5852 = DEFINITIONAL_REPRESENTATION('',(#5853),#5874);
#5853 = B_SPLINE_CURVE_WITH_KNOTS('',7,(#5854,#5855,#5856,#5857,#5858,
    #5859,#5860,#5861,#5862,#5863,#5864,#5865,#5866,#5867,#5868,#5869,
    #5870,#5871,#5872,#5873),.UNSPECIFIED.,.F.,.F.,(8,6,6,8),(0.,
    0.552559536359,0.720455681449,1.),.UNSPECIFIED.);
#5854 = CARTESIAN_POINT('',(0.848062078981,-2.4));
#5855 = CARTESIAN_POINT('',(0.793026931694,-2.4));
#5856 = CARTESIAN_POINT('',(0.736502369158,-2.4));
#5857 = CARTESIAN_POINT('',(0.678136931915,-2.4));
#5858 = CARTESIAN_POINT('',(0.617651192439,-2.4));
#5859 = CARTESIAN_POINT('',(0.554796617121,-2.4));
#5860 = CARTESIAN_POINT('',(0.489341230955,-2.4));
#5861 = CARTESIAN_POINT('',(0.400199739816,-2.4));
#5862 = CARTESIAN_POINT('',(0.379168469842,-2.4));
#5863 = CARTESIAN_POINT('',(0.357877333988,-2.4));
#5864 = CARTESIAN_POINT('',(0.336326859425,-2.4));
#5865 = CARTESIAN_POINT('',(0.314520863137,-2.4));
#5866 = CARTESIAN_POINT('',(0.292466942891,-2.4));
#5867 = CARTESIAN_POINT('',(0.233064527184,-2.4));
#5868 = CARTESIAN_POINT('',(0.1952767556,-2.4));
#5869 = CARTESIAN_POINT('',(0.156899874792,-2.4));
#5870 = CARTESIAN_POINT('',(0.11803864707,-2.4));
#5871 = CARTESIAN_POINT('',(7.881976378659E-02,-2.4));
#5872 = CARTESIAN_POINT('',(3.94029806125E-02,-2.4));
#5873 = CARTESIAN_POINT('',(0.,-2.4));
#5874 = ( GEOMETRIC_REPRESENTATION_CONTEXT(2) 
PARAMETRIC_REPRESENTATION_CONTEXT() REPRESENTATION_CONTEXT('2D SPACE',''
  ) );
#5875 = PCURVE('',#5876,#5881);
#5876 = PLANE('',#5877);
#5877 = AXIS2_PLACEMENT_3D('',#5878,#5879,#5880);
#5878 = CARTESIAN_POINT('',(-34.15927085955,294.63210466893,37.2));
#5879 = DIRECTION('',(0.,0.,1.));
#5880 = DIRECTION('',(-0.642669293406,-0.766143706698,0.));
#5881 = DEFINITIONAL_REPRESENTATION('',(#5882),#5903);
#5882 = B_SPLINE_CURVE_WITH_KNOTS('',7,(#5883,#5884,#5885,#5886,#5887,
    #5888,#5889,#5890,#5891,#5892,#5893,#5894,#5895,#5896,#5897,#5898,
    #5899,#5900,#5901,#5902),.UNSPECIFIED.,.F.,.F.,(8,6,6,8),(0.,
    0.552559536359,0.720455681449,1.),.UNSPECIFIED.);
#5883 = CARTESIAN_POINT('',(-1.862091947286,2.4));
#5884 = CARTESIAN_POINT('',(-1.635071964724,2.283512549527));
#5885 = CARTESIAN_POINT('',(-1.414762782279,2.155391838303));
#5886 = CARTESIAN_POINT('',(-1.202094191427,2.014643466332));
#5887 = CARTESIAN_POINT('',(-0.998996601215,1.860272996834));
#5888 = CARTESIAN_POINT('',(-0.808346621214,1.691391816989));
#5889 = CARTESIAN_POINT('',(-0.633857714,1.507352974968));
#5890 = CARTESIAN_POINT('',(-0.433505980689,1.247005170003));
#5891 = CARTESIAN_POINT('',(-0.38876421179,1.184922614416));
#5892 = CARTESIAN_POINT('',(-0.346110975252,1.121436031022));
#5893 = CARTESIAN_POINT('',(-0.305698673436,1.056564905368));
#5894 = CARTESIAN_POINT('',(-0.267687456687,0.990344160955));
#5895 = CARTESIAN_POINT('',(-0.23224058162,0.922826770272));
#5896 = CARTESIAN_POINT('',(-0.145040155545,0.739634723665));
#5897 = CARTESIAN_POINT('',(-9.808625323782E-02,0.621727914147));
#5898 = CARTESIAN_POINT('',(-5.946633300658E-02,0.500799850948));
#5899 = CARTESIAN_POINT('',(-2.989963570755E-02,0.377403674919));
#5900 = CARTESIAN_POINT('',(-9.962647291218E-03,0.252223338189));
#5901 = CARTESIAN_POINT('',(0.,0.12608953796));
#5902 = CARTESIAN_POINT('',(0.,0.));
#5903 = ( GEOMETRIC_REPRESENTATION_CONTEXT(2) 
PARAMETRIC_REPRESENTATION_CONTEXT() REPRESENTATION_CONTEXT('2D SPACE',''
  ) );
#5904 = ORIENTED_EDGE('',*,*,#5905,.T.);
#5905 = EDGE_CURVE('',#5827,#5906,#5908,.T.);
#5906 = VERTEX_POINT('',#5907);
#5907 = CARTESIAN_POINT('',(-34.15927085955,294.63210466893,37.4));
#5908 = SEAM_CURVE('',#5909,(#5913,#5920),.PCURVE_S1.);
#5909 = LINE('',#5910,#5911);
#5910 = CARTESIAN_POINT('',(-34.15927085955,294.63210466893,34.8));
#5911 = VECTOR('',#5912,1.);
#5912 = DIRECTION('',(0.,0.,1.));
#5913 = PCURVE('',#5806,#5914);
#5914 = DEFINITIONAL_REPRESENTATION('',(#5915),#5919);
#5915 = LINE('',#5916,#5917);
#5916 = CARTESIAN_POINT('',(6.28318530718,0.));
#5917 = VECTOR('',#5918,1.);
#5918 = DIRECTION('',(0.,-1.));
#5919 = ( GEOMETRIC_REPRESENTATION_CONTEXT(2) 
PARAMETRIC_REPRESENTATION_CONTEXT() REPRESENTATION_CONTEXT('2D SPACE',''
  ) );
#5920 = PCURVE('',#5806,#5921);
#5921 = DEFINITIONAL_REPRESENTATION('',(#5922),#5926);
#5922 = LINE('',#5923,#5924);
#5923 = CARTESIAN_POINT('',(0.,0.));
#5924 = VECTOR('',#5925,1.);
#5925 = DIRECTION('',(0.,-1.));
#5926 = ( GEOMETRIC_REPRESENTATION_CONTEXT(2) 
PARAMETRIC_REPRESENTATION_CONTEXT() REPRESENTATION_CONTEXT('2D SPACE',''
  ) );
#5927 = ORIENTED_EDGE('',*,*,#5928,.T.);
#5928 = EDGE_CURVE('',#5906,#5906,#5929,.T.);
#5929 = SURFACE_CURVE('',#5930,(#5935,#5942),.PCURVE_S1.);
#5930 = ELLIPSE('',#5931,5.5,3.2);
#5931 = AXIS2_PLACEMENT_3D('',#5932,#5933,#5934);
#5932 = CARTESIAN_POINT('',(-30.62458974582,298.84589505577,37.4));
#5933 = DIRECTION('',(0.,0.,1.));
#5934 = DIRECTION('',(-0.642669293406,-0.766143706698,0.));
#5935 = PCURVE('',#5806,#5936);
#5936 = DEFINITIONAL_REPRESENTATION('',(#5937),#5941);
#5937 = LINE('',#5938,#5939);
#5938 = CARTESIAN_POINT('',(0.,-2.6));
#5939 = VECTOR('',#5940,1.);
#5940 = DIRECTION('',(1.,0.));
#5941 = ( GEOMETRIC_REPRESENTATION_CONTEXT(2) 
PARAMETRIC_REPRESENTATION_CONTEXT() REPRESENTATION_CONTEXT('2D SPACE',''
  ) );
#5942 = PCURVE('',#5943,#5948);
#5943 = PLANE('',#5944);
#5944 = AXIS2_PLACEMENT_3D('',#5945,#5946,#5947);
#5945 = CARTESIAN_POINT('',(-30.86798584571,298.55573588358,37.4));
#5946 = DIRECTION('',(0.,0.,1.));
#5947 = DIRECTION('',(-0.642669293406,-0.766143706698,0.));
#5948 = DEFINITIONAL_REPRESENTATION('',(#5949),#5953);
#5949 = ELLIPSE('',#5950,5.5,3.2);
#5950 = AXIS2_PLACEMENT_2D('',#5951,#5952);
#5951 = CARTESIAN_POINT('',(-0.378726823242,-1.337818744673E-14));
#5952 = DIRECTION('',(1.,0.));
#5953 = ( GEOMETRIC_REPRESENTATION_CONTEXT(2) 
PARAMETRIC_REPRESENTATION_CONTEXT() REPRESENTATION_CONTEXT('2D SPACE',''
  ) );
#5954 = ORIENTED_EDGE('',*,*,#5905,.F.);
#5955 = ORIENTED_EDGE('',*,*,#5956,.T.);
#5956 = EDGE_CURVE('',#5827,#5957,#5959,.T.);
#5957 = VERTEX_POINT('',#5958);
#5958 = CARTESIAN_POINT('',(-34.91073364913,296.91142554934,37.2));
#5959 = SURFACE_CURVE('',#5960,(#5981,#6005),.PCURVE_S1.);
#5960 = B_SPLINE_CURVE_WITH_KNOTS('',7,(#5961,#5962,#5963,#5964,#5965,
    #5966,#5967,#5968,#5969,#5970,#5971,#5972,#5973,#5974,#5975,#5976,
    #5977,#5978,#5979,#5980),.UNSPECIFIED.,.F.,.F.,(8,6,6,8),(0.,
    0.279544318551,0.44744046364,1.),.UNSPECIFIED.);
#5961 = CARTESIAN_POINT('',(-34.15927085955,294.63210466893,37.2));
#5962 = CARTESIAN_POINT('',(-34.25587356554,294.71313854319,37.2));
#5963 = CARTESIAN_POINT('',(-34.34610749529,294.80183368298,37.2));
#5964 = CARTESIAN_POINT('',(-34.42920073222,294.89755783974,37.2));
#5965 = CARTESIAN_POINT('',(-34.50473832745,294.99951311207,37.2));
#5966 = CARTESIAN_POINT('',(-34.57256676519,295.10681827383,37.2));
#5967 = CARTESIAN_POINT('',(-34.63272449406,295.21856679655,37.2));
#5968 = CARTESIAN_POINT('',(-34.71703489148,295.40310675736,37.2));
#5969 = CARTESIAN_POINT('',(-34.74598229729,295.47365551138,37.2));
#5970 = CARTESIAN_POINT('',(-34.77228826206,295.54533560489,37.2));
#5971 = CARTESIAN_POINT('',(-34.79601712128,295.61798791609,37.2));
#5972 = CARTESIAN_POINT('',(-34.81724504222,295.69146730252,37.2));
#5973 = CARTESIAN_POINT('',(-34.83605504047,295.76564447932,37.2));
#5974 = CARTESIAN_POINT('',(-34.90675896592,296.08646023878,37.2));
#5975 = CARTESIAN_POINT('',(-34.93562050382,296.3384199295,37.2));
#5976 = CARTESIAN_POINT('',(-34.942482869,296.59301996038,37.2));
#5977 = CARTESIAN_POINT('',(-34.93022824791,296.84783106152,37.2));
#5978 = CARTESIAN_POINT('',(-34.90138615431,297.10122042077,37.2));
#5979 = CARTESIAN_POINT('',(-34.8579590843,297.35234816139,37.2));
#5980 = CARTESIAN_POINT('',(-34.80130643961,297.60114099981,37.2));
#5981 = PCURVE('',#5806,#5982);
#5982 = DEFINITIONAL_REPRESENTATION('',(#5983),#6004);
#5983 = B_SPLINE_CURVE_WITH_KNOTS('',7,(#5984,#5985,#5986,#5987,#5988,
    #5989,#5990,#5991,#5992,#5993,#5994,#5995,#5996,#5997,#5998,#5999,
    #6000,#6001,#6002,#6003),.UNSPECIFIED.,.F.,.F.,(8,6,6,8),(0.,
    0.279544318551,0.44744046364,1.),.UNSPECIFIED.);
#5984 = CARTESIAN_POINT('',(6.28318530718,-2.4));
#5985 = CARTESIAN_POINT('',(6.243782326567,-2.4));
#5986 = CARTESIAN_POINT('',(6.204365543393,-2.4));
#5987 = CARTESIAN_POINT('',(6.16514666011,-2.4));
#5988 = CARTESIAN_POINT('',(6.126285432387,-2.4));
#5989 = CARTESIAN_POINT('',(6.08790855158,-2.4));
#5990 = CARTESIAN_POINT('',(6.050120779996,-2.4));
#5991 = CARTESIAN_POINT('',(5.990718364289,-2.4));
#5992 = CARTESIAN_POINT('',(5.968664444043,-2.4));
#5993 = CARTESIAN_POINT('',(5.946858447755,-2.4));
#5994 = CARTESIAN_POINT('',(5.925307973192,-2.4));
#5995 = CARTESIAN_POINT('',(5.904016837338,-2.4));
#5996 = CARTESIAN_POINT('',(5.882985567364,-2.4));
#5997 = CARTESIAN_POINT('',(5.793844076225,-2.4));
#5998 = CARTESIAN_POINT('',(5.728388690059,-2.4));
#5999 = CARTESIAN_POINT('',(5.66553411474,-2.4));
#6000 = CARTESIAN_POINT('',(5.605048375265,-2.4));
#6001 = CARTESIAN_POINT('',(5.546682938022,-2.4));
#6002 = CARTESIAN_POINT('',(5.490158375486,-2.4));
#6003 = CARTESIAN_POINT('',(5.435123228198,-2.4));
#6004 = ( GEOMETRIC_REPRESENTATION_CONTEXT(2) 
PARAMETRIC_REPRESENTATION_CONTEXT() REPRESENTATION_CONTEXT('2D SPACE',''
  ) );
#6005 = PCURVE('',#5876,#6006);
#6006 = DEFINITIONAL_REPRESENTATION('',(#6007),#6028);
#6007 = B_SPLINE_CURVE_WITH_KNOTS('',7,(#6008,#6009,#6010,#6011,#6012,
    #6013,#6014,#6015,#6016,#6017,#6018,#6019,#6020,#6021,#6022,#6023,
    #6024,#6025,#6026,#6027),.UNSPECIFIED.,.F.,.F.,(8,6,6,8),(0.,
    0.279544318551,0.44744046364,1.),.UNSPECIFIED.);
#6008 = CARTESIAN_POINT('',(0.,0.));
#6009 = CARTESIAN_POINT('',(0.,-0.12608953796));
#6010 = CARTESIAN_POINT('',(-9.962647291218E-03,-0.252223338188));
#6011 = CARTESIAN_POINT('',(-2.989963570755E-02,-0.377403674918));
#6012 = CARTESIAN_POINT('',(-5.946633300655E-02,-0.500799850948));
#6013 = CARTESIAN_POINT('',(-9.808625323765E-02,-0.621727914147));
#6014 = CARTESIAN_POINT('',(-0.145040155545,-0.739634723665));
#6015 = CARTESIAN_POINT('',(-0.23224058162,-0.922826770271));
#6016 = CARTESIAN_POINT('',(-0.267687456687,-0.990344160955));
#6017 = CARTESIAN_POINT('',(-0.305698673436,-1.056564905368));
#6018 = CARTESIAN_POINT('',(-0.346110975252,-1.121436031021));
#6019 = CARTESIAN_POINT('',(-0.38876421179,-1.184922614415));
#6020 = CARTESIAN_POINT('',(-0.433505980688,-1.247005170002));
#6021 = CARTESIAN_POINT('',(-0.633857714,-1.507352974968));
#6022 = CARTESIAN_POINT('',(-0.808346621214,-1.691391816989));
#6023 = CARTESIAN_POINT('',(-0.998996601215,-1.860272996833));
#6024 = CARTESIAN_POINT('',(-1.202094191427,-2.014643466332));
#6025 = CARTESIAN_POINT('',(-1.414762782279,-2.155391838303));
#6026 = CARTESIAN_POINT('',(-1.635071964724,-2.283512549527));
#6027 = CARTESIAN_POINT('',(-1.862091947286,-2.4));
#6028 = ( GEOMETRIC_REPRESENTATION_CONTEXT(2) 
PARAMETRIC_REPRESENTATION_CONTEXT() REPRESENTATION_CONTEXT('2D SPACE',''
  ) );
#6029 = ORIENTED_EDGE('',*,*,#6030,.T.);
#6030 = EDGE_CURVE('',#5957,#5754,#6031,.T.);
#6031 = SURFACE_CURVE('',#6032,(#6038,#6047),.PCURVE_S1.);
#6032 = B_SPLINE_CURVE_WITH_KNOTS('',4,(#6033,#6034,#6035,#6036,#6037),
  .UNSPECIFIED.,.F.,.F.,(5,5),(0.,1.),.PIECEWISE_BEZIER_KNOTS.);
#6033 = CARTESIAN_POINT('',(-34.91073364913,296.91142554934,37.2000006)
  );
#6034 = CARTESIAN_POINT('',(-34.91073364913,296.91142554934,36.6000003)
  );
#6035 = CARTESIAN_POINT('',(-34.91073364913,296.91142554934,36.));
#6036 = CARTESIAN_POINT('',(-34.91073364913,296.91142554934,35.3999997)
  );
#6037 = CARTESIAN_POINT('',(-34.91073364913,296.91142554934,34.7999994)
  );
#6038 = PCURVE('',#5806,#6039);
#6039 = DEFINITIONAL_REPRESENTATION('',(#6040),#6046);
#6040 = B_SPLINE_CURVE_WITH_KNOTS('',4,(#6041,#6042,#6043,#6044,#6045),
  .UNSPECIFIED.,.F.,.F.,(5,5),(0.,1.),.PIECEWISE_BEZIER_KNOTS.);
#6041 = CARTESIAN_POINT('',(5.591701796121,-2.4000006));
#6042 = CARTESIAN_POINT('',(5.591701796121,-1.8000003));
#6043 = CARTESIAN_POINT('',(5.591701796121,-1.2));
#6044 = CARTESIAN_POINT('',(5.591701796121,-0.5999997));
#6045 = CARTESIAN_POINT('',(5.591701796121,5.999999999062E-07));
#6046 = ( GEOMETRIC_REPRESENTATION_CONTEXT(2) 
PARAMETRIC_REPRESENTATION_CONTEXT() REPRESENTATION_CONTEXT('2D SPACE',''
  ) );
#6047 = PCURVE('',#5779,#6048);
#6048 = DEFINITIONAL_REPRESENTATION('',(#6049),#6055);
#6049 = B_SPLINE_CURVE_WITH_KNOTS('',4,(#6050,#6051,#6052,#6053,#6054),
  .UNSPECIFIED.,.F.,.F.,(5,5),(0.,1.),.PIECEWISE_BEZIER_KNOTS.);
#6050 = CARTESIAN_POINT('',(-4.158035315084,-2.4000006));
#6051 = CARTESIAN_POINT('',(-4.158035315084,-1.8000003));
#6052 = CARTESIAN_POINT('',(-4.158035315084,-1.2));
#6053 = CARTESIAN_POINT('',(-4.158035315084,-0.5999997));
#6054 = CARTESIAN_POINT('',(-4.158035315084,5.999999999062E-07));
#6055 = ( GEOMETRIC_REPRESENTATION_CONTEXT(2) 
PARAMETRIC_REPRESENTATION_CONTEXT() REPRESENTATION_CONTEXT('2D SPACE',''
  ) );
#6056 = ORIENTED_EDGE('',*,*,#5791,.F.);
#6057 = ORIENTED_EDGE('',*,*,#6058,.F.);
#6058 = EDGE_CURVE('',#5825,#5752,#6059,.T.);
#6059 = SURFACE_CURVE('',#6060,(#6066,#6075),.PCURVE_S1.);
#6060 = B_SPLINE_CURVE_WITH_KNOTS('',4,(#6061,#6062,#6063,#6064,#6065),
  .UNSPECIFIED.,.F.,.F.,(5,5),(0.,1.),.PIECEWISE_BEZIER_KNOTS.);
#6061 = CARTESIAN_POINT('',(-31.78398162274,294.28859187221,37.2000006)
  );
#6062 = CARTESIAN_POINT('',(-31.78398162274,294.28859187221,36.6000003)
  );
#6063 = CARTESIAN_POINT('',(-31.78398162274,294.28859187221,36.));
#6064 = CARTESIAN_POINT('',(-31.78398162274,294.28859187221,35.3999997)
  );
#6065 = CARTESIAN_POINT('',(-31.78398162274,294.28859187221,34.7999994)
  );
#6066 = PCURVE('',#5806,#6067);
#6067 = DEFINITIONAL_REPRESENTATION('',(#6068),#6074);
#6068 = B_SPLINE_CURVE_WITH_KNOTS('',4,(#6069,#6070,#6071,#6072,#6073),
  .UNSPECIFIED.,.F.,.F.,(5,5),(0.,1.),.PIECEWISE_BEZIER_KNOTS.);
#6069 = CARTESIAN_POINT('',(0.691483511059,-2.4000006));
#6070 = CARTESIAN_POINT('',(0.691483511059,-1.8000003));
#6071 = CARTESIAN_POINT('',(0.691483511059,-1.2));
#6072 = CARTESIAN_POINT('',(0.691483511059,-0.5999997));
#6073 = CARTESIAN_POINT('',(0.691483511059,5.999999999062E-07));
#6074 = ( GEOMETRIC_REPRESENTATION_CONTEXT(2) 
PARAMETRIC_REPRESENTATION_CONTEXT() REPRESENTATION_CONTEXT('2D SPACE',''
  ) );
#6075 = PCURVE('',#5779,#6076);
#6076 = DEFINITIONAL_REPRESENTATION('',(#6077),#6083);
#6077 = B_SPLINE_CURVE_WITH_KNOTS('',4,(#6078,#6079,#6080,#6081,#6082),
  .UNSPECIFIED.,.F.,.F.,(5,5),(0.,1.),.PIECEWISE_BEZIER_KNOTS.);
#6078 = CARTESIAN_POINT('',(-8.408335299275,-2.4000006));
#6079 = CARTESIAN_POINT('',(-8.408335299275,-1.8000003));
#6080 = CARTESIAN_POINT('',(-8.408335299275,-1.2));
#6081 = CARTESIAN_POINT('',(-8.408335299275,-0.5999997));
#6082 = CARTESIAN_POINT('',(-8.408335299275,5.999999999062E-07));
#6083 = ( GEOMETRIC_REPRESENTATION_CONTEXT(2) 
PARAMETRIC_REPRESENTATION_CONTEXT() REPRESENTATION_CONTEXT('2D SPACE',''
  ) );
#6084 = ADVANCED_FACE('',(#6085),#5943,.T.);
#6085 = FACE_BOUND('',#6086,.T.);
#6086 = EDGE_LOOP('',(#6087));
#6087 = ORIENTED_EDGE('',*,*,#5928,.T.);
#6088 = ADVANCED_FACE('',(#6089),#5876,.T.);
#6089 = FACE_BOUND('',#6090,.T.);
#6090 = EDGE_LOOP('',(#6091,#6092,#6118));
#6091 = ORIENTED_EDGE('',*,*,#5956,.T.);
#6092 = ORIENTED_EDGE('',*,*,#6093,.F.);
#6093 = EDGE_CURVE('',#5825,#5957,#6094,.T.);
#6094 = SURFACE_CURVE('',#6095,(#6100,#6111),.PCURVE_S1.);
#6095 = CIRCLE('',#6096,2.4);
#6096 = AXIS2_PLACEMENT_3D('',#6097,#6098,#6099);
#6097 = CARTESIAN_POINT('',(-34.15927085955,294.63210466893,37.2));
#6098 = DIRECTION('',(0.,-0.,-1.));
#6099 = DIRECTION('',(0.989703848669,-0.143130331967,0.));
#6100 = PCURVE('',#5876,#6101);
#6101 = DEFINITIONAL_REPRESENTATION('',(#6102),#6110);
#6102 = ( BOUNDED_CURVE() B_SPLINE_CURVE(2,(#6103,#6104,#6105,#6106,
#6107,#6108,#6109),.UNSPECIFIED.,.T.,.F.) B_SPLINE_CURVE_WITH_KNOTS((1,2
    ,2,2,2,1),(-2.094395102393,0.,2.094395102393,4.188790204786,
6.28318530718,8.377580409573),.UNSPECIFIED.) CURVE() 
GEOMETRIC_REPRESENTATION_ITEM() RATIONAL_B_SPLINE_CURVE((1.,0.5,1.,0.5,
1.,0.5,1.)) REPRESENTATION_ITEM('') );
#6103 = CARTESIAN_POINT('',(-1.263345288075,2.040578026712));
#6104 = CARTESIAN_POINT('',(2.271039530998,4.228756253161));
#6105 = CARTESIAN_POINT('',(2.398865053574,7.380009986873E-02));
#6106 = CARTESIAN_POINT('',(2.52669057615,-4.081156053423));
#6107 = CARTESIAN_POINT('',(-1.135519765499,-2.11437812658));
#6108 = CARTESIAN_POINT('',(-4.797730107148,-0.147600199737));
#6109 = CARTESIAN_POINT('',(-1.263345288075,2.040578026712));
#6110 = ( GEOMETRIC_REPRESENTATION_CONTEXT(2) 
PARAMETRIC_REPRESENTATION_CONTEXT() REPRESENTATION_CONTEXT('2D SPACE',''
  ) );
#6111 = PCURVE('',#5779,#6112);
#6112 = DEFINITIONAL_REPRESENTATION('',(#6113),#6117);
#6113 = LINE('',#6114,#6115);
#6114 = CARTESIAN_POINT('',(-8.408335299275,-2.4));
#6115 = VECTOR('',#6116,1.);
#6116 = DIRECTION('',(1.,-0.));
#6117 = ( GEOMETRIC_REPRESENTATION_CONTEXT(2) 
PARAMETRIC_REPRESENTATION_CONTEXT() REPRESENTATION_CONTEXT('2D SPACE',''
  ) );
#6118 = ORIENTED_EDGE('',*,*,#5824,.T.);
#6119 = ADVANCED_FACE('',(#6120),#5779,.T.);
#6120 = FACE_BOUND('',#6121,.F.);
#6121 = EDGE_LOOP('',(#6122,#6123,#6124,#6125));
#6122 = ORIENTED_EDGE('',*,*,#6093,.F.);
#6123 = ORIENTED_EDGE('',*,*,#6058,.T.);
#6124 = ORIENTED_EDGE('',*,*,#5751,.T.);
#6125 = ORIENTED_EDGE('',*,*,#6030,.F.);
#6126 = MANIFOLD_SOLID_BREP('',#6127);
#6127 = CLOSED_SHELL('',(#6128,#6201,#6465,#6469,#6500));
#6128 = ADVANCED_FACE('',(#6129),#6144,.F.);
#6129 = FACE_BOUND('',#6130,.F.);
#6130 = EDGE_LOOP('',(#6131,#6171));
#6131 = ORIENTED_EDGE('',*,*,#6132,.F.);
#6132 = EDGE_CURVE('',#6133,#6135,#6137,.T.);
#6133 = VERTEX_POINT('',#6134);
#6134 = CARTESIAN_POINT('',(-102.5688279746,203.24025578836,34.8));
#6135 = VERTEX_POINT('',#6136);
#6136 = CARTESIAN_POINT('',(-101.0001937186,199.47260117267,34.8));
#6137 = SURFACE_CURVE('',#6138,(#6143,#6159),.PCURVE_S1.);
#6138 = CIRCLE('',#6139,2.4);
#6139 = AXIS2_PLACEMENT_3D('',#6140,#6141,#6142);
#6140 = CARTESIAN_POINT('',(-100.6182117285,201.8420082207,34.8));
#6141 = DIRECTION('',(0.,0.,-1.));
#6142 = DIRECTION('',(-0.812756769206,0.582603153193,0.));
#6143 = PCURVE('',#6144,#6149);
#6144 = PLANE('',#6145);
#6145 = AXIS2_PLACEMENT_3D('',#6146,#6147,#6148);
#6146 = CARTESIAN_POINT('',(-105.3460849757,199.87359426288,34.8));
#6147 = DIRECTION('',(0.,0.,1.));
#6148 = DIRECTION('',(0.923183178094,0.384360273291,0.));
#6149 = DEFINITIONAL_REPRESENTATION('',(#6150),#6158);
#6150 = ( BOUNDED_CURVE() B_SPLINE_CURVE(2,(#6151,#6152,#6153,#6154,
#6155,#6156,#6157),.UNSPECIFIED.,.T.,.F.) B_SPLINE_CURVE_WITH_KNOTS((1,2
    ,2,2,2,1),(-2.094395102393,0.,2.094395102393,4.188790204786,
6.28318530718,8.377580409573),.UNSPECIFIED.) CURVE() 
GEOMETRIC_REPRESENTATION_ITEM() RATIONAL_B_SPLINE_CURVE((1.,0.5,1.,0.5,
1.,0.5,1.)) REPRESENTATION_ITEM('') );
#6151 = CARTESIAN_POINT('',(3.857927888683,2.040578026712));
#6152 = CARTESIAN_POINT('',(7.392312707756,4.228756253161));
#6153 = CARTESIAN_POINT('',(7.520138230332,7.38000998687E-02));
#6154 = CARTESIAN_POINT('',(7.647963752908,-4.081156053423));
#6155 = CARTESIAN_POINT('',(3.985753411259,-2.11437812658));
#6156 = CARTESIAN_POINT('',(0.32354306961,-0.147600199737));
#6157 = CARTESIAN_POINT('',(3.857927888683,2.040578026712));
#6158 = ( GEOMETRIC_REPRESENTATION_CONTEXT(2) 
PARAMETRIC_REPRESENTATION_CONTEXT() REPRESENTATION_CONTEXT('2D SPACE',''
  ) );
#6159 = PCURVE('',#6160,#6165);
#6160 = CYLINDRICAL_SURFACE('',#6161,2.4);
#6161 = AXIS2_PLACEMENT_3D('',#6162,#6163,#6164);
#6162 = CARTESIAN_POINT('',(-100.6182117285,201.8420082207,34.8));
#6163 = DIRECTION('',(0.,-0.,-1.));
#6164 = DIRECTION('',(0.923183178094,0.384360273291,0.));
#6165 = DEFINITIONAL_REPRESENTATION('',(#6166),#6170);
#6166 = LINE('',#6167,#6168);
#6167 = CARTESIAN_POINT('',(-8.408335299275,0.));
#6168 = VECTOR('',#6169,1.);
#6169 = DIRECTION('',(1.,-0.));
#6170 = ( GEOMETRIC_REPRESENTATION_CONTEXT(2) 
PARAMETRIC_REPRESENTATION_CONTEXT() REPRESENTATION_CONTEXT('2D SPACE',''
  ) );
#6171 = ORIENTED_EDGE('',*,*,#6172,.T.);
#6172 = EDGE_CURVE('',#6133,#6135,#6173,.T.);
#6173 = SURFACE_CURVE('',#6174,(#6179,#6186),.PCURVE_S1.);
#6174 = ELLIPSE('',#6175,5.5,3.2);
#6175 = AXIS2_PLACEMENT_3D('',#6176,#6177,#6178);
#6176 = CARTESIAN_POINT('',(-105.6957192081,199.7280267176,34.8));
#6177 = DIRECTION('',(0.,-0.,1.));
#6178 = DIRECTION('',(0.923183178094,0.384360273291,0.));
#6179 = PCURVE('',#6144,#6180);
#6180 = DEFINITIONAL_REPRESENTATION('',(#6181),#6185);
#6181 = ELLIPSE('',#6182,5.5,3.2);
#6182 = AXIS2_PLACEMENT_2D('',#6183,#6184);
#6183 = CARTESIAN_POINT('',(-0.378726823242,-1.429412144205E-14));
#6184 = DIRECTION('',(1.,0.));
#6185 = ( GEOMETRIC_REPRESENTATION_CONTEXT(2) 
PARAMETRIC_REPRESENTATION_CONTEXT() REPRESENTATION_CONTEXT('2D SPACE',''
  ) );
#6186 = PCURVE('',#6187,#6195);
#6187 = SURFACE_OF_LINEAR_EXTRUSION('',#6188,#6193);
#6188 = ELLIPSE('',#6189,5.5,3.2);
#6189 = AXIS2_PLACEMENT_3D('',#6190,#6191,#6192);
#6190 = CARTESIAN_POINT('',(-105.6957192081,199.7280267176,34.8));
#6191 = DIRECTION('',(0.,-0.,1.));
#6192 = DIRECTION('',(0.923183178094,0.384360273291,0.));
#6193 = VECTOR('',#6194,1.);
#6194 = DIRECTION('',(0.,-0.,-1.));
#6195 = DEFINITIONAL_REPRESENTATION('',(#6196),#6200);
#6196 = LINE('',#6197,#6198);
#6197 = CARTESIAN_POINT('',(0.,0.));
#6198 = VECTOR('',#6199,1.);
#6199 = DIRECTION('',(1.,0.));
#6200 = ( GEOMETRIC_REPRESENTATION_CONTEXT(2) 
PARAMETRIC_REPRESENTATION_CONTEXT() REPRESENTATION_CONTEXT('2D SPACE',''
  ) );
#6201 = ADVANCED_FACE('',(#6202),#6187,.F.);
#6202 = FACE_BOUND('',#6203,.F.);
#6203 = EDGE_LOOP('',(#6204,#6285,#6308,#6335,#6336,#6410,#6437,#6438));
#6204 = ORIENTED_EDGE('',*,*,#6205,.T.);
#6205 = EDGE_CURVE('',#6206,#6208,#6210,.T.);
#6206 = VERTEX_POINT('',#6207);
#6207 = CARTESIAN_POINT('',(-102.5688279746,203.24025578836,37.2));
#6208 = VERTEX_POINT('',#6209);
#6209 = CARTESIAN_POINT('',(-100.6182117285,201.8420082207,37.2));
#6210 = SURFACE_CURVE('',#6211,(#6232,#6256),.PCURVE_S1.);
#6211 = B_SPLINE_CURVE_WITH_KNOTS('',7,(#6212,#6213,#6214,#6215,#6216,
    #6217,#6218,#6219,#6220,#6221,#6222,#6223,#6224,#6225,#6226,#6227,
    #6228,#6229,#6230,#6231),.UNSPECIFIED.,.F.,.F.,(8,6,6,8),(0.,
    0.552559536359,0.720455681449,1.),.UNSPECIFIED.);
#6212 = CARTESIAN_POINT('',(-103.2597283462,203.34193367837,37.2));
#6213 = CARTESIAN_POINT('',(-103.0053741689,203.32165188618,37.2));
#6214 = CARTESIAN_POINT('',(-102.7527439261,203.28805109838,37.2));
#6215 = CARTESIAN_POINT('',(-102.5023137778,203.23985592674,37.2));
#6216 = CARTESIAN_POINT('',(-102.2554836232,203.17540635138,37.2));
#6217 = CARTESIAN_POINT('',(-102.0145675523,203.09277636547,37.2));
#6218 = CARTESIAN_POINT('',(-101.7827451088,202.98994140646,37.2));
#6219 = CARTESIAN_POINT('',(-101.4977164054,202.82659993943,37.2));
#6220 = CARTESIAN_POINT('',(-101.432549489,202.78648332698,37.2));
#6221 = CARTESIAN_POINT('',(-101.368771018,202.74426779081,37.2));
#6222 = CARTESIAN_POINT('',(-101.3065291772,202.69991274223,37.2));
#6223 = CARTESIAN_POINT('',(-101.2459852379,202.65338886661,37.2));
#6224 = CARTESIAN_POINT('',(-101.1873102764,202.60468231789,37.2));
#6225 = CARTESIAN_POINT('',(-101.0363965648,202.4690788817,37.2));
#6226 = CARTESIAN_POINT('',(-100.9477308185,202.37827651329,37.2));
#6227 = CARTESIAN_POINT('',(-100.8655976144,202.28148172268,37.2));
#6228 = CARTESIAN_POINT('',(-100.7908735489,202.17892871258,37.2));
#6229 = CARTESIAN_POINT('',(-100.7243537081,202.0710273178,37.2));
#6230 = CARTESIAN_POINT('',(-100.6666755378,201.95841196108,37.2));
#6231 = CARTESIAN_POINT('',(-100.6182117285,201.8420082207,37.2));
#6232 = PCURVE('',#6187,#6233);
#6233 = DEFINITIONAL_REPRESENTATION('',(#6234),#6255);
#6234 = B_SPLINE_CURVE_WITH_KNOTS('',7,(#6235,#6236,#6237,#6238,#6239,
    #6240,#6241,#6242,#6243,#6244,#6245,#6246,#6247,#6248,#6249,#6250,
    #6251,#6252,#6253,#6254),.UNSPECIFIED.,.F.,.F.,(8,6,6,8),(0.,
    0.552559536359,0.720455681449,1.),.UNSPECIFIED.);
#6235 = CARTESIAN_POINT('',(0.848062078981,-2.4));
#6236 = CARTESIAN_POINT('',(0.793026931694,-2.4));
#6237 = CARTESIAN_POINT('',(0.736502369158,-2.4));
#6238 = CARTESIAN_POINT('',(0.678136931915,-2.4));
#6239 = CARTESIAN_POINT('',(0.617651192439,-2.4));
#6240 = CARTESIAN_POINT('',(0.554796617121,-2.4));
#6241 = CARTESIAN_POINT('',(0.489341230955,-2.4));
#6242 = CARTESIAN_POINT('',(0.400199739816,-2.4));
#6243 = CARTESIAN_POINT('',(0.379168469842,-2.4));
#6244 = CARTESIAN_POINT('',(0.357877333988,-2.4));
#6245 = CARTESIAN_POINT('',(0.336326859425,-2.4));
#6246 = CARTESIAN_POINT('',(0.314520863137,-2.4));
#6247 = CARTESIAN_POINT('',(0.292466942891,-2.4));
#6248 = CARTESIAN_POINT('',(0.233064527184,-2.4));
#6249 = CARTESIAN_POINT('',(0.1952767556,-2.4));
#6250 = CARTESIAN_POINT('',(0.156899874792,-2.4));
#6251 = CARTESIAN_POINT('',(0.11803864707,-2.4));
#6252 = CARTESIAN_POINT('',(7.881976378659E-02,-2.4));
#6253 = CARTESIAN_POINT('',(3.94029806125E-02,-2.4));
#6254 = CARTESIAN_POINT('',(0.,-2.4));
#6255 = ( GEOMETRIC_REPRESENTATION_CONTEXT(2) 
PARAMETRIC_REPRESENTATION_CONTEXT() REPRESENTATION_CONTEXT('2D SPACE',''
  ) );
#6256 = PCURVE('',#6257,#6262);
#6257 = PLANE('',#6258);
#6258 = AXIS2_PLACEMENT_3D('',#6259,#6260,#6261);
#6259 = CARTESIAN_POINT('',(-100.6182117285,201.8420082207,37.2));
#6260 = DIRECTION('',(0.,0.,1.));
#6261 = DIRECTION('',(0.923183178094,0.384360273291,0.));
#6262 = DEFINITIONAL_REPRESENTATION('',(#6263),#6284);
#6263 = B_SPLINE_CURVE_WITH_KNOTS('',7,(#6264,#6265,#6266,#6267,#6268,
    #6269,#6270,#6271,#6272,#6273,#6274,#6275,#6276,#6277,#6278,#6279,
    #6280,#6281,#6282,#6283),.UNSPECIFIED.,.F.,.F.,(8,6,6,8),(0.,
    0.552559536359,0.720455681449,1.),.UNSPECIFIED.);
#6264 = CARTESIAN_POINT('',(-1.862091947286,2.4));
#6265 = CARTESIAN_POINT('',(-1.635071964724,2.283512549527));
#6266 = CARTESIAN_POINT('',(-1.414762782279,2.155391838303));
#6267 = CARTESIAN_POINT('',(-1.202094191427,2.014643466332));
#6268 = CARTESIAN_POINT('',(-0.998996601215,1.860272996834));
#6269 = CARTESIAN_POINT('',(-0.808346621214,1.691391816989));
#6270 = CARTESIAN_POINT('',(-0.633857714,1.507352974968));
#6271 = CARTESIAN_POINT('',(-0.433505980689,1.247005170003));
#6272 = CARTESIAN_POINT('',(-0.38876421179,1.184922614416));
#6273 = CARTESIAN_POINT('',(-0.346110975252,1.121436031022));
#6274 = CARTESIAN_POINT('',(-0.305698673436,1.056564905368));
#6275 = CARTESIAN_POINT('',(-0.267687456687,0.990344160955));
#6276 = CARTESIAN_POINT('',(-0.23224058162,0.922826770272));
#6277 = CARTESIAN_POINT('',(-0.145040155545,0.739634723665));
#6278 = CARTESIAN_POINT('',(-9.808625323782E-02,0.621727914147));
#6279 = CARTESIAN_POINT('',(-5.94663330066E-02,0.500799850948));
#6280 = CARTESIAN_POINT('',(-2.989963570755E-02,0.377403674918));
#6281 = CARTESIAN_POINT('',(-9.962647291232E-03,0.252223338189));
#6282 = CARTESIAN_POINT('',(-1.42108547152E-14,0.12608953796));
#6283 = CARTESIAN_POINT('',(0.,0.));
#6284 = ( GEOMETRIC_REPRESENTATION_CONTEXT(2) 
PARAMETRIC_REPRESENTATION_CONTEXT() REPRESENTATION_CONTEXT('2D SPACE',''
  ) );
#6285 = ORIENTED_EDGE('',*,*,#6286,.T.);
#6286 = EDGE_CURVE('',#6208,#6287,#6289,.T.);
#6287 = VERTEX_POINT('',#6288);
#6288 = CARTESIAN_POINT('',(-100.6182117285,201.8420082207,37.4));
#6289 = SEAM_CURVE('',#6290,(#6294,#6301),.PCURVE_S1.);
#6290 = LINE('',#6291,#6292);
#6291 = CARTESIAN_POINT('',(-100.6182117285,201.8420082207,34.8));
#6292 = VECTOR('',#6293,1.);
#6293 = DIRECTION('',(0.,0.,1.));
#6294 = PCURVE('',#6187,#6295);
#6295 = DEFINITIONAL_REPRESENTATION('',(#6296),#6300);
#6296 = LINE('',#6297,#6298);
#6297 = CARTESIAN_POINT('',(6.28318530718,0.));
#6298 = VECTOR('',#6299,1.);
#6299 = DIRECTION('',(0.,-1.));
#6300 = ( GEOMETRIC_REPRESENTATION_CONTEXT(2) 
PARAMETRIC_REPRESENTATION_CONTEXT() REPRESENTATION_CONTEXT('2D SPACE',''
  ) );
#6301 = PCURVE('',#6187,#6302);
#6302 = DEFINITIONAL_REPRESENTATION('',(#6303),#6307);
#6303 = LINE('',#6304,#6305);
#6304 = CARTESIAN_POINT('',(0.,0.));
#6305 = VECTOR('',#6306,1.);
#6306 = DIRECTION('',(0.,-1.));
#6307 = ( GEOMETRIC_REPRESENTATION_CONTEXT(2) 
PARAMETRIC_REPRESENTATION_CONTEXT() REPRESENTATION_CONTEXT('2D SPACE',''
  ) );
#6308 = ORIENTED_EDGE('',*,*,#6309,.T.);
#6309 = EDGE_CURVE('',#6287,#6287,#6310,.T.);
#6310 = SURFACE_CURVE('',#6311,(#6316,#6323),.PCURVE_S1.);
#6311 = ELLIPSE('',#6312,5.5,3.2);
#6312 = AXIS2_PLACEMENT_3D('',#6313,#6314,#6315);
#6313 = CARTESIAN_POINT('',(-105.6957192081,199.7280267176,37.4));
#6314 = DIRECTION('',(0.,-0.,1.));
#6315 = DIRECTION('',(0.923183178094,0.384360273291,0.));
#6316 = PCURVE('',#6187,#6317);
#6317 = DEFINITIONAL_REPRESENTATION('',(#6318),#6322);
#6318 = LINE('',#6319,#6320);
#6319 = CARTESIAN_POINT('',(0.,-2.6));
#6320 = VECTOR('',#6321,1.);
#6321 = DIRECTION('',(1.,0.));
#6322 = ( GEOMETRIC_REPRESENTATION_CONTEXT(2) 
PARAMETRIC_REPRESENTATION_CONTEXT() REPRESENTATION_CONTEXT('2D SPACE',''
  ) );
#6323 = PCURVE('',#6324,#6329);
#6324 = PLANE('',#6325);
#6325 = AXIS2_PLACEMENT_3D('',#6326,#6327,#6328);
#6326 = CARTESIAN_POINT('',(-105.3460849757,199.87359426288,37.4));
#6327 = DIRECTION('',(0.,0.,1.));
#6328 = DIRECTION('',(0.923183178094,0.384360273291,0.));
#6329 = DEFINITIONAL_REPRESENTATION('',(#6330),#6334);
#6330 = ELLIPSE('',#6331,5.5,3.2);
#6331 = AXIS2_PLACEMENT_2D('',#6332,#6333);
#6332 = CARTESIAN_POINT('',(-0.378726823242,-1.429412144205E-14));
#6333 = DIRECTION('',(1.,0.));
#6334 = ( GEOMETRIC_REPRESENTATION_CONTEXT(2) 
PARAMETRIC_REPRESENTATION_CONTEXT() REPRESENTATION_CONTEXT('2D SPACE',''
  ) );
#6335 = ORIENTED_EDGE('',*,*,#6286,.F.);
#6336 = ORIENTED_EDGE('',*,*,#6337,.T.);
#6337 = EDGE_CURVE('',#6208,#6338,#6340,.T.);
#6338 = VERTEX_POINT('',#6339);
#6339 = CARTESIAN_POINT('',(-101.0001937186,199.47260117267,37.2));
#6340 = SURFACE_CURVE('',#6341,(#6362,#6386),.PCURVE_S1.);
#6341 = B_SPLINE_CURVE_WITH_KNOTS('',7,(#6342,#6343,#6344,#6345,#6346,
    #6347,#6348,#6349,#6350,#6351,#6352,#6353,#6354,#6355,#6356,#6357,
    #6358,#6359,#6360,#6361),.UNSPECIFIED.,.F.,.F.,(8,6,6,8),(0.,
    0.279544318551,0.44744046364,1.),.UNSPECIFIED.);
#6342 = CARTESIAN_POINT('',(-100.6182117285,201.8420082207,37.2));
#6343 = CARTESIAN_POINT('',(-100.5697479193,201.72560448032,37.2));
#6344 = CARTESIAN_POINT('',(-100.5304644457,201.60533063192,37.2));
#6345 = CARTESIAN_POINT('',(-100.5007555896,201.48210326451,37.2));
#6346 = CARTESIAN_POINT('',(-100.4806224793,201.35682172671,37.2));
#6347 = CARTESIAN_POINT('',(-100.4697957965,201.23033900991,37.2));
#6348 = CARTESIAN_POINT('',(-100.4678241558,201.10344221205,37.2));
#6349 = CARTESIAN_POINT('',(-100.4779143771,200.90080601667,37.2));
#6350 = CARTESIAN_POINT('',(-100.4846873332,200.82485072677,37.2));
#6351 = CARTESIAN_POINT('',(-100.4943260256,200.74910684783,37.2));
#6352 = CARTESIAN_POINT('',(-100.5067000993,200.67368603251,37.2));
#6353 = CARTESIAN_POINT('',(-100.5216751292,200.59868207704,37.2));
#6354 = CARTESIAN_POINT('',(-100.5391179096,200.52417154755,37.2));
#6355 = CARTESIAN_POINT('',(-100.624011906,200.20681558658,37.2));
#6356 = CARTESIAN_POINT('',(-100.7143599103,199.96984741945,37.2));
#6357 = CARTESIAN_POINT('',(-100.8254535483,199.7406608767,37.2));
#6358 = CARTESIAN_POINT('',(-100.9536159512,199.52008601079,37.2));
#6359 = CARTESIAN_POINT('',(-101.0958499341,199.30840812374,37.2));
#6360 = CARTESIAN_POINT('',(-101.2499911537,199.1054511408,37.2));
#6361 = CARTESIAN_POINT('',(-101.4147990344,198.91065442352,37.2));
#6362 = PCURVE('',#6187,#6363);
#6363 = DEFINITIONAL_REPRESENTATION('',(#6364),#6385);
#6364 = B_SPLINE_CURVE_WITH_KNOTS('',7,(#6365,#6366,#6367,#6368,#6369,
    #6370,#6371,#6372,#6373,#6374,#6375,#6376,#6377,#6378,#6379,#6380,
    #6381,#6382,#6383,#6384),.UNSPECIFIED.,.F.,.F.,(8,6,6,8),(0.,
    0.279544318551,0.44744046364,1.),.UNSPECIFIED.);
#6365 = CARTESIAN_POINT('',(6.28318530718,-2.4));
#6366 = CARTESIAN_POINT('',(6.243782326567,-2.4));
#6367 = CARTESIAN_POINT('',(6.204365543393,-2.4));
#6368 = CARTESIAN_POINT('',(6.16514666011,-2.4));
#6369 = CARTESIAN_POINT('',(6.126285432387,-2.4));
#6370 = CARTESIAN_POINT('',(6.08790855158,-2.4));
#6371 = CARTESIAN_POINT('',(6.050120779996,-2.4));
#6372 = CARTESIAN_POINT('',(5.990718364289,-2.4));
#6373 = CARTESIAN_POINT('',(5.968664444043,-2.4));
#6374 = CARTESIAN_POINT('',(5.946858447755,-2.4));
#6375 = CARTESIAN_POINT('',(5.925307973192,-2.4));
#6376 = CARTESIAN_POINT('',(5.904016837338,-2.4));
#6377 = CARTESIAN_POINT('',(5.882985567364,-2.4));
#6378 = CARTESIAN_POINT('',(5.793844076225,-2.4));
#6379 = CARTESIAN_POINT('',(5.728388690059,-2.4));
#6380 = CARTESIAN_POINT('',(5.66553411474,-2.4));
#6381 = CARTESIAN_POINT('',(5.605048375265,-2.4));
#6382 = CARTESIAN_POINT('',(5.546682938022,-2.4));
#6383 = CARTESIAN_POINT('',(5.490158375486,-2.4));
#6384 = CARTESIAN_POINT('',(5.435123228198,-2.4));
#6385 = ( GEOMETRIC_REPRESENTATION_CONTEXT(2) 
PARAMETRIC_REPRESENTATION_CONTEXT() REPRESENTATION_CONTEXT('2D SPACE',''
  ) );
#6386 = PCURVE('',#6257,#6387);
#6387 = DEFINITIONAL_REPRESENTATION('',(#6388),#6409);
#6388 = B_SPLINE_CURVE_WITH_KNOTS('',7,(#6389,#6390,#6391,#6392,#6393,
    #6394,#6395,#6396,#6397,#6398,#6399,#6400,#6401,#6402,#6403,#6404,
    #6405,#6406,#6407,#6408),.UNSPECIFIED.,.F.,.F.,(8,6,6,8),(0.,
    0.279544318551,0.44744046364,1.),.UNSPECIFIED.);
#6389 = CARTESIAN_POINT('',(0.,0.));
#6390 = CARTESIAN_POINT('',(-1.42108547152E-14,-0.12608953796));
#6391 = CARTESIAN_POINT('',(-9.962647291218E-03,-0.252223338188));
#6392 = CARTESIAN_POINT('',(-2.989963570757E-02,-0.377403674918));
#6393 = CARTESIAN_POINT('',(-5.946633300655E-02,-0.500799850948));
#6394 = CARTESIAN_POINT('',(-9.808625323765E-02,-0.621727914147));
#6395 = CARTESIAN_POINT('',(-0.145040155545,-0.739634723665));
#6396 = CARTESIAN_POINT('',(-0.23224058162,-0.922826770271));
#6397 = CARTESIAN_POINT('',(-0.267687456687,-0.990344160955));
#6398 = CARTESIAN_POINT('',(-0.305698673436,-1.056564905368));
#6399 = CARTESIAN_POINT('',(-0.346110975252,-1.121436031021));
#6400 = CARTESIAN_POINT('',(-0.38876421179,-1.184922614415));
#6401 = CARTESIAN_POINT('',(-0.433505980688,-1.247005170002));
#6402 = CARTESIAN_POINT('',(-0.633857714,-1.507352974967));
#6403 = CARTESIAN_POINT('',(-0.808346621214,-1.691391816989));
#6404 = CARTESIAN_POINT('',(-0.998996601215,-1.860272996833));
#6405 = CARTESIAN_POINT('',(-1.202094191427,-2.014643466332));
#6406 = CARTESIAN_POINT('',(-1.414762782279,-2.155391838303));
#6407 = CARTESIAN_POINT('',(-1.635071964724,-2.283512549527));
#6408 = CARTESIAN_POINT('',(-1.862091947286,-2.4));
#6409 = ( GEOMETRIC_REPRESENTATION_CONTEXT(2) 
PARAMETRIC_REPRESENTATION_CONTEXT() REPRESENTATION_CONTEXT('2D SPACE',''
  ) );
#6410 = ORIENTED_EDGE('',*,*,#6411,.T.);
#6411 = EDGE_CURVE('',#6338,#6135,#6412,.T.);
#6412 = SURFACE_CURVE('',#6413,(#6419,#6428),.PCURVE_S1.);
#6413 = B_SPLINE_CURVE_WITH_KNOTS('',4,(#6414,#6415,#6416,#6417,#6418),
  .UNSPECIFIED.,.F.,.F.,(5,5),(0.,1.),.PIECEWISE_BEZIER_KNOTS.);
#6414 = CARTESIAN_POINT('',(-101.0001937186,199.47260117267,37.2000006)
  );
#6415 = CARTESIAN_POINT('',(-101.0001937186,199.47260117267,36.6000003)
  );
#6416 = CARTESIAN_POINT('',(-101.0001937186,199.47260117267,36.));
#6417 = CARTESIAN_POINT('',(-101.0001937186,199.47260117267,35.3999997)
  );
#6418 = CARTESIAN_POINT('',(-101.0001937186,199.47260117267,34.7999994)
  );
#6419 = PCURVE('',#6187,#6420);
#6420 = DEFINITIONAL_REPRESENTATION('',(#6421),#6427);
#6421 = B_SPLINE_CURVE_WITH_KNOTS('',4,(#6422,#6423,#6424,#6425,#6426),
  .UNSPECIFIED.,.F.,.F.,(5,5),(0.,1.),.PIECEWISE_BEZIER_KNOTS.);
#6422 = CARTESIAN_POINT('',(5.591701796121,-2.4000006));
#6423 = CARTESIAN_POINT('',(5.591701796121,-1.8000003));
#6424 = CARTESIAN_POINT('',(5.591701796121,-1.2));
#6425 = CARTESIAN_POINT('',(5.591701796121,-0.5999997));
#6426 = CARTESIAN_POINT('',(5.591701796121,5.999999999062E-07));
#6427 = ( GEOMETRIC_REPRESENTATION_CONTEXT(2) 
PARAMETRIC_REPRESENTATION_CONTEXT() REPRESENTATION_CONTEXT('2D SPACE',''
  ) );
#6428 = PCURVE('',#6160,#6429);
#6429 = DEFINITIONAL_REPRESENTATION('',(#6430),#6436);
#6430 = B_SPLINE_CURVE_WITH_KNOTS('',4,(#6431,#6432,#6433,#6434,#6435),
  .UNSPECIFIED.,.F.,.F.,(5,5),(0.,1.),.PIECEWISE_BEZIER_KNOTS.);
#6431 = CARTESIAN_POINT('',(-4.158035315084,-2.4000006));
#6432 = CARTESIAN_POINT('',(-4.158035315084,-1.8000003));
#6433 = CARTESIAN_POINT('',(-4.158035315084,-1.2));
#6434 = CARTESIAN_POINT('',(-4.158035315084,-0.5999997));
#6435 = CARTESIAN_POINT('',(-4.158035315084,5.999999999062E-07));
#6436 = ( GEOMETRIC_REPRESENTATION_CONTEXT(2) 
PARAMETRIC_REPRESENTATION_CONTEXT() REPRESENTATION_CONTEXT('2D SPACE',''
  ) );
#6437 = ORIENTED_EDGE('',*,*,#6172,.F.);
#6438 = ORIENTED_EDGE('',*,*,#6439,.F.);
#6439 = EDGE_CURVE('',#6206,#6133,#6440,.T.);
#6440 = SURFACE_CURVE('',#6441,(#6447,#6456),.PCURVE_S1.);
#6441 = B_SPLINE_CURVE_WITH_KNOTS('',4,(#6442,#6443,#6444,#6445,#6446),
  .UNSPECIFIED.,.F.,.F.,(5,5),(0.,1.),.PIECEWISE_BEZIER_KNOTS.);
#6442 = CARTESIAN_POINT('',(-102.5688279746,203.24025578836,37.2000006)
  );
#6443 = CARTESIAN_POINT('',(-102.5688279746,203.24025578836,36.6000003)
  );
#6444 = CARTESIAN_POINT('',(-102.5688279746,203.24025578836,36.));
#6445 = CARTESIAN_POINT('',(-102.5688279746,203.24025578836,35.3999997)
  );
#6446 = CARTESIAN_POINT('',(-102.5688279746,203.24025578836,34.7999994)
  );
#6447 = PCURVE('',#6187,#6448);
#6448 = DEFINITIONAL_REPRESENTATION('',(#6449),#6455);
#6449 = B_SPLINE_CURVE_WITH_KNOTS('',4,(#6450,#6451,#6452,#6453,#6454),
  .UNSPECIFIED.,.F.,.F.,(5,5),(0.,1.),.PIECEWISE_BEZIER_KNOTS.);
#6450 = CARTESIAN_POINT('',(0.691483511059,-2.4000006));
#6451 = CARTESIAN_POINT('',(0.691483511059,-1.8000003));
#6452 = CARTESIAN_POINT('',(0.691483511059,-1.2));
#6453 = CARTESIAN_POINT('',(0.691483511059,-0.5999997));
#6454 = CARTESIAN_POINT('',(0.691483511059,5.999999999062E-07));
#6455 = ( GEOMETRIC_REPRESENTATION_CONTEXT(2) 
PARAMETRIC_REPRESENTATION_CONTEXT() REPRESENTATION_CONTEXT('2D SPACE',''
  ) );
#6456 = PCURVE('',#6160,#6457);
#6457 = DEFINITIONAL_REPRESENTATION('',(#6458),#6464);
#6458 = B_SPLINE_CURVE_WITH_KNOTS('',4,(#6459,#6460,#6461,#6462,#6463),
  .UNSPECIFIED.,.F.,.F.,(5,5),(0.,1.),.PIECEWISE_BEZIER_KNOTS.);
#6459 = CARTESIAN_POINT('',(-8.408335299275,-2.4000006));
#6460 = CARTESIAN_POINT('',(-8.408335299275,-1.8000003));
#6461 = CARTESIAN_POINT('',(-8.408335299275,-1.2));
#6462 = CARTESIAN_POINT('',(-8.408335299275,-0.5999997));
#6463 = CARTESIAN_POINT('',(-8.408335299275,5.999999999062E-07));
#6464 = ( GEOMETRIC_REPRESENTATION_CONTEXT(2) 
PARAMETRIC_REPRESENTATION_CONTEXT() REPRESENTATION_CONTEXT('2D SPACE',''
  ) );
#6465 = ADVANCED_FACE('',(#6466),#6324,.T.);
#6466 = FACE_BOUND('',#6467,.T.);
#6467 = EDGE_LOOP('',(#6468));
#6468 = ORIENTED_EDGE('',*,*,#6309,.T.);
#6469 = ADVANCED_FACE('',(#6470),#6257,.T.);
#6470 = FACE_BOUND('',#6471,.T.);
#6471 = EDGE_LOOP('',(#6472,#6473,#6499));
#6472 = ORIENTED_EDGE('',*,*,#6337,.T.);
#6473 = ORIENTED_EDGE('',*,*,#6474,.F.);
#6474 = EDGE_CURVE('',#6206,#6338,#6475,.T.);
#6475 = SURFACE_CURVE('',#6476,(#6481,#6492),.PCURVE_S1.);
#6476 = CIRCLE('',#6477,2.4);
#6477 = AXIS2_PLACEMENT_3D('',#6478,#6479,#6480);
#6478 = CARTESIAN_POINT('',(-100.6182117285,201.8420082207,37.2));
#6479 = DIRECTION('',(0.,0.,-1.));
#6480 = DIRECTION('',(-0.812756769206,0.582603153193,0.));
#6481 = PCURVE('',#6257,#6482);
#6482 = DEFINITIONAL_REPRESENTATION('',(#6483),#6491);
#6483 = ( BOUNDED_CURVE() B_SPLINE_CURVE(2,(#6484,#6485,#6486,#6487,
#6488,#6489,#6490),.UNSPECIFIED.,.T.,.F.) B_SPLINE_CURVE_WITH_KNOTS((1,2
    ,2,2,2,1),(-2.094395102393,0.,2.094395102393,4.188790204786,
6.28318530718,8.377580409573),.UNSPECIFIED.) CURVE() 
GEOMETRIC_REPRESENTATION_ITEM() RATIONAL_B_SPLINE_CURVE((1.,0.5,1.,0.5,
1.,0.5,1.)) REPRESENTATION_ITEM('') );
#6484 = CARTESIAN_POINT('',(-1.263345288075,2.040578026712));
#6485 = CARTESIAN_POINT('',(2.271039530998,4.228756253161));
#6486 = CARTESIAN_POINT('',(2.398865053574,7.380009986873E-02));
#6487 = CARTESIAN_POINT('',(2.52669057615,-4.081156053423));
#6488 = CARTESIAN_POINT('',(-1.135519765499,-2.11437812658));
#6489 = CARTESIAN_POINT('',(-4.797730107148,-0.147600199737));
#6490 = CARTESIAN_POINT('',(-1.263345288075,2.040578026712));
#6491 = ( GEOMETRIC_REPRESENTATION_CONTEXT(2) 
PARAMETRIC_REPRESENTATION_CONTEXT() REPRESENTATION_CONTEXT('2D SPACE',''
  ) );
#6492 = PCURVE('',#6160,#6493);
#6493 = DEFINITIONAL_REPRESENTATION('',(#6494),#6498);
#6494 = LINE('',#6495,#6496);
#6495 = CARTESIAN_POINT('',(-8.408335299275,-2.4));
#6496 = VECTOR('',#6497,1.);
#6497 = DIRECTION('',(1.,-0.));
#6498 = ( GEOMETRIC_REPRESENTATION_CONTEXT(2) 
PARAMETRIC_REPRESENTATION_CONTEXT() REPRESENTATION_CONTEXT('2D SPACE',''
  ) );
#6499 = ORIENTED_EDGE('',*,*,#6205,.T.);
#6500 = ADVANCED_FACE('',(#6501),#6160,.T.);
#6501 = FACE_BOUND('',#6502,.F.);
#6502 = EDGE_LOOP('',(#6503,#6504,#6505,#6506));
#6503 = ORIENTED_EDGE('',*,*,#6474,.F.);
#6504 = ORIENTED_EDGE('',*,*,#6439,.T.);
#6505 = ORIENTED_EDGE('',*,*,#6132,.T.);
#6506 = ORIENTED_EDGE('',*,*,#6411,.F.);
#6507 = MANIFOLD_SOLID_BREP('',#6508);
#6508 = CLOSED_SHELL('',(#6509,#6582,#6846,#6850,#6881));
#6509 = ADVANCED_FACE('',(#6510),#6525,.F.);
#6510 = FACE_BOUND('',#6511,.F.);
#6511 = EDGE_LOOP('',(#6512,#6552));
#6512 = ORIENTED_EDGE('',*,*,#6513,.F.);
#6513 = EDGE_CURVE('',#6514,#6516,#6518,.T.);
#6514 = VERTEX_POINT('',#6515);
#6515 = CARTESIAN_POINT('',(-17.32353911118,226.40052537908,34.8));
#6516 = VERTEX_POINT('',#6517);
#6517 = CARTESIAN_POINT('',(-21.02063480054,228.12891138809,34.8));
#6518 = SURFACE_CURVE('',#6519,(#6524,#6540),.PCURVE_S1.);
#6519 = CIRCLE('',#6520,2.4);
#6520 = AXIS2_PLACEMENT_3D('',#6521,#6522,#6523);
#6521 = CARTESIAN_POINT('',(-19.70711876838,226.12026118627,34.8));
#6522 = DIRECTION('',(0.,0.,-1.));
#6523 = DIRECTION('',(0.993158190501,0.116776747007,0.));
#6524 = PCURVE('',#6525,#6530);
#6525 = PLANE('',#6526);
#6526 = AXIS2_PLACEMENT_3D('',#6527,#6528,#6529);
#6527 = CARTESIAN_POINT('',(-17.53823897277,230.75959296824,34.8));
#6528 = DIRECTION('',(0.,0.,1.));
#6529 = DIRECTION('',(-0.423504023462,-0.905894222363,0.));
#6530 = DEFINITIONAL_REPRESENTATION('',(#6531),#6539);
#6531 = ( BOUNDED_CURVE() B_SPLINE_CURVE(2,(#6532,#6533,#6534,#6535,
#6536,#6537,#6538),.UNSPECIFIED.,.T.,.F.) B_SPLINE_CURVE_WITH_KNOTS((1,2
    ,2,2,2,1),(-2.094395102393,0.,2.094395102393,4.188790204786,
6.28318530718,8.377580409573),.UNSPECIFIED.) CURVE() 
GEOMETRIC_REPRESENTATION_ITEM() RATIONAL_B_SPLINE_CURVE((1.,0.5,1.,0.5,
1.,0.5,1.)) REPRESENTATION_ITEM('') );
#6532 = CARTESIAN_POINT('',(3.857927888683,2.040578026712));
#6533 = CARTESIAN_POINT('',(7.392312707756,4.228756253161));
#6534 = CARTESIAN_POINT('',(7.520138230332,7.380009986871E-02));
#6535 = CARTESIAN_POINT('',(7.647963752908,-4.081156053423));
#6536 = CARTESIAN_POINT('',(3.985753411259,-2.11437812658));
#6537 = CARTESIAN_POINT('',(0.32354306961,-0.147600199737));
#6538 = CARTESIAN_POINT('',(3.857927888683,2.040578026712));
#6539 = ( GEOMETRIC_REPRESENTATION_CONTEXT(2) 
PARAMETRIC_REPRESENTATION_CONTEXT() REPRESENTATION_CONTEXT('2D SPACE',''
  ) );
#6540 = PCURVE('',#6541,#6546);
#6541 = CYLINDRICAL_SURFACE('',#6542,2.4);
#6542 = AXIS2_PLACEMENT_3D('',#6543,#6544,#6545);
#6543 = CARTESIAN_POINT('',(-19.70711876838,226.12026118627,34.8));
#6544 = DIRECTION('',(0.,0.,-1.));
#6545 = DIRECTION('',(-0.423504023462,-0.905894222363,0.));
#6546 = DEFINITIONAL_REPRESENTATION('',(#6547),#6551);
#6547 = LINE('',#6548,#6549);
#6548 = CARTESIAN_POINT('',(-8.408335299275,0.));
#6549 = VECTOR('',#6550,1.);
#6550 = DIRECTION('',(1.,-0.));
#6551 = ( GEOMETRIC_REPRESENTATION_CONTEXT(2) 
PARAMETRIC_REPRESENTATION_CONTEXT() REPRESENTATION_CONTEXT('2D SPACE',''
  ) );
#6552 = ORIENTED_EDGE('',*,*,#6553,.T.);
#6553 = EDGE_CURVE('',#6514,#6516,#6554,.T.);
#6554 = SURFACE_CURVE('',#6555,(#6560,#6567),.PCURVE_S1.);
#6555 = ELLIPSE('',#6556,5.5,3.2);
#6556 = AXIS2_PLACEMENT_3D('',#6557,#6558,#6559);
#6557 = CARTESIAN_POINT('',(-17.37784663934,231.10267940927,34.8));
#6558 = DIRECTION('',(0.,0.,1.));
#6559 = DIRECTION('',(-0.423504023462,-0.905894222363,0.));
#6560 = PCURVE('',#6525,#6561);
#6561 = DEFINITIONAL_REPRESENTATION('',(#6562),#6566);
#6562 = ELLIPSE('',#6563,5.5,3.2);
#6563 = AXIS2_PLACEMENT_2D('',#6564,#6565);
#6564 = CARTESIAN_POINT('',(-0.378726823242,-1.249000902703E-15));
#6565 = DIRECTION('',(1.,0.));
#6566 = ( GEOMETRIC_REPRESENTATION_CONTEXT(2) 
PARAMETRIC_REPRESENTATION_CONTEXT() REPRESENTATION_CONTEXT('2D SPACE',''
  ) );
#6567 = PCURVE('',#6568,#6576);
#6568 = SURFACE_OF_LINEAR_EXTRUSION('',#6569,#6574);
#6569 = ELLIPSE('',#6570,5.5,3.2);
#6570 = AXIS2_PLACEMENT_3D('',#6571,#6572,#6573);
#6571 = CARTESIAN_POINT('',(-17.37784663934,231.10267940927,34.8));
#6572 = DIRECTION('',(0.,0.,1.));
#6573 = DIRECTION('',(-0.423504023462,-0.905894222363,0.));
#6574 = VECTOR('',#6575,1.);
#6575 = DIRECTION('',(0.,0.,-1.));
#6576 = DEFINITIONAL_REPRESENTATION('',(#6577),#6581);
#6577 = LINE('',#6578,#6579);
#6578 = CARTESIAN_POINT('',(0.,0.));
#6579 = VECTOR('',#6580,1.);
#6580 = DIRECTION('',(1.,0.));
#6581 = ( GEOMETRIC_REPRESENTATION_CONTEXT(2) 
PARAMETRIC_REPRESENTATION_CONTEXT() REPRESENTATION_CONTEXT('2D SPACE',''
  ) );
#6582 = ADVANCED_FACE('',(#6583),#6568,.F.);
#6583 = FACE_BOUND('',#6584,.F.);
#6584 = EDGE_LOOP('',(#6585,#6666,#6689,#6716,#6717,#6791,#6818,#6819));
#6585 = ORIENTED_EDGE('',*,*,#6586,.T.);
#6586 = EDGE_CURVE('',#6587,#6589,#6591,.T.);
#6587 = VERTEX_POINT('',#6588);
#6588 = CARTESIAN_POINT('',(-17.32353911118,226.40052537908,37.2));
#6589 = VERTEX_POINT('',#6590);
#6590 = CARTESIAN_POINT('',(-19.70711876838,226.12026118627,37.2));
#6591 = SURFACE_CURVE('',#6592,(#6613,#6637),.PCURVE_S1.);
#6592 = B_SPLINE_CURVE_WITH_KNOTS('',7,(#6593,#6594,#6595,#6596,#6597,
    #6598,#6599,#6600,#6601,#6602,#6603,#6604,#6605,#6606,#6607,#6608,
    #6609,#6610,#6611,#6612),.UNSPECIFIED.,.F.,.F.,(8,6,6,8),(0.,
    0.552559536359,0.720455681449,1.),.UNSPECIFIED.);
#6593 = CARTESIAN_POINT('',(-16.74436920298,226.79070986651,37.2));
#6594 = CARTESIAN_POINT('',(-16.94603838736,226.63438667991,37.2));
#6595 = CARTESIAN_POINT('',(-17.15540402459,226.48906950109,37.2));
#6596 = CARTESIAN_POINT('',(-17.37297316546,226.35602175518,37.2));
#6597 = CARTESIAN_POINT('',(-17.59882912849,226.23741333657,37.2));
#6598 = CARTESIAN_POINT('',(-17.83255864718,226.13622648035,37.2));
#6599 = CARTESIAN_POINT('',(-18.07317512512,226.0560991775,37.2));
#6600 = CARTESIAN_POINT('',(-18.3938724626,225.98486004276,37.2));
#6601 = CARTESIAN_POINT('',(-18.46906101016,225.97062094489,37.2));
#6602 = CARTESIAN_POINT('',(-18.54463695655,225.95886844785,37.2));
#6603 = CARTESIAN_POINT('',(-18.62051810689,225.94973235984,37.2));
#6604 = CARTESIAN_POINT('',(-18.69660499988,225.9433429699,37.2));
#6605 = CARTESIAN_POINT('',(-18.77278050822,225.93982573719,37.2));
#6606 = CARTESIAN_POINT('',(-18.97566285612,225.93841394382,37.2));
#6607 = CARTESIAN_POINT('',(-19.10235912018,225.94581268323,37.2));
#6608 = CARTESIAN_POINT('',(-19.22826284556,225.96204064194,37.2));
#6609 = CARTESIAN_POINT('',(-19.35256834375,225.98751511871,37.2));
#6610 = CARTESIAN_POINT('',(-19.47441188236,226.02246869235,37.2));
#6611 = CARTESIAN_POINT('',(-19.59289498444,226.06686175962,37.2));
#6612 = CARTESIAN_POINT('',(-19.70711876838,226.12026118627,37.2));
#6613 = PCURVE('',#6568,#6614);
#6614 = DEFINITIONAL_REPRESENTATION('',(#6615),#6636);
#6615 = B_SPLINE_CURVE_WITH_KNOTS('',7,(#6616,#6617,#6618,#6619,#6620,
    #6621,#6622,#6623,#6624,#6625,#6626,#6627,#6628,#6629,#6630,#6631,
    #6632,#6633,#6634,#6635),.UNSPECIFIED.,.F.,.F.,(8,6,6,8),(0.,
    0.552559536359,0.720455681449,1.),.UNSPECIFIED.);
#6616 = CARTESIAN_POINT('',(0.848062078981,-2.4));
#6617 = CARTESIAN_POINT('',(0.793026931694,-2.4));
#6618 = CARTESIAN_POINT('',(0.736502369158,-2.4));
#6619 = CARTESIAN_POINT('',(0.678136931915,-2.4));
#6620 = CARTESIAN_POINT('',(0.617651192439,-2.4));
#6621 = CARTESIAN_POINT('',(0.554796617121,-2.4));
#6622 = CARTESIAN_POINT('',(0.489341230955,-2.4));
#6623 = CARTESIAN_POINT('',(0.400199739816,-2.4));
#6624 = CARTESIAN_POINT('',(0.379168469842,-2.4));
#6625 = CARTESIAN_POINT('',(0.357877333988,-2.4));
#6626 = CARTESIAN_POINT('',(0.336326859425,-2.4));
#6627 = CARTESIAN_POINT('',(0.314520863137,-2.4));
#6628 = CARTESIAN_POINT('',(0.292466942891,-2.4));
#6629 = CARTESIAN_POINT('',(0.233064527184,-2.4));
#6630 = CARTESIAN_POINT('',(0.1952767556,-2.4));
#6631 = CARTESIAN_POINT('',(0.156899874792,-2.4));
#6632 = CARTESIAN_POINT('',(0.11803864707,-2.4));
#6633 = CARTESIAN_POINT('',(7.881976378659E-02,-2.4));
#6634 = CARTESIAN_POINT('',(3.94029806125E-02,-2.4));
#6635 = CARTESIAN_POINT('',(0.,-2.4));
#6636 = ( GEOMETRIC_REPRESENTATION_CONTEXT(2) 
PARAMETRIC_REPRESENTATION_CONTEXT() REPRESENTATION_CONTEXT('2D SPACE',''
  ) );
#6637 = PCURVE('',#6638,#6643);
#6638 = PLANE('',#6639);
#6639 = AXIS2_PLACEMENT_3D('',#6640,#6641,#6642);
#6640 = CARTESIAN_POINT('',(-19.70711876838,226.12026118627,37.2));
#6641 = DIRECTION('',(0.,0.,1.));
#6642 = DIRECTION('',(-0.423504023462,-0.905894222363,0.));
#6643 = DEFINITIONAL_REPRESENTATION('',(#6644),#6665);
#6644 = B_SPLINE_CURVE_WITH_KNOTS('',7,(#6645,#6646,#6647,#6648,#6649,
    #6650,#6651,#6652,#6653,#6654,#6655,#6656,#6657,#6658,#6659,#6660,
    #6661,#6662,#6663,#6664),.UNSPECIFIED.,.F.,.F.,(8,6,6,8),(0.,
    0.552559536359,0.720455681449,1.),.UNSPECIFIED.);
#6645 = CARTESIAN_POINT('',(-1.862091947286,2.4));
#6646 = CARTESIAN_POINT('',(-1.635071964724,2.283512549527));
#6647 = CARTESIAN_POINT('',(-1.414762782279,2.155391838303));
#6648 = CARTESIAN_POINT('',(-1.202094191426,2.014643466332));
#6649 = CARTESIAN_POINT('',(-0.998996601215,1.860272996834));
#6650 = CARTESIAN_POINT('',(-0.808346621214,1.691391816989));
#6651 = CARTESIAN_POINT('',(-0.633857714,1.507352974968));
#6652 = CARTESIAN_POINT('',(-0.433505980689,1.247005170003));
#6653 = CARTESIAN_POINT('',(-0.38876421179,1.184922614416));
#6654 = CARTESIAN_POINT('',(-0.346110975252,1.121436031022));
#6655 = CARTESIAN_POINT('',(-0.305698673436,1.056564905368));
#6656 = CARTESIAN_POINT('',(-0.267687456687,0.990344160955));
#6657 = CARTESIAN_POINT('',(-0.23224058162,0.922826770272));
#6658 = CARTESIAN_POINT('',(-0.145040155545,0.739634723665));
#6659 = CARTESIAN_POINT('',(-9.80862532378E-02,0.621727914147));
#6660 = CARTESIAN_POINT('',(-5.946633300655E-02,0.500799850948));
#6661 = CARTESIAN_POINT('',(-2.989963570749E-02,0.377403674918));
#6662 = CARTESIAN_POINT('',(-9.962647291189E-03,0.252223338189));
#6663 = CARTESIAN_POINT('',(2.84217094304E-14,0.12608953796));
#6664 = CARTESIAN_POINT('',(0.,0.));
#6665 = ( GEOMETRIC_REPRESENTATION_CONTEXT(2) 
PARAMETRIC_REPRESENTATION_CONTEXT() REPRESENTATION_CONTEXT('2D SPACE',''
  ) );
#6666 = ORIENTED_EDGE('',*,*,#6667,.T.);
#6667 = EDGE_CURVE('',#6589,#6668,#6670,.T.);
#6668 = VERTEX_POINT('',#6669);
#6669 = CARTESIAN_POINT('',(-19.70711876838,226.12026118627,37.4));
#6670 = SEAM_CURVE('',#6671,(#6675,#6682),.PCURVE_S1.);
#6671 = LINE('',#6672,#6673);
#6672 = CARTESIAN_POINT('',(-19.70711876838,226.12026118627,34.8));
#6673 = VECTOR('',#6674,1.);
#6674 = DIRECTION('',(0.,0.,1.));
#6675 = PCURVE('',#6568,#6676);
#6676 = DEFINITIONAL_REPRESENTATION('',(#6677),#6681);
#6677 = LINE('',#6678,#6679);
#6678 = CARTESIAN_POINT('',(6.28318530718,0.));
#6679 = VECTOR('',#6680,1.);
#6680 = DIRECTION('',(0.,-1.));
#6681 = ( GEOMETRIC_REPRESENTATION_CONTEXT(2) 
PARAMETRIC_REPRESENTATION_CONTEXT() REPRESENTATION_CONTEXT('2D SPACE',''
  ) );
#6682 = PCURVE('',#6568,#6683);
#6683 = DEFINITIONAL_REPRESENTATION('',(#6684),#6688);
#6684 = LINE('',#6685,#6686);
#6685 = CARTESIAN_POINT('',(0.,0.));
#6686 = VECTOR('',#6687,1.);
#6687 = DIRECTION('',(0.,-1.));
#6688 = ( GEOMETRIC_REPRESENTATION_CONTEXT(2) 
PARAMETRIC_REPRESENTATION_CONTEXT() REPRESENTATION_CONTEXT('2D SPACE',''
  ) );
#6689 = ORIENTED_EDGE('',*,*,#6690,.T.);
#6690 = EDGE_CURVE('',#6668,#6668,#6691,.T.);
#6691 = SURFACE_CURVE('',#6692,(#6697,#6704),.PCURVE_S1.);
#6692 = ELLIPSE('',#6693,5.5,3.2);
#6693 = AXIS2_PLACEMENT_3D('',#6694,#6695,#6696);
#6694 = CARTESIAN_POINT('',(-17.37784663934,231.10267940927,37.4));
#6695 = DIRECTION('',(0.,0.,1.));
#6696 = DIRECTION('',(-0.423504023462,-0.905894222363,0.));
#6697 = PCURVE('',#6568,#6698);
#6698 = DEFINITIONAL_REPRESENTATION('',(#6699),#6703);
#6699 = LINE('',#6700,#6701);
#6700 = CARTESIAN_POINT('',(0.,-2.6));
#6701 = VECTOR('',#6702,1.);
#6702 = DIRECTION('',(1.,0.));
#6703 = ( GEOMETRIC_REPRESENTATION_CONTEXT(2) 
PARAMETRIC_REPRESENTATION_CONTEXT() REPRESENTATION_CONTEXT('2D SPACE',''
  ) );
#6704 = PCURVE('',#6705,#6710);
#6705 = PLANE('',#6706);
#6706 = AXIS2_PLACEMENT_3D('',#6707,#6708,#6709);
#6707 = CARTESIAN_POINT('',(-17.53823897277,230.75959296824,37.4));
#6708 = DIRECTION('',(0.,0.,1.));
#6709 = DIRECTION('',(-0.423504023462,-0.905894222363,0.));
#6710 = DEFINITIONAL_REPRESENTATION('',(#6711),#6715);
#6711 = ELLIPSE('',#6712,5.5,3.2);
#6712 = AXIS2_PLACEMENT_2D('',#6713,#6714);
#6713 = CARTESIAN_POINT('',(-0.378726823242,-1.249000902703E-15));
#6714 = DIRECTION('',(1.,0.));
#6715 = ( GEOMETRIC_REPRESENTATION_CONTEXT(2) 
PARAMETRIC_REPRESENTATION_CONTEXT() REPRESENTATION_CONTEXT('2D SPACE',''
  ) );
#6716 = ORIENTED_EDGE('',*,*,#6667,.F.);
#6717 = ORIENTED_EDGE('',*,*,#6718,.T.);
#6718 = EDGE_CURVE('',#6589,#6719,#6721,.T.);
#6719 = VERTEX_POINT('',#6720);
#6720 = CARTESIAN_POINT('',(-21.02063480054,228.12891138809,37.2));
#6721 = SURFACE_CURVE('',#6722,(#6743,#6767),.PCURVE_S1.);
#6722 = B_SPLINE_CURVE_WITH_KNOTS('',7,(#6723,#6724,#6725,#6726,#6727,
    #6728,#6729,#6730,#6731,#6732,#6733,#6734,#6735,#6736,#6737,#6738,
    #6739,#6740,#6741,#6742),.UNSPECIFIED.,.F.,.F.,(8,6,6,8),(0.,
    0.279544318551,0.44744046364,1.),.UNSPECIFIED.);
#6723 = CARTESIAN_POINT('',(-19.70711876838,226.12026118627,37.2));
#6724 = CARTESIAN_POINT('',(-19.82134255232,226.17366061291,37.2));
#6725 = CARTESIAN_POINT('',(-19.93138721198,226.23610388942,37.2));
#6726 = CARTESIAN_POINT('',(-20.03634396097,226.3071790683,37.2));
#6727 = CARTESIAN_POINT('',(-20.13560622863,226.38622214559,37.2));
#6728 = CARTESIAN_POINT('',(-20.2287985708,226.47242122951,37.2));
#6729 = CARTESIAN_POINT('',(-20.31572450177,226.56489050655,37.2));
#6730 = CARTESIAN_POINT('',(-20.44474738709,226.72146743752,37.2));
#6731 = CARTESIAN_POINT('',(-20.490899107,226.78217244346,37.2));
#6732 = CARTESIAN_POINT('',(-20.53479019354,226.84465133679,37.2));
#6733 = CARTESIAN_POINT('',(-20.57644179905,226.90873379024,37.2));
#6734 = CARTESIAN_POINT('',(-20.61589011086,226.97425993429,37.2));
#6735 = CARTESIAN_POINT('',(-20.65318202013,227.04108345631,37.2));
#6736 = CARTESIAN_POINT('',(-20.80417982729,227.33283927686,37.2));
#6737 = CARTESIAN_POINT('',(-20.89700279671,227.56884895984,37.2));
#6738 = CARTESIAN_POINT('',(-20.96925024819,227.81307953437,37.2));
#6739 = CARTESIAN_POINT('',(-21.023080918,228.06244098285,37.2));
#6740 = CARTESIAN_POINT('',(-21.06051805109,228.31470373241,37.2));
#6741 = CARTESIAN_POINT('',(-21.08328003798,228.56854018461,37.2));
#6742 = CARTESIAN_POINT('',(-21.09266147032,228.82352917913,37.2));
#6743 = PCURVE('',#6568,#6744);
#6744 = DEFINITIONAL_REPRESENTATION('',(#6745),#6766);
#6745 = B_SPLINE_CURVE_WITH_KNOTS('',7,(#6746,#6747,#6748,#6749,#6750,
    #6751,#6752,#6753,#6754,#6755,#6756,#6757,#6758,#6759,#6760,#6761,
    #6762,#6763,#6764,#6765),.UNSPECIFIED.,.F.,.F.,(8,6,6,8),(0.,
    0.279544318551,0.44744046364,1.),.UNSPECIFIED.);
#6746 = CARTESIAN_POINT('',(6.28318530718,-2.4));
#6747 = CARTESIAN_POINT('',(6.243782326567,-2.4));
#6748 = CARTESIAN_POINT('',(6.204365543393,-2.4));
#6749 = CARTESIAN_POINT('',(6.16514666011,-2.4));
#6750 = CARTESIAN_POINT('',(6.126285432387,-2.4));
#6751 = CARTESIAN_POINT('',(6.08790855158,-2.4));
#6752 = CARTESIAN_POINT('',(6.050120779996,-2.4));
#6753 = CARTESIAN_POINT('',(5.990718364289,-2.4));
#6754 = CARTESIAN_POINT('',(5.968664444043,-2.4));
#6755 = CARTESIAN_POINT('',(5.946858447755,-2.4));
#6756 = CARTESIAN_POINT('',(5.925307973192,-2.4));
#6757 = CARTESIAN_POINT('',(5.904016837338,-2.4));
#6758 = CARTESIAN_POINT('',(5.882985567364,-2.4));
#6759 = CARTESIAN_POINT('',(5.793844076225,-2.4));
#6760 = CARTESIAN_POINT('',(5.728388690059,-2.4));
#6761 = CARTESIAN_POINT('',(5.66553411474,-2.4));
#6762 = CARTESIAN_POINT('',(5.605048375265,-2.4));
#6763 = CARTESIAN_POINT('',(5.546682938022,-2.4));
#6764 = CARTESIAN_POINT('',(5.490158375486,-2.4));
#6765 = CARTESIAN_POINT('',(5.435123228198,-2.4));
#6766 = ( GEOMETRIC_REPRESENTATION_CONTEXT(2) 
PARAMETRIC_REPRESENTATION_CONTEXT() REPRESENTATION_CONTEXT('2D SPACE',''
  ) );
#6767 = PCURVE('',#6638,#6768);
#6768 = DEFINITIONAL_REPRESENTATION('',(#6769),#6790);
#6769 = B_SPLINE_CURVE_WITH_KNOTS('',7,(#6770,#6771,#6772,#6773,#6774,
    #6775,#6776,#6777,#6778,#6779,#6780,#6781,#6782,#6783,#6784,#6785,
    #6786,#6787,#6788,#6789),.UNSPECIFIED.,.F.,.F.,(8,6,6,8),(0.,
    0.279544318551,0.44744046364,1.),.UNSPECIFIED.);
#6770 = CARTESIAN_POINT('',(0.,0.));
#6771 = CARTESIAN_POINT('',(0.,-0.12608953796));
#6772 = CARTESIAN_POINT('',(-9.962647291161E-03,-0.252223338188));
#6773 = CARTESIAN_POINT('',(-2.989963570752E-02,-0.377403674918));
#6774 = CARTESIAN_POINT('',(-5.946633300653E-02,-0.500799850948));
#6775 = CARTESIAN_POINT('',(-9.808625323762E-02,-0.621727914147));
#6776 = CARTESIAN_POINT('',(-0.145040155545,-0.739634723665));
#6777 = CARTESIAN_POINT('',(-0.23224058162,-0.922826770271));
#6778 = CARTESIAN_POINT('',(-0.267687456687,-0.990344160955));
#6779 = CARTESIAN_POINT('',(-0.305698673436,-1.056564905368));
#6780 = CARTESIAN_POINT('',(-0.346110975252,-1.121436031021));
#6781 = CARTESIAN_POINT('',(-0.38876421179,-1.184922614415));
#6782 = CARTESIAN_POINT('',(-0.433505980688,-1.247005170002));
#6783 = CARTESIAN_POINT('',(-0.633857714,-1.507352974968));
#6784 = CARTESIAN_POINT('',(-0.808346621213,-1.691391816989));
#6785 = CARTESIAN_POINT('',(-0.998996601215,-1.860272996833));
#6786 = CARTESIAN_POINT('',(-1.202094191427,-2.014643466332));
#6787 = CARTESIAN_POINT('',(-1.414762782279,-2.155391838303));
#6788 = CARTESIAN_POINT('',(-1.635071964724,-2.283512549527));
#6789 = CARTESIAN_POINT('',(-1.862091947286,-2.4));
#6790 = ( GEOMETRIC_REPRESENTATION_CONTEXT(2) 
PARAMETRIC_REPRESENTATION_CONTEXT() REPRESENTATION_CONTEXT('2D SPACE',''
  ) );
#6791 = ORIENTED_EDGE('',*,*,#6792,.T.);
#6792 = EDGE_CURVE('',#6719,#6516,#6793,.T.);
#6793 = SURFACE_CURVE('',#6794,(#6800,#6809),.PCURVE_S1.);
#6794 = B_SPLINE_CURVE_WITH_KNOTS('',4,(#6795,#6796,#6797,#6798,#6799),
  .UNSPECIFIED.,.F.,.F.,(5,5),(0.,1.),.PIECEWISE_BEZIER_KNOTS.);
#6795 = CARTESIAN_POINT('',(-21.02063480054,228.12891138809,37.2000006)
  );
#6796 = CARTESIAN_POINT('',(-21.02063480054,228.12891138809,36.6000003)
  );
#6797 = CARTESIAN_POINT('',(-21.02063480054,228.12891138809,36.));
#6798 = CARTESIAN_POINT('',(-21.02063480054,228.12891138809,35.3999997)
  );
#6799 = CARTESIAN_POINT('',(-21.02063480054,228.12891138809,34.7999994)
  );
#6800 = PCURVE('',#6568,#6801);
#6801 = DEFINITIONAL_REPRESENTATION('',(#6802),#6808);
#6802 = B_SPLINE_CURVE_WITH_KNOTS('',4,(#6803,#6804,#6805,#6806,#6807),
  .UNSPECIFIED.,.F.,.F.,(5,5),(0.,1.),.PIECEWISE_BEZIER_KNOTS.);
#6803 = CARTESIAN_POINT('',(5.591701796121,-2.4000006));
#6804 = CARTESIAN_POINT('',(5.591701796121,-1.8000003));
#6805 = CARTESIAN_POINT('',(5.591701796121,-1.2));
#6806 = CARTESIAN_POINT('',(5.591701796121,-0.5999997));
#6807 = CARTESIAN_POINT('',(5.591701796121,5.999999999062E-07));
#6808 = ( GEOMETRIC_REPRESENTATION_CONTEXT(2) 
PARAMETRIC_REPRESENTATION_CONTEXT() REPRESENTATION_CONTEXT('2D SPACE',''
  ) );
#6809 = PCURVE('',#6541,#6810);
#6810 = DEFINITIONAL_REPRESENTATION('',(#6811),#6817);
#6811 = B_SPLINE_CURVE_WITH_KNOTS('',4,(#6812,#6813,#6814,#6815,#6816),
  .UNSPECIFIED.,.F.,.F.,(5,5),(0.,1.),.PIECEWISE_BEZIER_KNOTS.);
#6812 = CARTESIAN_POINT('',(-4.158035315084,-2.4000006));
#6813 = CARTESIAN_POINT('',(-4.158035315084,-1.8000003));
#6814 = CARTESIAN_POINT('',(-4.158035315084,-1.2));
#6815 = CARTESIAN_POINT('',(-4.158035315084,-0.5999997));
#6816 = CARTESIAN_POINT('',(-4.158035315084,5.999999999062E-07));
#6817 = ( GEOMETRIC_REPRESENTATION_CONTEXT(2) 
PARAMETRIC_REPRESENTATION_CONTEXT() REPRESENTATION_CONTEXT('2D SPACE',''
  ) );
#6818 = ORIENTED_EDGE('',*,*,#6553,.F.);
#6819 = ORIENTED_EDGE('',*,*,#6820,.F.);
#6820 = EDGE_CURVE('',#6587,#6514,#6821,.T.);
#6821 = SURFACE_CURVE('',#6822,(#6828,#6837),.PCURVE_S1.);
#6822 = B_SPLINE_CURVE_WITH_KNOTS('',4,(#6823,#6824,#6825,#6826,#6827),
  .UNSPECIFIED.,.F.,.F.,(5,5),(0.,1.),.PIECEWISE_BEZIER_KNOTS.);
#6823 = CARTESIAN_POINT('',(-17.32353911118,226.40052537908,37.2000006)
  );
#6824 = CARTESIAN_POINT('',(-17.32353911118,226.40052537908,36.6000003)
  );
#6825 = CARTESIAN_POINT('',(-17.32353911118,226.40052537908,36.));
#6826 = CARTESIAN_POINT('',(-17.32353911118,226.40052537908,35.3999997)
  );
#6827 = CARTESIAN_POINT('',(-17.32353911118,226.40052537908,34.7999994)
  );
#6828 = PCURVE('',#6568,#6829);
#6829 = DEFINITIONAL_REPRESENTATION('',(#6830),#6836);
#6830 = B_SPLINE_CURVE_WITH_KNOTS('',4,(#6831,#6832,#6833,#6834,#6835),
  .UNSPECIFIED.,.F.,.F.,(5,5),(0.,1.),.PIECEWISE_BEZIER_KNOTS.);
#6831 = CARTESIAN_POINT('',(0.691483511059,-2.4000006));
#6832 = CARTESIAN_POINT('',(0.691483511059,-1.8000003));
#6833 = CARTESIAN_POINT('',(0.691483511059,-1.2));
#6834 = CARTESIAN_POINT('',(0.691483511059,-0.5999997));
#6835 = CARTESIAN_POINT('',(0.691483511059,5.999999999062E-07));
#6836 = ( GEOMETRIC_REPRESENTATION_CONTEXT(2) 
PARAMETRIC_REPRESENTATION_CONTEXT() REPRESENTATION_CONTEXT('2D SPACE',''
  ) );
#6837 = PCURVE('',#6541,#6838);
#6838 = DEFINITIONAL_REPRESENTATION('',(#6839),#6845);
#6839 = B_SPLINE_CURVE_WITH_KNOTS('',4,(#6840,#6841,#6842,#6843,#6844),
  .UNSPECIFIED.,.F.,.F.,(5,5),(0.,1.),.PIECEWISE_BEZIER_KNOTS.);
#6840 = CARTESIAN_POINT('',(-8.408335299275,-2.4000006));
#6841 = CARTESIAN_POINT('',(-8.408335299275,-1.8000003));
#6842 = CARTESIAN_POINT('',(-8.408335299275,-1.2));
#6843 = CARTESIAN_POINT('',(-8.408335299275,-0.5999997));
#6844 = CARTESIAN_POINT('',(-8.408335299275,5.999999999062E-07));
#6845 = ( GEOMETRIC_REPRESENTATION_CONTEXT(2) 
PARAMETRIC_REPRESENTATION_CONTEXT() REPRESENTATION_CONTEXT('2D SPACE',''
  ) );
#6846 = ADVANCED_FACE('',(#6847),#6705,.T.);
#6847 = FACE_BOUND('',#6848,.T.);
#6848 = EDGE_LOOP('',(#6849));
#6849 = ORIENTED_EDGE('',*,*,#6690,.T.);
#6850 = ADVANCED_FACE('',(#6851),#6638,.T.);
#6851 = FACE_BOUND('',#6852,.T.);
#6852 = EDGE_LOOP('',(#6853,#6854,#6880));
#6853 = ORIENTED_EDGE('',*,*,#6718,.T.);
#6854 = ORIENTED_EDGE('',*,*,#6855,.F.);
#6855 = EDGE_CURVE('',#6587,#6719,#6856,.T.);
#6856 = SURFACE_CURVE('',#6857,(#6862,#6873),.PCURVE_S1.);
#6857 = CIRCLE('',#6858,2.4);
#6858 = AXIS2_PLACEMENT_3D('',#6859,#6860,#6861);
#6859 = CARTESIAN_POINT('',(-19.70711876838,226.12026118627,37.2));
#6860 = DIRECTION('',(0.,0.,-1.));
#6861 = DIRECTION('',(0.993158190501,0.116776747007,0.));
#6862 = PCURVE('',#6638,#6863);
#6863 = DEFINITIONAL_REPRESENTATION('',(#6864),#6872);
#6864 = ( BOUNDED_CURVE() B_SPLINE_CURVE(2,(#6865,#6866,#6867,#6868,
#6869,#6870,#6871),.UNSPECIFIED.,.T.,.F.) B_SPLINE_CURVE_WITH_KNOTS((1,2
    ,2,2,2,1),(-2.094395102393,0.,2.094395102393,4.188790204786,
6.28318530718,8.377580409573),.UNSPECIFIED.) CURVE() 
GEOMETRIC_REPRESENTATION_ITEM() RATIONAL_B_SPLINE_CURVE((1.,0.5,1.,0.5,
1.,0.5,1.)) REPRESENTATION_ITEM('') );
#6865 = CARTESIAN_POINT('',(-1.263345288075,2.040578026712));
#6866 = CARTESIAN_POINT('',(2.271039530998,4.228756253161));
#6867 = CARTESIAN_POINT('',(2.398865053574,7.380009986873E-02));
#6868 = CARTESIAN_POINT('',(2.52669057615,-4.081156053423));
#6869 = CARTESIAN_POINT('',(-1.135519765499,-2.11437812658));
#6870 = CARTESIAN_POINT('',(-4.797730107148,-0.147600199737));
#6871 = CARTESIAN_POINT('',(-1.263345288075,2.040578026712));
#6872 = ( GEOMETRIC_REPRESENTATION_CONTEXT(2) 
PARAMETRIC_REPRESENTATION_CONTEXT() REPRESENTATION_CONTEXT('2D SPACE',''
  ) );
#6873 = PCURVE('',#6541,#6874);
#6874 = DEFINITIONAL_REPRESENTATION('',(#6875),#6879);
#6875 = LINE('',#6876,#6877);
#6876 = CARTESIAN_POINT('',(-8.408335299275,-2.4));
#6877 = VECTOR('',#6878,1.);
#6878 = DIRECTION('',(1.,-0.));
#6879 = ( GEOMETRIC_REPRESENTATION_CONTEXT(2) 
PARAMETRIC_REPRESENTATION_CONTEXT() REPRESENTATION_CONTEXT('2D SPACE',''
  ) );
#6880 = ORIENTED_EDGE('',*,*,#6586,.T.);
#6881 = ADVANCED_FACE('',(#6882),#6541,.T.);
#6882 = FACE_BOUND('',#6883,.F.);
#6883 = EDGE_LOOP('',(#6884,#6885,#6886,#6887));
#6884 = ORIENTED_EDGE('',*,*,#6855,.F.);
#6885 = ORIENTED_EDGE('',*,*,#6820,.T.);
#6886 = ORIENTED_EDGE('',*,*,#6513,.T.);
#6887 = ORIENTED_EDGE('',*,*,#6792,.F.);
#6888 = ( GEOMETRIC_REPRESENTATION_CONTEXT(3) 
GLOBAL_UNCERTAINTY_ASSIGNED_CONTEXT((#6892)) 
GLOBAL_UNIT_ASSIGNED_CONTEXT((#6889,#6890,#6891)) REPRESENTATION_CONTEXT
('Context #1','3D Context with UNIT and UNCERTAINTY') );
#6889 = ( LENGTH_UNIT() NAMED_UNIT(*) SI_UNIT(.MILLI.,.METRE.) );
#6890 = ( NAMED_UNIT(*) PLANE_ANGLE_UNIT() SI_UNIT($,.RADIAN.) );
#6891 = ( NAMED_UNIT(*) SI_UNIT($,.STERADIAN.) SOLID_ANGLE_UNIT() );
#6892 = UNCERTAINTY_MEASURE_WITH_UNIT(LENGTH_MEASURE(2.E-06),#6889,
  'distance_accuracy_value','confusion accuracy');
#6893 = CONTEXT_DEPENDENT_SHAPE_REPRESENTATION(#6894,#6896);
#6894 = ( REPRESENTATION_RELATIONSHIP('','',#1934,#10) 
REPRESENTATION_RELATIONSHIP_WITH_TRANSFORMATION(#6895) 
SHAPE_REPRESENTATION_RELATIONSHIP() );
#6895 = ITEM_DEFINED_TRANSFORMATION('','',#11,#23);
#6896 = PRODUCT_DEFINITION_SHAPE('Placement','Placement of an item',
  #6897);
#6897 = NEXT_ASSEMBLY_USAGE_OCCURRENCE('3','flies','',#5,#1929,$);
#6898 = PRODUCT_RELATED_PRODUCT_CATEGORY('part',$,(#1931));
#6899 = SHAPE_DEFINITION_REPRESENTATION(#6900,#6906);
#6900 = PRODUCT_DEFINITION_SHAPE('','',#6901);
#6901 = PRODUCT_DEFINITION('design','',#6902,#6905);
#6902 = PRODUCT_DEFINITION_FORMATION('','',#6903);
#6903 = PRODUCT('cassette','cassette','',(#6904));
#6904 = PRODUCT_CONTEXT('',#2,'mechanical');
#6905 = PRODUCT_DEFINITION_CONTEXT('part definition',#2,'design');
#6906 = ADVANCED_BREP_SHAPE_REPRESENTATION('',(#11,#6907),#7989);
#6907 = MANIFOLD_SOLID_BREP('',#6908);
#6908 = CLOSED_SHELL('',(#6909,#7029,#7116,#7195,#7359,#7409,#7463,#7512
    ,#7676,#7702,#7751,#7801,#7851,#7878,#7904,#7930,#7956,#7982));
#6909 = ADVANCED_FACE('',(#6910),#6924,.F.);
#6910 = FACE_BOUND('',#6911,.F.);
#6911 = EDGE_LOOP('',(#6912,#6947,#6975,#7003));
#6912 = ORIENTED_EDGE('',*,*,#6913,.T.);
#6913 = EDGE_CURVE('',#6914,#6916,#6918,.T.);
#6914 = VERTEX_POINT('',#6915);
#6915 = CARTESIAN_POINT('',(-130.,8.,4.));
#6916 = VERTEX_POINT('',#6917);
#6917 = CARTESIAN_POINT('',(-130.,8.,34.));
#6918 = SURFACE_CURVE('',#6919,(#6923,#6935),.PCURVE_S1.);
#6919 = LINE('',#6920,#6921);
#6920 = CARTESIAN_POINT('',(-130.,8.,4.));
#6921 = VECTOR('',#6922,1.);
#6922 = DIRECTION('',(0.,0.,1.));
#6923 = PCURVE('',#6924,#6929);
#6924 = PLANE('',#6925);
#6925 = AXIS2_PLACEMENT_3D('',#6926,#6927,#6928);
#6926 = CARTESIAN_POINT('',(-148.,8.,4.));
#6927 = DIRECTION('',(0.,1.,0.));
#6928 = DIRECTION('',(1.,0.,0.));
#6929 = DEFINITIONAL_REPRESENTATION('',(#6930),#6934);
#6930 = LINE('',#6931,#6932);
#6931 = CARTESIAN_POINT('',(18.,0.));
#6932 = VECTOR('',#6933,1.);
#6933 = DIRECTION('',(0.,-1.));
#6934 = ( GEOMETRIC_REPRESENTATION_CONTEXT(2) 
PARAMETRIC_REPRESENTATION_CONTEXT() REPRESENTATION_CONTEXT('2D SPACE',''
  ) );
#6935 = PCURVE('',#6936,#6941);
#6936 = CYLINDRICAL_SURFACE('',#6937,18.);
#6937 = AXIS2_PLACEMENT_3D('',#6938,#6939,#6940);
#6938 = CARTESIAN_POINT('',(-130.,26.,4.));
#6939 = DIRECTION('',(0.,0.,1.));
#6940 = DIRECTION('',(0.,-1.,0.));
#6941 = DEFINITIONAL_REPRESENTATION('',(#6942),#6946);
#6942 = LINE('',#6943,#6944);
#6943 = CARTESIAN_POINT('',(-0.,0.));
#6944 = VECTOR('',#6945,1.);
#6945 = DIRECTION('',(-0.,1.));
#6946 = ( GEOMETRIC_REPRESENTATION_CONTEXT(2) 
PARAMETRIC_REPRESENTATION_CONTEXT() REPRESENTATION_CONTEXT('2D SPACE',''
  ) );
#6947 = ORIENTED_EDGE('',*,*,#6948,.T.);
#6948 = EDGE_CURVE('',#6916,#6949,#6951,.T.);
#6949 = VERTEX_POINT('',#6950);
#6950 = CARTESIAN_POINT('',(130.,8.,34.));
#6951 = SURFACE_CURVE('',#6952,(#6956,#6963),.PCURVE_S1.);
#6952 = LINE('',#6953,#6954);
#6953 = CARTESIAN_POINT('',(-130.,8.,34.));
#6954 = VECTOR('',#6955,1.);
#6955 = DIRECTION('',(1.,0.,0.));
#6956 = PCURVE('',#6924,#6957);
#6957 = DEFINITIONAL_REPRESENTATION('',(#6958),#6962);
#6958 = LINE('',#6959,#6960);
#6959 = CARTESIAN_POINT('',(18.,-30.));
#6960 = VECTOR('',#6961,1.);
#6961 = DIRECTION('',(1.,0.));
#6962 = ( GEOMETRIC_REPRESENTATION_CONTEXT(2) 
PARAMETRIC_REPRESENTATION_CONTEXT() REPRESENTATION_CONTEXT('2D SPACE',''
  ) );
#6963 = PCURVE('',#6964,#6969);
#6964 = CYLINDRICAL_SURFACE('',#6965,4.);
#6965 = AXIS2_PLACEMENT_3D('',#6966,#6967,#6968);
#6966 = CARTESIAN_POINT('',(-130.,12.,34.));
#6967 = DIRECTION('',(1.,0.,0.));
#6968 = DIRECTION('',(0.,-1.,-0.));
#6969 = DEFINITIONAL_REPRESENTATION('',(#6970),#6974);
#6970 = LINE('',#6971,#6972);
#6971 = CARTESIAN_POINT('',(-0.,0.));
#6972 = VECTOR('',#6973,1.);
#6973 = DIRECTION('',(-0.,1.));
#6974 = ( GEOMETRIC_REPRESENTATION_CONTEXT(2) 
PARAMETRIC_REPRESENTATION_CONTEXT() REPRESENTATION_CONTEXT('2D SPACE',''
  ) );
#6975 = ORIENTED_EDGE('',*,*,#6976,.F.);
#6976 = EDGE_CURVE('',#6977,#6949,#6979,.T.);
#6977 = VERTEX_POINT('',#6978);
#6978 = CARTESIAN_POINT('',(130.,8.,4.));
#6979 = SURFACE_CURVE('',#6980,(#6984,#6991),.PCURVE_S1.);
#6980 = LINE('',#6981,#6982);
#6981 = CARTESIAN_POINT('',(130.,8.,4.));
#6982 = VECTOR('',#6983,1.);
#6983 = DIRECTION('',(0.,0.,1.));
#6984 = PCURVE('',#6924,#6985);
#6985 = DEFINITIONAL_REPRESENTATION('',(#6986),#6990);
#6986 = LINE('',#6987,#6988);
#6987 = CARTESIAN_POINT('',(278.,0.));
#6988 = VECTOR('',#6989,1.);
#6989 = DIRECTION('',(0.,-1.));
#6990 = ( GEOMETRIC_REPRESENTATION_CONTEXT(2) 
PARAMETRIC_REPRESENTATION_CONTEXT() REPRESENTATION_CONTEXT('2D SPACE',''
  ) );
#6991 = PCURVE('',#6992,#6997);
#6992 = CYLINDRICAL_SURFACE('',#6993,18.);
#6993 = AXIS2_PLACEMENT_3D('',#6994,#6995,#6996);
#6994 = CARTESIAN_POINT('',(130.,26.,4.));
#6995 = DIRECTION('',(0.,0.,1.));
#6996 = DIRECTION('',(0.,-1.,0.));
#6997 = DEFINITIONAL_REPRESENTATION('',(#6998),#7002);
#6998 = LINE('',#6999,#7000);
#6999 = CARTESIAN_POINT('',(0.,0.));
#7000 = VECTOR('',#7001,1.);
#7001 = DIRECTION('',(0.,1.));
#7002 = ( GEOMETRIC_REPRESENTATION_CONTEXT(2) 
PARAMETRIC_REPRESENTATION_CONTEXT() REPRESENTATION_CONTEXT('2D SPACE',''
  ) );
#7003 = ORIENTED_EDGE('',*,*,#7004,.F.);
#7004 = EDGE_CURVE('',#6914,#6977,#7005,.T.);
#7005 = SURFACE_CURVE('',#7006,(#7010,#7017),.PCURVE_S1.);
#7006 = LINE('',#7007,#7008);
#7007 = CARTESIAN_POINT('',(-148.,8.,4.));
#7008 = VECTOR('',#7009,1.);
#7009 = DIRECTION('',(1.,0.,0.));
#7010 = PCURVE('',#6924,#7011);
#7011 = DEFINITIONAL_REPRESENTATION('',(#7012),#7016);
#7012 = LINE('',#7013,#7014);
#7013 = CARTESIAN_POINT('',(0.,0.));
#7014 = VECTOR('',#7015,1.);
#7015 = DIRECTION('',(1.,0.));
#7016 = ( GEOMETRIC_REPRESENTATION_CONTEXT(2) 
PARAMETRIC_REPRESENTATION_CONTEXT() REPRESENTATION_CONTEXT('2D SPACE',''
  ) );
#7017 = PCURVE('',#7018,#7023);
#7018 = PLANE('',#7019);
#7019 = AXIS2_PLACEMENT_3D('',#7020,#7021,#7022);
#7020 = CARTESIAN_POINT('',(0.,60.,4.));
#7021 = DIRECTION('',(0.,0.,1.));
#7022 = DIRECTION('',(1.,0.,-0.));
#7023 = DEFINITIONAL_REPRESENTATION('',(#7024),#7028);
#7024 = LINE('',#7025,#7026);
#7025 = CARTESIAN_POINT('',(-148.,-52.));
#7026 = VECTOR('',#7027,1.);
#7027 = DIRECTION('',(1.,0.));
#7028 = ( GEOMETRIC_REPRESENTATION_CONTEXT(2) 
PARAMETRIC_REPRESENTATION_CONTEXT() REPRESENTATION_CONTEXT('2D SPACE',''
  ) );
#7029 = ADVANCED_FACE('',(#7030),#6936,.T.);
#7030 = FACE_BOUND('',#7031,.F.);
#7031 = EDGE_LOOP('',(#7032,#7033,#7061,#7089));
#7032 = ORIENTED_EDGE('',*,*,#6913,.F.);
#7033 = ORIENTED_EDGE('',*,*,#7034,.T.);
#7034 = EDGE_CURVE('',#6914,#7035,#7037,.T.);
#7035 = VERTEX_POINT('',#7036);
#7036 = CARTESIAN_POINT('',(-148.,26.,4.));
#7037 = SURFACE_CURVE('',#7038,(#7043,#7050),.PCURVE_S1.);
#7038 = CIRCLE('',#7039,18.);
#7039 = AXIS2_PLACEMENT_3D('',#7040,#7041,#7042);
#7040 = CARTESIAN_POINT('',(-130.,26.,4.));
#7041 = DIRECTION('',(-0.,-0.,-1.));
#7042 = DIRECTION('',(0.,-1.,0.));
#7043 = PCURVE('',#6936,#7044);
#7044 = DEFINITIONAL_REPRESENTATION('',(#7045),#7049);
#7045 = LINE('',#7046,#7047);
#7046 = CARTESIAN_POINT('',(-0.,0.));
#7047 = VECTOR('',#7048,1.);
#7048 = DIRECTION('',(-1.,0.));
#7049 = ( GEOMETRIC_REPRESENTATION_CONTEXT(2) 
PARAMETRIC_REPRESENTATION_CONTEXT() REPRESENTATION_CONTEXT('2D SPACE',''
  ) );
#7050 = PCURVE('',#7018,#7051);
#7051 = DEFINITIONAL_REPRESENTATION('',(#7052),#7060);
#7052 = ( BOUNDED_CURVE() B_SPLINE_CURVE(2,(#7053,#7054,#7055,#7056,
#7057,#7058,#7059),.UNSPECIFIED.,.T.,.F.) B_SPLINE_CURVE_WITH_KNOTS((1,2
    ,2,2,2,1),(-2.094395102393,0.,2.094395102393,4.188790204786,
6.28318530718,8.377580409573),.UNSPECIFIED.) CURVE() 
GEOMETRIC_REPRESENTATION_ITEM() RATIONAL_B_SPLINE_CURVE((1.,0.5,1.,0.5,
1.,0.5,1.)) REPRESENTATION_ITEM('') );
#7053 = CARTESIAN_POINT('',(-130.,-52.));
#7054 = CARTESIAN_POINT('',(-161.1769145362,-52.));
#7055 = CARTESIAN_POINT('',(-145.5884572681,-25.));
#7056 = CARTESIAN_POINT('',(-130.,2.));
#7057 = CARTESIAN_POINT('',(-114.4115427318,-25.));
#7058 = CARTESIAN_POINT('',(-98.82308546376,-52.));
#7059 = CARTESIAN_POINT('',(-130.,-52.));
#7060 = ( GEOMETRIC_REPRESENTATION_CONTEXT(2) 
PARAMETRIC_REPRESENTATION_CONTEXT() REPRESENTATION_CONTEXT('2D SPACE',''
  ) );
#7061 = ORIENTED_EDGE('',*,*,#7062,.T.);
#7062 = EDGE_CURVE('',#7035,#7063,#7065,.T.);
#7063 = VERTEX_POINT('',#7064);
#7064 = CARTESIAN_POINT('',(-148.,26.,34.));
#7065 = SURFACE_CURVE('',#7066,(#7070,#7077),.PCURVE_S1.);
#7066 = LINE('',#7067,#7068);
#7067 = CARTESIAN_POINT('',(-148.,26.,4.));
#7068 = VECTOR('',#7069,1.);
#7069 = DIRECTION('',(0.,0.,1.));
#7070 = PCURVE('',#6936,#7071);
#7071 = DEFINITIONAL_REPRESENTATION('',(#7072),#7076);
#7072 = LINE('',#7073,#7074);
#7073 = CARTESIAN_POINT('',(-1.570796326795,0.));
#7074 = VECTOR('',#7075,1.);
#7075 = DIRECTION('',(-0.,1.));
#7076 = ( GEOMETRIC_REPRESENTATION_CONTEXT(2) 
PARAMETRIC_REPRESENTATION_CONTEXT() REPRESENTATION_CONTEXT('2D SPACE',''
  ) );
#7077 = PCURVE('',#7078,#7083);
#7078 = PLANE('',#7079);
#7079 = AXIS2_PLACEMENT_3D('',#7080,#7081,#7082);
#7080 = CARTESIAN_POINT('',(-148.,112.,4.));
#7081 = DIRECTION('',(1.,0.,-0.));
#7082 = DIRECTION('',(0.,-1.,0.));
#7083 = DEFINITIONAL_REPRESENTATION('',(#7084),#7088);
#7084 = LINE('',#7085,#7086);
#7085 = CARTESIAN_POINT('',(86.,0.));
#7086 = VECTOR('',#7087,1.);
#7087 = DIRECTION('',(0.,-1.));
#7088 = ( GEOMETRIC_REPRESENTATION_CONTEXT(2) 
PARAMETRIC_REPRESENTATION_CONTEXT() REPRESENTATION_CONTEXT('2D SPACE',''
  ) );
#7089 = ORIENTED_EDGE('',*,*,#7090,.T.);
#7090 = EDGE_CURVE('',#7063,#6916,#7091,.T.);
#7091 = SURFACE_CURVE('',#7092,(#7097,#7104),.PCURVE_S1.);
#7092 = CIRCLE('',#7093,18.);
#7093 = AXIS2_PLACEMENT_3D('',#7094,#7095,#7096);
#7094 = CARTESIAN_POINT('',(-130.,26.,34.));
#7095 = DIRECTION('',(0.,0.,1.));
#7096 = DIRECTION('',(-1.,-1.973729821556E-16,0.));
#7097 = PCURVE('',#6936,#7098);
#7098 = DEFINITIONAL_REPRESENTATION('',(#7099),#7103);
#7099 = LINE('',#7100,#7101);
#7100 = CARTESIAN_POINT('',(-1.570796326795,30.));
#7101 = VECTOR('',#7102,1.);
#7102 = DIRECTION('',(1.,-0.));
#7103 = ( GEOMETRIC_REPRESENTATION_CONTEXT(2) 
PARAMETRIC_REPRESENTATION_CONTEXT() REPRESENTATION_CONTEXT('2D SPACE',''
  ) );
#7104 = PCURVE('',#7105,#7110);
#7105 = TOROIDAL_SURFACE('',#7106,14.,4.);
#7106 = AXIS2_PLACEMENT_3D('',#7107,#7108,#7109);
#7107 = CARTESIAN_POINT('',(-130.,26.,34.));
#7108 = DIRECTION('',(0.,0.,1.));
#7109 = DIRECTION('',(-1.,-1.973729821556E-16,0.));
#7110 = DEFINITIONAL_REPRESENTATION('',(#7111),#7115);
#7111 = LINE('',#7112,#7113);
#7112 = CARTESIAN_POINT('',(0.,0.));
#7113 = VECTOR('',#7114,1.);
#7114 = DIRECTION('',(1.,0.));
#7115 = ( GEOMETRIC_REPRESENTATION_CONTEXT(2) 
PARAMETRIC_REPRESENTATION_CONTEXT() REPRESENTATION_CONTEXT('2D SPACE',''
  ) );
#7116 = ADVANCED_FACE('',(#7117),#6964,.T.);
#7117 = FACE_BOUND('',#7118,.F.);
#7118 = EDGE_LOOP('',(#7119,#7141,#7169,#7194));
#7119 = ORIENTED_EDGE('',*,*,#7120,.T.);
#7120 = EDGE_CURVE('',#6916,#7121,#7123,.T.);
#7121 = VERTEX_POINT('',#7122);
#7122 = CARTESIAN_POINT('',(-130.,12.,38.));
#7123 = SURFACE_CURVE('',#7124,(#7129,#7135),.PCURVE_S1.);
#7124 = CIRCLE('',#7125,4.);
#7125 = AXIS2_PLACEMENT_3D('',#7126,#7127,#7128);
#7126 = CARTESIAN_POINT('',(-130.,12.,34.));
#7127 = DIRECTION('',(-1.,-0.,0.));
#7128 = DIRECTION('',(0.,-1.,0.));
#7129 = PCURVE('',#6964,#7130);
#7130 = DEFINITIONAL_REPRESENTATION('',(#7131),#7134);
#7131 = B_SPLINE_CURVE_WITH_KNOTS('',1,(#7132,#7133),.UNSPECIFIED.,.F.,
  .F.,(2,2),(0.,1.570796326795),.PIECEWISE_BEZIER_KNOTS.);
#7132 = CARTESIAN_POINT('',(0.,0.));
#7133 = CARTESIAN_POINT('',(-1.570796326795,0.));
#7134 = ( GEOMETRIC_REPRESENTATION_CONTEXT(2) 
PARAMETRIC_REPRESENTATION_CONTEXT() REPRESENTATION_CONTEXT('2D SPACE',''
  ) );
#7135 = PCURVE('',#7105,#7136);
#7136 = DEFINITIONAL_REPRESENTATION('',(#7137),#7140);
#7137 = B_SPLINE_CURVE_WITH_KNOTS('',1,(#7138,#7139),.UNSPECIFIED.,.F.,
  .F.,(2,2),(0.,1.570796326795),.PIECEWISE_BEZIER_KNOTS.);
#7138 = CARTESIAN_POINT('',(1.570796326795,0.));
#7139 = CARTESIAN_POINT('',(1.570796326795,1.570796326795));
#7140 = ( GEOMETRIC_REPRESENTATION_CONTEXT(2) 
PARAMETRIC_REPRESENTATION_CONTEXT() REPRESENTATION_CONTEXT('2D SPACE',''
  ) );
#7141 = ORIENTED_EDGE('',*,*,#7142,.T.);
#7142 = EDGE_CURVE('',#7121,#7143,#7145,.T.);
#7143 = VERTEX_POINT('',#7144);
#7144 = CARTESIAN_POINT('',(130.,12.,38.));
#7145 = SURFACE_CURVE('',#7146,(#7150,#7157),.PCURVE_S1.);
#7146 = LINE('',#7147,#7148);
#7147 = CARTESIAN_POINT('',(-130.,12.,38.));
#7148 = VECTOR('',#7149,1.);
#7149 = DIRECTION('',(1.,0.,0.));
#7150 = PCURVE('',#6964,#7151);
#7151 = DEFINITIONAL_REPRESENTATION('',(#7152),#7156);
#7152 = LINE('',#7153,#7154);
#7153 = CARTESIAN_POINT('',(-1.570796326795,0.));
#7154 = VECTOR('',#7155,1.);
#7155 = DIRECTION('',(-0.,1.));
#7156 = ( GEOMETRIC_REPRESENTATION_CONTEXT(2) 
PARAMETRIC_REPRESENTATION_CONTEXT() REPRESENTATION_CONTEXT('2D SPACE',''
  ) );
#7157 = PCURVE('',#7158,#7163);
#7158 = PLANE('',#7159);
#7159 = AXIS2_PLACEMENT_3D('',#7160,#7161,#7162);
#7160 = CARTESIAN_POINT('',(0.,60.,38.));
#7161 = DIRECTION('',(0.,0.,1.));
#7162 = DIRECTION('',(1.,0.,-0.));
#7163 = DEFINITIONAL_REPRESENTATION('',(#7164),#7168);
#7164 = LINE('',#7165,#7166);
#7165 = CARTESIAN_POINT('',(-130.,-48.));
#7166 = VECTOR('',#7167,1.);
#7167 = DIRECTION('',(1.,0.));
#7168 = ( GEOMETRIC_REPRESENTATION_CONTEXT(2) 
PARAMETRIC_REPRESENTATION_CONTEXT() REPRESENTATION_CONTEXT('2D SPACE',''
  ) );
#7169 = ORIENTED_EDGE('',*,*,#7170,.F.);
#7170 = EDGE_CURVE('',#6949,#7143,#7171,.T.);
#7171 = SURFACE_CURVE('',#7172,(#7177,#7183),.PCURVE_S1.);
#7172 = CIRCLE('',#7173,4.);
#7173 = AXIS2_PLACEMENT_3D('',#7174,#7175,#7176);
#7174 = CARTESIAN_POINT('',(130.,12.,34.));
#7175 = DIRECTION('',(-1.,-0.,0.));
#7176 = DIRECTION('',(0.,-1.,0.));
#7177 = PCURVE('',#6964,#7178);
#7178 = DEFINITIONAL_REPRESENTATION('',(#7179),#7182);
#7179 = B_SPLINE_CURVE_WITH_KNOTS('',1,(#7180,#7181),.UNSPECIFIED.,.F.,
  .F.,(2,2),(0.,1.570796326795),.PIECEWISE_BEZIER_KNOTS.);
#7180 = CARTESIAN_POINT('',(0.,260.));
#7181 = CARTESIAN_POINT('',(-1.570796326795,260.));
#7182 = ( GEOMETRIC_REPRESENTATION_CONTEXT(2) 
PARAMETRIC_REPRESENTATION_CONTEXT() REPRESENTATION_CONTEXT('2D SPACE',''
  ) );
#7183 = PCURVE('',#7184,#7189);
#7184 = TOROIDAL_SURFACE('',#7185,14.,4.);
#7185 = AXIS2_PLACEMENT_3D('',#7186,#7187,#7188);
#7186 = CARTESIAN_POINT('',(130.,26.,34.));
#7187 = DIRECTION('',(0.,0.,1.));
#7188 = DIRECTION('',(0.,-1.,0.));
#7189 = DEFINITIONAL_REPRESENTATION('',(#7190),#7193);
#7190 = B_SPLINE_CURVE_WITH_KNOTS('',1,(#7191,#7192),.UNSPECIFIED.,.F.,
  .F.,(2,2),(0.,1.570796326795),.PIECEWISE_BEZIER_KNOTS.);
#7191 = CARTESIAN_POINT('',(0.,0.));
#7192 = CARTESIAN_POINT('',(0.,1.570796326795));
#7193 = ( GEOMETRIC_REPRESENTATION_CONTEXT(2) 
PARAMETRIC_REPRESENTATION_CONTEXT() REPRESENTATION_CONTEXT('2D SPACE',''
  ) );
#7194 = ORIENTED_EDGE('',*,*,#6948,.F.);
#7195 = ADVANCED_FACE('',(#7196),#7018,.F.);
#7196 = FACE_BOUND('',#7197,.F.);
#7197 = EDGE_LOOP('',(#7198,#7199,#7223,#7251,#7280,#7308,#7337,#7358));
#7198 = ORIENTED_EDGE('',*,*,#7004,.T.);
#7199 = ORIENTED_EDGE('',*,*,#7200,.T.);
#7200 = EDGE_CURVE('',#6977,#7201,#7203,.T.);
#7201 = VERTEX_POINT('',#7202);
#7202 = CARTESIAN_POINT('',(148.,26.,4.));
#7203 = SURFACE_CURVE('',#7204,(#7209,#7216),.PCURVE_S1.);
#7204 = CIRCLE('',#7205,18.);
#7205 = AXIS2_PLACEMENT_3D('',#7206,#7207,#7208);
#7206 = CARTESIAN_POINT('',(130.,26.,4.));
#7207 = DIRECTION('',(0.,0.,1.));
#7208 = DIRECTION('',(0.,-1.,0.));
#7209 = PCURVE('',#7018,#7210);
#7210 = DEFINITIONAL_REPRESENTATION('',(#7211),#7215);
#7211 = CIRCLE('',#7212,18.);
#7212 = AXIS2_PLACEMENT_2D('',#7213,#7214);
#7213 = CARTESIAN_POINT('',(130.,-34.));
#7214 = DIRECTION('',(0.,-1.));
#7215 = ( GEOMETRIC_REPRESENTATION_CONTEXT(2) 
PARAMETRIC_REPRESENTATION_CONTEXT() REPRESENTATION_CONTEXT('2D SPACE',''
  ) );
#7216 = PCURVE('',#6992,#7217);
#7217 = DEFINITIONAL_REPRESENTATION('',(#7218),#7222);
#7218 = LINE('',#7219,#7220);
#7219 = CARTESIAN_POINT('',(0.,0.));
#7220 = VECTOR('',#7221,1.);
#7221 = DIRECTION('',(1.,0.));
#7222 = ( GEOMETRIC_REPRESENTATION_CONTEXT(2) 
PARAMETRIC_REPRESENTATION_CONTEXT() REPRESENTATION_CONTEXT('2D SPACE',''
  ) );
#7223 = ORIENTED_EDGE('',*,*,#7224,.T.);
#7224 = EDGE_CURVE('',#7201,#7225,#7227,.T.);
#7225 = VERTEX_POINT('',#7226);
#7226 = CARTESIAN_POINT('',(148.,94.,4.));
#7227 = SURFACE_CURVE('',#7228,(#7232,#7239),.PCURVE_S1.);
#7228 = LINE('',#7229,#7230);
#7229 = CARTESIAN_POINT('',(148.,8.,4.));
#7230 = VECTOR('',#7231,1.);
#7231 = DIRECTION('',(0.,1.,0.));
#7232 = PCURVE('',#7018,#7233);
#7233 = DEFINITIONAL_REPRESENTATION('',(#7234),#7238);
#7234 = LINE('',#7235,#7236);
#7235 = CARTESIAN_POINT('',(148.,-52.));
#7236 = VECTOR('',#7237,1.);
#7237 = DIRECTION('',(0.,1.));
#7238 = ( GEOMETRIC_REPRESENTATION_CONTEXT(2) 
PARAMETRIC_REPRESENTATION_CONTEXT() REPRESENTATION_CONTEXT('2D SPACE',''
  ) );
#7239 = PCURVE('',#7240,#7245);
#7240 = PLANE('',#7241);
#7241 = AXIS2_PLACEMENT_3D('',#7242,#7243,#7244);
#7242 = CARTESIAN_POINT('',(148.,8.,4.));
#7243 = DIRECTION('',(-1.,0.,0.));
#7244 = DIRECTION('',(0.,1.,0.));
#7245 = DEFINITIONAL_REPRESENTATION('',(#7246),#7250);
#7246 = LINE('',#7247,#7248);
#7247 = CARTESIAN_POINT('',(0.,0.));
#7248 = VECTOR('',#7249,1.);
#7249 = DIRECTION('',(1.,0.));
#7250 = ( GEOMETRIC_REPRESENTATION_CONTEXT(2) 
PARAMETRIC_REPRESENTATION_CONTEXT() REPRESENTATION_CONTEXT('2D SPACE',''
  ) );
#7251 = ORIENTED_EDGE('',*,*,#7252,.T.);
#7252 = EDGE_CURVE('',#7225,#7253,#7255,.T.);
#7253 = VERTEX_POINT('',#7254);
#7254 = CARTESIAN_POINT('',(130.,112.,4.));
#7255 = SURFACE_CURVE('',#7256,(#7261,#7268),.PCURVE_S1.);
#7256 = CIRCLE('',#7257,18.);
#7257 = AXIS2_PLACEMENT_3D('',#7258,#7259,#7260);
#7258 = CARTESIAN_POINT('',(130.,94.,4.));
#7259 = DIRECTION('',(0.,0.,1.));
#7260 = DIRECTION('',(0.,-1.,0.));
#7261 = PCURVE('',#7018,#7262);
#7262 = DEFINITIONAL_REPRESENTATION('',(#7263),#7267);
#7263 = CIRCLE('',#7264,18.);
#7264 = AXIS2_PLACEMENT_2D('',#7265,#7266);
#7265 = CARTESIAN_POINT('',(130.,34.));
#7266 = DIRECTION('',(0.,-1.));
#7267 = ( GEOMETRIC_REPRESENTATION_CONTEXT(2) 
PARAMETRIC_REPRESENTATION_CONTEXT() REPRESENTATION_CONTEXT('2D SPACE',''
  ) );
#7268 = PCURVE('',#7269,#7274);
#7269 = CYLINDRICAL_SURFACE('',#7270,18.);
#7270 = AXIS2_PLACEMENT_3D('',#7271,#7272,#7273);
#7271 = CARTESIAN_POINT('',(130.,94.,4.));
#7272 = DIRECTION('',(0.,0.,1.));
#7273 = DIRECTION('',(1.,0.,-0.));
#7274 = DEFINITIONAL_REPRESENTATION('',(#7275),#7279);
#7275 = LINE('',#7276,#7277);
#7276 = CARTESIAN_POINT('',(-1.570796326795,0.));
#7277 = VECTOR('',#7278,1.);
#7278 = DIRECTION('',(1.,0.));
#7279 = ( GEOMETRIC_REPRESENTATION_CONTEXT(2) 
PARAMETRIC_REPRESENTATION_CONTEXT() REPRESENTATION_CONTEXT('2D SPACE',''
  ) );
#7280 = ORIENTED_EDGE('',*,*,#7281,.T.);
#7281 = EDGE_CURVE('',#7253,#7282,#7284,.T.);
#7282 = VERTEX_POINT('',#7283);
#7283 = CARTESIAN_POINT('',(-130.,112.,4.));
#7284 = SURFACE_CURVE('',#7285,(#7289,#7296),.PCURVE_S1.);
#7285 = LINE('',#7286,#7287);
#7286 = CARTESIAN_POINT('',(148.,112.,4.));
#7287 = VECTOR('',#7288,1.);
#7288 = DIRECTION('',(-1.,0.,0.));
#7289 = PCURVE('',#7018,#7290);
#7290 = DEFINITIONAL_REPRESENTATION('',(#7291),#7295);
#7291 = LINE('',#7292,#7293);
#7292 = CARTESIAN_POINT('',(148.,52.));
#7293 = VECTOR('',#7294,1.);
#7294 = DIRECTION('',(-1.,0.));
#7295 = ( GEOMETRIC_REPRESENTATION_CONTEXT(2) 
PARAMETRIC_REPRESENTATION_CONTEXT() REPRESENTATION_CONTEXT('2D SPACE',''
  ) );
#7296 = PCURVE('',#7297,#7302);
#7297 = PLANE('',#7298);
#7298 = AXIS2_PLACEMENT_3D('',#7299,#7300,#7301);
#7299 = CARTESIAN_POINT('',(148.,112.,4.));
#7300 = DIRECTION('',(0.,-1.,0.));
#7301 = DIRECTION('',(-1.,0.,0.));
#7302 = DEFINITIONAL_REPRESENTATION('',(#7303),#7307);
#7303 = LINE('',#7304,#7305);
#7304 = CARTESIAN_POINT('',(0.,-0.));
#7305 = VECTOR('',#7306,1.);
#7306 = DIRECTION('',(1.,0.));
#7307 = ( GEOMETRIC_REPRESENTATION_CONTEXT(2) 
PARAMETRIC_REPRESENTATION_CONTEXT() REPRESENTATION_CONTEXT('2D SPACE',''
  ) );
#7308 = ORIENTED_EDGE('',*,*,#7309,.T.);
#7309 = EDGE_CURVE('',#7282,#7310,#7312,.T.);
#7310 = VERTEX_POINT('',#7311);
#7311 = CARTESIAN_POINT('',(-148.,94.,4.));
#7312 = SURFACE_CURVE('',#7313,(#7318,#7325),.PCURVE_S1.);
#7313 = CIRCLE('',#7314,18.);
#7314 = AXIS2_PLACEMENT_3D('',#7315,#7316,#7317);
#7315 = CARTESIAN_POINT('',(-130.,94.,4.));
#7316 = DIRECTION('',(0.,0.,1.));
#7317 = DIRECTION('',(0.,-1.,0.));
#7318 = PCURVE('',#7018,#7319);
#7319 = DEFINITIONAL_REPRESENTATION('',(#7320),#7324);
#7320 = CIRCLE('',#7321,18.);
#7321 = AXIS2_PLACEMENT_2D('',#7322,#7323);
#7322 = CARTESIAN_POINT('',(-130.,34.));
#7323 = DIRECTION('',(0.,-1.));
#7324 = ( GEOMETRIC_REPRESENTATION_CONTEXT(2) 
PARAMETRIC_REPRESENTATION_CONTEXT() REPRESENTATION_CONTEXT('2D SPACE',''
  ) );
#7325 = PCURVE('',#7326,#7331);
#7326 = CYLINDRICAL_SURFACE('',#7327,18.);
#7327 = AXIS2_PLACEMENT_3D('',#7328,#7329,#7330);
#7328 = CARTESIAN_POINT('',(-130.,94.,4.));
#7329 = DIRECTION('',(0.,0.,1.));
#7330 = DIRECTION('',(-0.,1.,0.));
#7331 = DEFINITIONAL_REPRESENTATION('',(#7332),#7336);
#7332 = LINE('',#7333,#7334);
#7333 = CARTESIAN_POINT('',(-3.14159265359,0.));
#7334 = VECTOR('',#7335,1.);
#7335 = DIRECTION('',(1.,0.));
#7336 = ( GEOMETRIC_REPRESENTATION_CONTEXT(2) 
PARAMETRIC_REPRESENTATION_CONTEXT() REPRESENTATION_CONTEXT('2D SPACE',''
  ) );
#7337 = ORIENTED_EDGE('',*,*,#7338,.T.);
#7338 = EDGE_CURVE('',#7310,#7035,#7339,.T.);
#7339 = SURFACE_CURVE('',#7340,(#7344,#7351),.PCURVE_S1.);
#7340 = LINE('',#7341,#7342);
#7341 = CARTESIAN_POINT('',(-148.,112.,4.));
#7342 = VECTOR('',#7343,1.);
#7343 = DIRECTION('',(0.,-1.,0.));
#7344 = PCURVE('',#7018,#7345);
#7345 = DEFINITIONAL_REPRESENTATION('',(#7346),#7350);
#7346 = LINE('',#7347,#7348);
#7347 = CARTESIAN_POINT('',(-148.,52.));
#7348 = VECTOR('',#7349,1.);
#7349 = DIRECTION('',(0.,-1.));
#7350 = ( GEOMETRIC_REPRESENTATION_CONTEXT(2) 
PARAMETRIC_REPRESENTATION_CONTEXT() REPRESENTATION_CONTEXT('2D SPACE',''
  ) );
#7351 = PCURVE('',#7078,#7352);
#7352 = DEFINITIONAL_REPRESENTATION('',(#7353),#7357);
#7353 = LINE('',#7354,#7355);
#7354 = CARTESIAN_POINT('',(0.,0.));
#7355 = VECTOR('',#7356,1.);
#7356 = DIRECTION('',(1.,0.));
#7357 = ( GEOMETRIC_REPRESENTATION_CONTEXT(2) 
PARAMETRIC_REPRESENTATION_CONTEXT() REPRESENTATION_CONTEXT('2D SPACE',''
  ) );
#7358 = ORIENTED_EDGE('',*,*,#7034,.F.);
#7359 = ADVANCED_FACE('',(#7360),#6992,.T.);
#7360 = FACE_BOUND('',#7361,.T.);
#7361 = EDGE_LOOP('',(#7362,#7363,#7364,#7387));
#7362 = ORIENTED_EDGE('',*,*,#6976,.F.);
#7363 = ORIENTED_EDGE('',*,*,#7200,.T.);
#7364 = ORIENTED_EDGE('',*,*,#7365,.T.);
#7365 = EDGE_CURVE('',#7201,#7366,#7368,.T.);
#7366 = VERTEX_POINT('',#7367);
#7367 = CARTESIAN_POINT('',(148.,26.,34.));
#7368 = SURFACE_CURVE('',#7369,(#7373,#7380),.PCURVE_S1.);
#7369 = LINE('',#7370,#7371);
#7370 = CARTESIAN_POINT('',(148.,26.,4.));
#7371 = VECTOR('',#7372,1.);
#7372 = DIRECTION('',(0.,0.,1.));
#7373 = PCURVE('',#6992,#7374);
#7374 = DEFINITIONAL_REPRESENTATION('',(#7375),#7379);
#7375 = LINE('',#7376,#7377);
#7376 = CARTESIAN_POINT('',(1.570796326795,0.));
#7377 = VECTOR('',#7378,1.);
#7378 = DIRECTION('',(0.,1.));
#7379 = ( GEOMETRIC_REPRESENTATION_CONTEXT(2) 
PARAMETRIC_REPRESENTATION_CONTEXT() REPRESENTATION_CONTEXT('2D SPACE',''
  ) );
#7380 = PCURVE('',#7240,#7381);
#7381 = DEFINITIONAL_REPRESENTATION('',(#7382),#7386);
#7382 = LINE('',#7383,#7384);
#7383 = CARTESIAN_POINT('',(18.,0.));
#7384 = VECTOR('',#7385,1.);
#7385 = DIRECTION('',(0.,-1.));
#7386 = ( GEOMETRIC_REPRESENTATION_CONTEXT(2) 
PARAMETRIC_REPRESENTATION_CONTEXT() REPRESENTATION_CONTEXT('2D SPACE',''
  ) );
#7387 = ORIENTED_EDGE('',*,*,#7388,.F.);
#7388 = EDGE_CURVE('',#6949,#7366,#7389,.T.);
#7389 = SURFACE_CURVE('',#7390,(#7395,#7402),.PCURVE_S1.);
#7390 = CIRCLE('',#7391,18.);
#7391 = AXIS2_PLACEMENT_3D('',#7392,#7393,#7394);
#7392 = CARTESIAN_POINT('',(130.,26.,34.));
#7393 = DIRECTION('',(0.,0.,1.));
#7394 = DIRECTION('',(0.,-1.,0.));
#7395 = PCURVE('',#6992,#7396);
#7396 = DEFINITIONAL_REPRESENTATION('',(#7397),#7401);
#7397 = LINE('',#7398,#7399);
#7398 = CARTESIAN_POINT('',(0.,30.));
#7399 = VECTOR('',#7400,1.);
#7400 = DIRECTION('',(1.,0.));
#7401 = ( GEOMETRIC_REPRESENTATION_CONTEXT(2) 
PARAMETRIC_REPRESENTATION_CONTEXT() REPRESENTATION_CONTEXT('2D SPACE',''
  ) );
#7402 = PCURVE('',#7184,#7403);
#7403 = DEFINITIONAL_REPRESENTATION('',(#7404),#7408);
#7404 = LINE('',#7405,#7406);
#7405 = CARTESIAN_POINT('',(0.,0.));
#7406 = VECTOR('',#7407,1.);
#7407 = DIRECTION('',(1.,0.));
#7408 = ( GEOMETRIC_REPRESENTATION_CONTEXT(2) 
PARAMETRIC_REPRESENTATION_CONTEXT() REPRESENTATION_CONTEXT('2D SPACE',''
  ) );
#7409 = ADVANCED_FACE('',(#7410),#7105,.T.);
#7410 = FACE_BOUND('',#7411,.T.);
#7411 = EDGE_LOOP('',(#7412,#7439,#7440,#7441));
#7412 = ORIENTED_EDGE('',*,*,#7413,.F.);
#7413 = EDGE_CURVE('',#7063,#7414,#7416,.T.);
#7414 = VERTEX_POINT('',#7415);
#7415 = CARTESIAN_POINT('',(-144.,26.,38.));
#7416 = SURFACE_CURVE('',#7417,(#7422,#7428),.PCURVE_S1.);
#7417 = CIRCLE('',#7418,4.);
#7418 = AXIS2_PLACEMENT_3D('',#7419,#7420,#7421);
#7419 = CARTESIAN_POINT('',(-144.,26.,34.));
#7420 = DIRECTION('',(-0.,1.,0.));
#7421 = DIRECTION('',(-1.,-0.,0.));
#7422 = PCURVE('',#7105,#7423);
#7423 = DEFINITIONAL_REPRESENTATION('',(#7424),#7427);
#7424 = B_SPLINE_CURVE_WITH_KNOTS('',1,(#7425,#7426),.UNSPECIFIED.,.F.,
  .F.,(2,2),(0.,1.570796326795),.PIECEWISE_BEZIER_KNOTS.);
#7425 = CARTESIAN_POINT('',(0.,0.));
#7426 = CARTESIAN_POINT('',(0.,1.570796326795));
#7427 = ( GEOMETRIC_REPRESENTATION_CONTEXT(2) 
PARAMETRIC_REPRESENTATION_CONTEXT() REPRESENTATION_CONTEXT('2D SPACE',''
  ) );
#7428 = PCURVE('',#7429,#7434);
#7429 = CYLINDRICAL_SURFACE('',#7430,4.);
#7430 = AXIS2_PLACEMENT_3D('',#7431,#7432,#7433);
#7431 = CARTESIAN_POINT('',(-144.,94.,34.));
#7432 = DIRECTION('',(0.,-1.,0.));
#7433 = DIRECTION('',(-1.,-0.,0.));
#7434 = DEFINITIONAL_REPRESENTATION('',(#7435),#7438);
#7435 = B_SPLINE_CURVE_WITH_KNOTS('',1,(#7436,#7437),.UNSPECIFIED.,.F.,
  .F.,(2,2),(0.,1.570796326795),.PIECEWISE_BEZIER_KNOTS.);
#7436 = CARTESIAN_POINT('',(0.,68.));
#7437 = CARTESIAN_POINT('',(-1.570796326795,68.));
#7438 = ( GEOMETRIC_REPRESENTATION_CONTEXT(2) 
PARAMETRIC_REPRESENTATION_CONTEXT() REPRESENTATION_CONTEXT('2D SPACE',''
  ) );
#7439 = ORIENTED_EDGE('',*,*,#7090,.T.);
#7440 = ORIENTED_EDGE('',*,*,#7120,.T.);
#7441 = ORIENTED_EDGE('',*,*,#7442,.F.);
#7442 = EDGE_CURVE('',#7414,#7121,#7443,.T.);
#7443 = SURFACE_CURVE('',#7444,(#7449,#7456),.PCURVE_S1.);
#7444 = CIRCLE('',#7445,14.);
#7445 = AXIS2_PLACEMENT_3D('',#7446,#7447,#7448);
#7446 = CARTESIAN_POINT('',(-130.,26.,38.));
#7447 = DIRECTION('',(0.,0.,1.));
#7448 = DIRECTION('',(-1.,-1.973729821556E-16,0.));
#7449 = PCURVE('',#7105,#7450);
#7450 = DEFINITIONAL_REPRESENTATION('',(#7451),#7455);
#7451 = LINE('',#7452,#7453);
#7452 = CARTESIAN_POINT('',(0.,1.570796326795));
#7453 = VECTOR('',#7454,1.);
#7454 = DIRECTION('',(1.,0.));
#7455 = ( GEOMETRIC_REPRESENTATION_CONTEXT(2) 
PARAMETRIC_REPRESENTATION_CONTEXT() REPRESENTATION_CONTEXT('2D SPACE',''
  ) );
#7456 = PCURVE('',#7158,#7457);
#7457 = DEFINITIONAL_REPRESENTATION('',(#7458),#7462);
#7458 = CIRCLE('',#7459,14.);
#7459 = AXIS2_PLACEMENT_2D('',#7460,#7461);
#7460 = CARTESIAN_POINT('',(-130.,-34.));
#7461 = DIRECTION('',(-1.,0.));
#7462 = ( GEOMETRIC_REPRESENTATION_CONTEXT(2) 
PARAMETRIC_REPRESENTATION_CONTEXT() REPRESENTATION_CONTEXT('2D SPACE',''
  ) );
#7463 = ADVANCED_FACE('',(#7464),#7078,.F.);
#7464 = FACE_BOUND('',#7465,.F.);
#7465 = EDGE_LOOP('',(#7466,#7489,#7510,#7511));
#7466 = ORIENTED_EDGE('',*,*,#7467,.T.);
#7467 = EDGE_CURVE('',#7310,#7468,#7470,.T.);
#7468 = VERTEX_POINT('',#7469);
#7469 = CARTESIAN_POINT('',(-148.,94.,34.));
#7470 = SURFACE_CURVE('',#7471,(#7475,#7482),.PCURVE_S1.);
#7471 = LINE('',#7472,#7473);
#7472 = CARTESIAN_POINT('',(-148.,94.,4.));
#7473 = VECTOR('',#7474,1.);
#7474 = DIRECTION('',(0.,0.,1.));
#7475 = PCURVE('',#7078,#7476);
#7476 = DEFINITIONAL_REPRESENTATION('',(#7477),#7481);
#7477 = LINE('',#7478,#7479);
#7478 = CARTESIAN_POINT('',(18.,0.));
#7479 = VECTOR('',#7480,1.);
#7480 = DIRECTION('',(0.,-1.));
#7481 = ( GEOMETRIC_REPRESENTATION_CONTEXT(2) 
PARAMETRIC_REPRESENTATION_CONTEXT() REPRESENTATION_CONTEXT('2D SPACE',''
  ) );
#7482 = PCURVE('',#7326,#7483);
#7483 = DEFINITIONAL_REPRESENTATION('',(#7484),#7488);
#7484 = LINE('',#7485,#7486);
#7485 = CARTESIAN_POINT('',(1.570796326795,0.));
#7486 = VECTOR('',#7487,1.);
#7487 = DIRECTION('',(0.,1.));
#7488 = ( GEOMETRIC_REPRESENTATION_CONTEXT(2) 
PARAMETRIC_REPRESENTATION_CONTEXT() REPRESENTATION_CONTEXT('2D SPACE',''
  ) );
#7489 = ORIENTED_EDGE('',*,*,#7490,.T.);
#7490 = EDGE_CURVE('',#7468,#7063,#7491,.T.);
#7491 = SURFACE_CURVE('',#7492,(#7496,#7503),.PCURVE_S1.);
#7492 = LINE('',#7493,#7494);
#7493 = CARTESIAN_POINT('',(-148.,94.,34.));
#7494 = VECTOR('',#7495,1.);
#7495 = DIRECTION('',(0.,-1.,0.));
#7496 = PCURVE('',#7078,#7497);
#7497 = DEFINITIONAL_REPRESENTATION('',(#7498),#7502);
#7498 = LINE('',#7499,#7500);
#7499 = CARTESIAN_POINT('',(18.,-30.));
#7500 = VECTOR('',#7501,1.);
#7501 = DIRECTION('',(1.,0.));
#7502 = ( GEOMETRIC_REPRESENTATION_CONTEXT(2) 
PARAMETRIC_REPRESENTATION_CONTEXT() REPRESENTATION_CONTEXT('2D SPACE',''
  ) );
#7503 = PCURVE('',#7429,#7504);
#7504 = DEFINITIONAL_REPRESENTATION('',(#7505),#7509);
#7505 = LINE('',#7506,#7507);
#7506 = CARTESIAN_POINT('',(-0.,0.));
#7507 = VECTOR('',#7508,1.);
#7508 = DIRECTION('',(-0.,1.));
#7509 = ( GEOMETRIC_REPRESENTATION_CONTEXT(2) 
PARAMETRIC_REPRESENTATION_CONTEXT() REPRESENTATION_CONTEXT('2D SPACE',''
  ) );
#7510 = ORIENTED_EDGE('',*,*,#7062,.F.);
#7511 = ORIENTED_EDGE('',*,*,#7338,.F.);
#7512 = ADVANCED_FACE('',(#7513),#7158,.T.);
#7513 = FACE_BOUND('',#7514,.T.);
#7514 = EDGE_LOOP('',(#7515,#7516,#7540,#7568,#7597,#7625,#7654,#7675));
#7515 = ORIENTED_EDGE('',*,*,#7142,.T.);
#7516 = ORIENTED_EDGE('',*,*,#7517,.T.);
#7517 = EDGE_CURVE('',#7143,#7518,#7520,.T.);
#7518 = VERTEX_POINT('',#7519);
#7519 = CARTESIAN_POINT('',(144.,26.,38.));
#7520 = SURFACE_CURVE('',#7521,(#7526,#7533),.PCURVE_S1.);
#7521 = CIRCLE('',#7522,14.);
#7522 = AXIS2_PLACEMENT_3D('',#7523,#7524,#7525);
#7523 = CARTESIAN_POINT('',(130.,26.,38.));
#7524 = DIRECTION('',(0.,0.,1.));
#7525 = DIRECTION('',(0.,-1.,0.));
#7526 = PCURVE('',#7158,#7527);
#7527 = DEFINITIONAL_REPRESENTATION('',(#7528),#7532);
#7528 = CIRCLE('',#7529,14.);
#7529 = AXIS2_PLACEMENT_2D('',#7530,#7531);
#7530 = CARTESIAN_POINT('',(130.,-34.));
#7531 = DIRECTION('',(0.,-1.));
#7532 = ( GEOMETRIC_REPRESENTATION_CONTEXT(2) 
PARAMETRIC_REPRESENTATION_CONTEXT() REPRESENTATION_CONTEXT('2D SPACE',''
  ) );
#7533 = PCURVE('',#7184,#7534);
#7534 = DEFINITIONAL_REPRESENTATION('',(#7535),#7539);
#7535 = LINE('',#7536,#7537);
#7536 = CARTESIAN_POINT('',(0.,1.570796326795));
#7537 = VECTOR('',#7538,1.);
#7538 = DIRECTION('',(1.,0.));
#7539 = ( GEOMETRIC_REPRESENTATION_CONTEXT(2) 
PARAMETRIC_REPRESENTATION_CONTEXT() REPRESENTATION_CONTEXT('2D SPACE',''
  ) );
#7540 = ORIENTED_EDGE('',*,*,#7541,.T.);
#7541 = EDGE_CURVE('',#7518,#7542,#7544,.T.);
#7542 = VERTEX_POINT('',#7543);
#7543 = CARTESIAN_POINT('',(144.,94.,38.));
#7544 = SURFACE_CURVE('',#7545,(#7549,#7556),.PCURVE_S1.);
#7545 = LINE('',#7546,#7547);
#7546 = CARTESIAN_POINT('',(144.,26.,38.));
#7547 = VECTOR('',#7548,1.);
#7548 = DIRECTION('',(0.,1.,0.));
#7549 = PCURVE('',#7158,#7550);
#7550 = DEFINITIONAL_REPRESENTATION('',(#7551),#7555);
#7551 = LINE('',#7552,#7553);
#7552 = CARTESIAN_POINT('',(144.,-34.));
#7553 = VECTOR('',#7554,1.);
#7554 = DIRECTION('',(0.,1.));
#7555 = ( GEOMETRIC_REPRESENTATION_CONTEXT(2) 
PARAMETRIC_REPRESENTATION_CONTEXT() REPRESENTATION_CONTEXT('2D SPACE',''
  ) );
#7556 = PCURVE('',#7557,#7562);
#7557 = CYLINDRICAL_SURFACE('',#7558,4.);
#7558 = AXIS2_PLACEMENT_3D('',#7559,#7560,#7561);
#7559 = CARTESIAN_POINT('',(144.,26.,34.));
#7560 = DIRECTION('',(0.,1.,0.));
#7561 = DIRECTION('',(1.,0.,-0.));
#7562 = DEFINITIONAL_REPRESENTATION('',(#7563),#7567);
#7563 = LINE('',#7564,#7565);
#7564 = CARTESIAN_POINT('',(-1.570796326795,0.));
#7565 = VECTOR('',#7566,1.);
#7566 = DIRECTION('',(-0.,1.));
#7567 = ( GEOMETRIC_REPRESENTATION_CONTEXT(2) 
PARAMETRIC_REPRESENTATION_CONTEXT() REPRESENTATION_CONTEXT('2D SPACE',''
  ) );
#7568 = ORIENTED_EDGE('',*,*,#7569,.T.);
#7569 = EDGE_CURVE('',#7542,#7570,#7572,.T.);
#7570 = VERTEX_POINT('',#7571);
#7571 = CARTESIAN_POINT('',(130.,108.,38.));
#7572 = SURFACE_CURVE('',#7573,(#7578,#7585),.PCURVE_S1.);
#7573 = CIRCLE('',#7574,14.);
#7574 = AXIS2_PLACEMENT_3D('',#7575,#7576,#7577);
#7575 = CARTESIAN_POINT('',(130.,94.,38.));
#7576 = DIRECTION('',(0.,0.,1.));
#7577 = DIRECTION('',(1.,0.,-0.));
#7578 = PCURVE('',#7158,#7579);
#7579 = DEFINITIONAL_REPRESENTATION('',(#7580),#7584);
#7580 = CIRCLE('',#7581,14.);
#7581 = AXIS2_PLACEMENT_2D('',#7582,#7583);
#7582 = CARTESIAN_POINT('',(130.,34.));
#7583 = DIRECTION('',(1.,0.));
#7584 = ( GEOMETRIC_REPRESENTATION_CONTEXT(2) 
PARAMETRIC_REPRESENTATION_CONTEXT() REPRESENTATION_CONTEXT('2D SPACE',''
  ) );
#7585 = PCURVE('',#7586,#7591);
#7586 = TOROIDAL_SURFACE('',#7587,14.,4.);
#7587 = AXIS2_PLACEMENT_3D('',#7588,#7589,#7590);
#7588 = CARTESIAN_POINT('',(130.,94.,34.));
#7589 = DIRECTION('',(0.,0.,1.));
#7590 = DIRECTION('',(1.,0.,-0.));
#7591 = DEFINITIONAL_REPRESENTATION('',(#7592),#7596);
#7592 = LINE('',#7593,#7594);
#7593 = CARTESIAN_POINT('',(0.,1.570796326795));
#7594 = VECTOR('',#7595,1.);
#7595 = DIRECTION('',(1.,0.));
#7596 = ( GEOMETRIC_REPRESENTATION_CONTEXT(2) 
PARAMETRIC_REPRESENTATION_CONTEXT() REPRESENTATION_CONTEXT('2D SPACE',''
  ) );
#7597 = ORIENTED_EDGE('',*,*,#7598,.T.);
#7598 = EDGE_CURVE('',#7570,#7599,#7601,.T.);
#7599 = VERTEX_POINT('',#7600);
#7600 = CARTESIAN_POINT('',(-130.,108.,38.));
#7601 = SURFACE_CURVE('',#7602,(#7606,#7613),.PCURVE_S1.);
#7602 = LINE('',#7603,#7604);
#7603 = CARTESIAN_POINT('',(130.,108.,38.));
#7604 = VECTOR('',#7605,1.);
#7605 = DIRECTION('',(-1.,0.,0.));
#7606 = PCURVE('',#7158,#7607);
#7607 = DEFINITIONAL_REPRESENTATION('',(#7608),#7612);
#7608 = LINE('',#7609,#7610);
#7609 = CARTESIAN_POINT('',(130.,48.));
#7610 = VECTOR('',#7611,1.);
#7611 = DIRECTION('',(-1.,0.));
#7612 = ( GEOMETRIC_REPRESENTATION_CONTEXT(2) 
PARAMETRIC_REPRESENTATION_CONTEXT() REPRESENTATION_CONTEXT('2D SPACE',''
  ) );
#7613 = PCURVE('',#7614,#7619);
#7614 = CYLINDRICAL_SURFACE('',#7615,4.);
#7615 = AXIS2_PLACEMENT_3D('',#7616,#7617,#7618);
#7616 = CARTESIAN_POINT('',(130.,108.,34.));
#7617 = DIRECTION('',(-1.,0.,0.));
#7618 = DIRECTION('',(0.,1.,-0.));
#7619 = DEFINITIONAL_REPRESENTATION('',(#7620),#7624);
#7620 = LINE('',#7621,#7622);
#7621 = CARTESIAN_POINT('',(-1.570796326795,0.));
#7622 = VECTOR('',#7623,1.);
#7623 = DIRECTION('',(-0.,1.));
#7624 = ( GEOMETRIC_REPRESENTATION_CONTEXT(2) 
PARAMETRIC_REPRESENTATION_CONTEXT() REPRESENTATION_CONTEXT('2D SPACE',''
  ) );
#7625 = ORIENTED_EDGE('',*,*,#7626,.T.);
#7626 = EDGE_CURVE('',#7599,#7627,#7629,.T.);
#7627 = VERTEX_POINT('',#7628);
#7628 = CARTESIAN_POINT('',(-144.,94.,38.));
#7629 = SURFACE_CURVE('',#7630,(#7635,#7642),.PCURVE_S1.);
#7630 = CIRCLE('',#7631,14.);
#7631 = AXIS2_PLACEMENT_3D('',#7632,#7633,#7634);
#7632 = CARTESIAN_POINT('',(-130.,94.,38.));
#7633 = DIRECTION('',(0.,0.,1.));
#7634 = DIRECTION('',(0.,1.,-0.));
#7635 = PCURVE('',#7158,#7636);
#7636 = DEFINITIONAL_REPRESENTATION('',(#7637),#7641);
#7637 = CIRCLE('',#7638,14.);
#7638 = AXIS2_PLACEMENT_2D('',#7639,#7640);
#7639 = CARTESIAN_POINT('',(-130.,34.));
#7640 = DIRECTION('',(0.,1.));
#7641 = ( GEOMETRIC_REPRESENTATION_CONTEXT(2) 
PARAMETRIC_REPRESENTATION_CONTEXT() REPRESENTATION_CONTEXT('2D SPACE',''
  ) );
#7642 = PCURVE('',#7643,#7648);
#7643 = TOROIDAL_SURFACE('',#7644,14.,4.);
#7644 = AXIS2_PLACEMENT_3D('',#7645,#7646,#7647);
#7645 = CARTESIAN_POINT('',(-130.,94.,34.));
#7646 = DIRECTION('',(0.,0.,1.));
#7647 = DIRECTION('',(0.,1.,-0.));
#7648 = DEFINITIONAL_REPRESENTATION('',(#7649),#7653);
#7649 = LINE('',#7650,#7651);
#7650 = CARTESIAN_POINT('',(0.,1.570796326795));
#7651 = VECTOR('',#7652,1.);
#7652 = DIRECTION('',(1.,0.));
#7653 = ( GEOMETRIC_REPRESENTATION_CONTEXT(2) 
PARAMETRIC_REPRESENTATION_CONTEXT() REPRESENTATION_CONTEXT('2D SPACE',''
  ) );
#7654 = ORIENTED_EDGE('',*,*,#7655,.T.);
#7655 = EDGE_CURVE('',#7627,#7414,#7656,.T.);
#7656 = SURFACE_CURVE('',#7657,(#7661,#7668),.PCURVE_S1.);
#7657 = LINE('',#7658,#7659);
#7658 = CARTESIAN_POINT('',(-144.,94.,38.));
#7659 = VECTOR('',#7660,1.);
#7660 = DIRECTION('',(0.,-1.,0.));
#7661 = PCURVE('',#7158,#7662);
#7662 = DEFINITIONAL_REPRESENTATION('',(#7663),#7667);
#7663 = LINE('',#7664,#7665);
#7664 = CARTESIAN_POINT('',(-144.,34.));
#7665 = VECTOR('',#7666,1.);
#7666 = DIRECTION('',(0.,-1.));
#7667 = ( GEOMETRIC_REPRESENTATION_CONTEXT(2) 
PARAMETRIC_REPRESENTATION_CONTEXT() REPRESENTATION_CONTEXT('2D SPACE',''
  ) );
#7668 = PCURVE('',#7429,#7669);
#7669 = DEFINITIONAL_REPRESENTATION('',(#7670),#7674);
#7670 = LINE('',#7671,#7672);
#7671 = CARTESIAN_POINT('',(-1.570796326795,0.));
#7672 = VECTOR('',#7673,1.);
#7673 = DIRECTION('',(-0.,1.));
#7674 = ( GEOMETRIC_REPRESENTATION_CONTEXT(2) 
PARAMETRIC_REPRESENTATION_CONTEXT() REPRESENTATION_CONTEXT('2D SPACE',''
  ) );
#7675 = ORIENTED_EDGE('',*,*,#7442,.T.);
#7676 = ADVANCED_FACE('',(#7677),#7184,.T.);
#7677 = FACE_BOUND('',#7678,.T.);
#7678 = EDGE_LOOP('',(#7679,#7680,#7681,#7701));
#7679 = ORIENTED_EDGE('',*,*,#7170,.F.);
#7680 = ORIENTED_EDGE('',*,*,#7388,.T.);
#7681 = ORIENTED_EDGE('',*,*,#7682,.T.);
#7682 = EDGE_CURVE('',#7366,#7518,#7683,.T.);
#7683 = SURFACE_CURVE('',#7684,(#7689,#7695),.PCURVE_S1.);
#7684 = CIRCLE('',#7685,4.);
#7685 = AXIS2_PLACEMENT_3D('',#7686,#7687,#7688);
#7686 = CARTESIAN_POINT('',(144.,26.,34.));
#7687 = DIRECTION('',(-6.123233995737E-17,-1.,0.));
#7688 = DIRECTION('',(1.,-6.123233995737E-17,0.));
#7689 = PCURVE('',#7184,#7690);
#7690 = DEFINITIONAL_REPRESENTATION('',(#7691),#7694);
#7691 = B_SPLINE_CURVE_WITH_KNOTS('',1,(#7692,#7693),.UNSPECIFIED.,.F.,
  .F.,(2,2),(0.,1.570796326795),.PIECEWISE_BEZIER_KNOTS.);
#7692 = CARTESIAN_POINT('',(1.570796326795,0.));
#7693 = CARTESIAN_POINT('',(1.570796326795,1.570796326795));
#7694 = ( GEOMETRIC_REPRESENTATION_CONTEXT(2) 
PARAMETRIC_REPRESENTATION_CONTEXT() REPRESENTATION_CONTEXT('2D SPACE',''
  ) );
#7695 = PCURVE('',#7557,#7696);
#7696 = DEFINITIONAL_REPRESENTATION('',(#7697),#7700);
#7697 = B_SPLINE_CURVE_WITH_KNOTS('',1,(#7698,#7699),.UNSPECIFIED.,.F.,
  .F.,(2,2),(0.,1.570796326795),.PIECEWISE_BEZIER_KNOTS.);
#7698 = CARTESIAN_POINT('',(0.,0.));
#7699 = CARTESIAN_POINT('',(-1.570796326795,0.));
#7700 = ( GEOMETRIC_REPRESENTATION_CONTEXT(2) 
PARAMETRIC_REPRESENTATION_CONTEXT() REPRESENTATION_CONTEXT('2D SPACE',''
  ) );
#7701 = ORIENTED_EDGE('',*,*,#7517,.F.);
#7702 = ADVANCED_FACE('',(#7703),#7240,.F.);
#7703 = FACE_BOUND('',#7704,.F.);
#7704 = EDGE_LOOP('',(#7705,#7706,#7729,#7750));
#7705 = ORIENTED_EDGE('',*,*,#7365,.T.);
#7706 = ORIENTED_EDGE('',*,*,#7707,.T.);
#7707 = EDGE_CURVE('',#7366,#7708,#7710,.T.);
#7708 = VERTEX_POINT('',#7709);
#7709 = CARTESIAN_POINT('',(148.,94.,34.));
#7710 = SURFACE_CURVE('',#7711,(#7715,#7722),.PCURVE_S1.);
#7711 = LINE('',#7712,#7713);
#7712 = CARTESIAN_POINT('',(148.,26.,34.));
#7713 = VECTOR('',#7714,1.);
#7714 = DIRECTION('',(0.,1.,0.));
#7715 = PCURVE('',#7240,#7716);
#7716 = DEFINITIONAL_REPRESENTATION('',(#7717),#7721);
#7717 = LINE('',#7718,#7719);
#7718 = CARTESIAN_POINT('',(18.,-30.));
#7719 = VECTOR('',#7720,1.);
#7720 = DIRECTION('',(1.,0.));
#7721 = ( GEOMETRIC_REPRESENTATION_CONTEXT(2) 
PARAMETRIC_REPRESENTATION_CONTEXT() REPRESENTATION_CONTEXT('2D SPACE',''
  ) );
#7722 = PCURVE('',#7557,#7723);
#7723 = DEFINITIONAL_REPRESENTATION('',(#7724),#7728);
#7724 = LINE('',#7725,#7726);
#7725 = CARTESIAN_POINT('',(-0.,0.));
#7726 = VECTOR('',#7727,1.);
#7727 = DIRECTION('',(-0.,1.));
#7728 = ( GEOMETRIC_REPRESENTATION_CONTEXT(2) 
PARAMETRIC_REPRESENTATION_CONTEXT() REPRESENTATION_CONTEXT('2D SPACE',''
  ) );
#7729 = ORIENTED_EDGE('',*,*,#7730,.F.);
#7730 = EDGE_CURVE('',#7225,#7708,#7731,.T.);
#7731 = SURFACE_CURVE('',#7732,(#7736,#7743),.PCURVE_S1.);
#7732 = LINE('',#7733,#7734);
#7733 = CARTESIAN_POINT('',(148.,94.,4.));
#7734 = VECTOR('',#7735,1.);
#7735 = DIRECTION('',(0.,0.,1.));
#7736 = PCURVE('',#7240,#7737);
#7737 = DEFINITIONAL_REPRESENTATION('',(#7738),#7742);
#7738 = LINE('',#7739,#7740);
#7739 = CARTESIAN_POINT('',(86.,0.));
#7740 = VECTOR('',#7741,1.);
#7741 = DIRECTION('',(0.,-1.));
#7742 = ( GEOMETRIC_REPRESENTATION_CONTEXT(2) 
PARAMETRIC_REPRESENTATION_CONTEXT() REPRESENTATION_CONTEXT('2D SPACE',''
  ) );
#7743 = PCURVE('',#7269,#7744);
#7744 = DEFINITIONAL_REPRESENTATION('',(#7745),#7749);
#7745 = LINE('',#7746,#7747);
#7746 = CARTESIAN_POINT('',(0.,0.));
#7747 = VECTOR('',#7748,1.);
#7748 = DIRECTION('',(0.,1.));
#7749 = ( GEOMETRIC_REPRESENTATION_CONTEXT(2) 
PARAMETRIC_REPRESENTATION_CONTEXT() REPRESENTATION_CONTEXT('2D SPACE',''
  ) );
#7750 = ORIENTED_EDGE('',*,*,#7224,.F.);
#7751 = ADVANCED_FACE('',(#7752),#7326,.T.);
#7752 = FACE_BOUND('',#7753,.T.);
#7753 = EDGE_LOOP('',(#7754,#7777,#7778,#7779));
#7754 = ORIENTED_EDGE('',*,*,#7755,.F.);
#7755 = EDGE_CURVE('',#7282,#7756,#7758,.T.);
#7756 = VERTEX_POINT('',#7757);
#7757 = CARTESIAN_POINT('',(-130.,112.,34.));
#7758 = SURFACE_CURVE('',#7759,(#7763,#7770),.PCURVE_S1.);
#7759 = LINE('',#7760,#7761);
#7760 = CARTESIAN_POINT('',(-130.,112.,4.));
#7761 = VECTOR('',#7762,1.);
#7762 = DIRECTION('',(0.,0.,1.));
#7763 = PCURVE('',#7326,#7764);
#7764 = DEFINITIONAL_REPRESENTATION('',(#7765),#7769);
#7765 = LINE('',#7766,#7767);
#7766 = CARTESIAN_POINT('',(0.,0.));
#7767 = VECTOR('',#7768,1.);
#7768 = DIRECTION('',(0.,1.));
#7769 = ( GEOMETRIC_REPRESENTATION_CONTEXT(2) 
PARAMETRIC_REPRESENTATION_CONTEXT() REPRESENTATION_CONTEXT('2D SPACE',''
  ) );
#7770 = PCURVE('',#7297,#7771);
#7771 = DEFINITIONAL_REPRESENTATION('',(#7772),#7776);
#7772 = LINE('',#7773,#7774);
#7773 = CARTESIAN_POINT('',(278.,0.));
#7774 = VECTOR('',#7775,1.);
#7775 = DIRECTION('',(0.,-1.));
#7776 = ( GEOMETRIC_REPRESENTATION_CONTEXT(2) 
PARAMETRIC_REPRESENTATION_CONTEXT() REPRESENTATION_CONTEXT('2D SPACE',''
  ) );
#7777 = ORIENTED_EDGE('',*,*,#7309,.T.);
#7778 = ORIENTED_EDGE('',*,*,#7467,.T.);
#7779 = ORIENTED_EDGE('',*,*,#7780,.F.);
#7780 = EDGE_CURVE('',#7756,#7468,#7781,.T.);
#7781 = SURFACE_CURVE('',#7782,(#7787,#7794),.PCURVE_S1.);
#7782 = CIRCLE('',#7783,18.);
#7783 = AXIS2_PLACEMENT_3D('',#7784,#7785,#7786);
#7784 = CARTESIAN_POINT('',(-130.,94.,34.));
#7785 = DIRECTION('',(0.,0.,1.));
#7786 = DIRECTION('',(0.,1.,-0.));
#7787 = PCURVE('',#7326,#7788);
#7788 = DEFINITIONAL_REPRESENTATION('',(#7789),#7793);
#7789 = LINE('',#7790,#7791);
#7790 = CARTESIAN_POINT('',(0.,30.));
#7791 = VECTOR('',#7792,1.);
#7792 = DIRECTION('',(1.,0.));
#7793 = ( GEOMETRIC_REPRESENTATION_CONTEXT(2) 
PARAMETRIC_REPRESENTATION_CONTEXT() REPRESENTATION_CONTEXT('2D SPACE',''
  ) );
#7794 = PCURVE('',#7643,#7795);
#7795 = DEFINITIONAL_REPRESENTATION('',(#7796),#7800);
#7796 = LINE('',#7797,#7798);
#7797 = CARTESIAN_POINT('',(0.,0.));
#7798 = VECTOR('',#7799,1.);
#7799 = DIRECTION('',(1.,0.));
#7800 = ( GEOMETRIC_REPRESENTATION_CONTEXT(2) 
PARAMETRIC_REPRESENTATION_CONTEXT() REPRESENTATION_CONTEXT('2D SPACE',''
  ) );
#7801 = ADVANCED_FACE('',(#7802),#7269,.T.);
#7802 = FACE_BOUND('',#7803,.T.);
#7803 = EDGE_LOOP('',(#7804,#7805,#7806,#7829));
#7804 = ORIENTED_EDGE('',*,*,#7730,.F.);
#7805 = ORIENTED_EDGE('',*,*,#7252,.T.);
#7806 = ORIENTED_EDGE('',*,*,#7807,.T.);
#7807 = EDGE_CURVE('',#7253,#7808,#7810,.T.);
#7808 = VERTEX_POINT('',#7809);
#7809 = CARTESIAN_POINT('',(130.,112.,34.));
#7810 = SURFACE_CURVE('',#7811,(#7815,#7822),.PCURVE_S1.);
#7811 = LINE('',#7812,#7813);
#7812 = CARTESIAN_POINT('',(130.,112.,4.));
#7813 = VECTOR('',#7814,1.);
#7814 = DIRECTION('',(0.,0.,1.));
#7815 = PCURVE('',#7269,#7816);
#7816 = DEFINITIONAL_REPRESENTATION('',(#7817),#7821);
#7817 = LINE('',#7818,#7819);
#7818 = CARTESIAN_POINT('',(1.570796326795,0.));
#7819 = VECTOR('',#7820,1.);
#7820 = DIRECTION('',(0.,1.));
#7821 = ( GEOMETRIC_REPRESENTATION_CONTEXT(2) 
PARAMETRIC_REPRESENTATION_CONTEXT() REPRESENTATION_CONTEXT('2D SPACE',''
  ) );
#7822 = PCURVE('',#7297,#7823);
#7823 = DEFINITIONAL_REPRESENTATION('',(#7824),#7828);
#7824 = LINE('',#7825,#7826);
#7825 = CARTESIAN_POINT('',(18.,0.));
#7826 = VECTOR('',#7827,1.);
#7827 = DIRECTION('',(0.,-1.));
#7828 = ( GEOMETRIC_REPRESENTATION_CONTEXT(2) 
PARAMETRIC_REPRESENTATION_CONTEXT() REPRESENTATION_CONTEXT('2D SPACE',''
  ) );
#7829 = ORIENTED_EDGE('',*,*,#7830,.F.);
#7830 = EDGE_CURVE('',#7708,#7808,#7831,.T.);
#7831 = SURFACE_CURVE('',#7832,(#7837,#7844),.PCURVE_S1.);
#7832 = CIRCLE('',#7833,18.);
#7833 = AXIS2_PLACEMENT_3D('',#7834,#7835,#7836);
#7834 = CARTESIAN_POINT('',(130.,94.,34.));
#7835 = DIRECTION('',(0.,0.,1.));
#7836 = DIRECTION('',(1.,0.,-0.));
#7837 = PCURVE('',#7269,#7838);
#7838 = DEFINITIONAL_REPRESENTATION('',(#7839),#7843);
#7839 = LINE('',#7840,#7841);
#7840 = CARTESIAN_POINT('',(0.,30.));
#7841 = VECTOR('',#7842,1.);
#7842 = DIRECTION('',(1.,0.));
#7843 = ( GEOMETRIC_REPRESENTATION_CONTEXT(2) 
PARAMETRIC_REPRESENTATION_CONTEXT() REPRESENTATION_CONTEXT('2D SPACE',''
  ) );
#7844 = PCURVE('',#7586,#7845);
#7845 = DEFINITIONAL_REPRESENTATION('',(#7846),#7850);
#7846 = LINE('',#7847,#7848);
#7847 = CARTESIAN_POINT('',(0.,0.));
#7848 = VECTOR('',#7849,1.);
#7849 = DIRECTION('',(1.,0.));
#7850 = ( GEOMETRIC_REPRESENTATION_CONTEXT(2) 
PARAMETRIC_REPRESENTATION_CONTEXT() REPRESENTATION_CONTEXT('2D SPACE',''
  ) );
#7851 = ADVANCED_FACE('',(#7852),#7297,.F.);
#7852 = FACE_BOUND('',#7853,.F.);
#7853 = EDGE_LOOP('',(#7854,#7855,#7876,#7877));
#7854 = ORIENTED_EDGE('',*,*,#7807,.T.);
#7855 = ORIENTED_EDGE('',*,*,#7856,.T.);
#7856 = EDGE_CURVE('',#7808,#7756,#7857,.T.);
#7857 = SURFACE_CURVE('',#7858,(#7862,#7869),.PCURVE_S1.);
#7858 = LINE('',#7859,#7860);
#7859 = CARTESIAN_POINT('',(130.,112.,34.));
#7860 = VECTOR('',#7861,1.);
#7861 = DIRECTION('',(-1.,0.,0.));
#7862 = PCURVE('',#7297,#7863);
#7863 = DEFINITIONAL_REPRESENTATION('',(#7864),#7868);
#7864 = LINE('',#7865,#7866);
#7865 = CARTESIAN_POINT('',(18.,-30.));
#7866 = VECTOR('',#7867,1.);
#7867 = DIRECTION('',(1.,0.));
#7868 = ( GEOMETRIC_REPRESENTATION_CONTEXT(2) 
PARAMETRIC_REPRESENTATION_CONTEXT() REPRESENTATION_CONTEXT('2D SPACE',''
  ) );
#7869 = PCURVE('',#7614,#7870);
#7870 = DEFINITIONAL_REPRESENTATION('',(#7871),#7875);
#7871 = LINE('',#7872,#7873);
#7872 = CARTESIAN_POINT('',(-0.,0.));
#7873 = VECTOR('',#7874,1.);
#7874 = DIRECTION('',(-0.,1.));
#7875 = ( GEOMETRIC_REPRESENTATION_CONTEXT(2) 
PARAMETRIC_REPRESENTATION_CONTEXT() REPRESENTATION_CONTEXT('2D SPACE',''
  ) );
#7876 = ORIENTED_EDGE('',*,*,#7755,.F.);
#7877 = ORIENTED_EDGE('',*,*,#7281,.F.);
#7878 = ADVANCED_FACE('',(#7879),#7429,.T.);
#7879 = FACE_BOUND('',#7880,.F.);
#7880 = EDGE_LOOP('',(#7881,#7901,#7902,#7903));
#7881 = ORIENTED_EDGE('',*,*,#7882,.T.);
#7882 = EDGE_CURVE('',#7468,#7627,#7883,.T.);
#7883 = SURFACE_CURVE('',#7884,(#7889,#7895),.PCURVE_S1.);
#7884 = CIRCLE('',#7885,4.);
#7885 = AXIS2_PLACEMENT_3D('',#7886,#7887,#7888);
#7886 = CARTESIAN_POINT('',(-144.,94.,34.));
#7887 = DIRECTION('',(6.123233995737E-17,1.,-0.));
#7888 = DIRECTION('',(-1.,6.123233995737E-17,0.));
#7889 = PCURVE('',#7429,#7890);
#7890 = DEFINITIONAL_REPRESENTATION('',(#7891),#7894);
#7891 = B_SPLINE_CURVE_WITH_KNOTS('',1,(#7892,#7893),.UNSPECIFIED.,.F.,
  .F.,(2,2),(0.,1.570796326795),.PIECEWISE_BEZIER_KNOTS.);
#7892 = CARTESIAN_POINT('',(0.,0.));
#7893 = CARTESIAN_POINT('',(-1.570796326795,0.));
#7894 = ( GEOMETRIC_REPRESENTATION_CONTEXT(2) 
PARAMETRIC_REPRESENTATION_CONTEXT() REPRESENTATION_CONTEXT('2D SPACE',''
  ) );
#7895 = PCURVE('',#7643,#7896);
#7896 = DEFINITIONAL_REPRESENTATION('',(#7897),#7900);
#7897 = B_SPLINE_CURVE_WITH_KNOTS('',1,(#7898,#7899),.UNSPECIFIED.,.F.,
  .F.,(2,2),(0.,1.570796326795),.PIECEWISE_BEZIER_KNOTS.);
#7898 = CARTESIAN_POINT('',(1.570796326795,0.));
#7899 = CARTESIAN_POINT('',(1.570796326795,1.570796326795));
#7900 = ( GEOMETRIC_REPRESENTATION_CONTEXT(2) 
PARAMETRIC_REPRESENTATION_CONTEXT() REPRESENTATION_CONTEXT('2D SPACE',''
  ) );
#7901 = ORIENTED_EDGE('',*,*,#7655,.T.);
#7902 = ORIENTED_EDGE('',*,*,#7413,.F.);
#7903 = ORIENTED_EDGE('',*,*,#7490,.F.);
#7904 = ADVANCED_FACE('',(#7905),#7557,.T.);
#7905 = FACE_BOUND('',#7906,.F.);
#7906 = EDGE_LOOP('',(#7907,#7908,#7909,#7929));
#7907 = ORIENTED_EDGE('',*,*,#7682,.T.);
#7908 = ORIENTED_EDGE('',*,*,#7541,.T.);
#7909 = ORIENTED_EDGE('',*,*,#7910,.F.);
#7910 = EDGE_CURVE('',#7708,#7542,#7911,.T.);
#7911 = SURFACE_CURVE('',#7912,(#7917,#7923),.PCURVE_S1.);
#7912 = CIRCLE('',#7913,4.);
#7913 = AXIS2_PLACEMENT_3D('',#7914,#7915,#7916);
#7914 = CARTESIAN_POINT('',(144.,94.,34.));
#7915 = DIRECTION('',(0.,-1.,-0.));
#7916 = DIRECTION('',(1.,0.,-0.));
#7917 = PCURVE('',#7557,#7918);
#7918 = DEFINITIONAL_REPRESENTATION('',(#7919),#7922);
#7919 = B_SPLINE_CURVE_WITH_KNOTS('',1,(#7920,#7921),.UNSPECIFIED.,.F.,
  .F.,(2,2),(0.,1.570796326795),.PIECEWISE_BEZIER_KNOTS.);
#7920 = CARTESIAN_POINT('',(0.,68.));
#7921 = CARTESIAN_POINT('',(-1.570796326795,68.));
#7922 = ( GEOMETRIC_REPRESENTATION_CONTEXT(2) 
PARAMETRIC_REPRESENTATION_CONTEXT() REPRESENTATION_CONTEXT('2D SPACE',''
  ) );
#7923 = PCURVE('',#7586,#7924);
#7924 = DEFINITIONAL_REPRESENTATION('',(#7925),#7928);
#7925 = B_SPLINE_CURVE_WITH_KNOTS('',1,(#7926,#7927),.UNSPECIFIED.,.F.,
  .F.,(2,2),(0.,1.570796326795),.PIECEWISE_BEZIER_KNOTS.);
#7926 = CARTESIAN_POINT('',(0.,0.));
#7927 = CARTESIAN_POINT('',(0.,1.570796326795));
#7928 = ( GEOMETRIC_REPRESENTATION_CONTEXT(2) 
PARAMETRIC_REPRESENTATION_CONTEXT() REPRESENTATION_CONTEXT('2D SPACE',''
  ) );
#7929 = ORIENTED_EDGE('',*,*,#7707,.F.);
#7930 = ADVANCED_FACE('',(#7931),#7643,.T.);
#7931 = FACE_BOUND('',#7932,.T.);
#7932 = EDGE_LOOP('',(#7933,#7953,#7954,#7955));
#7933 = ORIENTED_EDGE('',*,*,#7934,.F.);
#7934 = EDGE_CURVE('',#7756,#7599,#7935,.T.);
#7935 = SURFACE_CURVE('',#7936,(#7941,#7947),.PCURVE_S1.);
#7936 = CIRCLE('',#7937,4.);
#7937 = AXIS2_PLACEMENT_3D('',#7938,#7939,#7940);
#7938 = CARTESIAN_POINT('',(-130.,108.,34.));
#7939 = DIRECTION('',(1.,0.,-0.));
#7940 = DIRECTION('',(0.,1.,0.));
#7941 = PCURVE('',#7643,#7942);
#7942 = DEFINITIONAL_REPRESENTATION('',(#7943),#7946);
#7943 = B_SPLINE_CURVE_WITH_KNOTS('',1,(#7944,#7945),.UNSPECIFIED.,.F.,
  .F.,(2,2),(0.,1.570796326795),.PIECEWISE_BEZIER_KNOTS.);
#7944 = CARTESIAN_POINT('',(0.,0.));
#7945 = CARTESIAN_POINT('',(0.,1.570796326795));
#7946 = ( GEOMETRIC_REPRESENTATION_CONTEXT(2) 
PARAMETRIC_REPRESENTATION_CONTEXT() REPRESENTATION_CONTEXT('2D SPACE',''
  ) );
#7947 = PCURVE('',#7614,#7948);
#7948 = DEFINITIONAL_REPRESENTATION('',(#7949),#7952);
#7949 = B_SPLINE_CURVE_WITH_KNOTS('',1,(#7950,#7951),.UNSPECIFIED.,.F.,
  .F.,(2,2),(0.,1.570796326795),.PIECEWISE_BEZIER_KNOTS.);
#7950 = CARTESIAN_POINT('',(0.,260.));
#7951 = CARTESIAN_POINT('',(-1.570796326795,260.));
#7952 = ( GEOMETRIC_REPRESENTATION_CONTEXT(2) 
PARAMETRIC_REPRESENTATION_CONTEXT() REPRESENTATION_CONTEXT('2D SPACE',''
  ) );
#7953 = ORIENTED_EDGE('',*,*,#7780,.T.);
#7954 = ORIENTED_EDGE('',*,*,#7882,.T.);
#7955 = ORIENTED_EDGE('',*,*,#7626,.F.);
#7956 = ADVANCED_FACE('',(#7957),#7586,.T.);
#7957 = FACE_BOUND('',#7958,.T.);
#7958 = EDGE_LOOP('',(#7959,#7960,#7961,#7981));
#7959 = ORIENTED_EDGE('',*,*,#7910,.F.);
#7960 = ORIENTED_EDGE('',*,*,#7830,.T.);
#7961 = ORIENTED_EDGE('',*,*,#7962,.T.);
#7962 = EDGE_CURVE('',#7808,#7570,#7963,.T.);
#7963 = SURFACE_CURVE('',#7964,(#7969,#7975),.PCURVE_S1.);
#7964 = CIRCLE('',#7965,4.);
#7965 = AXIS2_PLACEMENT_3D('',#7966,#7967,#7968);
#7966 = CARTESIAN_POINT('',(130.,108.,34.));
#7967 = DIRECTION('',(1.,-6.123233995737E-17,0.));
#7968 = DIRECTION('',(6.123233995737E-17,1.,0.));
#7969 = PCURVE('',#7586,#7970);
#7970 = DEFINITIONAL_REPRESENTATION('',(#7971),#7974);
#7971 = B_SPLINE_CURVE_WITH_KNOTS('',1,(#7972,#7973),.UNSPECIFIED.,.F.,
  .F.,(2,2),(0.,1.570796326795),.PIECEWISE_BEZIER_KNOTS.);
#7972 = CARTESIAN_POINT('',(1.570796326795,0.));
#7973 = CARTESIAN_POINT('',(1.570796326795,1.570796326795));
#7974 = ( GEOMETRIC_REPRESENTATION_CONTEXT(2) 
PARAMETRIC_REPRESENTATION_CONTEXT() REPRESENTATION_CONTEXT('2D SPACE',''
  ) );
#7975 = PCURVE('',#7614,#7976);
#7976 = DEFINITIONAL_REPRESENTATION('',(#7977),#7980);
#7977 = B_SPLINE_CURVE_WITH_KNOTS('',1,(#7978,#7979),.UNSPECIFIED.,.F.,
  .F.,(2,2),(0.,1.570796326795),.PIECEWISE_BEZIER_KNOTS.);
#7978 = CARTESIAN_POINT('',(0.,0.));
#7979 = CARTESIAN_POINT('',(-1.570796326795,0.));
#7980 = ( GEOMETRIC_REPRESENTATION_CONTEXT(2) 
PARAMETRIC_REPRESENTATION_CONTEXT() REPRESENTATION_CONTEXT('2D SPACE',''
  ) );
#7981 = ORIENTED_EDGE('',*,*,#7569,.F.);
#7982 = ADVANCED_FACE('',(#7983),#7614,.T.);
#7983 = FACE_BOUND('',#7984,.F.);
#7984 = EDGE_LOOP('',(#7985,#7986,#7987,#7988));
#7985 = ORIENTED_EDGE('',*,*,#7962,.T.);
#7986 = ORIENTED_EDGE('',*,*,#7598,.T.);
#7987 = ORIENTED_EDGE('',*,*,#7934,.F.);
#7988 = ORIENTED_EDGE('',*,*,#7856,.F.);
#7989 = ( GEOMETRIC_REPRESENTATION_CONTEXT(3) 
GLOBAL_UNCERTAINTY_ASSIGNED_CONTEXT((#7993)) 
GLOBAL_UNIT_ASSIGNED_CONTEXT((#7990,#7991,#7992)) REPRESENTATION_CONTEXT
('Context #1','3D Context with UNIT and UNCERTAINTY') );
#7990 = ( LENGTH_UNIT() NAMED_UNIT(*) SI_UNIT(.MILLI.,.METRE.) );
#7991 = ( NAMED_UNIT(*) PLANE_ANGLE_UNIT() SI_UNIT($,.RADIAN.) );
#7992 = ( NAMED_UNIT(*) SI_UNIT($,.STERADIAN.) SOLID_ANGLE_UNIT() );
#7993 = UNCERTAINTY_MEASURE_WITH_UNIT(LENGTH_MEASURE(1.E-07),#7990,
  'distance_accuracy_value','confusion accuracy');
#7994 = CONTEXT_DEPENDENT_SHAPE_REPRESENTATION(#7995,#7997);
#7995 = ( REPRESENTATION_RELATIONSHIP('','',#6906,#10) 
REPRESENTATION_RELATIONSHIP_WITH_TRANSFORMATION(#7996) 
SHAPE_REPRESENTATION_RELATIONSHIP() );
#7996 = ITEM_DEFINED_TRANSFORMATION('','',#11,#27);
#7997 = PRODUCT_DEFINITION_SHAPE('Placement','Placement of an item',
  #7998);
#7998 = NEXT_ASSEMBLY_USAGE_OCCURRENCE('4','cassette','',#5,#6901,$);
#7999 = PRODUCT_RELATED_PRODUCT_CATEGORY('part',$,(#6903));
#8000 = SHAPE_DEFINITION_REPRESENTATION(#8001,#8007);
#8001 = PRODUCT_DEFINITION_SHAPE('','',#8002);
#8002 = PRODUCT_DEFINITION('design','',#8003,#8006);
#8003 = PRODUCT_DEFINITION_FORMATION('','',#8004);
#8004 = PRODUCT('shield','shield','',(#8005));
#8005 = PRODUCT_CONTEXT('',#2,'mechanical');
#8006 = PRODUCT_DEFINITION_CONTEXT('part definition',#2,'design');
#8007 = ADVANCED_BREP_SHAPE_REPRESENTATION('',(#11,#8008),#8966);
#8008 = MANIFOLD_SOLID_BREP('',#8009);
#8009 = CLOSED_SHELL('',(#8010,#8400,#8481,#8569,#8616,#8704,#8754,#8842
    ,#8889,#8955));
#8010 = ADVANCED_FACE('',(#8011),#8026,.T.);
#8011 = FACE_BOUND('',#8012,.T.);
#8012 = EDGE_LOOP('',(#8013,#8053,#8120,#8146,#8213,#8242,#8309,#8335));
#8013 = ORIENTED_EDGE('',*,*,#8014,.F.);
#8014 = EDGE_CURVE('',#8015,#8017,#8019,.T.);
#8015 = VERTEX_POINT('',#8016);
#8016 = CARTESIAN_POINT('',(90.,-4.,93.488693395958));
#8017 = VERTEX_POINT('',#8018);
#8018 = CARTESIAN_POINT('',(-90.,-4.,93.488693395958));
#8019 = SURFACE_CURVE('',#8020,(#8025,#8037),.PCURVE_S1.);
#8020 = CIRCLE('',#8021,900.);
#8021 = AXIS2_PLACEMENT_3D('',#8022,#8023,#8024);
#8022 = CARTESIAN_POINT('',(0.,-4.,-802.));
#8023 = DIRECTION('',(0.,-1.,0.));
#8024 = DIRECTION('',(1.,0.,0.));
#8025 = PCURVE('',#8026,#8031);
#8026 = CYLINDRICAL_SURFACE('',#8027,900.);
#8027 = AXIS2_PLACEMENT_3D('',#8028,#8029,#8030);
#8028 = CARTESIAN_POINT('',(0.,-40.,-802.));
#8029 = DIRECTION('',(0.,-1.,0.));
#8030 = DIRECTION('',(1.,0.,0.));
#8031 = DEFINITIONAL_REPRESENTATION('',(#8032),#8036);
#8032 = LINE('',#8033,#8034);
#8033 = CARTESIAN_POINT('',(0.,-36.));
#8034 = VECTOR('',#8035,1.);
#8035 = DIRECTION('',(1.,0.));
#8036 = ( GEOMETRIC_REPRESENTATION_CONTEXT(2) 
PARAMETRIC_REPRESENTATION_CONTEXT() REPRESENTATION_CONTEXT('2D SPACE',''
  ) );
#8037 = PCURVE('',#8038,#8043);
#8038 = PLANE('',#8039);
#8039 = AXIS2_PLACEMENT_3D('',#8040,#8041,#8042);
#8040 = CARTESIAN_POINT('',(-194.,-4.,0.));
#8041 = DIRECTION('',(0.,1.,0.));
#8042 = DIRECTION('',(1.,0.,0.));
#8043 = DEFINITIONAL_REPRESENTATION('',(#8044),#8052);
#8044 = ( BOUNDED_CURVE() B_SPLINE_CURVE(2,(#8045,#8046,#8047,#8048,
#8049,#8050,#8051),.UNSPECIFIED.,.T.,.F.) B_SPLINE_CURVE_WITH_KNOTS((1,2
    ,2,2,2,1),(-2.094395102393,0.,2.094395102393,4.188790204786,
6.28318530718,8.377580409573),.UNSPECIFIED.) CURVE() 
GEOMETRIC_REPRESENTATION_ITEM() RATIONAL_B_SPLINE_CURVE((1.,0.5,1.,0.5,
1.,0.5,1.)) REPRESENTATION_ITEM('') );
#8045 = CARTESIAN_POINT('',(1.094E+03,802.));
#8046 = CARTESIAN_POINT('',(1.094E+03,-756.8457268119));
#8047 = CARTESIAN_POINT('',(-256.,22.577136594005));
#8048 = CARTESIAN_POINT('',(-1.606E+03,802.));
#8049 = CARTESIAN_POINT('',(-256.,1.581422863406E+03));
#8050 = CARTESIAN_POINT('',(1.094E+03,2.360845726812E+03));
#8051 = CARTESIAN_POINT('',(1.094E+03,802.));
#8052 = ( GEOMETRIC_REPRESENTATION_CONTEXT(2) 
PARAMETRIC_REPRESENTATION_CONTEXT() REPRESENTATION_CONTEXT('2D SPACE',''
  ) );
#8053 = ORIENTED_EDGE('',*,*,#8054,.T.);
#8054 = EDGE_CURVE('',#8015,#8055,#8057,.T.);
#8055 = VERTEX_POINT('',#8056);
#8056 = CARTESIAN_POINT('',(194.,100.,76.842420460005));
#8057 = SURFACE_CURVE('',#8058,(#8075,#8095),.PCURVE_S1.);
#8058 = B_SPLINE_CURVE_WITH_KNOTS('',8,(#8059,#8060,#8061,#8062,#8063,
    #8064,#8065,#8066,#8067,#8068,#8069,#8070,#8071,#8072,#8073,#8074),
  .UNSPECIFIED.,.F.,.F.,(9,7,9),(0.,0.445361405219,1.),.UNSPECIFIED.);
#8059 = CARTESIAN_POINT('',(90.,-4.,93.488693395958));
#8060 = CARTESIAN_POINT('',(101.27659413769,-4.,92.355353042386));
#8061 = CARTESIAN_POINT('',(112.26576754816,-2.602620636877,
    91.086971634726));
#8062 = CARTESIAN_POINT('',(122.7739596969,6.74852857354E-02,
    89.716797684268));
#8063 = CARTESIAN_POINT('',(132.6373645429,3.860899254675,
    88.290323840608));
#8064 = CARTESIAN_POINT('',(141.72318332774,8.60397447344,
    86.859977610862));
#8065 = CARTESIAN_POINT('',(149.93324260007,14.100114626778,
    85.477610452581));
#8066 = CARTESIAN_POINT('',(157.2099251278,20.131714641001,
    84.186473492612));
#8067 = CARTESIAN_POINT('',(171.42126010525,34.343049618454,
    81.560411848305));
#8068 = CARTESIAN_POINT('',(178.03598928899,42.888827536734,
    80.255130605029));
#8069 = CARTESIAN_POINT('',(183.44168150053,51.897761712161,
    79.136448262961));
#8070 = CARTESIAN_POINT('',(187.69817231474,61.229131669293,
    78.22616227681));
#8071 = CARTESIAN_POINT('',(190.85560881577,70.778156283636,
    77.536524980205));
#8072 = CARTESIAN_POINT('',(192.95020067504,80.465270555702,
    77.074159122181));
#8073 = CARTESIAN_POINT('',(194.,90.225960114072,76.842420460005));
#8074 = CARTESIAN_POINT('',(194.,100.,76.842420460005));
#8075 = PCURVE('',#8026,#8076);
#8076 = DEFINITIONAL_REPRESENTATION('',(#8077),#8094);
#8077 = B_SPLINE_CURVE_WITH_KNOTS('',8,(#8078,#8079,#8080,#8081,#8082,
    #8083,#8084,#8085,#8086,#8087,#8088,#8089,#8090,#8091,#8092,#8093),
  .UNSPECIFIED.,.F.,.F.,(9,7,9),(0.,0.445361405219,1.),.UNSPECIFIED.);
#8078 = CARTESIAN_POINT('',(1.470628905633,-36.));
#8079 = CARTESIAN_POINT('',(1.458036235038,-36.));
#8080 = CARTESIAN_POINT('',(1.445746315272,-37.39737936312));
#8081 = CARTESIAN_POINT('',(1.433973788351,-40.06748528573));
#8082 = CARTESIAN_POINT('',(1.422902369836,-43.86089925467));
#8083 = CARTESIAN_POINT('',(1.412683924557,-48.60397447343));
#8084 = CARTESIAN_POINT('',(1.403433846898,-54.10011462677));
#8085 = CARTESIAN_POINT('',(1.395222564472,-60.131714641));
#8086 = CARTESIAN_POINT('',(1.379164865976,-74.34304961845));
#8087 = CARTESIAN_POINT('',(1.371673987305,-82.88882753673));
#8088 = CARTESIAN_POINT('',(1.365540715689,-91.89776171217));
#8089 = CARTESIAN_POINT('',(1.360704439789,-101.2291316692));
#8090 = CARTESIAN_POINT('',(1.357113480334,-110.7781562836));
#8091 = CARTESIAN_POINT('',(1.354730127601,-120.4652705556));
#8092 = CARTESIAN_POINT('',(1.353535602437,-130.225960114));
#8093 = CARTESIAN_POINT('',(1.353535602437,-140.));
#8094 = ( GEOMETRIC_REPRESENTATION_CONTEXT(2) 
PARAMETRIC_REPRESENTATION_CONTEXT() REPRESENTATION_CONTEXT('2D SPACE',''
  ) );
#8095 = PCURVE('',#8096,#8101);
#8096 = CYLINDRICAL_SURFACE('',#8097,104.);
#8097 = AXIS2_PLACEMENT_3D('',#8098,#8099,#8100);
#8098 = CARTESIAN_POINT('',(90.,100.,0.));
#8099 = DIRECTION('',(0.,0.,1.));
#8100 = DIRECTION('',(0.,-1.,0.));
#8101 = DEFINITIONAL_REPRESENTATION('',(#8102),#8119);
#8102 = B_SPLINE_CURVE_WITH_KNOTS('',8,(#8103,#8104,#8105,#8106,#8107,
    #8108,#8109,#8110,#8111,#8112,#8113,#8114,#8115,#8116,#8117,#8118),
  .UNSPECIFIED.,.F.,.F.,(9,7,9),(0.,0.445361405219,1.),.UNSPECIFIED.);
#8103 = CARTESIAN_POINT('',(0.,93.488693395958));
#8104 = CARTESIAN_POINT('',(0.108428789786,92.355353042386));
#8105 = CARTESIAN_POINT('',(0.214093943775,91.086971634726));
#8106 = CARTESIAN_POINT('',(0.317076618364,89.716797684268));
#8107 = CARTESIAN_POINT('',(0.417329170769,88.290323840608));
#8108 = CARTESIAN_POINT('',(0.51468709275,86.859977610862));
#8109 = CARTESIAN_POINT('',(0.608848239273,85.477610452581));
#8110 = CARTESIAN_POINT('',(0.699332659953,84.186473492612));
#8111 = CARTESIAN_POINT('',(0.89258133942,81.560411848305));
#8112 = CARTESIAN_POINT('',(0.995659267852,80.255130605029));
#8113 = CARTESIAN_POINT('',(1.095541709421,79.136448262961));
#8114 = CARTESIAN_POINT('',(1.192953769555,78.22616227681));
#8115 = CARTESIAN_POINT('',(1.288552439647,77.536524980205));
#8116 = CARTESIAN_POINT('',(1.382962333585,77.074159122181));
#8117 = CARTESIAN_POINT('',(1.476815174046,76.842420460005));
#8118 = CARTESIAN_POINT('',(1.570796326795,76.842420460005));
#8119 = ( GEOMETRIC_REPRESENTATION_CONTEXT(2) 
PARAMETRIC_REPRESENTATION_CONTEXT() REPRESENTATION_CONTEXT('2D SPACE',''
  ) );
#8120 = ORIENTED_EDGE('',*,*,#8121,.F.);
#8121 = EDGE_CURVE('',#8122,#8055,#8124,.T.);
#8122 = VERTEX_POINT('',#8123);
#8123 = CARTESIAN_POINT('',(194.,440.,76.842420460005));
#8124 = SURFACE_CURVE('',#8125,(#8129,#8135),.PCURVE_S1.);
#8125 = LINE('',#8126,#8127);
#8126 = CARTESIAN_POINT('',(194.,-40.,76.842420460005));
#8127 = VECTOR('',#8128,1.);
#8128 = DIRECTION('',(0.,-1.,0.));
#8129 = PCURVE('',#8026,#8130);
#8130 = DEFINITIONAL_REPRESENTATION('',(#8131),#8134);
#8131 = B_SPLINE_CURVE_WITH_KNOTS('',1,(#8132,#8133),.UNSPECIFIED.,.F.,
  .F.,(2,2),(-514.,-106.),.PIECEWISE_BEZIER_KNOTS.);
#8132 = CARTESIAN_POINT('',(1.353535602437,-514.));
#8133 = CARTESIAN_POINT('',(1.353535602437,-106.));
#8134 = ( GEOMETRIC_REPRESENTATION_CONTEXT(2) 
PARAMETRIC_REPRESENTATION_CONTEXT() REPRESENTATION_CONTEXT('2D SPACE',''
  ) );
#8135 = PCURVE('',#8136,#8141);
#8136 = PLANE('',#8137);
#8137 = AXIS2_PLACEMENT_3D('',#8138,#8139,#8140);
#8138 = CARTESIAN_POINT('',(194.,-4.,0.));
#8139 = DIRECTION('',(-1.,0.,0.));
#8140 = DIRECTION('',(0.,1.,0.));
#8141 = DEFINITIONAL_REPRESENTATION('',(#8142),#8145);
#8142 = B_SPLINE_CURVE_WITH_KNOTS('',1,(#8143,#8144),.UNSPECIFIED.,.F.,
  .F.,(2,2),(-514.,-106.),.PIECEWISE_BEZIER_KNOTS.);
#8143 = CARTESIAN_POINT('',(478.,-76.84242046));
#8144 = CARTESIAN_POINT('',(70.,-76.84242046));
#8145 = ( GEOMETRIC_REPRESENTATION_CONTEXT(2) 
PARAMETRIC_REPRESENTATION_CONTEXT() REPRESENTATION_CONTEXT('2D SPACE',''
  ) );
#8146 = ORIENTED_EDGE('',*,*,#8147,.T.);
#8147 = EDGE_CURVE('',#8122,#8148,#8150,.T.);
#8148 = VERTEX_POINT('',#8149);
#8149 = CARTESIAN_POINT('',(90.,544.,93.488693395958));
#8150 = SURFACE_CURVE('',#8151,(#8168,#8188),.PCURVE_S1.);
#8151 = B_SPLINE_CURVE_WITH_KNOTS('',8,(#8152,#8153,#8154,#8155,#8156,
    #8157,#8158,#8159,#8160,#8161,#8162,#8163,#8164,#8165,#8166,#8167),
  .UNSPECIFIED.,.F.,.F.,(9,7,9),(0.,0.534593923923,1.),.UNSPECIFIED.);
#8152 = CARTESIAN_POINT('',(194.,440.,76.842420460005));
#8153 = CARTESIAN_POINT('',(194.,449.41335319838,76.842420460005));
#8154 = CARTESIAN_POINT('',(193.02625119623,458.81563572647,
    77.05737108373));
#8155 = CARTESIAN_POINT('',(191.0827538495,468.15216273928,
    77.486385187735));
#8156 = CARTESIAN_POINT('',(188.15416951076,477.36476851173,
    78.126528186731));
#8157 = CARTESIAN_POINT('',(184.20963805821,486.38296736953,
    78.972028851645));
#8158 = CARTESIAN_POINT('',(179.20603950094,495.11561951637,
    80.012409937271));
#8159 = CARTESIAN_POINT('',(173.09133169672,503.44198318318,
    81.22943239169));
#8160 = CARTESIAN_POINT('',(159.47614806074,517.94068114165,
    83.781531384433));
#8161 = CARTESIAN_POINT('',(152.11775716773,524.40107594545,
    85.107128194637));
#8162 = CARTESIAN_POINT('',(143.74225733103,530.3142419055,
    86.539657193743));
#8163 = CARTESIAN_POINT('',(134.40354048453,535.43970668621,
    88.032768665204));
#8164 = CARTESIAN_POINT('',(124.20155771598,539.5572056737,
    89.529169455285));
#8165 = CARTESIAN_POINT('',(113.27626662873,542.4687677858,
    90.969710144276));
#8166 = CARTESIAN_POINT('',(101.80433004503,544.,92.302313588052));
#8167 = CARTESIAN_POINT('',(90.,544.,93.488693395958));
#8168 = PCURVE('',#8026,#8169);
#8169 = DEFINITIONAL_REPRESENTATION('',(#8170),#8187);
#8170 = B_SPLINE_CURVE_WITH_KNOTS('',8,(#8171,#8172,#8173,#8174,#8175,
    #8176,#8177,#8178,#8179,#8180,#8181,#8182,#8183,#8184,#8185,#8186),
  .UNSPECIFIED.,.F.,.F.,(9,7,9),(0.,0.534593923923,1.),.UNSPECIFIED.);
#8171 = CARTESIAN_POINT('',(1.353535602437,-480.));
#8172 = CARTESIAN_POINT('',(1.353535602437,-489.4133531983));
#8173 = CARTESIAN_POINT('',(1.354643592705,-498.8156357264));
#8174 = CARTESIAN_POINT('',(1.356855021089,-508.1521627393));
#8175 = CARTESIAN_POINT('',(1.360185824662,-517.3647685116));
#8176 = CARTESIAN_POINT('',(1.36466810955,-526.3829673695));
#8177 = CARTESIAN_POINT('',(1.370346317588,-535.1156195163));
#8178 = CARTESIAN_POINT('',(1.377273268437,-543.4419831831));
#8179 = CARTESIAN_POINT('',(1.392664721682,-557.9406811416));
#8180 = CARTESIAN_POINT('',(1.40097211404,-564.4010759454));
#8181 = CARTESIAN_POINT('',(1.410412729764,-570.3142419055));
#8182 = CARTESIAN_POINT('',(1.420919547113,-575.4397066861));
#8183 = CARTESIAN_POINT('',(1.432374224681,-579.5572056737));
#8184 = CARTESIAN_POINT('',(1.444616137366,-582.4687677857));
#8185 = CARTESIAN_POINT('',(1.457446907768,-584.));
#8186 = CARTESIAN_POINT('',(1.470628905633,-584.));
#8187 = ( GEOMETRIC_REPRESENTATION_CONTEXT(2) 
PARAMETRIC_REPRESENTATION_CONTEXT() REPRESENTATION_CONTEXT('2D SPACE',''
  ) );
#8188 = PCURVE('',#8189,#8194);
#8189 = CYLINDRICAL_SURFACE('',#8190,104.);
#8190 = AXIS2_PLACEMENT_3D('',#8191,#8192,#8193);
#8191 = CARTESIAN_POINT('',(90.,440.,0.));
#8192 = DIRECTION('',(0.,0.,1.));
#8193 = DIRECTION('',(1.,0.,-0.));
#8194 = DEFINITIONAL_REPRESENTATION('',(#8195),#8212);
#8195 = B_SPLINE_CURVE_WITH_KNOTS('',8,(#8196,#8197,#8198,#8199,#8200,
    #8201,#8202,#8203,#8204,#8205,#8206,#8207,#8208,#8209,#8210,#8211),
  .UNSPECIFIED.,.F.,.F.,(9,7,9),(0.,0.534593923923,1.),.UNSPECIFIED.);
#8196 = CARTESIAN_POINT('',(0.,76.842420460005));
#8197 = CARTESIAN_POINT('',(9.051301152291E-02,76.842420460005));
#8198 = CARTESIAN_POINT('',(0.180919613316,77.05737108373));
#8199 = CARTESIAN_POINT('',(0.271823646416,77.486385187735));
#8200 = CARTESIAN_POINT('',(0.363785790131,78.126528186731));
#8201 = CARTESIAN_POINT('',(0.457361702356,78.972028851645));
#8202 = CARTESIAN_POINT('',(0.553134317817,80.012409937271));
#8203 = CARTESIAN_POINT('',(0.651744590334,81.22943239169));
#8204 = CARTESIAN_POINT('',(0.842988152881,83.781531384433));
#8205 = CARTESIAN_POINT('',(0.936705406844,85.107128194637));
#8206 = CARTESIAN_POINT('',(1.034355938912,86.539657193743));
#8207 = CARTESIAN_POINT('',(1.135452909397,88.032768665204));
#8208 = CARTESIAN_POINT('',(1.239707179358,89.529169455285));
#8209 = CARTESIAN_POINT('',(1.346986033792,90.969710144276));
#8210 = CARTESIAN_POINT('',(1.457293153285,92.302313588052));
#8211 = CARTESIAN_POINT('',(1.570796326795,93.488693395958));
#8212 = ( GEOMETRIC_REPRESENTATION_CONTEXT(2) 
PARAMETRIC_REPRESENTATION_CONTEXT() REPRESENTATION_CONTEXT('2D SPACE',''
  ) );
#8213 = ORIENTED_EDGE('',*,*,#8214,.T.);
#8214 = EDGE_CURVE('',#8148,#8215,#8217,.T.);
#8215 = VERTEX_POINT('',#8216);
#8216 = CARTESIAN_POINT('',(-90.,544.,93.488693395958));
#8217 = SURFACE_CURVE('',#8218,(#8223,#8230),.PCURVE_S1.);
#8218 = CIRCLE('',#8219,900.);
#8219 = AXIS2_PLACEMENT_3D('',#8220,#8221,#8222);
#8220 = CARTESIAN_POINT('',(0.,544.,-802.));
#8221 = DIRECTION('',(0.,-1.,0.));
#8222 = DIRECTION('',(1.,0.,0.));
#8223 = PCURVE('',#8026,#8224);
#8224 = DEFINITIONAL_REPRESENTATION('',(#8225),#8229);
#8225 = LINE('',#8226,#8227);
#8226 = CARTESIAN_POINT('',(0.,-584.));
#8227 = VECTOR('',#8228,1.);
#8228 = DIRECTION('',(1.,0.));
#8229 = ( GEOMETRIC_REPRESENTATION_CONTEXT(2) 
PARAMETRIC_REPRESENTATION_CONTEXT() REPRESENTATION_CONTEXT('2D SPACE',''
  ) );
#8230 = PCURVE('',#8231,#8236);
#8231 = PLANE('',#8232);
#8232 = AXIS2_PLACEMENT_3D('',#8233,#8234,#8235);
#8233 = CARTESIAN_POINT('',(194.,544.,0.));
#8234 = DIRECTION('',(0.,-1.,0.));
#8235 = DIRECTION('',(-1.,0.,0.));
#8236 = DEFINITIONAL_REPRESENTATION('',(#8237),#8241);
#8237 = CIRCLE('',#8238,900.);
#8238 = AXIS2_PLACEMENT_2D('',#8239,#8240);
#8239 = CARTESIAN_POINT('',(194.,802.));
#8240 = DIRECTION('',(-1.,-0.));
#8241 = ( GEOMETRIC_REPRESENTATION_CONTEXT(2) 
PARAMETRIC_REPRESENTATION_CONTEXT() REPRESENTATION_CONTEXT('2D SPACE',''
  ) );
#8242 = ORIENTED_EDGE('',*,*,#8243,.T.);
#8243 = EDGE_CURVE('',#8215,#8244,#8246,.T.);
#8244 = VERTEX_POINT('',#8245);
#8245 = CARTESIAN_POINT('',(-194.,440.,76.842420460005));
#8246 = SURFACE_CURVE('',#8247,(#8264,#8284),.PCURVE_S1.);
#8247 = B_SPLINE_CURVE_WITH_KNOTS('',8,(#8248,#8249,#8250,#8251,#8252,
    #8253,#8254,#8255,#8256,#8257,#8258,#8259,#8260,#8261,#8262,#8263),
  .UNSPECIFIED.,.F.,.F.,(9,7,9),(0.,0.445361405101,1.),.UNSPECIFIED.);
#8248 = CARTESIAN_POINT('',(-90.,544.,93.488693395958));
#8249 = CARTESIAN_POINT('',(-101.2765941376,544.,92.355353042389));
#8250 = CARTESIAN_POINT('',(-112.2657675481,542.60262063687,
    91.086971634726));
#8251 = CARTESIAN_POINT('',(-122.7739596969,539.93251471429,
    89.716797684263));
#8252 = CARTESIAN_POINT('',(-132.6373645429,536.13910074522,
    88.2903238406));
#8253 = CARTESIAN_POINT('',(-141.7231833276,531.39602552669,
    86.859977610883));
#8254 = CARTESIAN_POINT('',(-149.9332426001,525.89988537315,
    85.477610452569));
#8255 = CARTESIAN_POINT('',(-157.2099251277,519.868285359,
    84.186473492613));
#8256 = CARTESIAN_POINT('',(-171.421260109,505.65695037777,
    81.560411847608));
#8257 = CARTESIAN_POINT('',(-178.035989275,497.11117248161,
    80.255130607633));
#8258 = CARTESIAN_POINT('',(-183.441681525,488.10223824605,
    79.136448258321));
#8259 = CARTESIAN_POINT('',(-187.6981722902,478.7708683858,
    78.226162281482));
#8260 = CARTESIAN_POINT('',(-190.8556088294,469.22184367225,
    77.536524977574));
#8261 = CARTESIAN_POINT('',(-192.9502006715,459.53472946491,
    77.074159122858));
#8262 = CARTESIAN_POINT('',(-194.,449.77403988131,76.842420460005));
#8263 = CARTESIAN_POINT('',(-194.,440.,76.842420460005));
#8264 = PCURVE('',#8026,#8265);
#8265 = DEFINITIONAL_REPRESENTATION('',(#8266),#8283);
#8266 = B_SPLINE_CURVE_WITH_KNOTS('',8,(#8267,#8268,#8269,#8270,#8271,
    #8272,#8273,#8274,#8275,#8276,#8277,#8278,#8279,#8280,#8281,#8282),
  .UNSPECIFIED.,.F.,.F.,(9,7,9),(0.,0.445361405101,1.),.UNSPECIFIED.);
#8267 = CARTESIAN_POINT('',(1.670963747956,-584.));
#8268 = CARTESIAN_POINT('',(1.683556418552,-584.));
#8269 = CARTESIAN_POINT('',(1.695846338317,-582.6026206368));
#8270 = CARTESIAN_POINT('',(1.707618865239,-579.9325147142));
#8271 = CARTESIAN_POINT('',(1.718690283753,-576.1391007452));
#8272 = CARTESIAN_POINT('',(1.728908729032,-571.3960255266));
#8273 = CARTESIAN_POINT('',(1.738158806692,-565.8998853731));
#8274 = CARTESIAN_POINT('',(1.746370089118,-559.868285359));
#8275 = CARTESIAN_POINT('',(1.762427787618,-545.6569503777));
#8276 = CARTESIAN_POINT('',(1.769918666269,-537.1111724816));
#8277 = CARTESIAN_POINT('',(1.776051937928,-528.102238246));
#8278 = CARTESIAN_POINT('',(1.780888213773,-518.7708683857));
#8279 = CARTESIAN_POINT('',(1.784479173271,-509.2218436722));
#8280 = CARTESIAN_POINT('',(1.786862525985,-499.5347294649));
#8281 = CARTESIAN_POINT('',(1.788057051153,-489.7740398813));
#8282 = CARTESIAN_POINT('',(1.788057051153,-480.));
#8283 = ( GEOMETRIC_REPRESENTATION_CONTEXT(2) 
PARAMETRIC_REPRESENTATION_CONTEXT() REPRESENTATION_CONTEXT('2D SPACE',''
  ) );
#8284 = PCURVE('',#8285,#8290);
#8285 = CYLINDRICAL_SURFACE('',#8286,104.);
#8286 = AXIS2_PLACEMENT_3D('',#8287,#8288,#8289);
#8287 = CARTESIAN_POINT('',(-90.,440.,0.));
#8288 = DIRECTION('',(0.,0.,1.));
#8289 = DIRECTION('',(-0.,1.,0.));
#8290 = DEFINITIONAL_REPRESENTATION('',(#8291),#8308);
#8291 = B_SPLINE_CURVE_WITH_KNOTS('',8,(#8292,#8293,#8294,#8295,#8296,
    #8297,#8298,#8299,#8300,#8301,#8302,#8303,#8304,#8305,#8306,#8307),
  .UNSPECIFIED.,.F.,.F.,(9,7,9),(0.,0.445361405101,1.),.UNSPECIFIED.);
#8292 = CARTESIAN_POINT('',(0.,93.488693395958));
#8293 = CARTESIAN_POINT('',(0.108428789785,92.355353042389));
#8294 = CARTESIAN_POINT('',(0.214093943775,91.086971634726));
#8295 = CARTESIAN_POINT('',(0.317076618364,89.716797684263));
#8296 = CARTESIAN_POINT('',(0.41732917077,88.2903238406));
#8297 = CARTESIAN_POINT('',(0.514687092748,86.859977610883));
#8298 = CARTESIAN_POINT('',(0.608848239274,85.477610452569));
#8299 = CARTESIAN_POINT('',(0.699332659953,84.186473492613));
#8300 = CARTESIAN_POINT('',(0.892581339471,81.560411847608));
#8301 = CARTESIAN_POINT('',(0.995659267623,80.255130607633));
#8302 = CARTESIAN_POINT('',(1.095541709912,79.136448258321));
#8303 = CARTESIAN_POINT('',(1.192953768939,78.226162281482));
#8304 = CARTESIAN_POINT('',(1.288552440117,77.536524977574));
#8305 = CARTESIAN_POINT('',(1.382962333375,77.074159122858));
#8306 = CARTESIAN_POINT('',(1.47681517409,76.842420460005));
#8307 = CARTESIAN_POINT('',(1.570796326795,76.842420460005));
#8308 = ( GEOMETRIC_REPRESENTATION_CONTEXT(2) 
PARAMETRIC_REPRESENTATION_CONTEXT() REPRESENTATION_CONTEXT('2D SPACE',''
  ) );
#8309 = ORIENTED_EDGE('',*,*,#8310,.T.);
#8310 = EDGE_CURVE('',#8244,#8311,#8313,.T.);
#8311 = VERTEX_POINT('',#8312);
#8312 = CARTESIAN_POINT('',(-194.,100.,76.842420460005));
#8313 = SURFACE_CURVE('',#8314,(#8318,#8324),.PCURVE_S1.);
#8314 = LINE('',#8315,#8316);
#8315 = CARTESIAN_POINT('',(-194.,-40.,76.842420460005));
#8316 = VECTOR('',#8317,1.);
#8317 = DIRECTION('',(0.,-1.,0.));
#8318 = PCURVE('',#8026,#8319);
#8319 = DEFINITIONAL_REPRESENTATION('',(#8320),#8323);
#8320 = B_SPLINE_CURVE_WITH_KNOTS('',1,(#8321,#8322),.UNSPECIFIED.,.F.,
  .F.,(2,2),(-514.,-106.),.PIECEWISE_BEZIER_KNOTS.);
#8321 = CARTESIAN_POINT('',(1.788057051153,-514.));
#8322 = CARTESIAN_POINT('',(1.788057051153,-106.));
#8323 = ( GEOMETRIC_REPRESENTATION_CONTEXT(2) 
PARAMETRIC_REPRESENTATION_CONTEXT() REPRESENTATION_CONTEXT('2D SPACE',''
  ) );
#8324 = PCURVE('',#8325,#8330);
#8325 = PLANE('',#8326);
#8326 = AXIS2_PLACEMENT_3D('',#8327,#8328,#8329);
#8327 = CARTESIAN_POINT('',(-194.,544.,0.));
#8328 = DIRECTION('',(1.,0.,-0.));
#8329 = DIRECTION('',(0.,-1.,0.));
#8330 = DEFINITIONAL_REPRESENTATION('',(#8331),#8334);
#8331 = B_SPLINE_CURVE_WITH_KNOTS('',1,(#8332,#8333),.UNSPECIFIED.,.F.,
  .F.,(2,2),(-514.,-106.),.PIECEWISE_BEZIER_KNOTS.);
#8332 = CARTESIAN_POINT('',(70.,-76.84242046));
#8333 = CARTESIAN_POINT('',(478.,-76.84242046));
#8334 = ( GEOMETRIC_REPRESENTATION_CONTEXT(2) 
PARAMETRIC_REPRESENTATION_CONTEXT() REPRESENTATION_CONTEXT('2D SPACE',''
  ) );
#8335 = ORIENTED_EDGE('',*,*,#8336,.F.);
#8336 = EDGE_CURVE('',#8017,#8311,#8337,.T.);
#8337 = SURFACE_CURVE('',#8338,(#8355,#8375),.PCURVE_S1.);
#8338 = B_SPLINE_CURVE_WITH_KNOTS('',8,(#8339,#8340,#8341,#8342,#8343,
    #8344,#8345,#8346,#8347,#8348,#8349,#8350,#8351,#8352,#8353,#8354),
  .UNSPECIFIED.,.F.,.F.,(9,7,9),(0.,0.445361404851,1.),.UNSPECIFIED.);
#8339 = CARTESIAN_POINT('',(-90.,-4.,93.488693395958));
#8340 = CARTESIAN_POINT('',(-101.2765941399,-4.,92.355353042163));
#8341 = CARTESIAN_POINT('',(-112.2657675322,-2.602620639522,
    91.086971636586));
#8342 = CARTESIAN_POINT('',(-122.7739597329,6.748529493564E-02,
    89.716797679751));
#8343 = CARTESIAN_POINT('',(-132.6373645018,3.860899240229,
    88.290323846064));
#8344 = CARTESIAN_POINT('',(-141.7231833554,8.60397448738,
    86.859977606856));
#8345 = CARTESIAN_POINT('',(-149.9332425877,14.100114617689,
    85.477610454596));
#8346 = CARTESIAN_POINT('',(-157.209925131,20.131714644257,
    84.18647349201));
#8347 = CARTESIAN_POINT('',(-171.4212601129,34.343049626158,
    81.560411846881));
#8348 = CARTESIAN_POINT('',(-178.0359892605,42.888827499116,
    80.255130610362));
#8349 = CARTESIAN_POINT('',(-183.4416815508,51.897761797983,
    79.136448253436));
#8350 = CARTESIAN_POINT('',(-187.6981722644,61.229131556099,
    78.226162286417));
#8351 = CARTESIAN_POINT('',(-190.8556088439,70.778156374133,
    77.536524974789));
#8352 = CARTESIAN_POINT('',(-192.9502006678,80.465270513527,
    77.074159123574));
#8353 = CARTESIAN_POINT('',(-194.,90.225960123468,76.842420460005));
#8354 = CARTESIAN_POINT('',(-194.,100.,76.842420460005));
#8355 = PCURVE('',#8026,#8356);
#8356 = DEFINITIONAL_REPRESENTATION('',(#8357),#8374);
#8357 = B_SPLINE_CURVE_WITH_KNOTS('',8,(#8358,#8359,#8360,#8361,#8362,
    #8363,#8364,#8365,#8366,#8367,#8368,#8369,#8370,#8371,#8372,#8373),
  .UNSPECIFIED.,.F.,.F.,(9,7,9),(0.,0.445361404851,1.),.UNSPECIFIED.);
#8358 = CARTESIAN_POINT('',(1.670963747956,-36.));
#8359 = CARTESIAN_POINT('',(1.683556418554,-36.));
#8360 = CARTESIAN_POINT('',(1.6958463383,-37.39737936048));
#8361 = CARTESIAN_POINT('',(1.70761886528,-40.06748529492));
#8362 = CARTESIAN_POINT('',(1.718690283707,-43.86089924023));
#8363 = CARTESIAN_POINT('',(1.728908729064,-48.60397448737));
#8364 = CARTESIAN_POINT('',(1.738158806678,-54.10011461769));
#8365 = CARTESIAN_POINT('',(1.746370089121,-60.13171464425));
#8366 = CARTESIAN_POINT('',(1.762427787622,-74.34304962615));
#8367 = CARTESIAN_POINT('',(1.769918666252,-82.88882749912));
#8368 = CARTESIAN_POINT('',(1.776051937957,-91.89776179795));
#8369 = CARTESIAN_POINT('',(1.780888213744,-101.2291315561));
#8370 = CARTESIAN_POINT('',(1.784479173288,-110.7781563741));
#8371 = CARTESIAN_POINT('',(1.786862525981,-120.4652705135));
#8372 = CARTESIAN_POINT('',(1.788057051153,-130.2259601234));
#8373 = CARTESIAN_POINT('',(1.788057051153,-140.));
#8374 = ( GEOMETRIC_REPRESENTATION_CONTEXT(2) 
PARAMETRIC_REPRESENTATION_CONTEXT() REPRESENTATION_CONTEXT('2D SPACE',''
  ) );
#8375 = PCURVE('',#8376,#8381);
#8376 = CYLINDRICAL_SURFACE('',#8377,104.);
#8377 = AXIS2_PLACEMENT_3D('',#8378,#8379,#8380);
#8378 = CARTESIAN_POINT('',(-90.,100.,0.));
#8379 = DIRECTION('',(0.,0.,1.));
#8380 = DIRECTION('',(0.,-1.,0.));
#8381 = DEFINITIONAL_REPRESENTATION('',(#8382),#8399);
#8382 = B_SPLINE_CURVE_WITH_KNOTS('',8,(#8383,#8384,#8385,#8386,#8387,
    #8388,#8389,#8390,#8391,#8392,#8393,#8394,#8395,#8396,#8397,#8398),
  .UNSPECIFIED.,.F.,.F.,(9,7,9),(0.,0.445361404851,1.),.UNSPECIFIED.);
#8383 = CARTESIAN_POINT('',(0.,93.488693395958));
#8384 = CARTESIAN_POINT('',(-0.108428789807,92.355353042163));
#8385 = CARTESIAN_POINT('',(-0.214093943615,91.086971636586));
#8386 = CARTESIAN_POINT('',(-0.317076618738,89.716797679751));
#8387 = CARTESIAN_POINT('',(-0.417329170326,88.290323846064));
#8388 = CARTESIAN_POINT('',(-0.514687093068,86.859977606856));
#8389 = CARTESIAN_POINT('',(-0.608848239119,85.477610454596));
#8390 = CARTESIAN_POINT('',(-0.699332659998,84.18647349201));
#8391 = CARTESIAN_POINT('',(-0.892581339525,81.560411846881));
#8392 = CARTESIAN_POINT('',(-0.995659267383,80.255130610362));
#8393 = CARTESIAN_POINT('',(-1.095541710429,79.136448253436));
#8394 = CARTESIAN_POINT('',(-1.192953768291,78.226162286417));
#8395 = CARTESIAN_POINT('',(-1.288552440612,77.536524974789));
#8396 = CARTESIAN_POINT('',(-1.382962333156,77.074159123574));
#8397 = CARTESIAN_POINT('',(-1.476815174136,76.842420460005));
#8398 = CARTESIAN_POINT('',(-1.570796326795,76.842420460005));
#8399 = ( GEOMETRIC_REPRESENTATION_CONTEXT(2) 
PARAMETRIC_REPRESENTATION_CONTEXT() REPRESENTATION_CONTEXT('2D SPACE',''
  ) );
#8400 = ADVANCED_FACE('',(#8401),#8038,.F.);
#8401 = FACE_BOUND('',#8402,.F.);
#8402 = EDGE_LOOP('',(#8403,#8438,#8459,#8460));
#8403 = ORIENTED_EDGE('',*,*,#8404,.T.);
#8404 = EDGE_CURVE('',#8405,#8407,#8409,.T.);
#8405 = VERTEX_POINT('',#8406);
#8406 = CARTESIAN_POINT('',(90.,-4.,88.463362525376));
#8407 = VERTEX_POINT('',#8408);
#8408 = CARTESIAN_POINT('',(-90.,-4.,88.463362525376));
#8409 = SURFACE_CURVE('',#8410,(#8415,#8426),.PCURVE_S1.);
#8410 = CIRCLE('',#8411,895.);
#8411 = AXIS2_PLACEMENT_3D('',#8412,#8413,#8414);
#8412 = CARTESIAN_POINT('',(0.,-4.,-802.));
#8413 = DIRECTION('',(0.,-1.,0.));
#8414 = DIRECTION('',(1.,0.,0.));
#8415 = PCURVE('',#8038,#8416);
#8416 = DEFINITIONAL_REPRESENTATION('',(#8417),#8425);
#8417 = ( BOUNDED_CURVE() B_SPLINE_CURVE(2,(#8418,#8419,#8420,#8421,
#8422,#8423,#8424),.UNSPECIFIED.,.T.,.F.) B_SPLINE_CURVE_WITH_KNOTS((1,2
    ,2,2,2,1),(-2.094395102393,0.,2.094395102393,4.188790204786,
6.28318530718,8.377580409573),.UNSPECIFIED.) CURVE() 
GEOMETRIC_REPRESENTATION_ITEM() RATIONAL_B_SPLINE_CURVE((1.,0.5,1.,0.5,
1.,0.5,1.)) REPRESENTATION_ITEM('') );
#8418 = CARTESIAN_POINT('',(1.089E+03,802.));
#8419 = CARTESIAN_POINT('',(1.089E+03,-748.1854727741));
#8420 = CARTESIAN_POINT('',(-253.5,26.907263612927));
#8421 = CARTESIAN_POINT('',(-1.596E+03,802.));
#8422 = CARTESIAN_POINT('',(-253.5,1.577092736387E+03));
#8423 = CARTESIAN_POINT('',(1.089E+03,2.352185472774E+03));
#8424 = CARTESIAN_POINT('',(1.089E+03,802.));
#8425 = ( GEOMETRIC_REPRESENTATION_CONTEXT(2) 
PARAMETRIC_REPRESENTATION_CONTEXT() REPRESENTATION_CONTEXT('2D SPACE',''
  ) );
#8426 = PCURVE('',#8427,#8432);
#8427 = CYLINDRICAL_SURFACE('',#8428,895.);
#8428 = AXIS2_PLACEMENT_3D('',#8429,#8430,#8431);
#8429 = CARTESIAN_POINT('',(0.,-40.,-802.));
#8430 = DIRECTION('',(0.,-1.,0.));
#8431 = DIRECTION('',(1.,0.,0.));
#8432 = DEFINITIONAL_REPRESENTATION('',(#8433),#8437);
#8433 = LINE('',#8434,#8435);
#8434 = CARTESIAN_POINT('',(0.,-36.));
#8435 = VECTOR('',#8436,1.);
#8436 = DIRECTION('',(1.,0.));
#8437 = ( GEOMETRIC_REPRESENTATION_CONTEXT(2) 
PARAMETRIC_REPRESENTATION_CONTEXT() REPRESENTATION_CONTEXT('2D SPACE',''
  ) );
#8438 = ORIENTED_EDGE('',*,*,#8439,.T.);
#8439 = EDGE_CURVE('',#8407,#8017,#8440,.T.);
#8440 = SURFACE_CURVE('',#8441,(#8445,#8452),.PCURVE_S1.);
#8441 = LINE('',#8442,#8443);
#8442 = CARTESIAN_POINT('',(-90.,-4.,0.));
#8443 = VECTOR('',#8444,1.);
#8444 = DIRECTION('',(0.,0.,1.));
#8445 = PCURVE('',#8038,#8446);
#8446 = DEFINITIONAL_REPRESENTATION('',(#8447),#8451);
#8447 = LINE('',#8448,#8449);
#8448 = CARTESIAN_POINT('',(104.,0.));
#8449 = VECTOR('',#8450,1.);
#8450 = DIRECTION('',(0.,-1.));
#8451 = ( GEOMETRIC_REPRESENTATION_CONTEXT(2) 
PARAMETRIC_REPRESENTATION_CONTEXT() REPRESENTATION_CONTEXT('2D SPACE',''
  ) );
#8452 = PCURVE('',#8376,#8453);
#8453 = DEFINITIONAL_REPRESENTATION('',(#8454),#8458);
#8454 = LINE('',#8455,#8456);
#8455 = CARTESIAN_POINT('',(-0.,0.));
#8456 = VECTOR('',#8457,1.);
#8457 = DIRECTION('',(-0.,1.));
#8458 = ( GEOMETRIC_REPRESENTATION_CONTEXT(2) 
PARAMETRIC_REPRESENTATION_CONTEXT() REPRESENTATION_CONTEXT('2D SPACE',''
  ) );
#8459 = ORIENTED_EDGE('',*,*,#8014,.F.);
#8460 = ORIENTED_EDGE('',*,*,#8461,.F.);
#8461 = EDGE_CURVE('',#8405,#8015,#8462,.T.);
#8462 = SURFACE_CURVE('',#8463,(#8467,#8474),.PCURVE_S1.);
#8463 = LINE('',#8464,#8465);
#8464 = CARTESIAN_POINT('',(90.,-4.,0.));
#8465 = VECTOR('',#8466,1.);
#8466 = DIRECTION('',(0.,0.,1.));
#8467 = PCURVE('',#8038,#8468);
#8468 = DEFINITIONAL_REPRESENTATION('',(#8469),#8473);
#8469 = LINE('',#8470,#8471);
#8470 = CARTESIAN_POINT('',(284.,0.));
#8471 = VECTOR('',#8472,1.);
#8472 = DIRECTION('',(0.,-1.));
#8473 = ( GEOMETRIC_REPRESENTATION_CONTEXT(2) 
PARAMETRIC_REPRESENTATION_CONTEXT() REPRESENTATION_CONTEXT('2D SPACE',''
  ) );
#8474 = PCURVE('',#8096,#8475);
#8475 = DEFINITIONAL_REPRESENTATION('',(#8476),#8480);
#8476 = LINE('',#8477,#8478);
#8477 = CARTESIAN_POINT('',(0.,0.));
#8478 = VECTOR('',#8479,1.);
#8479 = DIRECTION('',(0.,1.));
#8480 = ( GEOMETRIC_REPRESENTATION_CONTEXT(2) 
PARAMETRIC_REPRESENTATION_CONTEXT() REPRESENTATION_CONTEXT('2D SPACE',''
  ) );
#8481 = ADVANCED_FACE('',(#8482),#8376,.T.);
#8482 = FACE_BOUND('',#8483,.F.);
#8483 = EDGE_LOOP('',(#8484,#8485,#8547,#8568));
#8484 = ORIENTED_EDGE('',*,*,#8439,.F.);
#8485 = ORIENTED_EDGE('',*,*,#8486,.T.);
#8486 = EDGE_CURVE('',#8407,#8487,#8489,.T.);
#8487 = VERTEX_POINT('',#8488);
#8488 = CARTESIAN_POINT('',(-194.,100.,71.721351461666));
#8489 = SURFACE_CURVE('',#8490,(#8507,#8527),.PCURVE_S1.);
#8490 = B_SPLINE_CURVE_WITH_KNOTS('',8,(#8491,#8492,#8493,#8494,#8495,
    #8496,#8497,#8498,#8499,#8500,#8501,#8502,#8503,#8504,#8505,#8506),
  .UNSPECIFIED.,.F.,.F.,(9,7,9),(0.,0.445391499162,1.),.UNSPECIFIED.);
#8491 = CARTESIAN_POINT('',(-90.,-4.,88.463362525377));
#8492 = CARTESIAN_POINT('',(-101.2770392694,-4.,87.323581174492));
#8493 = CARTESIAN_POINT('',(-112.2663113472,-2.602510313918,
    86.048000007494));
#8494 = CARTESIAN_POINT('',(-122.7743512399,6.766105579653E-02,
    84.670055844341));
#8495 = CARTESIAN_POINT('',(-132.6374833223,3.861028759614,
    83.23548866381));
#8496 = CARTESIAN_POINT('',(-141.7230376552,8.603955066539,
    81.797003329308));
#8497 = CARTESIAN_POINT('',(-149.9329502948,14.099921707344,
    80.406726623274));
#8498 = CARTESIAN_POINT('',(-157.2096725327,20.131462045984,
    79.1081456809));
#8499 = CARTESIAN_POINT('',(-171.4206144176,34.342403930865,
    76.466981061186));
#8500 = CARTESIAN_POINT('',(-178.0351275876,42.887649467602,
    75.154178473596));
#8501 = CARTESIAN_POINT('',(-183.4408945412,51.89627967544,
    74.028972584402));
#8502 = CARTESIAN_POINT('',(-187.6976125812,61.227609840013,
    73.11332251293));
#8503 = CARTESIAN_POINT('',(-190.8553086382,70.776840348346,
    72.41959093878));
#8504 = CARTESIAN_POINT('',(-192.95010258,80.46434086519,71.954470172899
    ));
#8505 = CARTESIAN_POINT('',(-194.,90.225503515262,71.721351461666));
#8506 = CARTESIAN_POINT('',(-194.,100.,71.721351461666));
#8507 = PCURVE('',#8376,#8508);
#8508 = DEFINITIONAL_REPRESENTATION('',(#8509),#8526);
#8509 = B_SPLINE_CURVE_WITH_KNOTS('',8,(#8510,#8511,#8512,#8513,#8514,
    #8515,#8516,#8517,#8518,#8519,#8520,#8521,#8522,#8523,#8524,#8525),
  .UNSPECIFIED.,.F.,.F.,(9,7,9),(0.,0.445391499162,1.),.UNSPECIFIED.);
#8510 = CARTESIAN_POINT('',(0.,88.463362525377));
#8511 = CARTESIAN_POINT('',(-0.108433069899,87.323581174492));
#8512 = CARTESIAN_POINT('',(-0.21409917262,86.048000007494));
#8513 = CARTESIAN_POINT('',(-0.317080613168,84.670055844341));
#8514 = CARTESIAN_POINT('',(-0.417330699235,83.23548866381));
#8515 = CARTESIAN_POINT('',(-0.514685853913,81.797003329308));
#8516 = CARTESIAN_POINT('',(-0.608844940201,80.406726623274));
#8517 = CARTESIAN_POINT('',(-0.699329225114,79.1081456809));
#8518 = CARTESIAN_POINT('',(-0.892572559226,76.466981061186));
#8519 = CARTESIAN_POINT('',(-0.995645399101,75.154178473596));
#8520 = CARTESIAN_POINT('',(-1.095525821929,74.028972584402));
#8521 = CARTESIAN_POINT('',(-1.192938412071,73.11332251293));
#8522 = CARTESIAN_POINT('',(-1.288539608715,72.41959093878));
#8523 = CARTESIAN_POINT('',(-1.38295339434,71.954470172899));
#8524 = CARTESIAN_POINT('',(-1.476810783672,71.721351461666));
#8525 = CARTESIAN_POINT('',(-1.570796326795,71.721351461666));
#8526 = ( GEOMETRIC_REPRESENTATION_CONTEXT(2) 
PARAMETRIC_REPRESENTATION_CONTEXT() REPRESENTATION_CONTEXT('2D SPACE',''
  ) );
#8527 = PCURVE('',#8427,#8528);
#8528 = DEFINITIONAL_REPRESENTATION('',(#8529),#8546);
#8529 = B_SPLINE_CURVE_WITH_KNOTS('',8,(#8530,#8531,#8532,#8533,#8534,
    #8535,#8536,#8537,#8538,#8539,#8540,#8541,#8542,#8543,#8544,#8545),
  .UNSPECIFIED.,.F.,.F.,(9,7,9),(0.,0.445391499162,1.),.UNSPECIFIED.);
#8530 = CARTESIAN_POINT('',(1.671525237469,-36.));
#8531 = CARTESIAN_POINT('',(1.684189474701,-36.));
#8532 = CARTESIAN_POINT('',(1.696549072236,-37.39748968608));
#8533 = CARTESIAN_POINT('',(1.708388300585,-40.06766105578));
#8534 = CARTESIAN_POINT('',(1.719522544696,-43.86102875962));
#8535 = CARTESIAN_POINT('',(1.729799188077,-48.60395506653));
#8536 = CARTESIAN_POINT('',(1.739102244768,-54.09992170734));
#8537 = CARTESIAN_POINT('',(1.747360898601,-60.13146204598));
#8538 = CARTESIAN_POINT('',(1.763510947948,-74.34240393086));
#8539 = CARTESIAN_POINT('',(1.771045063485,-82.88764946758));
#8540 = CARTESIAN_POINT('',(1.777214158241,-91.8962796755));
#8541 = CARTESIAN_POINT('',(1.782078956318,-101.2276098399));
#8542 = CARTESIAN_POINT('',(1.785691239042,-110.7768403484));
#8543 = CARTESIAN_POINT('',(1.788088792406,-120.4643408651));
#8544 = CARTESIAN_POINT('',(1.789290431212,-130.2255035152));
#8545 = CARTESIAN_POINT('',(1.789290431212,-140.));
#8546 = ( GEOMETRIC_REPRESENTATION_CONTEXT(2) 
PARAMETRIC_REPRESENTATION_CONTEXT() REPRESENTATION_CONTEXT('2D SPACE',''
  ) );
#8547 = ORIENTED_EDGE('',*,*,#8548,.T.);
#8548 = EDGE_CURVE('',#8487,#8311,#8549,.T.);
#8549 = SURFACE_CURVE('',#8550,(#8554,#8561),.PCURVE_S1.);
#8550 = LINE('',#8551,#8552);
#8551 = CARTESIAN_POINT('',(-194.,100.,0.));
#8552 = VECTOR('',#8553,1.);
#8553 = DIRECTION('',(0.,0.,1.));
#8554 = PCURVE('',#8376,#8555);
#8555 = DEFINITIONAL_REPRESENTATION('',(#8556),#8560);
#8556 = LINE('',#8557,#8558);
#8557 = CARTESIAN_POINT('',(-1.570796326795,0.));
#8558 = VECTOR('',#8559,1.);
#8559 = DIRECTION('',(-0.,1.));
#8560 = ( GEOMETRIC_REPRESENTATION_CONTEXT(2) 
PARAMETRIC_REPRESENTATION_CONTEXT() REPRESENTATION_CONTEXT('2D SPACE',''
  ) );
#8561 = PCURVE('',#8325,#8562);
#8562 = DEFINITIONAL_REPRESENTATION('',(#8563),#8567);
#8563 = LINE('',#8564,#8565);
#8564 = CARTESIAN_POINT('',(444.,0.));
#8565 = VECTOR('',#8566,1.);
#8566 = DIRECTION('',(0.,-1.));
#8567 = ( GEOMETRIC_REPRESENTATION_CONTEXT(2) 
PARAMETRIC_REPRESENTATION_CONTEXT() REPRESENTATION_CONTEXT('2D SPACE',''
  ) );
#8568 = ORIENTED_EDGE('',*,*,#8336,.F.);
#8569 = ADVANCED_FACE('',(#8570),#8325,.F.);
#8570 = FACE_BOUND('',#8571,.F.);
#8571 = EDGE_LOOP('',(#8572,#8593,#8614,#8615));
#8572 = ORIENTED_EDGE('',*,*,#8573,.F.);
#8573 = EDGE_CURVE('',#8574,#8487,#8576,.T.);
#8574 = VERTEX_POINT('',#8575);
#8575 = CARTESIAN_POINT('',(-194.,440.,71.721351461666));
#8576 = SURFACE_CURVE('',#8577,(#8581,#8587),.PCURVE_S1.);
#8577 = LINE('',#8578,#8579);
#8578 = CARTESIAN_POINT('',(-194.,-40.,71.721351461666));
#8579 = VECTOR('',#8580,1.);
#8580 = DIRECTION('',(0.,-1.,0.));
#8581 = PCURVE('',#8325,#8582);
#8582 = DEFINITIONAL_REPRESENTATION('',(#8583),#8586);
#8583 = B_SPLINE_CURVE_WITH_KNOTS('',1,(#8584,#8585),.UNSPECIFIED.,.F.,
  .F.,(2,2),(-514.,-106.),.PIECEWISE_BEZIER_KNOTS.);
#8584 = CARTESIAN_POINT('',(70.,-71.72135146166));
#8585 = CARTESIAN_POINT('',(478.,-71.72135146166));
#8586 = ( GEOMETRIC_REPRESENTATION_CONTEXT(2) 
PARAMETRIC_REPRESENTATION_CONTEXT() REPRESENTATION_CONTEXT('2D SPACE',''
  ) );
#8587 = PCURVE('',#8427,#8588);
#8588 = DEFINITIONAL_REPRESENTATION('',(#8589),#8592);
#8589 = B_SPLINE_CURVE_WITH_KNOTS('',1,(#8590,#8591),.UNSPECIFIED.,.F.,
  .F.,(2,2),(-514.,-106.),.PIECEWISE_BEZIER_KNOTS.);
#8590 = CARTESIAN_POINT('',(1.789290431212,-514.));
#8591 = CARTESIAN_POINT('',(1.789290431212,-106.));
#8592 = ( GEOMETRIC_REPRESENTATION_CONTEXT(2) 
PARAMETRIC_REPRESENTATION_CONTEXT() REPRESENTATION_CONTEXT('2D SPACE',''
  ) );
#8593 = ORIENTED_EDGE('',*,*,#8594,.T.);
#8594 = EDGE_CURVE('',#8574,#8244,#8595,.T.);
#8595 = SURFACE_CURVE('',#8596,(#8600,#8607),.PCURVE_S1.);
#8596 = LINE('',#8597,#8598);
#8597 = CARTESIAN_POINT('',(-194.,440.,0.));
#8598 = VECTOR('',#8599,1.);
#8599 = DIRECTION('',(0.,0.,1.));
#8600 = PCURVE('',#8325,#8601);
#8601 = DEFINITIONAL_REPRESENTATION('',(#8602),#8606);
#8602 = LINE('',#8603,#8604);
#8603 = CARTESIAN_POINT('',(104.,0.));
#8604 = VECTOR('',#8605,1.);
#8605 = DIRECTION('',(0.,-1.));
#8606 = ( GEOMETRIC_REPRESENTATION_CONTEXT(2) 
PARAMETRIC_REPRESENTATION_CONTEXT() REPRESENTATION_CONTEXT('2D SPACE',''
  ) );
#8607 = PCURVE('',#8285,#8608);
#8608 = DEFINITIONAL_REPRESENTATION('',(#8609),#8613);
#8609 = LINE('',#8610,#8611);
#8610 = CARTESIAN_POINT('',(1.570796326795,0.));
#8611 = VECTOR('',#8612,1.);
#8612 = DIRECTION('',(0.,1.));
#8613 = ( GEOMETRIC_REPRESENTATION_CONTEXT(2) 
PARAMETRIC_REPRESENTATION_CONTEXT() REPRESENTATION_CONTEXT('2D SPACE',''
  ) );
#8614 = ORIENTED_EDGE('',*,*,#8310,.T.);
#8615 = ORIENTED_EDGE('',*,*,#8548,.F.);
#8616 = ADVANCED_FACE('',(#8617),#8285,.T.);
#8617 = FACE_BOUND('',#8618,.T.);
#8618 = EDGE_LOOP('',(#8619,#8642,#8702,#8703));
#8619 = ORIENTED_EDGE('',*,*,#8620,.F.);
#8620 = EDGE_CURVE('',#8621,#8215,#8623,.T.);
#8621 = VERTEX_POINT('',#8622);
#8622 = CARTESIAN_POINT('',(-90.,544.,88.463362525376));
#8623 = SURFACE_CURVE('',#8624,(#8628,#8635),.PCURVE_S1.);
#8624 = LINE('',#8625,#8626);
#8625 = CARTESIAN_POINT('',(-90.,544.,0.));
#8626 = VECTOR('',#8627,1.);
#8627 = DIRECTION('',(0.,0.,1.));
#8628 = PCURVE('',#8285,#8629);
#8629 = DEFINITIONAL_REPRESENTATION('',(#8630),#8634);
#8630 = LINE('',#8631,#8632);
#8631 = CARTESIAN_POINT('',(0.,0.));
#8632 = VECTOR('',#8633,1.);
#8633 = DIRECTION('',(0.,1.));
#8634 = ( GEOMETRIC_REPRESENTATION_CONTEXT(2) 
PARAMETRIC_REPRESENTATION_CONTEXT() REPRESENTATION_CONTEXT('2D SPACE',''
  ) );
#8635 = PCURVE('',#8231,#8636);
#8636 = DEFINITIONAL_REPRESENTATION('',(#8637),#8641);
#8637 = LINE('',#8638,#8639);
#8638 = CARTESIAN_POINT('',(284.,0.));
#8639 = VECTOR('',#8640,1.);
#8640 = DIRECTION('',(0.,-1.));
#8641 = ( GEOMETRIC_REPRESENTATION_CONTEXT(2) 
PARAMETRIC_REPRESENTATION_CONTEXT() REPRESENTATION_CONTEXT('2D SPACE',''
  ) );
#8642 = ORIENTED_EDGE('',*,*,#8643,.T.);
#8643 = EDGE_CURVE('',#8621,#8574,#8644,.T.);
#8644 = SURFACE_CURVE('',#8645,(#8662,#8682),.PCURVE_S1.);
#8645 = B_SPLINE_CURVE_WITH_KNOTS('',8,(#8646,#8647,#8648,#8649,#8650,
    #8651,#8652,#8653,#8654,#8655,#8656,#8657,#8658,#8659,#8660,#8661),
  .UNSPECIFIED.,.F.,.F.,(9,7,9),(0.,0.445391499129,1.),.UNSPECIFIED.);
#8646 = CARTESIAN_POINT('',(-90.,544.,88.463362525377));
#8647 = CARTESIAN_POINT('',(-101.277039271,544.,87.323581174335));
#8648 = CARTESIAN_POINT('',(-112.2663113405,542.6025103148,
    86.048000008259));
#8649 = CARTESIAN_POINT('',(-122.7743512537,539.93233894079,
    84.670055842625));
#8650 = CARTESIAN_POINT('',(-132.6374833059,536.13897124633,
    83.235488666014));
#8651 = CARTESIAN_POINT('',(-141.7230376668,531.39604492767,
    81.797003327612));
#8652 = CARTESIAN_POINT('',(-149.9329502901,525.90007829582,
    80.406726624023));
#8653 = CARTESIAN_POINT('',(-157.2096725336,519.86853795318,
    79.108145680746));
#8654 = CARTESIAN_POINT('',(-171.4206144176,505.6575960691,
    76.466981061181));
#8655 = CARTESIAN_POINT('',(-178.0351275875,497.11235053249,
    75.154178473614));
#8656 = CARTESIAN_POINT('',(-183.4408945414,488.10372032443,
    74.028972584375));
#8657 = CARTESIAN_POINT('',(-187.6976125811,478.77239015999,
    73.113322512952));
#8658 = CARTESIAN_POINT('',(-190.8553086382,469.22315965177,
    72.419590938771));
#8659 = CARTESIAN_POINT('',(-192.95010258,459.53565913469,71.9544701729)
  );
#8660 = CARTESIAN_POINT('',(-194.,449.77449648477,71.721351461666));
#8661 = CARTESIAN_POINT('',(-194.,440.,71.721351461666));
#8662 = PCURVE('',#8285,#8663);
#8663 = DEFINITIONAL_REPRESENTATION('',(#8664),#8681);
#8664 = B_SPLINE_CURVE_WITH_KNOTS('',8,(#8665,#8666,#8667,#8668,#8669,
    #8670,#8671,#8672,#8673,#8674,#8675,#8676,#8677,#8678,#8679,#8680),
  .UNSPECIFIED.,.F.,.F.,(9,7,9),(0.,0.445391499129,1.),.UNSPECIFIED.);
#8665 = CARTESIAN_POINT('',(0.,88.463362525377));
#8666 = CARTESIAN_POINT('',(0.108433069914,87.323581174335));
#8667 = CARTESIAN_POINT('',(0.214099172553,86.048000008259));
#8668 = CARTESIAN_POINT('',(0.317080613311,84.670055842625));
#8669 = CARTESIAN_POINT('',(0.417330699058,83.235488666014));
#8670 = CARTESIAN_POINT('',(0.514685854045,81.797003327612));
#8671 = CARTESIAN_POINT('',(0.608844940144,80.406726624023));
#8672 = CARTESIAN_POINT('',(0.699329225125,79.108145680746));
#8673 = CARTESIAN_POINT('',(0.892572559227,76.466981061181));
#8674 = CARTESIAN_POINT('',(0.9956453991,75.154178473614));
#8675 = CARTESIAN_POINT('',(1.095525821931,74.028972584375));
#8676 = CARTESIAN_POINT('',(1.192938412071,73.113322512952));
#8677 = CARTESIAN_POINT('',(1.288539608714,72.419590938771));
#8678 = CARTESIAN_POINT('',(1.382953394341,71.9544701729));
#8679 = CARTESIAN_POINT('',(1.476810783672,71.721351461666));
#8680 = CARTESIAN_POINT('',(1.570796326795,71.721351461666));
#8681 = ( GEOMETRIC_REPRESENTATION_CONTEXT(2) 
PARAMETRIC_REPRESENTATION_CONTEXT() REPRESENTATION_CONTEXT('2D SPACE',''
  ) );
#8682 = PCURVE('',#8427,#8683);
#8683 = DEFINITIONAL_REPRESENTATION('',(#8684),#8701);
#8684 = B_SPLINE_CURVE_WITH_KNOTS('',8,(#8685,#8686,#8687,#8688,#8689,
    #8690,#8691,#8692,#8693,#8694,#8695,#8696,#8697,#8698,#8699,#8700),
  .UNSPECIFIED.,.F.,.F.,(9,7,9),(0.,0.445391499129,1.),.UNSPECIFIED.);
#8685 = CARTESIAN_POINT('',(1.671525237469,-584.));
#8686 = CARTESIAN_POINT('',(1.684189474703,-584.));
#8687 = CARTESIAN_POINT('',(1.696549072229,-582.6025103148));
#8688 = CARTESIAN_POINT('',(1.708388300601,-579.9323389407));
#8689 = CARTESIAN_POINT('',(1.719522544677,-576.1389712463));
#8690 = CARTESIAN_POINT('',(1.72979918809,-571.3960449276));
#8691 = CARTESIAN_POINT('',(1.739102244763,-565.9000782958));
#8692 = CARTESIAN_POINT('',(1.747360898602,-559.8685379531));
#8693 = CARTESIAN_POINT('',(1.763510947948,-545.6575960691));
#8694 = CARTESIAN_POINT('',(1.771045063484,-537.1123505324));
#8695 = CARTESIAN_POINT('',(1.777214158241,-528.1037203244));
#8696 = CARTESIAN_POINT('',(1.782078956318,-518.7723901599));
#8697 = CARTESIAN_POINT('',(1.785691239042,-509.2231596517));
#8698 = CARTESIAN_POINT('',(1.788088792406,-499.5356591346));
#8699 = CARTESIAN_POINT('',(1.789290431212,-489.7744964847));
#8700 = CARTESIAN_POINT('',(1.789290431212,-480.));
#8701 = ( GEOMETRIC_REPRESENTATION_CONTEXT(2) 
PARAMETRIC_REPRESENTATION_CONTEXT() REPRESENTATION_CONTEXT('2D SPACE',''
  ) );
#8702 = ORIENTED_EDGE('',*,*,#8594,.T.);
#8703 = ORIENTED_EDGE('',*,*,#8243,.F.);
#8704 = ADVANCED_FACE('',(#8705),#8231,.F.);
#8705 = FACE_BOUND('',#8706,.F.);
#8706 = EDGE_LOOP('',(#8707,#8731,#8752,#8753));
#8707 = ORIENTED_EDGE('',*,*,#8708,.F.);
#8708 = EDGE_CURVE('',#8709,#8621,#8711,.T.);
#8709 = VERTEX_POINT('',#8710);
#8710 = CARTESIAN_POINT('',(90.,544.,88.463362525376));
#8711 = SURFACE_CURVE('',#8712,(#8717,#8724),.PCURVE_S1.);
#8712 = CIRCLE('',#8713,895.);
#8713 = AXIS2_PLACEMENT_3D('',#8714,#8715,#8716);
#8714 = CARTESIAN_POINT('',(0.,544.,-802.));
#8715 = DIRECTION('',(0.,-1.,0.));
#8716 = DIRECTION('',(1.,0.,0.));
#8717 = PCURVE('',#8231,#8718);
#8718 = DEFINITIONAL_REPRESENTATION('',(#8719),#8723);
#8719 = CIRCLE('',#8720,895.);
#8720 = AXIS2_PLACEMENT_2D('',#8721,#8722);
#8721 = CARTESIAN_POINT('',(194.,802.));
#8722 = DIRECTION('',(-1.,-0.));
#8723 = ( GEOMETRIC_REPRESENTATION_CONTEXT(2) 
PARAMETRIC_REPRESENTATION_CONTEXT() REPRESENTATION_CONTEXT('2D SPACE',''
  ) );
#8724 = PCURVE('',#8427,#8725);
#8725 = DEFINITIONAL_REPRESENTATION('',(#8726),#8730);
#8726 = LINE('',#8727,#8728);
#8727 = CARTESIAN_POINT('',(0.,-584.));
#8728 = VECTOR('',#8729,1.);
#8729 = DIRECTION('',(1.,0.));
#8730 = ( GEOMETRIC_REPRESENTATION_CONTEXT(2) 
PARAMETRIC_REPRESENTATION_CONTEXT() REPRESENTATION_CONTEXT('2D SPACE',''
  ) );
#8731 = ORIENTED_EDGE('',*,*,#8732,.T.);
#8732 = EDGE_CURVE('',#8709,#8148,#8733,.T.);
#8733 = SURFACE_CURVE('',#8734,(#8738,#8745),.PCURVE_S1.);
#8734 = LINE('',#8735,#8736);
#8735 = CARTESIAN_POINT('',(90.,544.,0.));
#8736 = VECTOR('',#8737,1.);
#8737 = DIRECTION('',(0.,0.,1.));
#8738 = PCURVE('',#8231,#8739);
#8739 = DEFINITIONAL_REPRESENTATION('',(#8740),#8744);
#8740 = LINE('',#8741,#8742);
#8741 = CARTESIAN_POINT('',(104.,0.));
#8742 = VECTOR('',#8743,1.);
#8743 = DIRECTION('',(0.,-1.));
#8744 = ( GEOMETRIC_REPRESENTATION_CONTEXT(2) 
PARAMETRIC_REPRESENTATION_CONTEXT() REPRESENTATION_CONTEXT('2D SPACE',''
  ) );
#8745 = PCURVE('',#8189,#8746);
#8746 = DEFINITIONAL_REPRESENTATION('',(#8747),#8751);
#8747 = LINE('',#8748,#8749);
#8748 = CARTESIAN_POINT('',(1.570796326795,0.));
#8749 = VECTOR('',#8750,1.);
#8750 = DIRECTION('',(0.,1.));
#8751 = ( GEOMETRIC_REPRESENTATION_CONTEXT(2) 
PARAMETRIC_REPRESENTATION_CONTEXT() REPRESENTATION_CONTEXT('2D SPACE',''
  ) );
#8752 = ORIENTED_EDGE('',*,*,#8214,.T.);
#8753 = ORIENTED_EDGE('',*,*,#8620,.F.);
#8754 = ADVANCED_FACE('',(#8755),#8189,.T.);
#8755 = FACE_BOUND('',#8756,.T.);
#8756 = EDGE_LOOP('',(#8757,#8780,#8840,#8841));
#8757 = ORIENTED_EDGE('',*,*,#8758,.F.);
#8758 = EDGE_CURVE('',#8759,#8122,#8761,.T.);
#8759 = VERTEX_POINT('',#8760);
#8760 = CARTESIAN_POINT('',(194.,440.,71.721351461666));
#8761 = SURFACE_CURVE('',#8762,(#8766,#8773),.PCURVE_S1.);
#8762 = LINE('',#8763,#8764);
#8763 = CARTESIAN_POINT('',(194.,440.,0.));
#8764 = VECTOR('',#8765,1.);
#8765 = DIRECTION('',(0.,0.,1.));
#8766 = PCURVE('',#8189,#8767);
#8767 = DEFINITIONAL_REPRESENTATION('',(#8768),#8772);
#8768 = LINE('',#8769,#8770);
#8769 = CARTESIAN_POINT('',(0.,0.));
#8770 = VECTOR('',#8771,1.);
#8771 = DIRECTION('',(0.,1.));
#8772 = ( GEOMETRIC_REPRESENTATION_CONTEXT(2) 
PARAMETRIC_REPRESENTATION_CONTEXT() REPRESENTATION_CONTEXT('2D SPACE',''
  ) );
#8773 = PCURVE('',#8136,#8774);
#8774 = DEFINITIONAL_REPRESENTATION('',(#8775),#8779);
#8775 = LINE('',#8776,#8777);
#8776 = CARTESIAN_POINT('',(444.,0.));
#8777 = VECTOR('',#8778,1.);
#8778 = DIRECTION('',(0.,-1.));
#8779 = ( GEOMETRIC_REPRESENTATION_CONTEXT(2) 
PARAMETRIC_REPRESENTATION_CONTEXT() REPRESENTATION_CONTEXT('2D SPACE',''
  ) );
#8780 = ORIENTED_EDGE('',*,*,#8781,.T.);
#8781 = EDGE_CURVE('',#8759,#8709,#8782,.T.);
#8782 = SURFACE_CURVE('',#8783,(#8800,#8820),.PCURVE_S1.);
#8783 = B_SPLINE_CURVE_WITH_KNOTS('',8,(#8784,#8785,#8786,#8787,#8788,
    #8789,#8790,#8791,#8792,#8793,#8794,#8795,#8796,#8797,#8798,#8799),
  .UNSPECIFIED.,.F.,.F.,(9,7,9),(0.,0.534562734691,1.),.UNSPECIFIED.);
#8784 = CARTESIAN_POINT('',(194.,440.,71.721351461666));
#8785 = CARTESIAN_POINT('',(194.,449.41376549072,71.721351461666));
#8786 = CARTESIAN_POINT('',(193.02616589668,458.81647459183,
    71.93758089586));
#8787 = CARTESIAN_POINT('',(191.08249295659,468.15335182865,
    72.369148539701));
#8788 = CARTESIAN_POINT('',(188.15368267971,477.36614821279,
    73.013089100999));
#8789 = CARTESIAN_POINT('',(184.20895217889,486.38431913704,
    73.863571195467));
#8790 = CARTESIAN_POINT('',(179.2052865218,495.11670369593,
    74.910022636204));
#8791 = CARTESIAN_POINT('',(173.09076550068,503.44258612072,
    76.134066821432));
#8792 = CARTESIAN_POINT('',(159.47584665853,517.94100210241,
    78.700878731781));
#8793 = CARTESIAN_POINT('',(152.1173792588,524.40134751973,
    80.034131585664));
#8794 = CARTESIAN_POINT('',(143.74201096917,530.31432007462,
    81.474866334351));
#8795 = CARTESIAN_POINT('',(134.40356662401,535.43960722136,
    82.976478560096));
#8796 = CARTESIAN_POINT('',(124.20188121967,539.55703737318,
    84.481370073398));
#8797 = CARTESIAN_POINT('',(113.2767731523,542.4686555187,
    85.930078502138));
#8798 = CARTESIAN_POINT('',(101.80476277029,544.,87.270243645882));
#8799 = CARTESIAN_POINT('',(90.,544.,88.463362525376));
#8800 = PCURVE('',#8189,#8801);
#8801 = DEFINITIONAL_REPRESENTATION('',(#8802),#8819);
#8802 = B_SPLINE_CURVE_WITH_KNOTS('',8,(#8803,#8804,#8805,#8806,#8807,
    #8808,#8809,#8810,#8811,#8812,#8813,#8814,#8815,#8816,#8817,#8818),
  .UNSPECIFIED.,.F.,.F.,(9,7,9),(0.,0.534562734691,1.),.UNSPECIFIED.);
#8803 = CARTESIAN_POINT('',(0.,71.721351461666));
#8804 = CARTESIAN_POINT('',(9.051697587236E-02,71.721351461666));
#8805 = CARTESIAN_POINT('',(0.180927679254,71.93758089586));
#8806 = CARTESIAN_POINT('',(0.271835228803,72.369148539701));
#8807 = CARTESIAN_POINT('',(0.36379966293,73.013089100999));
#8808 = CARTESIAN_POINT('',(0.457376071449,73.863571195467));
#8809 = CARTESIAN_POINT('',(0.553146873501,74.910022636204));
#8810 = CARTESIAN_POINT('',(0.651752543319,76.134066821432));
#8811 = CARTESIAN_POINT('',(0.842992386481,78.700878731781));
#8812 = CARTESIAN_POINT('',(0.936709797838,80.034131585664));
#8813 = CARTESIAN_POINT('',(1.034358261894,81.474866334351));
#8814 = CARTESIAN_POINT('',(1.135452284966,82.976478560096));
#8815 = CARTESIAN_POINT('',(1.239703823846,84.481370073398));
#8816 = CARTESIAN_POINT('',(1.346981163352,85.930078502138));
#8817 = CARTESIAN_POINT('',(1.457288992465,87.270243645882));
#8818 = CARTESIAN_POINT('',(1.570796326795,88.463362525376));
#8819 = ( GEOMETRIC_REPRESENTATION_CONTEXT(2) 
PARAMETRIC_REPRESENTATION_CONTEXT() REPRESENTATION_CONTEXT('2D SPACE',''
  ) );
#8820 = PCURVE('',#8427,#8821);
#8821 = DEFINITIONAL_REPRESENTATION('',(#8822),#8839);
#8822 = B_SPLINE_CURVE_WITH_KNOTS('',8,(#8823,#8824,#8825,#8826,#8827,
    #8828,#8829,#8830,#8831,#8832,#8833,#8834,#8835,#8836,#8837,#8838),
  .UNSPECIFIED.,.F.,.F.,(9,7,9),(0.,0.534562734691,1.),.UNSPECIFIED.);
#8823 = CARTESIAN_POINT('',(1.352302222378,-480.));
#8824 = CARTESIAN_POINT('',(1.352302222378,-489.4137654907));
#8825 = CARTESIAN_POINT('',(1.353416804443,-498.8164745918));
#8826 = CARTESIAN_POINT('',(1.355641395456,-508.1533518286));
#8827 = CARTESIAN_POINT('',(1.358991961967,-517.3661482127));
#8828 = CARTESIAN_POINT('',(1.36350067376,-526.384319137));
#8829 = CARTESIAN_POINT('',(1.369212058485,-535.1167036959));
#8830 = CARTESIAN_POINT('',(1.376179033469,-543.4425861207));
#8831 = CARTESIAN_POINT('',(1.391659218845,-557.9410021024));
#8832 = CARTESIAN_POINT('',(1.400014623688,-564.4013475197));
#8833 = CARTESIAN_POINT('',(1.409509377908,-570.3143200745));
#8834 = CARTESIAN_POINT('',(1.420076080166,-575.4396072214));
#8835 = CARTESIAN_POINT('',(1.431595777595,-579.5570373731));
#8836 = CARTESIAN_POINT('',(1.443907047261,-582.4686555187));
#8837 = CARTESIAN_POINT('',(1.456810539682,-584.));
#8838 = CARTESIAN_POINT('',(1.470067416121,-584.));
#8839 = ( GEOMETRIC_REPRESENTATION_CONTEXT(2) 
PARAMETRIC_REPRESENTATION_CONTEXT() REPRESENTATION_CONTEXT('2D SPACE',''
  ) );
#8840 = ORIENTED_EDGE('',*,*,#8732,.T.);
#8841 = ORIENTED_EDGE('',*,*,#8147,.F.);
#8842 = ADVANCED_FACE('',(#8843),#8136,.F.);
#8843 = FACE_BOUND('',#8844,.F.);
#8844 = EDGE_LOOP('',(#8845,#8866,#8887,#8888));
#8845 = ORIENTED_EDGE('',*,*,#8846,.T.);
#8846 = EDGE_CURVE('',#8759,#8847,#8849,.T.);
#8847 = VERTEX_POINT('',#8848);
#8848 = CARTESIAN_POINT('',(194.,100.,71.721351461666));
#8849 = SURFACE_CURVE('',#8850,(#8854,#8860),.PCURVE_S1.);
#8850 = LINE('',#8851,#8852);
#8851 = CARTESIAN_POINT('',(194.,-40.,71.721351461666));
#8852 = VECTOR('',#8853,1.);
#8853 = DIRECTION('',(0.,-1.,0.));
#8854 = PCURVE('',#8136,#8855);
#8855 = DEFINITIONAL_REPRESENTATION('',(#8856),#8859);
#8856 = B_SPLINE_CURVE_WITH_KNOTS('',1,(#8857,#8858),.UNSPECIFIED.,.F.,
  .F.,(2,2),(-514.,-106.),.PIECEWISE_BEZIER_KNOTS.);
#8857 = CARTESIAN_POINT('',(478.,-71.72135146166));
#8858 = CARTESIAN_POINT('',(70.,-71.72135146166));
#8859 = ( GEOMETRIC_REPRESENTATION_CONTEXT(2) 
PARAMETRIC_REPRESENTATION_CONTEXT() REPRESENTATION_CONTEXT('2D SPACE',''
  ) );
#8860 = PCURVE('',#8427,#8861);
#8861 = DEFINITIONAL_REPRESENTATION('',(#8862),#8865);
#8862 = B_SPLINE_CURVE_WITH_KNOTS('',1,(#8863,#8864),.UNSPECIFIED.,.F.,
  .F.,(2,2),(-514.,-106.),.PIECEWISE_BEZIER_KNOTS.);
#8863 = CARTESIAN_POINT('',(1.352302222378,-514.));
#8864 = CARTESIAN_POINT('',(1.352302222378,-106.));
#8865 = ( GEOMETRIC_REPRESENTATION_CONTEXT(2) 
PARAMETRIC_REPRESENTATION_CONTEXT() REPRESENTATION_CONTEXT('2D SPACE',''
  ) );
#8866 = ORIENTED_EDGE('',*,*,#8867,.T.);
#8867 = EDGE_CURVE('',#8847,#8055,#8868,.T.);
#8868 = SURFACE_CURVE('',#8869,(#8873,#8880),.PCURVE_S1.);
#8869 = LINE('',#8870,#8871);
#8870 = CARTESIAN_POINT('',(194.,100.,0.));
#8871 = VECTOR('',#8872,1.);
#8872 = DIRECTION('',(0.,0.,1.));
#8873 = PCURVE('',#8136,#8874);
#8874 = DEFINITIONAL_REPRESENTATION('',(#8875),#8879);
#8875 = LINE('',#8876,#8877);
#8876 = CARTESIAN_POINT('',(104.,0.));
#8877 = VECTOR('',#8878,1.);
#8878 = DIRECTION('',(0.,-1.));
#8879 = ( GEOMETRIC_REPRESENTATION_CONTEXT(2) 
PARAMETRIC_REPRESENTATION_CONTEXT() REPRESENTATION_CONTEXT('2D SPACE',''
  ) );
#8880 = PCURVE('',#8096,#8881);
#8881 = DEFINITIONAL_REPRESENTATION('',(#8882),#8886);
#8882 = LINE('',#8883,#8884);
#8883 = CARTESIAN_POINT('',(1.570796326795,0.));
#8884 = VECTOR('',#8885,1.);
#8885 = DIRECTION('',(0.,1.));
#8886 = ( GEOMETRIC_REPRESENTATION_CONTEXT(2) 
PARAMETRIC_REPRESENTATION_CONTEXT() REPRESENTATION_CONTEXT('2D SPACE',''
  ) );
#8887 = ORIENTED_EDGE('',*,*,#8121,.F.);
#8888 = ORIENTED_EDGE('',*,*,#8758,.F.);
#8889 = ADVANCED_FACE('',(#8890),#8096,.T.);
#8890 = FACE_BOUND('',#8891,.T.);
#8891 = EDGE_LOOP('',(#8892,#8893,#8953,#8954));
#8892 = ORIENTED_EDGE('',*,*,#8461,.F.);
#8893 = ORIENTED_EDGE('',*,*,#8894,.T.);
#8894 = EDGE_CURVE('',#8405,#8847,#8895,.T.);
#8895 = SURFACE_CURVE('',#8896,(#8913,#8933),.PCURVE_S1.);
#8896 = B_SPLINE_CURVE_WITH_KNOTS('',8,(#8897,#8898,#8899,#8900,#8901,
    #8902,#8903,#8904,#8905,#8906,#8907,#8908,#8909,#8910,#8911,#8912),
  .UNSPECIFIED.,.F.,.F.,(9,7,9),(0.,0.445391499158,1.),.UNSPECIFIED.);
#8897 = CARTESIAN_POINT('',(90.,-4.,88.463362525376));
#8898 = CARTESIAN_POINT('',(101.2770392695,-4.,87.323581174489));
#8899 = CARTESIAN_POINT('',(112.26631134714,-2.602510313914,
    86.048000007503));
#8900 = CARTESIAN_POINT('',(122.77435124002,6.766105577049E-02,
    84.670055844332));
#8901 = CARTESIAN_POINT('',(132.63748332231,3.86102875967,
    83.235488663812));
#8902 = CARTESIAN_POINT('',(141.72303765522,8.603955066483,
    81.797003329313));
#8903 = CARTESIAN_POINT('',(149.93295029484,14.099921707373,
    80.40672662327));
#8904 = CARTESIAN_POINT('',(157.20967253278,20.131462045978,
    79.108145680901));
#8905 = CARTESIAN_POINT('',(171.42061441781,34.342403931013,
    76.466981061159));
#8906 = CARTESIAN_POINT('',(178.03512758715,42.887649466932,
    75.154178473697));
#8907 = CARTESIAN_POINT('',(183.44089454219,51.896279676847,
    74.028972584227));
#8908 = CARTESIAN_POINT('',(187.6976125804,61.227609838323,73.1133225131
    ));
#8909 = CARTESIAN_POINT('',(190.85530863866,70.776840349564,
    72.419590938688));
#8910 = CARTESIAN_POINT('',(192.95010257992,80.464340864683,
    71.954470172922));
#8911 = CARTESIAN_POINT('',(194.,90.225503515361,71.721351461666));
#8912 = CARTESIAN_POINT('',(194.,100.,71.721351461666));
#8913 = PCURVE('',#8096,#8914);
#8914 = DEFINITIONAL_REPRESENTATION('',(#8915),#8932);
#8915 = B_SPLINE_CURVE_WITH_KNOTS('',8,(#8916,#8917,#8918,#8919,#8920,
    #8921,#8922,#8923,#8924,#8925,#8926,#8927,#8928,#8929,#8930,#8931),
  .UNSPECIFIED.,.F.,.F.,(9,7,9),(0.,0.445391499158,1.),.UNSPECIFIED.);
#8916 = CARTESIAN_POINT('',(0.,88.463362525376));
#8917 = CARTESIAN_POINT('',(0.108433069899,87.323581174489));
#8918 = CARTESIAN_POINT('',(0.21409917262,86.048000007503));
#8919 = CARTESIAN_POINT('',(0.317080613169,84.670055844332));
#8920 = CARTESIAN_POINT('',(0.417330699235,83.235488663812));
#8921 = CARTESIAN_POINT('',(0.514685853912,81.797003329313));
#8922 = CARTESIAN_POINT('',(0.608844940202,80.40672662327));
#8923 = CARTESIAN_POINT('',(0.699329225114,79.108145680901));
#8924 = CARTESIAN_POINT('',(0.892572559228,76.466981061159));
#8925 = CARTESIAN_POINT('',(0.995645399093,75.154178473697));
#8926 = CARTESIAN_POINT('',(1.095525821945,74.028972584227));
#8927 = CARTESIAN_POINT('',(1.192938412052,73.1133225131));
#8928 = CARTESIAN_POINT('',(1.288539608728,72.419590938688));
#8929 = CARTESIAN_POINT('',(1.382953394335,71.954470172922));
#8930 = CARTESIAN_POINT('',(1.476810783673,71.721351461666));
#8931 = CARTESIAN_POINT('',(1.570796326795,71.721351461666));
#8932 = ( GEOMETRIC_REPRESENTATION_CONTEXT(2) 
PARAMETRIC_REPRESENTATION_CONTEXT() REPRESENTATION_CONTEXT('2D SPACE',''
  ) );
#8933 = PCURVE('',#8427,#8934);
#8934 = DEFINITIONAL_REPRESENTATION('',(#8935),#8952);
#8935 = B_SPLINE_CURVE_WITH_KNOTS('',8,(#8936,#8937,#8938,#8939,#8940,
    #8941,#8942,#8943,#8944,#8945,#8946,#8947,#8948,#8949,#8950,#8951),
  .UNSPECIFIED.,.F.,.F.,(9,7,9),(0.,0.445391499158,1.),.UNSPECIFIED.);
#8936 = CARTESIAN_POINT('',(1.470067416121,-36.));
#8937 = CARTESIAN_POINT('',(1.457403178889,-36.));
#8938 = CARTESIAN_POINT('',(1.445043581354,-37.39748968608));
#8939 = CARTESIAN_POINT('',(1.433204353004,-40.06766105578));
#8940 = CARTESIAN_POINT('',(1.422070108894,-43.86102875965));
#8941 = CARTESIAN_POINT('',(1.411793465512,-48.60395506649));
#8942 = CARTESIAN_POINT('',(1.402490408821,-54.09992170736));
#8943 = CARTESIAN_POINT('',(1.394231754988,-60.13146204597));
#8944 = CARTESIAN_POINT('',(1.378081705642,-74.34240393101));
#8945 = CARTESIAN_POINT('',(1.370547590106,-82.88764946693));
#8946 = CARTESIAN_POINT('',(1.364378495348,-91.89627967682));
#8947 = CARTESIAN_POINT('',(1.359513697273,-101.2276098383));
#8948 = CARTESIAN_POINT('',(1.355901414548,-110.7768403495));
#8949 = CARTESIAN_POINT('',(1.353503861184,-120.4643408646));
#8950 = CARTESIAN_POINT('',(1.352302222378,-130.2255035153));
#8951 = CARTESIAN_POINT('',(1.352302222378,-140.));
#8952 = ( GEOMETRIC_REPRESENTATION_CONTEXT(2) 
PARAMETRIC_REPRESENTATION_CONTEXT() REPRESENTATION_CONTEXT('2D SPACE',''
  ) );
#8953 = ORIENTED_EDGE('',*,*,#8867,.T.);
#8954 = ORIENTED_EDGE('',*,*,#8054,.F.);
#8955 = ADVANCED_FACE('',(#8956),#8427,.F.);
#8956 = FACE_BOUND('',#8957,.F.);
#8957 = EDGE_LOOP('',(#8958,#8959,#8960,#8961,#8962,#8963,#8964,#8965));
#8958 = ORIENTED_EDGE('',*,*,#8404,.F.);
#8959 = ORIENTED_EDGE('',*,*,#8894,.T.);
#8960 = ORIENTED_EDGE('',*,*,#8846,.F.);
#8961 = ORIENTED_EDGE('',*,*,#8781,.T.);
#8962 = ORIENTED_EDGE('',*,*,#8708,.T.);
#8963 = ORIENTED_EDGE('',*,*,#8643,.T.);
#8964 = ORIENTED_EDGE('',*,*,#8573,.T.);
#8965 = ORIENTED_EDGE('',*,*,#8486,.F.);
#8966 = ( GEOMETRIC_REPRESENTATION_CONTEXT(3) 
GLOBAL_UNCERTAINTY_ASSIGNED_CONTEXT((#8970)) 
GLOBAL_UNIT_ASSIGNED_CONTEXT((#8967,#8968,#8969)) REPRESENTATION_CONTEXT
('Context #1','3D Context with UNIT and UNCERTAINTY') );
#8967 = ( LENGTH_UNIT() NAMED_UNIT(*) SI_UNIT(.MILLI.,.METRE.) );
#8968 = ( NAMED_UNIT(*) PLANE_ANGLE_UNIT() SI_UNIT($,.RADIAN.) );
#8969 = ( NAMED_UNIT(*) SI_UNIT($,.STERADIAN.) SOLID_ANGLE_UNIT() );
#8970 = UNCERTAINTY_MEASURE_WITH_UNIT(LENGTH_MEASURE(2.E-07),#8967,
  'distance_accuracy_value','confusion accuracy');
#8971 = CONTEXT_DEPENDENT_SHAPE_REPRESENTATION(#8972,#8974);
#8972 = ( REPRESENTATION_RELATIONSHIP('','',#8007,#10) 
REPRESENTATION_RELATIONSHIP_WITH_TRANSFORMATION(#8973) 
SHAPE_REPRESENTATION_RELATIONSHIP() );
#8973 = ITEM_DEFINED_TRANSFORMATION('','',#11,#31);
#8974 = PRODUCT_DEFINITION_SHAPE('Placement','Placement of an item',
  #8975);
#8975 = NEXT_ASSEMBLY_USAGE_OCCURRENCE('5','shield','',#5,#8002,$);
#8976 = PRODUCT_RELATED_PRODUCT_CATEGORY('part',$,(#8004));
#8977 = SHAPE_DEFINITION_REPRESENTATION(#8978,#8984);
#8978 = PRODUCT_DEFINITION_SHAPE('','',#8979);
#8979 = PRODUCT_DEFINITION('design','',#8980,#8983);
#8980 = PRODUCT_DEFINITION_FORMATION('','',#8981);
#8981 = PRODUCT('rim','rim','',(#8982));
#8982 = PRODUCT_CONTEXT('',#2,'mechanical');
#8983 = PRODUCT_DEFINITION_CONTEXT('part definition',#2,'design');
#8984 = ADVANCED_BREP_SHAPE_REPRESENTATION('',(#11,#8985),#10887);
#8985 = MANIFOLD_SOLID_BREP('',#8986);
#8986 = CLOSED_SHELL('',(#8987,#9761,#9842,#9930,#9977,#10065,#10115,
    #10203,#10250,#10316,#10426,#10473,#10561,#10611,#10699,#10746,
    #10834,#10866));
#8987 = ADVANCED_FACE('',(#8988,#9377),#9003,.T.);
#8988 = FACE_BOUND('',#8989,.T.);
#8989 = EDGE_LOOP('',(#8990,#9030,#9097,#9123,#9190,#9219,#9286,#9312));
#8990 = ORIENTED_EDGE('',*,*,#8991,.F.);
#8991 = EDGE_CURVE('',#8992,#8994,#8996,.T.);
#8992 = VERTEX_POINT('',#8993);
#8993 = CARTESIAN_POINT('',(90.,-10.,93.488693395958));
#8994 = VERTEX_POINT('',#8995);
#8995 = CARTESIAN_POINT('',(-90.,-10.,93.488693395958));
#8996 = SURFACE_CURVE('',#8997,(#9002,#9014),.PCURVE_S1.);
#8997 = CIRCLE('',#8998,900.);
#8998 = AXIS2_PLACEMENT_3D('',#8999,#9000,#9001);
#8999 = CARTESIAN_POINT('',(0.,-10.,-802.));
#9000 = DIRECTION('',(0.,-1.,0.));
#9001 = DIRECTION('',(1.,0.,0.));
#9002 = PCURVE('',#9003,#9008);
#9003 = CYLINDRICAL_SURFACE('',#9004,900.);
#9004 = AXIS2_PLACEMENT_3D('',#9005,#9006,#9007);
#9005 = CARTESIAN_POINT('',(0.,-40.,-802.));
#9006 = DIRECTION('',(0.,-1.,0.));
#9007 = DIRECTION('',(1.,0.,0.));
#9008 = DEFINITIONAL_REPRESENTATION('',(#9009),#9013);
#9009 = LINE('',#9010,#9011);
#9010 = CARTESIAN_POINT('',(0.,-30.));
#9011 = VECTOR('',#9012,1.);
#9012 = DIRECTION('',(1.,0.));
#9013 = ( GEOMETRIC_REPRESENTATION_CONTEXT(2) 
PARAMETRIC_REPRESENTATION_CONTEXT() REPRESENTATION_CONTEXT('2D SPACE',''
  ) );
#9014 = PCURVE('',#9015,#9020);
#9015 = PLANE('',#9016);
#9016 = AXIS2_PLACEMENT_3D('',#9017,#9018,#9019);
#9017 = CARTESIAN_POINT('',(-200.,-10.,0.));
#9018 = DIRECTION('',(0.,1.,0.));
#9019 = DIRECTION('',(1.,0.,0.));
#9020 = DEFINITIONAL_REPRESENTATION('',(#9021),#9029);
#9021 = ( BOUNDED_CURVE() B_SPLINE_CURVE(2,(#9022,#9023,#9024,#9025,
#9026,#9027,#9028),.UNSPECIFIED.,.T.,.F.) B_SPLINE_CURVE_WITH_KNOTS((1,2
    ,2,2,2,1),(-2.094395102393,0.,2.094395102393,4.188790204786,
6.28318530718,8.377580409573),.UNSPECIFIED.) CURVE() 
GEOMETRIC_REPRESENTATION_ITEM() RATIONAL_B_SPLINE_CURVE((1.,0.5,1.,0.5,
1.,0.5,1.)) REPRESENTATION_ITEM('') );
#9022 = CARTESIAN_POINT('',(1.1E+03,802.));
#9023 = CARTESIAN_POINT('',(1.1E+03,-756.8457268119));
#9024 = CARTESIAN_POINT('',(-250.,22.577136594005));
#9025 = CARTESIAN_POINT('',(-1.6E+03,802.));
#9026 = CARTESIAN_POINT('',(-250.,1.581422863406E+03));
#9027 = CARTESIAN_POINT('',(1.1E+03,2.360845726812E+03));
#9028 = CARTESIAN_POINT('',(1.1E+03,802.));
#9029 = ( GEOMETRIC_REPRESENTATION_CONTEXT(2) 
PARAMETRIC_REPRESENTATION_CONTEXT() REPRESENTATION_CONTEXT('2D SPACE',''
  ) );
#9030 = ORIENTED_EDGE('',*,*,#9031,.T.);
#9031 = EDGE_CURVE('',#8992,#9032,#9034,.T.);
#9032 = VERTEX_POINT('',#9033);
#9033 = CARTESIAN_POINT('',(200.,100.,75.496438739212));
#9034 = SURFACE_CURVE('',#9035,(#9052,#9072),.PCURVE_S1.);
#9035 = B_SPLINE_CURVE_WITH_KNOTS('',8,(#9036,#9037,#9038,#9039,#9040,
    #9041,#9042,#9043,#9044,#9045,#9046,#9047,#9048,#9049,#9050,#9051),
  .UNSPECIFIED.,.F.,.F.,(9,7,9),(0.,0.445429260059,1.),.UNSPECIFIED.);
#9036 = CARTESIAN_POINT('',(90.,-10.,93.488693395958));
#9037 = CARTESIAN_POINT('',(101.93340961304,-10.,92.289340603349));
#9038 = CARTESIAN_POINT('',(113.55941512794,-8.520455012187,
    90.937302771999));
#9039 = CARTESIAN_POINT('',(124.67392754548,-5.694754340302,
    89.468660700577));
#9040 = CARTESIAN_POINT('',(135.10465817877,-1.681774191542,
    87.933274264467));
#9041 = CARTESIAN_POINT('',(144.71213686407,3.33456076198,
    86.388843673419));
#9042 = CARTESIAN_POINT('',(153.39340104984,9.146542744949,
    84.892621588946));
#9043 = CARTESIAN_POINT('',(161.0881341595,15.524642298469,
    83.492535636852));
#9044 = CARTESIAN_POINT('',(176.11546256204,30.551970701007,
    80.641090861503));
#9045 = CARTESIAN_POINT('',(183.11065148968,39.588058217743,
    79.220751331144));
#9046 = CARTESIAN_POINT('',(188.82849220058,49.115073860342,
    78.001412635825));
#9047 = CARTESIAN_POINT('',(193.33164792104,58.984427535206,
    77.008023115538));
#9048 = CARTESIAN_POINT('',(196.67256768239,69.085269682475,
    76.254826680934));
#9049 = CARTESIAN_POINT('',(198.88907938894,79.333178066859,
    75.749641923404));
#9050 = CARTESIAN_POINT('',(200.,89.659485515133,75.496438739212));
#9051 = CARTESIAN_POINT('',(200.,100.,75.496438739212));
#9052 = PCURVE('',#9003,#9053);
#9053 = DEFINITIONAL_REPRESENTATION('',(#9054),#9071);
#9054 = B_SPLINE_CURVE_WITH_KNOTS('',8,(#9055,#9056,#9057,#9058,#9059,
    #9060,#9061,#9062,#9063,#9064,#9065,#9066,#9067,#9068,#9069,#9070),
  .UNSPECIFIED.,.F.,.F.,(9,7,9),(0.,0.445429260059,1.),.UNSPECIFIED.);
#9055 = CARTESIAN_POINT('',(1.470628905633,-30.));
#9056 = CARTESIAN_POINT('',(1.457302763493,-30.));
#9057 = CARTESIAN_POINT('',(1.444299504164,-31.4795449878));
#9058 = CARTESIAN_POINT('',(1.43184516092,-34.30524565971));
#9059 = CARTESIAN_POINT('',(1.420132867974,-38.31822580843));
#9060 = CARTESIAN_POINT('',(1.409322311393,-43.33456076199));
#9061 = CARTESIAN_POINT('',(1.399534976317,-49.14654274494));
#9062 = CARTESIAN_POINT('',(1.390845143499,-55.52464229846));
#9063 = CARTESIAN_POINT('',(1.37385017924,-70.551970701));
#9064 = CARTESIAN_POINT('',(1.365919796767,-79.58805821774));
#9065 = CARTESIAN_POINT('',(1.359424167372,-89.11507386034));
#9066 = CARTESIAN_POINT('',(1.354300482293,-98.98442753519));
#9067 = CARTESIAN_POINT('',(1.35049519516,-109.0852696824));
#9068 = CARTESIAN_POINT('',(1.347969246102,-119.3331780668));
#9069 = CARTESIAN_POINT('',(1.346703234494,-129.6594855151));
#9070 = CARTESIAN_POINT('',(1.346703234494,-140.));
#9071 = ( GEOMETRIC_REPRESENTATION_CONTEXT(2) 
PARAMETRIC_REPRESENTATION_CONTEXT() REPRESENTATION_CONTEXT('2D SPACE',''
  ) );
#9072 = PCURVE('',#9073,#9078);
#9073 = CYLINDRICAL_SURFACE('',#9074,110.);
#9074 = AXIS2_PLACEMENT_3D('',#9075,#9076,#9077);
#9075 = CARTESIAN_POINT('',(90.,100.,0.));
#9076 = DIRECTION('',(0.,0.,1.));
#9077 = DIRECTION('',(0.,-1.,0.));
#9078 = DEFINITIONAL_REPRESENTATION('',(#9079),#9096);
#9079 = B_SPLINE_CURVE_WITH_KNOTS('',8,(#9080,#9081,#9082,#9083,#9084,
    #9085,#9086,#9087,#9088,#9089,#9090,#9091,#9092,#9093,#9094,#9095),
  .UNSPECIFIED.,.F.,.F.,(9,7,9),(0.,0.445429260059,1.),.UNSPECIFIED.);
#9080 = CARTESIAN_POINT('',(0.,93.488693395958));
#9081 = CARTESIAN_POINT('',(0.108485541937,92.289340603349));
#9082 = CARTESIAN_POINT('',(0.214176526519,90.937302771999));
#9083 = CARTESIAN_POINT('',(0.31716296359,89.468660700577));
#9084 = CARTESIAN_POINT('',(0.417403978375,87.933274264467));
#9085 = CARTESIAN_POINT('',(0.514741128698,86.388843673419));
#9086 = CARTESIAN_POINT('',(0.608878208336,84.892621588946));
#9087 = CARTESIAN_POINT('',(0.699341831145,83.492535636852));
#9088 = CARTESIAN_POINT('',(0.892540482355,80.641090861503));
#9089 = CARTESIAN_POINT('',(0.995593498925,79.220751331144));
#9090 = CARTESIAN_POINT('',(1.095464907928,78.001412635825));
#9091 = CARTESIAN_POINT('',(1.192878041072,77.008023115538));
#9092 = CARTESIAN_POINT('',(1.288487751044,76.254826680934));
#9093 = CARTESIAN_POINT('',(1.382916071611,75.749641923404));
#9094 = CARTESIAN_POINT('',(1.47679164966,75.496438739212));
#9095 = CARTESIAN_POINT('',(1.570796326795,75.496438739212));
#9096 = ( GEOMETRIC_REPRESENTATION_CONTEXT(2) 
PARAMETRIC_REPRESENTATION_CONTEXT() REPRESENTATION_CONTEXT('2D SPACE',''
  ) );
#9097 = ORIENTED_EDGE('',*,*,#9098,.F.);
#9098 = EDGE_CURVE('',#9099,#9032,#9101,.T.);
#9099 = VERTEX_POINT('',#9100);
#9100 = CARTESIAN_POINT('',(200.,440.,75.496438739212));
#9101 = SURFACE_CURVE('',#9102,(#9106,#9112),.PCURVE_S1.);
#9102 = LINE('',#9103,#9104);
#9103 = CARTESIAN_POINT('',(200.,-40.,75.496438739212));
#9104 = VECTOR('',#9105,1.);
#9105 = DIRECTION('',(0.,-1.,0.));
#9106 = PCURVE('',#9003,#9107);
#9107 = DEFINITIONAL_REPRESENTATION('',(#9108),#9111);
#9108 = B_SPLINE_CURVE_WITH_KNOTS('',1,(#9109,#9110),.UNSPECIFIED.,.F.,
  .F.,(2,2),(-514.,-106.),.PIECEWISE_BEZIER_KNOTS.);
#9109 = CARTESIAN_POINT('',(1.346703234494,-514.));
#9110 = CARTESIAN_POINT('',(1.346703234494,-106.));
#9111 = ( GEOMETRIC_REPRESENTATION_CONTEXT(2) 
PARAMETRIC_REPRESENTATION_CONTEXT() REPRESENTATION_CONTEXT('2D SPACE',''
  ) );
#9112 = PCURVE('',#9113,#9118);
#9113 = PLANE('',#9114);
#9114 = AXIS2_PLACEMENT_3D('',#9115,#9116,#9117);
#9115 = CARTESIAN_POINT('',(200.,-10.,0.));
#9116 = DIRECTION('',(-1.,0.,0.));
#9117 = DIRECTION('',(0.,1.,0.));
#9118 = DEFINITIONAL_REPRESENTATION('',(#9119),#9122);
#9119 = B_SPLINE_CURVE_WITH_KNOTS('',1,(#9120,#9121),.UNSPECIFIED.,.F.,
  .F.,(2,2),(-514.,-106.),.PIECEWISE_BEZIER_KNOTS.);
#9120 = CARTESIAN_POINT('',(484.,-75.49643873921));
#9121 = CARTESIAN_POINT('',(76.,-75.49643873921));
#9122 = ( GEOMETRIC_REPRESENTATION_CONTEXT(2) 
PARAMETRIC_REPRESENTATION_CONTEXT() REPRESENTATION_CONTEXT('2D SPACE',''
  ) );
#9123 = ORIENTED_EDGE('',*,*,#9124,.T.);
#9124 = EDGE_CURVE('',#9099,#9125,#9127,.T.);
#9125 = VERTEX_POINT('',#9126);
#9126 = CARTESIAN_POINT('',(90.,550.,93.488693395958));
#9127 = SURFACE_CURVE('',#9128,(#9145,#9165),.PCURVE_S1.);
#9128 = B_SPLINE_CURVE_WITH_KNOTS('',8,(#9129,#9130,#9131,#9132,#9133,
    #9134,#9135,#9136,#9137,#9138,#9139,#9140,#9141,#9142,#9143,#9144),
  .UNSPECIFIED.,.F.,.F.,(9,7,9),(0.,0.534518872186,1.),.UNSPECIFIED.);
#9129 = CARTESIAN_POINT('',(200.,440.,75.496438739212));
#9130 = CARTESIAN_POINT('',(200.,449.95877403011,75.496438739212));
#9131 = CARTESIAN_POINT('',(198.96958864743,459.9057750941,
    75.731291859341));
#9132 = CARTESIAN_POINT('',(196.91302094429,469.78272140937,
    76.200023756062));
#9133 = CARTESIAN_POINT('',(193.81431087305,479.52769847782,
    76.899167602166));
#9134 = CARTESIAN_POINT('',(189.64122884456,489.06590014143,
    77.821915321871));
#9135 = CARTESIAN_POINT('',(184.34869309965,498.30087900184,
    78.956079491615));
#9136 = CARTESIAN_POINT('',(177.88222677163,507.10511720478,
    80.280756369421));
#9137 = CARTESIAN_POINT('',(163.4848347323,522.43678250942,
    83.053268064146));
#9138 = CARTESIAN_POINT('',(155.703573959,529.26832668795,
    84.491475237343));
#9139 = CARTESIAN_POINT('',(146.84740146589,535.52119198245,
    86.042832176596));
#9140 = CARTESIAN_POINT('',(136.97265209282,540.9418134171,
    87.655928613321));
#9141 = CARTESIAN_POINT('',(126.18406911775,545.29753847146,
    89.267455783295));
#9142 = CARTESIAN_POINT('',(114.62856930785,548.37872522007,
    90.81226293666));
#9143 = CARTESIAN_POINT('',(102.49190872103,550.,92.233209331017));
#9144 = CARTESIAN_POINT('',(90.,550.,93.488693395958));
#9145 = PCURVE('',#9003,#9146);
#9146 = DEFINITIONAL_REPRESENTATION('',(#9147),#9164);
#9147 = B_SPLINE_CURVE_WITH_KNOTS('',8,(#9148,#9149,#9150,#9151,#9152,
    #9153,#9154,#9155,#9156,#9157,#9158,#9159,#9160,#9161,#9162,#9163),
  .UNSPECIFIED.,.F.,.F.,(9,7,9),(0.,0.534518872186,1.),.UNSPECIFIED.);
#9148 = CARTESIAN_POINT('',(1.346703234494,-480.));
#9149 = CARTESIAN_POINT('',(1.346703234494,-489.9587740301));
#9150 = CARTESIAN_POINT('',(1.347877497267,-499.9057750941));
#9151 = CARTESIAN_POINT('',(1.350221173339,-509.7827214093));
#9152 = CARTESIAN_POINT('',(1.353750722286,-519.5276984778));
#9153 = CARTESIAN_POINT('',(1.358499384748,-529.0659001414));
#9154 = CARTESIAN_POINT('',(1.364513188065,-538.3008790018));
#9155 = CARTESIAN_POINT('',(1.371846847277,-547.1051172047));
#9156 = CARTESIAN_POINT('',(1.3881378627,-562.4367825094));
#9157 = CARTESIAN_POINT('',(1.396929902139,-569.2683266879));
#9158 = CARTESIAN_POINT('',(1.406919175846,-575.5211919824));
#9159 = CARTESIAN_POINT('',(1.418034982528,-580.9418134171));
#9160 = CARTESIAN_POINT('',(1.430152750589,-585.2975384714));
#9161 = CARTESIAN_POINT('',(1.443103616333,-588.37872522));
#9162 = CARTESIAN_POINT('',(1.45667908269,-590.));
#9163 = CARTESIAN_POINT('',(1.470628905633,-590.));
#9164 = ( GEOMETRIC_REPRESENTATION_CONTEXT(2) 
PARAMETRIC_REPRESENTATION_CONTEXT() REPRESENTATION_CONTEXT('2D SPACE',''
  ) );
#9165 = PCURVE('',#9166,#9171);
#9166 = CYLINDRICAL_SURFACE('',#9167,110.);
#9167 = AXIS2_PLACEMENT_3D('',#9168,#9169,#9170);
#9168 = CARTESIAN_POINT('',(90.,440.,0.));
#9169 = DIRECTION('',(0.,0.,1.));
#9170 = DIRECTION('',(1.,0.,-0.));
#9171 = DEFINITIONAL_REPRESENTATION('',(#9172),#9189);
#9172 = B_SPLINE_CURVE_WITH_KNOTS('',8,(#9173,#9174,#9175,#9176,#9177,
    #9178,#9179,#9180,#9181,#9182,#9183,#9184,#9185,#9186,#9187,#9188),
  .UNSPECIFIED.,.F.,.F.,(9,7,9),(0.,0.534518872186,1.),.UNSPECIFIED.);
#9173 = CARTESIAN_POINT('',(0.,75.496438739212));
#9174 = CARTESIAN_POINT('',(9.053430936468E-02,75.496438739212));
#9175 = CARTESIAN_POINT('',(0.180961630451,75.731291859341));
#9176 = CARTESIAN_POINT('',(0.271882586137,76.200023756062));
#9177 = CARTESIAN_POINT('',(0.363855004846,76.899167602166));
#9178 = CARTESIAN_POINT('',(0.457432120388,77.821915321871));
#9179 = CARTESIAN_POINT('',(0.553194798392,78.956079491615));
#9180 = CARTESIAN_POINT('',(0.651782247613,80.280756369421));
#9181 = CARTESIAN_POINT('',(0.842982211855,83.053268064146));
#9182 = CARTESIAN_POINT('',(0.936678805273,84.491475237343));
#9183 = CARTESIAN_POINT('',(1.034303806143,86.042832176596));
#9184 = CARTESIAN_POINT('',(1.135377927737,87.655928613321));
#9185 = CARTESIAN_POINT('',(1.239618717446,89.267455783295));
#9186 = CARTESIAN_POINT('',(1.346900204712,90.81226293666));
#9187 = CARTESIAN_POINT('',(1.45723352024,92.233209331017));
#9188 = CARTESIAN_POINT('',(1.570796326795,93.488693395958));
#9189 = ( GEOMETRIC_REPRESENTATION_CONTEXT(2) 
PARAMETRIC_REPRESENTATION_CONTEXT() REPRESENTATION_CONTEXT('2D SPACE',''
  ) );
#9190 = ORIENTED_EDGE('',*,*,#9191,.T.);
#9191 = EDGE_CURVE('',#9125,#9192,#9194,.T.);
#9192 = VERTEX_POINT('',#9193);
#9193 = CARTESIAN_POINT('',(-90.,550.,93.488693395958));
#9194 = SURFACE_CURVE('',#9195,(#9200,#9207),.PCURVE_S1.);
#9195 = CIRCLE('',#9196,900.);
#9196 = AXIS2_PLACEMENT_3D('',#9197,#9198,#9199);
#9197 = CARTESIAN_POINT('',(0.,550.,-802.));
#9198 = DIRECTION('',(0.,-1.,0.));
#9199 = DIRECTION('',(1.,0.,0.));
#9200 = PCURVE('',#9003,#9201);
#9201 = DEFINITIONAL_REPRESENTATION('',(#9202),#9206);
#9202 = LINE('',#9203,#9204);
#9203 = CARTESIAN_POINT('',(0.,-590.));
#9204 = VECTOR('',#9205,1.);
#9205 = DIRECTION('',(1.,0.));
#9206 = ( GEOMETRIC_REPRESENTATION_CONTEXT(2) 
PARAMETRIC_REPRESENTATION_CONTEXT() REPRESENTATION_CONTEXT('2D SPACE',''
  ) );
#9207 = PCURVE('',#9208,#9213);
#9208 = PLANE('',#9209);
#9209 = AXIS2_PLACEMENT_3D('',#9210,#9211,#9212);
#9210 = CARTESIAN_POINT('',(200.,550.,0.));
#9211 = DIRECTION('',(0.,-1.,0.));
#9212 = DIRECTION('',(-1.,0.,0.));
#9213 = DEFINITIONAL_REPRESENTATION('',(#9214),#9218);
#9214 = CIRCLE('',#9215,900.);
#9215 = AXIS2_PLACEMENT_2D('',#9216,#9217);
#9216 = CARTESIAN_POINT('',(200.,802.));
#9217 = DIRECTION('',(-1.,-0.));
#9218 = ( GEOMETRIC_REPRESENTATION_CONTEXT(2) 
PARAMETRIC_REPRESENTATION_CONTEXT() REPRESENTATION_CONTEXT('2D SPACE',''
  ) );
#9219 = ORIENTED_EDGE('',*,*,#9220,.T.);
#9220 = EDGE_CURVE('',#9192,#9221,#9223,.T.);
#9221 = VERTEX_POINT('',#9222);
#9222 = CARTESIAN_POINT('',(-200.,440.,75.496438739212));
#9223 = SURFACE_CURVE('',#9224,(#9241,#9261),.PCURVE_S1.);
#9224 = B_SPLINE_CURVE_WITH_KNOTS('',8,(#9225,#9226,#9227,#9228,#9229,
    #9230,#9231,#9232,#9233,#9234,#9235,#9236,#9237,#9238,#9239,#9240),
  .UNSPECIFIED.,.F.,.F.,(9,7,9),(0.,0.445429260037,1.),.UNSPECIFIED.);
#9225 = CARTESIAN_POINT('',(-90.,550.,93.488693395958));
#9226 = CARTESIAN_POINT('',(-101.9334096141,550.,92.289340603236));
#9227 = CARTESIAN_POINT('',(-113.559415123,548.52045501282,
    90.937302772552));
#9228 = CARTESIAN_POINT('',(-124.6739275554,545.69475433783,
    89.468660699328));
#9229 = CARTESIAN_POINT('',(-135.1046581669,541.68177419586,
    87.933274266084));
#9230 = CARTESIAN_POINT('',(-144.7121368725,536.6654392338,
    86.388843672165));
#9231 = CARTESIAN_POINT('',(-153.3934010464,530.85345725736,
    84.892621589503));
#9232 = CARTESIAN_POINT('',(-161.0881341601,524.47535770092,
    83.492535636737));
#9233 = CARTESIAN_POINT('',(-176.115462562,509.44802929901,
    80.641090861507));
#9234 = CARTESIAN_POINT('',(-183.1106514897,500.41194178219,
    79.22075133113));
#9235 = CARTESIAN_POINT('',(-188.8284922004,490.8849261397,
    78.001412635847));
#9236 = CARTESIAN_POINT('',(-193.3316479211,481.01557246485,
    77.008023115521));
#9237 = CARTESIAN_POINT('',(-196.6725676823,470.91473031738,
    76.254826680941));
#9238 = CARTESIAN_POINT('',(-198.8890793889,460.66682193324,
    75.749641923403));
#9239 = CARTESIAN_POINT('',(-200.,450.34051448483,75.496438739212));
#9240 = CARTESIAN_POINT('',(-200.,440.,75.496438739212));
#9241 = PCURVE('',#9003,#9242);
#9242 = DEFINITIONAL_REPRESENTATION('',(#9243),#9260);
#9243 = B_SPLINE_CURVE_WITH_KNOTS('',8,(#9244,#9245,#9246,#9247,#9248,
    #9249,#9250,#9251,#9252,#9253,#9254,#9255,#9256,#9257,#9258,#9259),
  .UNSPECIFIED.,.F.,.F.,(9,7,9),(0.,0.445429260037,1.),.UNSPECIFIED.);
#9244 = CARTESIAN_POINT('',(1.670963747956,-590.));
#9245 = CARTESIAN_POINT('',(1.684289890098,-590.));
#9246 = CARTESIAN_POINT('',(1.69729314942,-588.5204550128));
#9247 = CARTESIAN_POINT('',(1.709747492681,-585.6947543378));
#9248 = CARTESIAN_POINT('',(1.721459785602,-581.6817741958));
#9249 = CARTESIAN_POINT('',(1.732270342206,-576.6654392337));
#9250 = CARTESIAN_POINT('',(1.742057677269,-570.8534572573));
#9251 = CARTESIAN_POINT('',(1.750747510092,-564.4753577009));
#9252 = CARTESIAN_POINT('',(1.76774247435,-549.448029299));
#9253 = CARTESIAN_POINT('',(1.775672856823,-540.4119417822));
#9254 = CARTESIAN_POINT('',(1.782168486218,-530.8849261396));
#9255 = CARTESIAN_POINT('',(1.787292171297,-521.0155724649));
#9256 = CARTESIAN_POINT('',(1.79109745843,-510.9147303173));
#9257 = CARTESIAN_POINT('',(1.793623407488,-500.6668219332));
#9258 = CARTESIAN_POINT('',(1.794889419096,-490.3405144848));
#9259 = CARTESIAN_POINT('',(1.794889419096,-480.));
#9260 = ( GEOMETRIC_REPRESENTATION_CONTEXT(2) 
PARAMETRIC_REPRESENTATION_CONTEXT() REPRESENTATION_CONTEXT('2D SPACE',''
  ) );
#9261 = PCURVE('',#9262,#9267);
#9262 = CYLINDRICAL_SURFACE('',#9263,110.);
#9263 = AXIS2_PLACEMENT_3D('',#9264,#9265,#9266);
#9264 = CARTESIAN_POINT('',(-90.,440.,0.));
#9265 = DIRECTION('',(0.,0.,1.));
#9266 = DIRECTION('',(-0.,1.,0.));
#9267 = DEFINITIONAL_REPRESENTATION('',(#9268),#9285);
#9268 = B_SPLINE_CURVE_WITH_KNOTS('',8,(#9269,#9270,#9271,#9272,#9273,
    #9274,#9275,#9276,#9277,#9278,#9279,#9280,#9281,#9282,#9283,#9284),
  .UNSPECIFIED.,.F.,.F.,(9,7,9),(0.,0.445429260037,1.),.UNSPECIFIED.);
#9269 = CARTESIAN_POINT('',(0.,93.488693395958));
#9270 = CARTESIAN_POINT('',(0.108485541947,92.289340603236));
#9271 = CARTESIAN_POINT('',(0.214176526473,90.937302772552));
#9272 = CARTESIAN_POINT('',(0.317162963688,89.468660699328));
#9273 = CARTESIAN_POINT('',(0.417403978253,87.933274266084));
#9274 = CARTESIAN_POINT('',(0.514741128789,86.388843672165));
#9275 = CARTESIAN_POINT('',(0.608878208297,84.892621589503));
#9276 = CARTESIAN_POINT('',(0.699341831152,83.492535636737));
#9277 = CARTESIAN_POINT('',(0.892540482354,80.641090861507));
#9278 = CARTESIAN_POINT('',(0.995593498926,79.22075133113));
#9279 = CARTESIAN_POINT('',(1.095464907927,78.001412635847));
#9280 = CARTESIAN_POINT('',(1.192878041071,77.008023115521));
#9281 = CARTESIAN_POINT('',(1.288487751046,76.254826680941));
#9282 = CARTESIAN_POINT('',(1.38291607161,75.749641923403));
#9283 = CARTESIAN_POINT('',(1.47679164966,75.496438739212));
#9284 = CARTESIAN_POINT('',(1.570796326795,75.496438739212));
#9285 = ( GEOMETRIC_REPRESENTATION_CONTEXT(2) 
PARAMETRIC_REPRESENTATION_CONTEXT() REPRESENTATION_CONTEXT('2D SPACE',''
  ) );
#9286 = ORIENTED_EDGE('',*,*,#9287,.T.);
#9287 = EDGE_CURVE('',#9221,#9288,#9290,.T.);
#9288 = VERTEX_POINT('',#9289);
#9289 = CARTESIAN_POINT('',(-200.,100.,75.496438739212));
#9290 = SURFACE_CURVE('',#9291,(#9295,#9301),.PCURVE_S1.);
#9291 = LINE('',#9292,#9293);
#9292 = CARTESIAN_POINT('',(-200.,-40.,75.496438739212));
#9293 = VECTOR('',#9294,1.);
#9294 = DIRECTION('',(0.,-1.,0.));
#9295 = PCURVE('',#9003,#9296);
#9296 = DEFINITIONAL_REPRESENTATION('',(#9297),#9300);
#9297 = B_SPLINE_CURVE_WITH_KNOTS('',1,(#9298,#9299),.UNSPECIFIED.,.F.,
  .F.,(2,2),(-514.,-106.),.PIECEWISE_BEZIER_KNOTS.);
#9298 = CARTESIAN_POINT('',(1.794889419096,-514.));
#9299 = CARTESIAN_POINT('',(1.794889419096,-106.));
#9300 = ( GEOMETRIC_REPRESENTATION_CONTEXT(2) 
PARAMETRIC_REPRESENTATION_CONTEXT() REPRESENTATION_CONTEXT('2D SPACE',''
  ) );
#9301 = PCURVE('',#9302,#9307);
#9302 = PLANE('',#9303);
#9303 = AXIS2_PLACEMENT_3D('',#9304,#9305,#9306);
#9304 = CARTESIAN_POINT('',(-200.,550.,0.));
#9305 = DIRECTION('',(1.,0.,-0.));
#9306 = DIRECTION('',(0.,-1.,0.));
#9307 = DEFINITIONAL_REPRESENTATION('',(#9308),#9311);
#9308 = B_SPLINE_CURVE_WITH_KNOTS('',1,(#9309,#9310),.UNSPECIFIED.,.F.,
  .F.,(2,2),(-514.,-106.),.PIECEWISE_BEZIER_KNOTS.);
#9309 = CARTESIAN_POINT('',(76.,-75.49643873921));
#9310 = CARTESIAN_POINT('',(484.,-75.49643873921));
#9311 = ( GEOMETRIC_REPRESENTATION_CONTEXT(2) 
PARAMETRIC_REPRESENTATION_CONTEXT() REPRESENTATION_CONTEXT('2D SPACE',''
  ) );
#9312 = ORIENTED_EDGE('',*,*,#9313,.F.);
#9313 = EDGE_CURVE('',#8994,#9288,#9314,.T.);
#9314 = SURFACE_CURVE('',#9315,(#9332,#9352),.PCURVE_S1.);
#9315 = B_SPLINE_CURVE_WITH_KNOTS('',8,(#9316,#9317,#9318,#9319,#9320,
    #9321,#9322,#9323,#9324,#9325,#9326,#9327,#9328,#9329,#9330,#9331),
  .UNSPECIFIED.,.F.,.F.,(9,7,9),(0.,0.445429259981,1.),.UNSPECIFIED.);
#9316 = CARTESIAN_POINT('',(-90.,-10.,93.488693395958));
#9317 = CARTESIAN_POINT('',(-101.9334096202,-10.,92.28934060263));
#9318 = CARTESIAN_POINT('',(-113.5594151023,-8.520455015148,
    90.937302774859));
#9319 = CARTESIAN_POINT('',(-124.6739275951,-5.694754328061,
    89.468660694382));
#9320 = CARTESIAN_POINT('',(-135.1046581179,-1.681774214348,
    87.933274272815));
#9321 = CARTESIAN_POINT('',(-144.7121369087,3.334560784283,
    86.388843666769));
#9322 = CARTESIAN_POINT('',(-153.3934010329,9.146542733982,
    84.892621591683));
#9323 = CARTESIAN_POINT('',(-161.0881341616,15.524642300561,
    83.492535636455));
#9324 = CARTESIAN_POINT('',(-176.115462562,30.551970701029,
    80.641090861499));
#9325 = CARTESIAN_POINT('',(-183.1106514896,39.588058217709,
    79.220751331149));
#9326 = CARTESIAN_POINT('',(-188.8284922005,49.115073860358,
    78.001412635826));
#9327 = CARTESIAN_POINT('',(-193.3316479211,58.984427535176,
    77.008023115531));
#9328 = CARTESIAN_POINT('',(-196.6725676823,69.085269682557,
    76.254826680939));
#9329 = CARTESIAN_POINT('',(-198.8890793889,79.333178066774,
    75.749641923403));
#9330 = CARTESIAN_POINT('',(-200.,89.659485515166,75.496438739212));
#9331 = CARTESIAN_POINT('',(-200.,100.,75.496438739212));
#9332 = PCURVE('',#9003,#9333);
#9333 = DEFINITIONAL_REPRESENTATION('',(#9334),#9351);
#9334 = B_SPLINE_CURVE_WITH_KNOTS('',8,(#9335,#9336,#9337,#9338,#9339,
    #9340,#9341,#9342,#9343,#9344,#9345,#9346,#9347,#9348,#9349,#9350),
  .UNSPECIFIED.,.F.,.F.,(9,7,9),(0.,0.445429259981,1.),.UNSPECIFIED.);
#9335 = CARTESIAN_POINT('',(1.670963747956,-30.));
#9336 = CARTESIAN_POINT('',(1.684289890105,-30.));
#9337 = CARTESIAN_POINT('',(1.697293149397,-31.47954498484));
#9338 = CARTESIAN_POINT('',(1.709747492726,-34.30524567196));
#9339 = CARTESIAN_POINT('',(1.721459785548,-38.31822578561));
#9340 = CARTESIAN_POINT('',(1.732270342247,-43.33456078431));
#9341 = CARTESIAN_POINT('',(1.742057677254,-49.14654273397));
#9342 = CARTESIAN_POINT('',(1.750747510093,-55.52464230056));
#9343 = CARTESIAN_POINT('',(1.76774247435,-70.55197070102));
#9344 = CARTESIAN_POINT('',(1.775672856823,-79.58805821771));
#9345 = CARTESIAN_POINT('',(1.782168486218,-89.11507386035));
#9346 = CARTESIAN_POINT('',(1.787292171297,-98.98442753518));
#9347 = CARTESIAN_POINT('',(1.79109745843,-109.0852696825));
#9348 = CARTESIAN_POINT('',(1.793623407488,-119.3331780667));
#9349 = CARTESIAN_POINT('',(1.794889419096,-129.6594855151));
#9350 = CARTESIAN_POINT('',(1.794889419096,-140.));
#9351 = ( GEOMETRIC_REPRESENTATION_CONTEXT(2) 
PARAMETRIC_REPRESENTATION_CONTEXT() REPRESENTATION_CONTEXT('2D SPACE',''
  ) );
#9352 = PCURVE('',#9353,#9358);
#9353 = CYLINDRICAL_SURFACE('',#9354,110.);
#9354 = AXIS2_PLACEMENT_3D('',#9355,#9356,#9357);
#9355 = CARTESIAN_POINT('',(-90.,100.,0.));
#9356 = DIRECTION('',(0.,0.,1.));
#9357 = DIRECTION('',(0.,-1.,0.));
#9358 = DEFINITIONAL_REPRESENTATION('',(#9359),#9376);
#9359 = B_SPLINE_CURVE_WITH_KNOTS('',8,(#9360,#9361,#9362,#9363,#9364,
    #9365,#9366,#9367,#9368,#9369,#9370,#9371,#9372,#9373,#9374,#9375),
  .UNSPECIFIED.,.F.,.F.,(9,7,9),(0.,0.445429259981,1.),.UNSPECIFIED.);
#9360 = CARTESIAN_POINT('',(0.,93.488693395958));
#9361 = CARTESIAN_POINT('',(-0.108485542002,92.28934060263));
#9362 = CARTESIAN_POINT('',(-0.214176526277,90.937302774859));
#9363 = CARTESIAN_POINT('',(-0.31716296408,89.468660694382));
#9364 = CARTESIAN_POINT('',(-0.41740397775,87.933274272815));
#9365 = CARTESIAN_POINT('',(-0.514741129176,86.388843666769));
#9366 = CARTESIAN_POINT('',(-0.608878208145,84.892621591683));
#9367 = CARTESIAN_POINT('',(-0.699341831171,83.492535636455));
#9368 = CARTESIAN_POINT('',(-0.892540482355,80.641090861499));
#9369 = CARTESIAN_POINT('',(-0.995593498925,79.220751331149));
#9370 = CARTESIAN_POINT('',(-1.095464907928,78.001412635826));
#9371 = CARTESIAN_POINT('',(-1.192878041072,77.008023115531));
#9372 = CARTESIAN_POINT('',(-1.288487751044,76.254826680939));
#9373 = CARTESIAN_POINT('',(-1.38291607161,75.749641923403));
#9374 = CARTESIAN_POINT('',(-1.47679164966,75.496438739212));
#9375 = CARTESIAN_POINT('',(-1.570796326795,75.496438739212));
#9376 = ( GEOMETRIC_REPRESENTATION_CONTEXT(2) 
PARAMETRIC_REPRESENTATION_CONTEXT() REPRESENTATION_CONTEXT('2D SPACE',''
  ) );
#9377 = FACE_BOUND('',#9378,.T.);
#9378 = EDGE_LOOP('',(#9379,#9448,#9481,#9548,#9574,#9641,#9670,#9737));
#9379 = ORIENTED_EDGE('',*,*,#9380,.F.);
#9380 = EDGE_CURVE('',#9381,#9383,#9385,.T.);
#9381 = VERTEX_POINT('',#9382);
#9382 = CARTESIAN_POINT('',(90.,-4.,93.488693395958));
#9383 = VERTEX_POINT('',#9384);
#9384 = CARTESIAN_POINT('',(194.,100.,76.842420460005));
#9385 = SURFACE_CURVE('',#9386,(#9403,#9423),.PCURVE_S1.);
#9386 = B_SPLINE_CURVE_WITH_KNOTS('',8,(#9387,#9388,#9389,#9390,#9391,
    #9392,#9393,#9394,#9395,#9396,#9397,#9398,#9399,#9400,#9401,#9402),
  .UNSPECIFIED.,.F.,.F.,(9,7,9),(0.,0.445361405219,1.),.UNSPECIFIED.);
#9387 = CARTESIAN_POINT('',(90.,-4.,93.488693395958));
#9388 = CARTESIAN_POINT('',(101.27659413769,-4.,92.355353042386));
#9389 = CARTESIAN_POINT('',(112.26576754816,-2.602620636877,
    91.086971634726));
#9390 = CARTESIAN_POINT('',(122.7739596969,6.74852857354E-02,
    89.716797684268));
#9391 = CARTESIAN_POINT('',(132.6373645429,3.860899254675,
    88.290323840608));
#9392 = CARTESIAN_POINT('',(141.72318332774,8.60397447344,
    86.859977610862));
#9393 = CARTESIAN_POINT('',(149.93324260007,14.100114626778,
    85.477610452581));
#9394 = CARTESIAN_POINT('',(157.2099251278,20.131714641001,
    84.186473492612));
#9395 = CARTESIAN_POINT('',(171.42126010525,34.343049618454,
    81.560411848305));
#9396 = CARTESIAN_POINT('',(178.03598928899,42.888827536734,
    80.255130605029));
#9397 = CARTESIAN_POINT('',(183.44168150053,51.897761712161,
    79.136448262961));
#9398 = CARTESIAN_POINT('',(187.69817231474,61.229131669293,
    78.22616227681));
#9399 = CARTESIAN_POINT('',(190.85560881577,70.778156283636,
    77.536524980205));
#9400 = CARTESIAN_POINT('',(192.95020067504,80.465270555702,
    77.074159122181));
#9401 = CARTESIAN_POINT('',(194.,90.225960114072,76.842420460005));
#9402 = CARTESIAN_POINT('',(194.,100.,76.842420460005));
#9403 = PCURVE('',#9003,#9404);
#9404 = DEFINITIONAL_REPRESENTATION('',(#9405),#9422);
#9405 = B_SPLINE_CURVE_WITH_KNOTS('',8,(#9406,#9407,#9408,#9409,#9410,
    #9411,#9412,#9413,#9414,#9415,#9416,#9417,#9418,#9419,#9420,#9421),
  .UNSPECIFIED.,.F.,.F.,(9,7,9),(0.,0.445361405219,1.),.UNSPECIFIED.);
#9406 = CARTESIAN_POINT('',(1.470628905633,-36.));
#9407 = CARTESIAN_POINT('',(1.458036235038,-36.));
#9408 = CARTESIAN_POINT('',(1.445746315272,-37.39737936312));
#9409 = CARTESIAN_POINT('',(1.433973788351,-40.06748528573));
#9410 = CARTESIAN_POINT('',(1.422902369836,-43.86089925467));
#9411 = CARTESIAN_POINT('',(1.412683924557,-48.60397447343));
#9412 = CARTESIAN_POINT('',(1.403433846898,-54.10011462677));
#9413 = CARTESIAN_POINT('',(1.395222564472,-60.131714641));
#9414 = CARTESIAN_POINT('',(1.379164865976,-74.34304961845));
#9415 = CARTESIAN_POINT('',(1.371673987305,-82.88882753673));
#9416 = CARTESIAN_POINT('',(1.365540715689,-91.89776171217));
#9417 = CARTESIAN_POINT('',(1.360704439789,-101.2291316692));
#9418 = CARTESIAN_POINT('',(1.357113480334,-110.7781562836));
#9419 = CARTESIAN_POINT('',(1.354730127601,-120.4652705556));
#9420 = CARTESIAN_POINT('',(1.353535602437,-130.225960114));
#9421 = CARTESIAN_POINT('',(1.353535602437,-140.));
#9422 = ( GEOMETRIC_REPRESENTATION_CONTEXT(2) 
PARAMETRIC_REPRESENTATION_CONTEXT() REPRESENTATION_CONTEXT('2D SPACE',''
  ) );
#9423 = PCURVE('',#9424,#9429);
#9424 = CYLINDRICAL_SURFACE('',#9425,104.);
#9425 = AXIS2_PLACEMENT_3D('',#9426,#9427,#9428);
#9426 = CARTESIAN_POINT('',(90.,100.,0.));
#9427 = DIRECTION('',(0.,0.,1.));
#9428 = DIRECTION('',(0.,-1.,0.));
#9429 = DEFINITIONAL_REPRESENTATION('',(#9430),#9447);
#9430 = B_SPLINE_CURVE_WITH_KNOTS('',8,(#9431,#9432,#9433,#9434,#9435,
    #9436,#9437,#9438,#9439,#9440,#9441,#9442,#9443,#9444,#9445,#9446),
  .UNSPECIFIED.,.F.,.F.,(9,7,9),(0.,0.445361405219,1.),.UNSPECIFIED.);
#9431 = CARTESIAN_POINT('',(0.,93.488693395958));
#9432 = CARTESIAN_POINT('',(0.108428789786,92.355353042386));
#9433 = CARTESIAN_POINT('',(0.214093943775,91.086971634726));
#9434 = CARTESIAN_POINT('',(0.317076618364,89.716797684268));
#9435 = CARTESIAN_POINT('',(0.417329170769,88.290323840608));
#9436 = CARTESIAN_POINT('',(0.51468709275,86.859977610862));
#9437 = CARTESIAN_POINT('',(0.608848239273,85.477610452581));
#9438 = CARTESIAN_POINT('',(0.699332659953,84.186473492612));
#9439 = CARTESIAN_POINT('',(0.89258133942,81.560411848305));
#9440 = CARTESIAN_POINT('',(0.995659267852,80.255130605029));
#9441 = CARTESIAN_POINT('',(1.095541709421,79.136448262961));
#9442 = CARTESIAN_POINT('',(1.192953769555,78.22616227681));
#9443 = CARTESIAN_POINT('',(1.288552439647,77.536524980205));
#9444 = CARTESIAN_POINT('',(1.382962333585,77.074159122181));
#9445 = CARTESIAN_POINT('',(1.476815174046,76.842420460005));
#9446 = CARTESIAN_POINT('',(1.570796326795,76.842420460005));
#9447 = ( GEOMETRIC_REPRESENTATION_CONTEXT(2) 
PARAMETRIC_REPRESENTATION_CONTEXT() REPRESENTATION_CONTEXT('2D SPACE',''
  ) );
#9448 = ORIENTED_EDGE('',*,*,#9449,.T.);
#9449 = EDGE_CURVE('',#9381,#9450,#9452,.T.);
#9450 = VERTEX_POINT('',#9451);
#9451 = CARTESIAN_POINT('',(-90.,-4.,93.488693395958));
#9452 = SURFACE_CURVE('',#9453,(#9458,#9465),.PCURVE_S1.);
#9453 = CIRCLE('',#9454,900.);
#9454 = AXIS2_PLACEMENT_3D('',#9455,#9456,#9457);
#9455 = CARTESIAN_POINT('',(0.,-4.,-802.));
#9456 = DIRECTION('',(0.,-1.,0.));
#9457 = DIRECTION('',(1.,0.,0.));
#9458 = PCURVE('',#9003,#9459);
#9459 = DEFINITIONAL_REPRESENTATION('',(#9460),#9464);
#9460 = LINE('',#9461,#9462);
#9461 = CARTESIAN_POINT('',(0.,-36.));
#9462 = VECTOR('',#9463,1.);
#9463 = DIRECTION('',(1.,0.));
#9464 = ( GEOMETRIC_REPRESENTATION_CONTEXT(2) 
PARAMETRIC_REPRESENTATION_CONTEXT() REPRESENTATION_CONTEXT('2D SPACE',''
  ) );
#9465 = PCURVE('',#9466,#9471);
#9466 = PLANE('',#9467);
#9467 = AXIS2_PLACEMENT_3D('',#9468,#9469,#9470);
#9468 = CARTESIAN_POINT('',(-194.,-4.,0.));
#9469 = DIRECTION('',(0.,1.,0.));
#9470 = DIRECTION('',(1.,0.,0.));
#9471 = DEFINITIONAL_REPRESENTATION('',(#9472),#9480);
#9472 = ( BOUNDED_CURVE() B_SPLINE_CURVE(2,(#9473,#9474,#9475,#9476,
#9477,#9478,#9479),.UNSPECIFIED.,.T.,.F.) B_SPLINE_CURVE_WITH_KNOTS((1,2
    ,2,2,2,1),(-2.094395102393,0.,2.094395102393,4.188790204786,
6.28318530718,8.377580409573),.UNSPECIFIED.) CURVE() 
GEOMETRIC_REPRESENTATION_ITEM() RATIONAL_B_SPLINE_CURVE((1.,0.5,1.,0.5,
1.,0.5,1.)) REPRESENTATION_ITEM('') );
#9473 = CARTESIAN_POINT('',(1.094E+03,802.));
#9474 = CARTESIAN_POINT('',(1.094E+03,-756.8457268119));
#9475 = CARTESIAN_POINT('',(-256.,22.577136594005));
#9476 = CARTESIAN_POINT('',(-1.606E+03,802.));
#9477 = CARTESIAN_POINT('',(-256.,1.581422863406E+03));
#9478 = CARTESIAN_POINT('',(1.094E+03,2.360845726812E+03));
#9479 = CARTESIAN_POINT('',(1.094E+03,802.));
#9480 = ( GEOMETRIC_REPRESENTATION_CONTEXT(2) 
PARAMETRIC_REPRESENTATION_CONTEXT() REPRESENTATION_CONTEXT('2D SPACE',''
  ) );
#9481 = ORIENTED_EDGE('',*,*,#9482,.T.);
#9482 = EDGE_CURVE('',#9450,#9483,#9485,.T.);
#9483 = VERTEX_POINT('',#9484);
#9484 = CARTESIAN_POINT('',(-194.,100.,76.842420460005));
#9485 = SURFACE_CURVE('',#9486,(#9503,#9523),.PCURVE_S1.);
#9486 = B_SPLINE_CURVE_WITH_KNOTS('',8,(#9487,#9488,#9489,#9490,#9491,
    #9492,#9493,#9494,#9495,#9496,#9497,#9498,#9499,#9500,#9501,#9502),
  .UNSPECIFIED.,.F.,.F.,(9,7,9),(0.,0.445361404851,1.),.UNSPECIFIED.);
#9487 = CARTESIAN_POINT('',(-90.,-4.,93.488693395958));
#9488 = CARTESIAN_POINT('',(-101.2765941399,-4.,92.355353042163));
#9489 = CARTESIAN_POINT('',(-112.2657675322,-2.602620639522,
    91.086971636586));
#9490 = CARTESIAN_POINT('',(-122.7739597329,6.748529493564E-02,
    89.716797679751));
#9491 = CARTESIAN_POINT('',(-132.6373645018,3.860899240229,
    88.290323846064));
#9492 = CARTESIAN_POINT('',(-141.7231833554,8.60397448738,
    86.859977606856));
#9493 = CARTESIAN_POINT('',(-149.9332425877,14.100114617689,
    85.477610454596));
#9494 = CARTESIAN_POINT('',(-157.209925131,20.131714644257,
    84.18647349201));
#9495 = CARTESIAN_POINT('',(-171.4212601129,34.343049626158,
    81.560411846881));
#9496 = CARTESIAN_POINT('',(-178.0359892605,42.888827499116,
    80.255130610362));
#9497 = CARTESIAN_POINT('',(-183.4416815508,51.897761797983,
    79.136448253436));
#9498 = CARTESIAN_POINT('',(-187.6981722644,61.229131556099,
    78.226162286417));
#9499 = CARTESIAN_POINT('',(-190.8556088439,70.778156374133,
    77.536524974789));
#9500 = CARTESIAN_POINT('',(-192.9502006678,80.465270513527,
    77.074159123574));
#9501 = CARTESIAN_POINT('',(-194.,90.225960123468,76.842420460005));
#9502 = CARTESIAN_POINT('',(-194.,100.,76.842420460005));
#9503 = PCURVE('',#9003,#9504);
#9504 = DEFINITIONAL_REPRESENTATION('',(#9505),#9522);
#9505 = B_SPLINE_CURVE_WITH_KNOTS('',8,(#9506,#9507,#9508,#9509,#9510,
    #9511,#9512,#9513,#9514,#9515,#9516,#9517,#9518,#9519,#9520,#9521),
  .UNSPECIFIED.,.F.,.F.,(9,7,9),(0.,0.445361404851,1.),.UNSPECIFIED.);
#9506 = CARTESIAN_POINT('',(1.670963747956,-36.));
#9507 = CARTESIAN_POINT('',(1.683556418554,-36.));
#9508 = CARTESIAN_POINT('',(1.6958463383,-37.39737936048));
#9509 = CARTESIAN_POINT('',(1.70761886528,-40.06748529492));
#9510 = CARTESIAN_POINT('',(1.718690283707,-43.86089924023));
#9511 = CARTESIAN_POINT('',(1.728908729064,-48.60397448737));
#9512 = CARTESIAN_POINT('',(1.738158806678,-54.10011461769));
#9513 = CARTESIAN_POINT('',(1.746370089121,-60.13171464425));
#9514 = CARTESIAN_POINT('',(1.762427787622,-74.34304962615));
#9515 = CARTESIAN_POINT('',(1.769918666252,-82.88882749912));
#9516 = CARTESIAN_POINT('',(1.776051937957,-91.89776179795));
#9517 = CARTESIAN_POINT('',(1.780888213744,-101.2291315561));
#9518 = CARTESIAN_POINT('',(1.784479173288,-110.7781563741));
#9519 = CARTESIAN_POINT('',(1.786862525981,-120.4652705135));
#9520 = CARTESIAN_POINT('',(1.788057051153,-130.2259601234));
#9521 = CARTESIAN_POINT('',(1.788057051153,-140.));
#9522 = ( GEOMETRIC_REPRESENTATION_CONTEXT(2) 
PARAMETRIC_REPRESENTATION_CONTEXT() REPRESENTATION_CONTEXT('2D SPACE',''
  ) );
#9523 = PCURVE('',#9524,#9529);
#9524 = CYLINDRICAL_SURFACE('',#9525,104.);
#9525 = AXIS2_PLACEMENT_3D('',#9526,#9527,#9528);
#9526 = CARTESIAN_POINT('',(-90.,100.,0.));
#9527 = DIRECTION('',(0.,0.,1.));
#9528 = DIRECTION('',(0.,-1.,0.));
#9529 = DEFINITIONAL_REPRESENTATION('',(#9530),#9547);
#9530 = B_SPLINE_CURVE_WITH_KNOTS('',8,(#9531,#9532,#9533,#9534,#9535,
    #9536,#9537,#9538,#9539,#9540,#9541,#9542,#9543,#9544,#9545,#9546),
  .UNSPECIFIED.,.F.,.F.,(9,7,9),(0.,0.445361404851,1.),.UNSPECIFIED.);
#9531 = CARTESIAN_POINT('',(0.,93.488693395958));
#9532 = CARTESIAN_POINT('',(-0.108428789807,92.355353042163));
#9533 = CARTESIAN_POINT('',(-0.214093943615,91.086971636586));
#9534 = CARTESIAN_POINT('',(-0.317076618738,89.716797679751));
#9535 = CARTESIAN_POINT('',(-0.417329170326,88.290323846064));
#9536 = CARTESIAN_POINT('',(-0.514687093068,86.859977606856));
#9537 = CARTESIAN_POINT('',(-0.608848239119,85.477610454596));
#9538 = CARTESIAN_POINT('',(-0.699332659998,84.18647349201));
#9539 = CARTESIAN_POINT('',(-0.892581339525,81.560411846881));
#9540 = CARTESIAN_POINT('',(-0.995659267383,80.255130610362));
#9541 = CARTESIAN_POINT('',(-1.095541710429,79.136448253436));
#9542 = CARTESIAN_POINT('',(-1.192953768291,78.226162286417));
#9543 = CARTESIAN_POINT('',(-1.288552440612,77.536524974789));
#9544 = CARTESIAN_POINT('',(-1.382962333156,77.074159123574));
#9545 = CARTESIAN_POINT('',(-1.476815174136,76.842420460005));
#9546 = CARTESIAN_POINT('',(-1.570796326795,76.842420460005));
#9547 = ( GEOMETRIC_REPRESENTATION_CONTEXT(2) 
PARAMETRIC_REPRESENTATION_CONTEXT() REPRESENTATION_CONTEXT('2D SPACE',''
  ) );
#9548 = ORIENTED_EDGE('',*,*,#9549,.F.);
#9549 = EDGE_CURVE('',#9550,#9483,#9552,.T.);
#9550 = VERTEX_POINT('',#9551);
#9551 = CARTESIAN_POINT('',(-194.,440.,76.842420460005));
#9552 = SURFACE_CURVE('',#9553,(#9557,#9563),.PCURVE_S1.);
#9553 = LINE('',#9554,#9555);
#9554 = CARTESIAN_POINT('',(-194.,-40.,76.842420460005));
#9555 = VECTOR('',#9556,1.);
#9556 = DIRECTION('',(0.,-1.,0.));
#9557 = PCURVE('',#9003,#9558);
#9558 = DEFINITIONAL_REPRESENTATION('',(#9559),#9562);
#9559 = B_SPLINE_CURVE_WITH_KNOTS('',1,(#9560,#9561),.UNSPECIFIED.,.F.,
  .F.,(2,2),(-514.,-106.),.PIECEWISE_BEZIER_KNOTS.);
#9560 = CARTESIAN_POINT('',(1.788057051153,-514.));
#9561 = CARTESIAN_POINT('',(1.788057051153,-106.));
#9562 = ( GEOMETRIC_REPRESENTATION_CONTEXT(2) 
PARAMETRIC_REPRESENTATION_CONTEXT() REPRESENTATION_CONTEXT('2D SPACE',''
  ) );
#9563 = PCURVE('',#9564,#9569);
#9564 = PLANE('',#9565);
#9565 = AXIS2_PLACEMENT_3D('',#9566,#9567,#9568);
#9566 = CARTESIAN_POINT('',(-194.,544.,0.));
#9567 = DIRECTION('',(1.,0.,-0.));
#9568 = DIRECTION('',(0.,-1.,0.));
#9569 = DEFINITIONAL_REPRESENTATION('',(#9570),#9573);
#9570 = B_SPLINE_CURVE_WITH_KNOTS('',1,(#9571,#9572),.UNSPECIFIED.,.F.,
  .F.,(2,2),(-514.,-106.),.PIECEWISE_BEZIER_KNOTS.);
#9571 = CARTESIAN_POINT('',(70.,-76.84242046));
#9572 = CARTESIAN_POINT('',(478.,-76.84242046));
#9573 = ( GEOMETRIC_REPRESENTATION_CONTEXT(2) 
PARAMETRIC_REPRESENTATION_CONTEXT() REPRESENTATION_CONTEXT('2D SPACE',''
  ) );
#9574 = ORIENTED_EDGE('',*,*,#9575,.F.);
#9575 = EDGE_CURVE('',#9576,#9550,#9578,.T.);
#9576 = VERTEX_POINT('',#9577);
#9577 = CARTESIAN_POINT('',(-90.,544.,93.488693395958));
#9578 = SURFACE_CURVE('',#9579,(#9596,#9616),.PCURVE_S1.);
#9579 = B_SPLINE_CURVE_WITH_KNOTS('',8,(#9580,#9581,#9582,#9583,#9584,
    #9585,#9586,#9587,#9588,#9589,#9590,#9591,#9592,#9593,#9594,#9595),
  .UNSPECIFIED.,.F.,.F.,(9,7,9),(0.,0.445361405101,1.),.UNSPECIFIED.);
#9580 = CARTESIAN_POINT('',(-90.,544.,93.488693395958));
#9581 = CARTESIAN_POINT('',(-101.2765941376,544.,92.355353042389));
#9582 = CARTESIAN_POINT('',(-112.2657675481,542.60262063687,
    91.086971634726));
#9583 = CARTESIAN_POINT('',(-122.7739596969,539.93251471429,
    89.716797684263));
#9584 = CARTESIAN_POINT('',(-132.6373645429,536.13910074522,
    88.2903238406));
#9585 = CARTESIAN_POINT('',(-141.7231833276,531.39602552669,
    86.859977610883));
#9586 = CARTESIAN_POINT('',(-149.9332426001,525.89988537315,
    85.477610452569));
#9587 = CARTESIAN_POINT('',(-157.2099251277,519.868285359,
    84.186473492613));
#9588 = CARTESIAN_POINT('',(-171.421260109,505.65695037777,
    81.560411847608));
#9589 = CARTESIAN_POINT('',(-178.035989275,497.11117248161,
    80.255130607633));
#9590 = CARTESIAN_POINT('',(-183.441681525,488.10223824605,
    79.136448258321));
#9591 = CARTESIAN_POINT('',(-187.6981722902,478.7708683858,
    78.226162281482));
#9592 = CARTESIAN_POINT('',(-190.8556088294,469.22184367225,
    77.536524977574));
#9593 = CARTESIAN_POINT('',(-192.9502006715,459.53472946491,
    77.074159122858));
#9594 = CARTESIAN_POINT('',(-194.,449.77403988131,76.842420460005));
#9595 = CARTESIAN_POINT('',(-194.,440.,76.842420460005));
#9596 = PCURVE('',#9003,#9597);
#9597 = DEFINITIONAL_REPRESENTATION('',(#9598),#9615);
#9598 = B_SPLINE_CURVE_WITH_KNOTS('',8,(#9599,#9600,#9601,#9602,#9603,
    #9604,#9605,#9606,#9607,#9608,#9609,#9610,#9611,#9612,#9613,#9614),
  .UNSPECIFIED.,.F.,.F.,(9,7,9),(0.,0.445361405101,1.),.UNSPECIFIED.);
#9599 = CARTESIAN_POINT('',(1.670963747956,-584.));
#9600 = CARTESIAN_POINT('',(1.683556418552,-584.));
#9601 = CARTESIAN_POINT('',(1.695846338317,-582.6026206368));
#9602 = CARTESIAN_POINT('',(1.707618865239,-579.9325147142));
#9603 = CARTESIAN_POINT('',(1.718690283753,-576.1391007452));
#9604 = CARTESIAN_POINT('',(1.728908729032,-571.3960255266));
#9605 = CARTESIAN_POINT('',(1.738158806692,-565.8998853731));
#9606 = CARTESIAN_POINT('',(1.746370089118,-559.868285359));
#9607 = CARTESIAN_POINT('',(1.762427787618,-545.6569503777));
#9608 = CARTESIAN_POINT('',(1.769918666269,-537.1111724816));
#9609 = CARTESIAN_POINT('',(1.776051937928,-528.102238246));
#9610 = CARTESIAN_POINT('',(1.780888213773,-518.7708683857));
#9611 = CARTESIAN_POINT('',(1.784479173271,-509.2218436722));
#9612 = CARTESIAN_POINT('',(1.786862525985,-499.5347294649));
#9613 = CARTESIAN_POINT('',(1.788057051153,-489.7740398813));
#9614 = CARTESIAN_POINT('',(1.788057051153,-480.));
#9615 = ( GEOMETRIC_REPRESENTATION_CONTEXT(2) 
PARAMETRIC_REPRESENTATION_CONTEXT() REPRESENTATION_CONTEXT('2D SPACE',''
  ) );
#9616 = PCURVE('',#9617,#9622);
#9617 = CYLINDRICAL_SURFACE('',#9618,104.);
#9618 = AXIS2_PLACEMENT_3D('',#9619,#9620,#9621);
#9619 = CARTESIAN_POINT('',(-90.,440.,0.));
#9620 = DIRECTION('',(0.,0.,1.));
#9621 = DIRECTION('',(-0.,1.,0.));
#9622 = DEFINITIONAL_REPRESENTATION('',(#9623),#9640);
#9623 = B_SPLINE_CURVE_WITH_KNOTS('',8,(#9624,#9625,#9626,#9627,#9628,
    #9629,#9630,#9631,#9632,#9633,#9634,#9635,#9636,#9637,#9638,#9639),
  .UNSPECIFIED.,.F.,.F.,(9,7,9),(0.,0.445361405101,1.),.UNSPECIFIED.);
#9624 = CARTESIAN_POINT('',(0.,93.488693395958));
#9625 = CARTESIAN_POINT('',(0.108428789785,92.355353042389));
#9626 = CARTESIAN_POINT('',(0.214093943775,91.086971634726));
#9627 = CARTESIAN_POINT('',(0.317076618364,89.716797684263));
#9628 = CARTESIAN_POINT('',(0.41732917077,88.2903238406));
#9629 = CARTESIAN_POINT('',(0.514687092748,86.859977610883));
#9630 = CARTESIAN_POINT('',(0.608848239274,85.477610452569));
#9631 = CARTESIAN_POINT('',(0.699332659953,84.186473492613));
#9632 = CARTESIAN_POINT('',(0.892581339471,81.560411847608));
#9633 = CARTESIAN_POINT('',(0.995659267623,80.255130607633));
#9634 = CARTESIAN_POINT('',(1.095541709912,79.136448258321));
#9635 = CARTESIAN_POINT('',(1.192953768939,78.226162281482));
#9636 = CARTESIAN_POINT('',(1.288552440117,77.536524977574));
#9637 = CARTESIAN_POINT('',(1.382962333375,77.074159122858));
#9638 = CARTESIAN_POINT('',(1.47681517409,76.842420460005));
#9639 = CARTESIAN_POINT('',(1.570796326795,76.842420460005));
#9640 = ( GEOMETRIC_REPRESENTATION_CONTEXT(2) 
PARAMETRIC_REPRESENTATION_CONTEXT() REPRESENTATION_CONTEXT('2D SPACE',''
  ) );
#9641 = ORIENTED_EDGE('',*,*,#9642,.F.);
#9642 = EDGE_CURVE('',#9643,#9576,#9645,.T.);
#9643 = VERTEX_POINT('',#9644);
#9644 = CARTESIAN_POINT('',(90.,544.,93.488693395958));
#9645 = SURFACE_CURVE('',#9646,(#9651,#9658),.PCURVE_S1.);
#9646 = CIRCLE('',#9647,900.);
#9647 = AXIS2_PLACEMENT_3D('',#9648,#9649,#9650);
#9648 = CARTESIAN_POINT('',(0.,544.,-802.));
#9649 = DIRECTION('',(0.,-1.,0.));
#9650 = DIRECTION('',(1.,0.,0.));
#9651 = PCURVE('',#9003,#9652);
#9652 = DEFINITIONAL_REPRESENTATION('',(#9653),#9657);
#9653 = LINE('',#9654,#9655);
#9654 = CARTESIAN_POINT('',(0.,-584.));
#9655 = VECTOR('',#9656,1.);
#9656 = DIRECTION('',(1.,0.));
#9657 = ( GEOMETRIC_REPRESENTATION_CONTEXT(2) 
PARAMETRIC_REPRESENTATION_CONTEXT() REPRESENTATION_CONTEXT('2D SPACE',''
  ) );
#9658 = PCURVE('',#9659,#9664);
#9659 = PLANE('',#9660);
#9660 = AXIS2_PLACEMENT_3D('',#9661,#9662,#9663);
#9661 = CARTESIAN_POINT('',(194.,544.,0.));
#9662 = DIRECTION('',(0.,-1.,0.));
#9663 = DIRECTION('',(-1.,0.,0.));
#9664 = DEFINITIONAL_REPRESENTATION('',(#9665),#9669);
#9665 = CIRCLE('',#9666,900.);
#9666 = AXIS2_PLACEMENT_2D('',#9667,#9668);
#9667 = CARTESIAN_POINT('',(194.,802.));
#9668 = DIRECTION('',(-1.,-0.));
#9669 = ( GEOMETRIC_REPRESENTATION_CONTEXT(2) 
PARAMETRIC_REPRESENTATION_CONTEXT() REPRESENTATION_CONTEXT('2D SPACE',''
  ) );
#9670 = ORIENTED_EDGE('',*,*,#9671,.F.);
#9671 = EDGE_CURVE('',#9672,#9643,#9674,.T.);
#9672 = VERTEX_POINT('',#9673);
#9673 = CARTESIAN_POINT('',(194.,440.,76.842420460005));
#9674 = SURFACE_CURVE('',#9675,(#9692,#9712),.PCURVE_S1.);
#9675 = B_SPLINE_CURVE_WITH_KNOTS('',8,(#9676,#9677,#9678,#9679,#9680,
    #9681,#9682,#9683,#9684,#9685,#9686,#9687,#9688,#9689,#9690,#9691),
  .UNSPECIFIED.,.F.,.F.,(9,7,9),(0.,0.534593923923,1.),.UNSPECIFIED.);
#9676 = CARTESIAN_POINT('',(194.,440.,76.842420460005));
#9677 = CARTESIAN_POINT('',(194.,449.41335319838,76.842420460005));
#9678 = CARTESIAN_POINT('',(193.02625119623,458.81563572647,
    77.05737108373));
#9679 = CARTESIAN_POINT('',(191.0827538495,468.15216273928,
    77.486385187735));
#9680 = CARTESIAN_POINT('',(188.15416951076,477.36476851173,
    78.126528186731));
#9681 = CARTESIAN_POINT('',(184.20963805821,486.38296736953,
    78.972028851645));
#9682 = CARTESIAN_POINT('',(179.20603950094,495.11561951637,
    80.012409937271));
#9683 = CARTESIAN_POINT('',(173.09133169672,503.44198318318,
    81.22943239169));
#9684 = CARTESIAN_POINT('',(159.47614806074,517.94068114165,
    83.781531384433));
#9685 = CARTESIAN_POINT('',(152.11775716773,524.40107594545,
    85.107128194637));
#9686 = CARTESIAN_POINT('',(143.74225733103,530.3142419055,
    86.539657193743));
#9687 = CARTESIAN_POINT('',(134.40354048453,535.43970668621,
    88.032768665204));
#9688 = CARTESIAN_POINT('',(124.20155771598,539.5572056737,
    89.529169455285));
#9689 = CARTESIAN_POINT('',(113.27626662873,542.4687677858,
    90.969710144276));
#9690 = CARTESIAN_POINT('',(101.80433004503,544.,92.302313588052));
#9691 = CARTESIAN_POINT('',(90.,544.,93.488693395958));
#9692 = PCURVE('',#9003,#9693);
#9693 = DEFINITIONAL_REPRESENTATION('',(#9694),#9711);
#9694 = B_SPLINE_CURVE_WITH_KNOTS('',8,(#9695,#9696,#9697,#9698,#9699,
    #9700,#9701,#9702,#9703,#9704,#9705,#9706,#9707,#9708,#9709,#9710),
  .UNSPECIFIED.,.F.,.F.,(9,7,9),(0.,0.534593923923,1.),.UNSPECIFIED.);
#9695 = CARTESIAN_POINT('',(1.353535602437,-480.));
#9696 = CARTESIAN_POINT('',(1.353535602437,-489.4133531983));
#9697 = CARTESIAN_POINT('',(1.354643592705,-498.8156357264));
#9698 = CARTESIAN_POINT('',(1.356855021089,-508.1521627393));
#9699 = CARTESIAN_POINT('',(1.360185824662,-517.3647685116));
#9700 = CARTESIAN_POINT('',(1.36466810955,-526.3829673695));
#9701 = CARTESIAN_POINT('',(1.370346317588,-535.1156195163));
#9702 = CARTESIAN_POINT('',(1.377273268437,-543.4419831831));
#9703 = CARTESIAN_POINT('',(1.392664721682,-557.9406811416));
#9704 = CARTESIAN_POINT('',(1.40097211404,-564.4010759454));
#9705 = CARTESIAN_POINT('',(1.410412729764,-570.3142419055));
#9706 = CARTESIAN_POINT('',(1.420919547113,-575.4397066861));
#9707 = CARTESIAN_POINT('',(1.432374224681,-579.5572056737));
#9708 = CARTESIAN_POINT('',(1.444616137366,-582.4687677857));
#9709 = CARTESIAN_POINT('',(1.457446907768,-584.));
#9710 = CARTESIAN_POINT('',(1.470628905633,-584.));
#9711 = ( GEOMETRIC_REPRESENTATION_CONTEXT(2) 
PARAMETRIC_REPRESENTATION_CONTEXT() REPRESENTATION_CONTEXT('2D SPACE',''
  ) );
#9712 = PCURVE('',#9713,#9718);
#9713 = CYLINDRICAL_SURFACE('',#9714,104.);
#9714 = AXIS2_PLACEMENT_3D('',#9715,#9716,#9717);
#9715 = CARTESIAN_POINT('',(90.,440.,0.));
#9716 = DIRECTION('',(0.,0.,1.));
#9717 = DIRECTION('',(1.,0.,-0.));
#9718 = DEFINITIONAL_REPRESENTATION('',(#9719),#9736);
#9719 = B_SPLINE_CURVE_WITH_KNOTS('',8,(#9720,#9721,#9722,#9723,#9724,
    #9725,#9726,#9727,#9728,#9729,#9730,#9731,#9732,#9733,#9734,#9735),
  .UNSPECIFIED.,.F.,.F.,(9,7,9),(0.,0.534593923923,1.),.UNSPECIFIED.);
#9720 = CARTESIAN_POINT('',(0.,76.842420460005));
#9721 = CARTESIAN_POINT('',(9.051301152291E-02,76.842420460005));
#9722 = CARTESIAN_POINT('',(0.180919613316,77.05737108373));
#9723 = CARTESIAN_POINT('',(0.271823646416,77.486385187735));
#9724 = CARTESIAN_POINT('',(0.363785790131,78.126528186731));
#9725 = CARTESIAN_POINT('',(0.457361702356,78.972028851645));
#9726 = CARTESIAN_POINT('',(0.553134317817,80.012409937271));
#9727 = CARTESIAN_POINT('',(0.651744590334,81.22943239169));
#9728 = CARTESIAN_POINT('',(0.842988152881,83.781531384433));
#9729 = CARTESIAN_POINT('',(0.936705406844,85.107128194637));
#9730 = CARTESIAN_POINT('',(1.034355938912,86.539657193743));
#9731 = CARTESIAN_POINT('',(1.135452909397,88.032768665204));
#9732 = CARTESIAN_POINT('',(1.239707179358,89.529169455285));
#9733 = CARTESIAN_POINT('',(1.346986033792,90.969710144276));
#9734 = CARTESIAN_POINT('',(1.457293153285,92.302313588052));
#9735 = CARTESIAN_POINT('',(1.570796326795,93.488693395958));
#9736 = ( GEOMETRIC_REPRESENTATION_CONTEXT(2) 
PARAMETRIC_REPRESENTATION_CONTEXT() REPRESENTATION_CONTEXT('2D SPACE',''
  ) );
#9737 = ORIENTED_EDGE('',*,*,#9738,.T.);
#9738 = EDGE_CURVE('',#9672,#9383,#9739,.T.);
#9739 = SURFACE_CURVE('',#9740,(#9744,#9750),.PCURVE_S1.);
#9740 = LINE('',#9741,#9742);
#9741 = CARTESIAN_POINT('',(194.,-40.,76.842420460005));
#9742 = VECTOR('',#9743,1.);
#9743 = DIRECTION('',(0.,-1.,0.));
#9744 = PCURVE('',#9003,#9745);
#9745 = DEFINITIONAL_REPRESENTATION('',(#9746),#9749);
#9746 = B_SPLINE_CURVE_WITH_KNOTS('',1,(#9747,#9748),.UNSPECIFIED.,.F.,
  .F.,(2,2),(-514.,-106.),.PIECEWISE_BEZIER_KNOTS.);
#9747 = CARTESIAN_POINT('',(1.353535602437,-514.));
#9748 = CARTESIAN_POINT('',(1.353535602437,-106.));
#9749 = ( GEOMETRIC_REPRESENTATION_CONTEXT(2) 
PARAMETRIC_REPRESENTATION_CONTEXT() REPRESENTATION_CONTEXT('2D SPACE',''
  ) );
#9750 = PCURVE('',#9751,#9756);
#9751 = PLANE('',#9752);
#9752 = AXIS2_PLACEMENT_3D('',#9753,#9754,#9755);
#9753 = CARTESIAN_POINT('',(194.,-4.,0.));
#9754 = DIRECTION('',(-1.,0.,0.));
#9755 = DIRECTION('',(0.,1.,0.));
#9756 = DEFINITIONAL_REPRESENTATION('',(#9757),#9760);
#9757 = B_SPLINE_CURVE_WITH_KNOTS('',1,(#9758,#9759),.UNSPECIFIED.,.F.,
  .F.,(2,2),(-514.,-106.),.PIECEWISE_BEZIER_KNOTS.);
#9758 = CARTESIAN_POINT('',(478.,-76.84242046));
#9759 = CARTESIAN_POINT('',(70.,-76.84242046));
#9760 = ( GEOMETRIC_REPRESENTATION_CONTEXT(2) 
PARAMETRIC_REPRESENTATION_CONTEXT() REPRESENTATION_CONTEXT('2D SPACE',''
  ) );
#9761 = ADVANCED_FACE('',(#9762),#9015,.F.);
#9762 = FACE_BOUND('',#9763,.F.);
#9763 = EDGE_LOOP('',(#9764,#9799,#9820,#9821));
#9764 = ORIENTED_EDGE('',*,*,#9765,.T.);
#9765 = EDGE_CURVE('',#9766,#9768,#9770,.T.);
#9766 = VERTEX_POINT('',#9767);
#9767 = CARTESIAN_POINT('',(90.,-10.,88.463362525376));
#9768 = VERTEX_POINT('',#9769);
#9769 = CARTESIAN_POINT('',(-90.,-10.,88.463362525376));
#9770 = SURFACE_CURVE('',#9771,(#9776,#9787),.PCURVE_S1.);
#9771 = CIRCLE('',#9772,895.);
#9772 = AXIS2_PLACEMENT_3D('',#9773,#9774,#9775);
#9773 = CARTESIAN_POINT('',(0.,-10.,-802.));
#9774 = DIRECTION('',(0.,-1.,0.));
#9775 = DIRECTION('',(1.,0.,0.));
#9776 = PCURVE('',#9015,#9777);
#9777 = DEFINITIONAL_REPRESENTATION('',(#9778),#9786);
#9778 = ( BOUNDED_CURVE() B_SPLINE_CURVE(2,(#9779,#9780,#9781,#9782,
#9783,#9784,#9785),.UNSPECIFIED.,.T.,.F.) B_SPLINE_CURVE_WITH_KNOTS((1,2
    ,2,2,2,1),(-2.094395102393,0.,2.094395102393,4.188790204786,
6.28318530718,8.377580409573),.UNSPECIFIED.) CURVE() 
GEOMETRIC_REPRESENTATION_ITEM() RATIONAL_B_SPLINE_CURVE((1.,0.5,1.,0.5,
1.,0.5,1.)) REPRESENTATION_ITEM('') );
#9779 = CARTESIAN_POINT('',(1.095E+03,802.));
#9780 = CARTESIAN_POINT('',(1.095E+03,-748.1854727741));
#9781 = CARTESIAN_POINT('',(-247.5,26.907263612927));
#9782 = CARTESIAN_POINT('',(-1.59E+03,802.));
#9783 = CARTESIAN_POINT('',(-247.5,1.577092736387E+03));
#9784 = CARTESIAN_POINT('',(1.095E+03,2.352185472774E+03));
#9785 = CARTESIAN_POINT('',(1.095E+03,802.));
#9786 = ( GEOMETRIC_REPRESENTATION_CONTEXT(2) 
PARAMETRIC_REPRESENTATION_CONTEXT() REPRESENTATION_CONTEXT('2D SPACE',''
  ) );
#9787 = PCURVE('',#9788,#9793);
#9788 = CYLINDRICAL_SURFACE('',#9789,895.);
#9789 = AXIS2_PLACEMENT_3D('',#9790,#9791,#9792);
#9790 = CARTESIAN_POINT('',(0.,-40.,-802.));
#9791 = DIRECTION('',(0.,-1.,0.));
#9792 = DIRECTION('',(1.,0.,0.));
#9793 = DEFINITIONAL_REPRESENTATION('',(#9794),#9798);
#9794 = LINE('',#9795,#9796);
#9795 = CARTESIAN_POINT('',(0.,-30.));
#9796 = VECTOR('',#9797,1.);
#9797 = DIRECTION('',(1.,0.));
#9798 = ( GEOMETRIC_REPRESENTATION_CONTEXT(2) 
PARAMETRIC_REPRESENTATION_CONTEXT() REPRESENTATION_CONTEXT('2D SPACE',''
  ) );
#9799 = ORIENTED_EDGE('',*,*,#9800,.T.);
#9800 = EDGE_CURVE('',#9768,#8994,#9801,.T.);
#9801 = SURFACE_CURVE('',#9802,(#9806,#9813),.PCURVE_S1.);
#9802 = LINE('',#9803,#9804);
#9803 = CARTESIAN_POINT('',(-90.,-10.,0.));
#9804 = VECTOR('',#9805,1.);
#9805 = DIRECTION('',(0.,0.,1.));
#9806 = PCURVE('',#9015,#9807);
#9807 = DEFINITIONAL_REPRESENTATION('',(#9808),#9812);
#9808 = LINE('',#9809,#9810);
#9809 = CARTESIAN_POINT('',(110.,0.));
#9810 = VECTOR('',#9811,1.);
#9811 = DIRECTION('',(0.,-1.));
#9812 = ( GEOMETRIC_REPRESENTATION_CONTEXT(2) 
PARAMETRIC_REPRESENTATION_CONTEXT() REPRESENTATION_CONTEXT('2D SPACE',''
  ) );
#9813 = PCURVE('',#9353,#9814);
#9814 = DEFINITIONAL_REPRESENTATION('',(#9815),#9819);
#9815 = LINE('',#9816,#9817);
#9816 = CARTESIAN_POINT('',(-0.,0.));
#9817 = VECTOR('',#9818,1.);
#9818 = DIRECTION('',(-0.,1.));
#9819 = ( GEOMETRIC_REPRESENTATION_CONTEXT(2) 
PARAMETRIC_REPRESENTATION_CONTEXT() REPRESENTATION_CONTEXT('2D SPACE',''
  ) );
#9820 = ORIENTED_EDGE('',*,*,#8991,.F.);
#9821 = ORIENTED_EDGE('',*,*,#9822,.F.);
#9822 = EDGE_CURVE('',#9766,#8992,#9823,.T.);
#9823 = SURFACE_CURVE('',#9824,(#9828,#9835),.PCURVE_S1.);
#9824 = LINE('',#9825,#9826);
#9825 = CARTESIAN_POINT('',(90.,-10.,0.));
#9826 = VECTOR('',#9827,1.);
#9827 = DIRECTION('',(0.,0.,1.));
#9828 = PCURVE('',#9015,#9829);
#9829 = DEFINITIONAL_REPRESENTATION('',(#9830),#9834);
#9830 = LINE('',#9831,#9832);
#9831 = CARTESIAN_POINT('',(290.,0.));
#9832 = VECTOR('',#9833,1.);
#9833 = DIRECTION('',(0.,-1.));
#9834 = ( GEOMETRIC_REPRESENTATION_CONTEXT(2) 
PARAMETRIC_REPRESENTATION_CONTEXT() REPRESENTATION_CONTEXT('2D SPACE',''
  ) );
#9835 = PCURVE('',#9073,#9836);
#9836 = DEFINITIONAL_REPRESENTATION('',(#9837),#9841);
#9837 = LINE('',#9838,#9839);
#9838 = CARTESIAN_POINT('',(0.,0.));
#9839 = VECTOR('',#9840,1.);
#9840 = DIRECTION('',(0.,1.));
#9841 = ( GEOMETRIC_REPRESENTATION_CONTEXT(2) 
PARAMETRIC_REPRESENTATION_CONTEXT() REPRESENTATION_CONTEXT('2D SPACE',''
  ) );
#9842 = ADVANCED_FACE('',(#9843),#9353,.T.);
#9843 = FACE_BOUND('',#9844,.F.);
#9844 = EDGE_LOOP('',(#9845,#9846,#9908,#9929));
#9845 = ORIENTED_EDGE('',*,*,#9800,.F.);
#9846 = ORIENTED_EDGE('',*,*,#9847,.T.);
#9847 = EDGE_CURVE('',#9768,#9848,#9850,.T.);
#9848 = VERTEX_POINT('',#9849);
#9849 = CARTESIAN_POINT('',(-200.,100.,70.367468444348));
#9850 = SURFACE_CURVE('',#9851,(#9868,#9888),.PCURVE_S1.);
#9851 = B_SPLINE_CURVE_WITH_KNOTS('',8,(#9852,#9853,#9854,#9855,#9856,
    #9857,#9858,#9859,#9860,#9861,#9862,#9863,#9864,#9865,#9866,#9867),
  .UNSPECIFIED.,.F.,.F.,(9,7,9),(0.,0.445460124594,1.),.UNSPECIFIED.);
#9852 = CARTESIAN_POINT('',(-90.,-10.,88.463362525377));
#9853 = CARTESIAN_POINT('',(-101.933951687,-10.,87.257186396139));
#9854 = CARTESIAN_POINT('',(-113.5600946554,-8.520320593019,
    85.897466775367));
#9855 = CARTESIAN_POINT('',(-124.6744478242,-5.694532730013,
    84.42049027587));
#9856 = CARTESIAN_POINT('',(-135.104871071,-1.681592857219,
    82.876388160323));
#9857 = CARTESIAN_POINT('',(-144.7120415673,3.334580827818,
    81.323164839912));
#9858 = CARTESIAN_POINT('',(-153.3931223573,9.146365405337,
    79.818375678416));
#9859 = CARTESIAN_POINT('',(-161.0878765408,15.524384679802,
    78.410208922446));
#9860 = CARTESIAN_POINT('',(-176.1147420673,30.551250206263,
    75.54234407789));
#9861 = CARTESIAN_POINT('',(-183.1096892032,39.586743059569,
    74.113806085182));
#9862 = CARTESIAN_POINT('',(-188.8276121321,49.113417747894,
    72.887339191011));
#9863 = CARTESIAN_POINT('',(-193.3310207878,58.982724831938,
    71.888077215637));
#9864 = CARTESIAN_POINT('',(-196.6722302572,69.083794156978,
    71.130392597735));
#9865 = CARTESIAN_POINT('',(-198.88896859,79.332132681883,
    70.622185703232));
#9866 = CARTESIAN_POINT('',(-200.,89.658969866418,70.367468444348));
#9867 = CARTESIAN_POINT('',(-200.,100.,70.367468444348));
#9868 = PCURVE('',#9353,#9869);
#9869 = DEFINITIONAL_REPRESENTATION('',(#9870),#9887);
#9870 = B_SPLINE_CURVE_WITH_KNOTS('',8,(#9871,#9872,#9873,#9874,#9875,
    #9876,#9877,#9878,#9879,#9880,#9881,#9882,#9883,#9884,#9885,#9886),
  .UNSPECIFIED.,.F.,.F.,(9,7,9),(0.,0.445460124594,1.),.UNSPECIFIED.);
#9871 = CARTESIAN_POINT('',(0.,88.463362525377));
#9872 = CARTESIAN_POINT('',(-0.108490469883,87.257186396139));
#9873 = CARTESIAN_POINT('',(-0.214182704054,85.897466775367));
#9874 = CARTESIAN_POINT('',(-0.317167958438,84.42049027587));
#9875 = CARTESIAN_POINT('',(-0.417406382383,82.876388160323));
#9876 = CARTESIAN_POINT('',(-0.514740532855,81.323164839912));
#9877 = CARTESIAN_POINT('',(-0.608875276867,79.818375678416));
#9878 = CARTESIAN_POINT('',(-0.699338519073,78.410208922446));
#9879 = CARTESIAN_POINT('',(-0.892531219323,75.54234407789));
#9880 = CARTESIAN_POINT('',(-0.995578858831,74.113806085182));
#9881 = CARTESIAN_POINT('',(-1.095448119362,72.887339191011));
#9882 = CARTESIAN_POINT('',(-1.192861792759,71.888077215637));
#9883 = CARTESIAN_POINT('',(-1.288474147253,71.130392597735));
#9884 = CARTESIAN_POINT('',(-1.382906568226,70.622185703232));
#9885 = CARTESIAN_POINT('',(-1.476786961944,70.367468444348));
#9886 = CARTESIAN_POINT('',(-1.570796326795,70.367468444348));
#9887 = ( GEOMETRIC_REPRESENTATION_CONTEXT(2) 
PARAMETRIC_REPRESENTATION_CONTEXT() REPRESENTATION_CONTEXT('2D SPACE',''
  ) );
#9888 = PCURVE('',#9788,#9889);
#9889 = DEFINITIONAL_REPRESENTATION('',(#9890),#9907);
#9890 = B_SPLINE_CURVE_WITH_KNOTS('',8,(#9891,#9892,#9893,#9894,#9895,
    #9896,#9897,#9898,#9899,#9900,#9901,#9902,#9903,#9904,#9905,#9906),
  .UNSPECIFIED.,.F.,.F.,(9,7,9),(0.,0.445460124594,1.),.UNSPECIFIED.);
#9891 = CARTESIAN_POINT('',(1.671525237469,-30.));
#9892 = CARTESIAN_POINT('',(1.68492719446,-30.));
#9893 = CARTESIAN_POINT('',(1.698004226126,-31.47967940697));
#9894 = CARTESIAN_POINT('',(1.710529165344,-34.30546727));
#9895 = CARTESIAN_POINT('',(1.722307946126,-38.31840714275));
#9896 = CARTESIAN_POINT('',(1.733180103367,-43.33458082783));
#9897 = CARTESIAN_POINT('',(1.743023536065,-49.14636540533));
#9898 = CARTESIAN_POINT('',(1.75176355643,-55.5243846798));
#9899 = CARTESIAN_POINT('',(1.768856386336,-70.55125020626));
#9900 = CARTESIAN_POINT('',(1.77683262824,-79.58674305956));
#9901 = CARTESIAN_POINT('',(1.783366296911,-89.11341774789));
#9902 = CARTESIAN_POINT('',(1.788520297756,-98.98272483193));
#9903 = CARTESIAN_POINT('',(1.792348264996,-109.0837941569));
#9904 = CARTESIAN_POINT('',(1.794889324821,-119.3321326818));
#9905 = CARTESIAN_POINT('',(1.796162906789,-129.6589698664));
#9906 = CARTESIAN_POINT('',(1.796162906789,-140.));
#9907 = ( GEOMETRIC_REPRESENTATION_CONTEXT(2) 
PARAMETRIC_REPRESENTATION_CONTEXT() REPRESENTATION_CONTEXT('2D SPACE',''
  ) );
#9908 = ORIENTED_EDGE('',*,*,#9909,.T.);
#9909 = EDGE_CURVE('',#9848,#9288,#9910,.T.);
#9910 = SURFACE_CURVE('',#9911,(#9915,#9922),.PCURVE_S1.);
#9911 = LINE('',#9912,#9913);
#9912 = CARTESIAN_POINT('',(-200.,100.,0.));
#9913 = VECTOR('',#9914,1.);
#9914 = DIRECTION('',(0.,0.,1.));
#9915 = PCURVE('',#9353,#9916);
#9916 = DEFINITIONAL_REPRESENTATION('',(#9917),#9921);
#9917 = LINE('',#9918,#9919);
#9918 = CARTESIAN_POINT('',(-1.570796326795,0.));
#9919 = VECTOR('',#9920,1.);
#9920 = DIRECTION('',(-0.,1.));
#9921 = ( GEOMETRIC_REPRESENTATION_CONTEXT(2) 
PARAMETRIC_REPRESENTATION_CONTEXT() REPRESENTATION_CONTEXT('2D SPACE',''
  ) );
#9922 = PCURVE('',#9302,#9923);
#9923 = DEFINITIONAL_REPRESENTATION('',(#9924),#9928);
#9924 = LINE('',#9925,#9926);
#9925 = CARTESIAN_POINT('',(450.,0.));
#9926 = VECTOR('',#9927,1.);
#9927 = DIRECTION('',(0.,-1.));
#9928 = ( GEOMETRIC_REPRESENTATION_CONTEXT(2) 
PARAMETRIC_REPRESENTATION_CONTEXT() REPRESENTATION_CONTEXT('2D SPACE',''
  ) );
#9929 = ORIENTED_EDGE('',*,*,#9313,.F.);
#9930 = ADVANCED_FACE('',(#9931),#9302,.F.);
#9931 = FACE_BOUND('',#9932,.F.);
#9932 = EDGE_LOOP('',(#9933,#9954,#9975,#9976));
#9933 = ORIENTED_EDGE('',*,*,#9934,.F.);
#9934 = EDGE_CURVE('',#9935,#9848,#9937,.T.);
#9935 = VERTEX_POINT('',#9936);
#9936 = CARTESIAN_POINT('',(-200.,440.,70.367468444348));
#9937 = SURFACE_CURVE('',#9938,(#9942,#9948),.PCURVE_S1.);
#9938 = LINE('',#9939,#9940);
#9939 = CARTESIAN_POINT('',(-200.,-40.,70.367468444348));
#9940 = VECTOR('',#9941,1.);
#9941 = DIRECTION('',(0.,-1.,0.));
#9942 = PCURVE('',#9302,#9943);
#9943 = DEFINITIONAL_REPRESENTATION('',(#9944),#9947);
#9944 = B_SPLINE_CURVE_WITH_KNOTS('',1,(#9945,#9946),.UNSPECIFIED.,.F.,
  .F.,(2,2),(-514.,-106.),.PIECEWISE_BEZIER_KNOTS.);
#9945 = CARTESIAN_POINT('',(76.,-70.36746844434));
#9946 = CARTESIAN_POINT('',(484.,-70.36746844434));
#9947 = ( GEOMETRIC_REPRESENTATION_CONTEXT(2) 
PARAMETRIC_REPRESENTATION_CONTEXT() REPRESENTATION_CONTEXT('2D SPACE',''
  ) );
#9948 = PCURVE('',#9788,#9949);
#9949 = DEFINITIONAL_REPRESENTATION('',(#9950),#9953);
#9950 = B_SPLINE_CURVE_WITH_KNOTS('',1,(#9951,#9952),.UNSPECIFIED.,.F.,
  .F.,(2,2),(-514.,-106.),.PIECEWISE_BEZIER_KNOTS.);
#9951 = CARTESIAN_POINT('',(1.796162906789,-514.));
#9952 = CARTESIAN_POINT('',(1.796162906789,-106.));
#9953 = ( GEOMETRIC_REPRESENTATION_CONTEXT(2) 
PARAMETRIC_REPRESENTATION_CONTEXT() REPRESENTATION_CONTEXT('2D SPACE',''
  ) );
#9954 = ORIENTED_EDGE('',*,*,#9955,.T.);
#9955 = EDGE_CURVE('',#9935,#9221,#9956,.T.);
#9956 = SURFACE_CURVE('',#9957,(#9961,#9968),.PCURVE_S1.);
#9957 = LINE('',#9958,#9959);
#9958 = CARTESIAN_POINT('',(-200.,440.,0.));
#9959 = VECTOR('',#9960,1.);
#9960 = DIRECTION('',(0.,0.,1.));
#9961 = PCURVE('',#9302,#9962);
#9962 = DEFINITIONAL_REPRESENTATION('',(#9963),#9967);
#9963 = LINE('',#9964,#9965);
#9964 = CARTESIAN_POINT('',(110.,0.));
#9965 = VECTOR('',#9966,1.);
#9966 = DIRECTION('',(0.,-1.));
#9967 = ( GEOMETRIC_REPRESENTATION_CONTEXT(2) 
PARAMETRIC_REPRESENTATION_CONTEXT() REPRESENTATION_CONTEXT('2D SPACE',''
  ) );
#9968 = PCURVE('',#9262,#9969);
#9969 = DEFINITIONAL_REPRESENTATION('',(#9970),#9974);
#9970 = LINE('',#9971,#9972);
#9971 = CARTESIAN_POINT('',(1.570796326795,0.));
#9972 = VECTOR('',#9973,1.);
#9973 = DIRECTION('',(0.,1.));
#9974 = ( GEOMETRIC_REPRESENTATION_CONTEXT(2) 
PARAMETRIC_REPRESENTATION_CONTEXT() REPRESENTATION_CONTEXT('2D SPACE',''
  ) );
#9975 = ORIENTED_EDGE('',*,*,#9287,.T.);
#9976 = ORIENTED_EDGE('',*,*,#9909,.F.);
#9977 = ADVANCED_FACE('',(#9978),#9262,.T.);
#9978 = FACE_BOUND('',#9979,.T.);
#9979 = EDGE_LOOP('',(#9980,#10003,#10063,#10064));
#9980 = ORIENTED_EDGE('',*,*,#9981,.F.);
#9981 = EDGE_CURVE('',#9982,#9192,#9984,.T.);
#9982 = VERTEX_POINT('',#9983);
#9983 = CARTESIAN_POINT('',(-90.,550.,88.463362525376));
#9984 = SURFACE_CURVE('',#9985,(#9989,#9996),.PCURVE_S1.);
#9985 = LINE('',#9986,#9987);
#9986 = CARTESIAN_POINT('',(-90.,550.,0.));
#9987 = VECTOR('',#9988,1.);
#9988 = DIRECTION('',(0.,0.,1.));
#9989 = PCURVE('',#9262,#9990);
#9990 = DEFINITIONAL_REPRESENTATION('',(#9991),#9995);
#9991 = LINE('',#9992,#9993);
#9992 = CARTESIAN_POINT('',(0.,0.));
#9993 = VECTOR('',#9994,1.);
#9994 = DIRECTION('',(0.,1.));
#9995 = ( GEOMETRIC_REPRESENTATION_CONTEXT(2) 
PARAMETRIC_REPRESENTATION_CONTEXT() REPRESENTATION_CONTEXT('2D SPACE',''
  ) );
#9996 = PCURVE('',#9208,#9997);
#9997 = DEFINITIONAL_REPRESENTATION('',(#9998),#10002);
#9998 = LINE('',#9999,#10000);
#9999 = CARTESIAN_POINT('',(290.,0.));
#10000 = VECTOR('',#10001,1.);
#10001 = DIRECTION('',(0.,-1.));
#10002 = ( GEOMETRIC_REPRESENTATION_CONTEXT(2) 
PARAMETRIC_REPRESENTATION_CONTEXT() REPRESENTATION_CONTEXT('2D SPACE',''
  ) );
#10003 = ORIENTED_EDGE('',*,*,#10004,.T.);
#10004 = EDGE_CURVE('',#9982,#9935,#10005,.T.);
#10005 = SURFACE_CURVE('',#10006,(#10023,#10043),.PCURVE_S1.);
#10006 = B_SPLINE_CURVE_WITH_KNOTS('',8,(#10007,#10008,#10009,#10010,
    #10011,#10012,#10013,#10014,#10015,#10016,#10017,#10018,#10019,
    #10020,#10021,#10022),.UNSPECIFIED.,.F.,.F.,(9,7,9),(0.,
    0.445460124587,1.),.UNSPECIFIED.);
#10007 = CARTESIAN_POINT('',(-90.,550.,88.463362525377));
#10008 = CARTESIAN_POINT('',(-101.9339516868,550.,87.257186396168));
#10009 = CARTESIAN_POINT('',(-113.5600946555,548.52032059308,
    85.897466775363));
#10010 = CARTESIAN_POINT('',(-124.6744478245,545.69453272993,
    84.420490275822));
#10011 = CARTESIAN_POINT('',(-135.1048710709,541.68159285708,
    82.876388160317));
#10012 = CARTESIAN_POINT('',(-144.7120415671,536.66541917233,
    81.323164839954));
#10013 = CARTESIAN_POINT('',(-153.3931223572,530.85363459483,
    79.81837567844));
#10014 = CARTESIAN_POINT('',(-161.087876541,524.47561531999,
    78.410208922408));
#10015 = CARTESIAN_POINT('',(-176.1147420673,509.44874979374,
    75.54234407789));
#10016 = CARTESIAN_POINT('',(-183.1096892032,500.41325694044,
    74.113806085185));
#10017 = CARTESIAN_POINT('',(-188.8276121322,490.88658225208,
    72.887339190998));
#10018 = CARTESIAN_POINT('',(-193.3310207878,481.01727516801,
    71.888077215654));
#10019 = CARTESIAN_POINT('',(-196.6722302573,470.91620584317,
    71.130392597726));
#10020 = CARTESIAN_POINT('',(-198.8889685899,460.66786731796,
    70.622185703234));
#10021 = CARTESIAN_POINT('',(-200.,450.34103013364,70.367468444348));
#10022 = CARTESIAN_POINT('',(-200.,440.,70.367468444348));
#10023 = PCURVE('',#9262,#10024);
#10024 = DEFINITIONAL_REPRESENTATION('',(#10025),#10042);
#10025 = B_SPLINE_CURVE_WITH_KNOTS('',8,(#10026,#10027,#10028,#10029,
    #10030,#10031,#10032,#10033,#10034,#10035,#10036,#10037,#10038,
    #10039,#10040,#10041),.UNSPECIFIED.,.F.,.F.,(9,7,9),(0.,
    0.445460124587,1.),.UNSPECIFIED.);
#10026 = CARTESIAN_POINT('',(0.,88.463362525377));
#10027 = CARTESIAN_POINT('',(0.10849046988,87.257186396168));
#10028 = CARTESIAN_POINT('',(0.214182704055,85.897466775363));
#10029 = CARTESIAN_POINT('',(0.317167958441,84.420490275822));
#10030 = CARTESIAN_POINT('',(0.417406382384,82.876388160317));
#10031 = CARTESIAN_POINT('',(0.514740532852,81.323164839954));
#10032 = CARTESIAN_POINT('',(0.608875276865,79.81837567844));
#10033 = CARTESIAN_POINT('',(0.699338519076,78.410208922408));
#10034 = CARTESIAN_POINT('',(0.892531219323,75.54234407789));
#10035 = CARTESIAN_POINT('',(0.99557885883,74.113806085185));
#10036 = CARTESIAN_POINT('',(1.095448119362,72.887339190998));
#10037 = CARTESIAN_POINT('',(1.192861792759,71.888077215654));
#10038 = CARTESIAN_POINT('',(1.288474147252,71.130392597726));
#10039 = CARTESIAN_POINT('',(1.382906568228,70.622185703234));
#10040 = CARTESIAN_POINT('',(1.476786961944,70.367468444348));
#10041 = CARTESIAN_POINT('',(1.570796326795,70.367468444348));
#10042 = ( GEOMETRIC_REPRESENTATION_CONTEXT(2) 
PARAMETRIC_REPRESENTATION_CONTEXT() REPRESENTATION_CONTEXT('2D SPACE',''
  ) );
#10043 = PCURVE('',#9788,#10044);
#10044 = DEFINITIONAL_REPRESENTATION('',(#10045),#10062);
#10045 = B_SPLINE_CURVE_WITH_KNOTS('',8,(#10046,#10047,#10048,#10049,
    #10050,#10051,#10052,#10053,#10054,#10055,#10056,#10057,#10058,
    #10059,#10060,#10061),.UNSPECIFIED.,.F.,.F.,(9,7,9),(0.,
    0.445460124587,1.),.UNSPECIFIED.);
#10046 = CARTESIAN_POINT('',(1.671525237469,-590.));
#10047 = CARTESIAN_POINT('',(1.68492719446,-590.));
#10048 = CARTESIAN_POINT('',(1.698004226126,-588.520320593));
#10049 = CARTESIAN_POINT('',(1.710529165344,-585.6945327299));
#10050 = CARTESIAN_POINT('',(1.722307946126,-581.6815928571));
#10051 = CARTESIAN_POINT('',(1.733180103367,-576.6654191723));
#10052 = CARTESIAN_POINT('',(1.743023536065,-570.8536345948));
#10053 = CARTESIAN_POINT('',(1.75176355643,-564.4756153199));
#10054 = CARTESIAN_POINT('',(1.768856386336,-549.4487497937));
#10055 = CARTESIAN_POINT('',(1.77683262824,-540.4132569404));
#10056 = CARTESIAN_POINT('',(1.783366296911,-530.886582252));
#10057 = CARTESIAN_POINT('',(1.788520297756,-521.0172751679));
#10058 = CARTESIAN_POINT('',(1.792348264996,-510.9162058431));
#10059 = CARTESIAN_POINT('',(1.794889324821,-500.6678673179));
#10060 = CARTESIAN_POINT('',(1.796162906789,-490.3410301336));
#10061 = CARTESIAN_POINT('',(1.796162906789,-480.));
#10062 = ( GEOMETRIC_REPRESENTATION_CONTEXT(2) 
PARAMETRIC_REPRESENTATION_CONTEXT() REPRESENTATION_CONTEXT('2D SPACE',''
  ) );
#10063 = ORIENTED_EDGE('',*,*,#9955,.T.);
#10064 = ORIENTED_EDGE('',*,*,#9220,.F.);
#10065 = ADVANCED_FACE('',(#10066),#9208,.F.);
#10066 = FACE_BOUND('',#10067,.F.);
#10067 = EDGE_LOOP('',(#10068,#10092,#10113,#10114));
#10068 = ORIENTED_EDGE('',*,*,#10069,.F.);
#10069 = EDGE_CURVE('',#10070,#9982,#10072,.T.);
#10070 = VERTEX_POINT('',#10071);
#10071 = CARTESIAN_POINT('',(90.,550.,88.463362525376));
#10072 = SURFACE_CURVE('',#10073,(#10078,#10085),.PCURVE_S1.);
#10073 = CIRCLE('',#10074,895.);
#10074 = AXIS2_PLACEMENT_3D('',#10075,#10076,#10077);
#10075 = CARTESIAN_POINT('',(0.,550.,-802.));
#10076 = DIRECTION('',(0.,-1.,0.));
#10077 = DIRECTION('',(1.,0.,0.));
#10078 = PCURVE('',#9208,#10079);
#10079 = DEFINITIONAL_REPRESENTATION('',(#10080),#10084);
#10080 = CIRCLE('',#10081,895.);
#10081 = AXIS2_PLACEMENT_2D('',#10082,#10083);
#10082 = CARTESIAN_POINT('',(200.,802.));
#10083 = DIRECTION('',(-1.,-0.));
#10084 = ( GEOMETRIC_REPRESENTATION_CONTEXT(2) 
PARAMETRIC_REPRESENTATION_CONTEXT() REPRESENTATION_CONTEXT('2D SPACE',''
  ) );
#10085 = PCURVE('',#9788,#10086);
#10086 = DEFINITIONAL_REPRESENTATION('',(#10087),#10091);
#10087 = LINE('',#10088,#10089);
#10088 = CARTESIAN_POINT('',(0.,-590.));
#10089 = VECTOR('',#10090,1.);
#10090 = DIRECTION('',(1.,0.));
#10091 = ( GEOMETRIC_REPRESENTATION_CONTEXT(2) 
PARAMETRIC_REPRESENTATION_CONTEXT() REPRESENTATION_CONTEXT('2D SPACE',''
  ) );
#10092 = ORIENTED_EDGE('',*,*,#10093,.T.);
#10093 = EDGE_CURVE('',#10070,#9125,#10094,.T.);
#10094 = SURFACE_CURVE('',#10095,(#10099,#10106),.PCURVE_S1.);
#10095 = LINE('',#10096,#10097);
#10096 = CARTESIAN_POINT('',(90.,550.,0.));
#10097 = VECTOR('',#10098,1.);
#10098 = DIRECTION('',(0.,0.,1.));
#10099 = PCURVE('',#9208,#10100);
#10100 = DEFINITIONAL_REPRESENTATION('',(#10101),#10105);
#10101 = LINE('',#10102,#10103);
#10102 = CARTESIAN_POINT('',(110.,0.));
#10103 = VECTOR('',#10104,1.);
#10104 = DIRECTION('',(0.,-1.));
#10105 = ( GEOMETRIC_REPRESENTATION_CONTEXT(2) 
PARAMETRIC_REPRESENTATION_CONTEXT() REPRESENTATION_CONTEXT('2D SPACE',''
  ) );
#10106 = PCURVE('',#9166,#10107);
#10107 = DEFINITIONAL_REPRESENTATION('',(#10108),#10112);
#10108 = LINE('',#10109,#10110);
#10109 = CARTESIAN_POINT('',(1.570796326795,0.));
#10110 = VECTOR('',#10111,1.);
#10111 = DIRECTION('',(0.,1.));
#10112 = ( GEOMETRIC_REPRESENTATION_CONTEXT(2) 
PARAMETRIC_REPRESENTATION_CONTEXT() REPRESENTATION_CONTEXT('2D SPACE',''
  ) );
#10113 = ORIENTED_EDGE('',*,*,#9191,.T.);
#10114 = ORIENTED_EDGE('',*,*,#9981,.F.);
#10115 = ADVANCED_FACE('',(#10116),#9166,.T.);
#10116 = FACE_BOUND('',#10117,.T.);
#10117 = EDGE_LOOP('',(#10118,#10141,#10201,#10202));
#10118 = ORIENTED_EDGE('',*,*,#10119,.F.);
#10119 = EDGE_CURVE('',#10120,#9099,#10122,.T.);
#10120 = VERTEX_POINT('',#10121);
#10121 = CARTESIAN_POINT('',(200.,440.,70.367468444348));
#10122 = SURFACE_CURVE('',#10123,(#10127,#10134),.PCURVE_S1.);
#10123 = LINE('',#10124,#10125);
#10124 = CARTESIAN_POINT('',(200.,440.,0.));
#10125 = VECTOR('',#10126,1.);
#10126 = DIRECTION('',(0.,0.,1.));
#10127 = PCURVE('',#9166,#10128);
#10128 = DEFINITIONAL_REPRESENTATION('',(#10129),#10133);
#10129 = LINE('',#10130,#10131);
#10130 = CARTESIAN_POINT('',(0.,0.));
#10131 = VECTOR('',#10132,1.);
#10132 = DIRECTION('',(0.,1.));
#10133 = ( GEOMETRIC_REPRESENTATION_CONTEXT(2) 
PARAMETRIC_REPRESENTATION_CONTEXT() REPRESENTATION_CONTEXT('2D SPACE',''
  ) );
#10134 = PCURVE('',#9113,#10135);
#10135 = DEFINITIONAL_REPRESENTATION('',(#10136),#10140);
#10136 = LINE('',#10137,#10138);
#10137 = CARTESIAN_POINT('',(450.,0.));
#10138 = VECTOR('',#10139,1.);
#10139 = DIRECTION('',(0.,-1.));
#10140 = ( GEOMETRIC_REPRESENTATION_CONTEXT(2) 
PARAMETRIC_REPRESENTATION_CONTEXT() REPRESENTATION_CONTEXT('2D SPACE',''
  ) );
#10141 = ORIENTED_EDGE('',*,*,#10142,.T.);
#10142 = EDGE_CURVE('',#10120,#10070,#10143,.T.);
#10143 = SURFACE_CURVE('',#10144,(#10161,#10181),.PCURVE_S1.);
#10144 = B_SPLINE_CURVE_WITH_KNOTS('',8,(#10145,#10146,#10147,#10148,
    #10149,#10150,#10151,#10152,#10153,#10154,#10155,#10156,#10157,
    #10158,#10159,#10160),.UNSPECIFIED.,.F.,.F.,(9,7,9),(0.,
    0.534486834432,1.),.UNSPECIFIED.);
#10145 = CARTESIAN_POINT('',(200.,440.,70.367468444348));
#10146 = CARTESIAN_POINT('',(200.,449.95923968362,70.367468444348));
#10147 = CARTESIAN_POINT('',(198.96949228177,459.90671883417,
    70.603724444022));
#10148 = CARTESIAN_POINT('',(196.91272757127,469.78405548825,
    71.075257363608));
#10149 = CARTESIAN_POINT('',(193.81376495875,479.52924361499,
    71.778564088343));
#10150 = CARTESIAN_POINT('',(189.64046119956,489.06741201819,
    72.706765754816));
#10151 = CARTESIAN_POINT('',(184.34785133856,498.30209066691,
    73.847564363731));
#10152 = CARTESIAN_POINT('',(177.88159428896,507.10579073042,
    75.17989802832));
#10153 = CARTESIAN_POINT('',(163.48452259909,522.43711489753,
    77.96841595081));
#10154 = CARTESIAN_POINT('',(155.70320075025,529.26858860715,
    79.41493934975));
#10155 = CARTESIAN_POINT('',(146.84719665395,535.52123318888,
    80.975189479998));
#10156 = CARTESIAN_POINT('',(136.97276652171,540.94166117355,
    82.597474538264));
#10157 = CARTESIAN_POINT('',(126.1845198609,545.29732174985,
    84.218150214542));
#10158 = CARTESIAN_POINT('',(114.62921375895,548.37858694136,
    85.771722339073));
#10159 = CARTESIAN_POINT('',(102.49244142567,550.,87.200739293891));
#10160 = CARTESIAN_POINT('',(90.,550.,88.463362525376));
#10161 = PCURVE('',#9166,#10162);
#10162 = DEFINITIONAL_REPRESENTATION('',(#10163),#10180);
#10163 = B_SPLINE_CURVE_WITH_KNOTS('',8,(#10164,#10165,#10166,#10167,
    #10168,#10169,#10170,#10171,#10172,#10173,#10174,#10175,#10176,
    #10177,#10178,#10179),.UNSPECIFIED.,.F.,.F.,(9,7,9),(0.,
    0.534486834432,1.),.UNSPECIFIED.);
#10164 = CARTESIAN_POINT('',(0.,70.367468444348));
#10165 = CARTESIAN_POINT('',(9.053854257841E-02,70.367468444348));
#10166 = CARTESIAN_POINT('',(0.180970209835,70.603724444022));
#10167 = CARTESIAN_POINT('',(0.271894873095,71.075257363608));
#10168 = CARTESIAN_POINT('',(0.363869695955,71.778564088343));
#10169 = CARTESIAN_POINT('',(0.457447317286,72.706765754816));
#10170 = CARTESIAN_POINT('',(0.553208066585,73.847564363731));
#10171 = CARTESIAN_POINT('',(0.651790647097,75.17989802832));
#10172 = CARTESIAN_POINT('',(0.84298635704,77.96841595081));
#10173 = CARTESIAN_POINT('',(0.936682863527,79.41493934975));
#10174 = CARTESIAN_POINT('',(1.034305504023,80.975189479998));
#10175 = CARTESIAN_POINT('',(1.135376421823,82.597474538264));
#10176 = CARTESIAN_POINT('',(1.239614334463,84.218150214542));
#10177 = CARTESIAN_POINT('',(1.346894346037,85.771722339073));
#10178 = CARTESIAN_POINT('',(1.457228677471,87.200739293891));
#10179 = CARTESIAN_POINT('',(1.570796326795,88.463362525376));
#10180 = ( GEOMETRIC_REPRESENTATION_CONTEXT(2) 
PARAMETRIC_REPRESENTATION_CONTEXT() REPRESENTATION_CONTEXT('2D SPACE',''
  ) );
#10181 = PCURVE('',#9788,#10182);
#10182 = DEFINITIONAL_REPRESENTATION('',(#10183),#10200);
#10183 = B_SPLINE_CURVE_WITH_KNOTS('',8,(#10184,#10185,#10186,#10187,
    #10188,#10189,#10190,#10191,#10192,#10193,#10194,#10195,#10196,
    #10197,#10198,#10199),.UNSPECIFIED.,.F.,.F.,(9,7,9),(0.,
    0.534486834432,1.),.UNSPECIFIED.);
#10184 = CARTESIAN_POINT('',(1.345429746801,-480.));
#10185 = CARTESIAN_POINT('',(1.345429746801,-489.9592396836));
#10186 = CARTESIAN_POINT('',(1.346611023963,-499.9067188341));
#10187 = CARTESIAN_POINT('',(1.348968705201,-509.7840554882));
#10188 = CARTESIAN_POINT('',(1.352519273951,-519.529243615));
#10189 = CARTESIAN_POINT('',(1.357296025256,-529.0674120181));
#10190 = CARTESIAN_POINT('',(1.363345060056,-538.3020906669));
#10191 = CARTESIAN_POINT('',(1.370721176126,-547.1057907304));
#10192 = CARTESIAN_POINT('',(1.387106242623,-562.4371148975));
#10193 = CARTESIAN_POINT('',(1.395949157251,-569.2685886071));
#10194 = CARTESIAN_POINT('',(1.405995761985,-575.5212331888));
#10195 = CARTESIAN_POINT('',(1.417174957564,-580.9416611735));
#10196 = CARTESIAN_POINT('',(1.429361536178,-585.2973217498));
#10197 = CARTESIAN_POINT('',(1.442385807733,-588.3785869413));
#10198 = CARTESIAN_POINT('',(1.456038269105,-590.));
#10199 = CARTESIAN_POINT('',(1.470067416121,-590.));
#10200 = ( GEOMETRIC_REPRESENTATION_CONTEXT(2) 
PARAMETRIC_REPRESENTATION_CONTEXT() REPRESENTATION_CONTEXT('2D SPACE',''
  ) );
#10201 = ORIENTED_EDGE('',*,*,#10093,.T.);
#10202 = ORIENTED_EDGE('',*,*,#9124,.F.);
#10203 = ADVANCED_FACE('',(#10204),#9113,.F.);
#10204 = FACE_BOUND('',#10205,.F.);
#10205 = EDGE_LOOP('',(#10206,#10227,#10248,#10249));
#10206 = ORIENTED_EDGE('',*,*,#10207,.T.);
#10207 = EDGE_CURVE('',#10120,#10208,#10210,.T.);
#10208 = VERTEX_POINT('',#10209);
#10209 = CARTESIAN_POINT('',(200.,100.,70.367468444348));
#10210 = SURFACE_CURVE('',#10211,(#10215,#10221),.PCURVE_S1.);
#10211 = LINE('',#10212,#10213);
#10212 = CARTESIAN_POINT('',(200.,-40.,70.367468444348));
#10213 = VECTOR('',#10214,1.);
#10214 = DIRECTION('',(0.,-1.,0.));
#10215 = PCURVE('',#9113,#10216);
#10216 = DEFINITIONAL_REPRESENTATION('',(#10217),#10220);
#10217 = B_SPLINE_CURVE_WITH_KNOTS('',1,(#10218,#10219),.UNSPECIFIED.,
  .F.,.F.,(2,2),(-514.,-106.),.PIECEWISE_BEZIER_KNOTS.);
#10218 = CARTESIAN_POINT('',(484.,-70.36746844434));
#10219 = CARTESIAN_POINT('',(76.,-70.36746844434));
#10220 = ( GEOMETRIC_REPRESENTATION_CONTEXT(2) 
PARAMETRIC_REPRESENTATION_CONTEXT() REPRESENTATION_CONTEXT('2D SPACE',''
  ) );
#10221 = PCURVE('',#9788,#10222);
#10222 = DEFINITIONAL_REPRESENTATION('',(#10223),#10226);
#10223 = B_SPLINE_CURVE_WITH_KNOTS('',1,(#10224,#10225),.UNSPECIFIED.,
  .F.,.F.,(2,2),(-514.,-106.),.PIECEWISE_BEZIER_KNOTS.);
#10224 = CARTESIAN_POINT('',(1.345429746801,-514.));
#10225 = CARTESIAN_POINT('',(1.345429746801,-106.));
#10226 = ( GEOMETRIC_REPRESENTATION_CONTEXT(2) 
PARAMETRIC_REPRESENTATION_CONTEXT() REPRESENTATION_CONTEXT('2D SPACE',''
  ) );
#10227 = ORIENTED_EDGE('',*,*,#10228,.T.);
#10228 = EDGE_CURVE('',#10208,#9032,#10229,.T.);
#10229 = SURFACE_CURVE('',#10230,(#10234,#10241),.PCURVE_S1.);
#10230 = LINE('',#10231,#10232);
#10231 = CARTESIAN_POINT('',(200.,100.,0.));
#10232 = VECTOR('',#10233,1.);
#10233 = DIRECTION('',(0.,0.,1.));
#10234 = PCURVE('',#9113,#10235);
#10235 = DEFINITIONAL_REPRESENTATION('',(#10236),#10240);
#10236 = LINE('',#10237,#10238);
#10237 = CARTESIAN_POINT('',(110.,0.));
#10238 = VECTOR('',#10239,1.);
#10239 = DIRECTION('',(0.,-1.));
#10240 = ( GEOMETRIC_REPRESENTATION_CONTEXT(2) 
PARAMETRIC_REPRESENTATION_CONTEXT() REPRESENTATION_CONTEXT('2D SPACE',''
  ) );
#10241 = PCURVE('',#9073,#10242);
#10242 = DEFINITIONAL_REPRESENTATION('',(#10243),#10247);
#10243 = LINE('',#10244,#10245);
#10244 = CARTESIAN_POINT('',(1.570796326795,0.));
#10245 = VECTOR('',#10246,1.);
#10246 = DIRECTION('',(0.,1.));
#10247 = ( GEOMETRIC_REPRESENTATION_CONTEXT(2) 
PARAMETRIC_REPRESENTATION_CONTEXT() REPRESENTATION_CONTEXT('2D SPACE',''
  ) );
#10248 = ORIENTED_EDGE('',*,*,#9098,.F.);
#10249 = ORIENTED_EDGE('',*,*,#10119,.F.);
#10250 = ADVANCED_FACE('',(#10251),#9073,.T.);
#10251 = FACE_BOUND('',#10252,.T.);
#10252 = EDGE_LOOP('',(#10253,#10254,#10314,#10315));
#10253 = ORIENTED_EDGE('',*,*,#9822,.F.);
#10254 = ORIENTED_EDGE('',*,*,#10255,.T.);
#10255 = EDGE_CURVE('',#9766,#10208,#10256,.T.);
#10256 = SURFACE_CURVE('',#10257,(#10274,#10294),.PCURVE_S1.);
#10257 = B_SPLINE_CURVE_WITH_KNOTS('',8,(#10258,#10259,#10260,#10261,
    #10262,#10263,#10264,#10265,#10266,#10267,#10268,#10269,#10270,
    #10271,#10272,#10273),.UNSPECIFIED.,.F.,.F.,(9,7,9),(0.,
    0.44546012446,1.),.UNSPECIFIED.);
#10258 = CARTESIAN_POINT('',(90.,-10.,88.463362525376));
#10259 = CARTESIAN_POINT('',(101.93395169,-10.,87.257186395845));
#10260 = CARTESIAN_POINT('',(113.56009463663,-8.520320596076,
    85.897466777591));
#10261 = CARTESIAN_POINT('',(124.67444786646,-5.694532719188,
    84.420490270498));
#10262 = CARTESIAN_POINT('',(135.10487102246,-1.681592874571,
    82.876388166926));
#10263 = CARTESIAN_POINT('',(144.7120416006,3.334580844618,
    81.323164834983));
#10264 = CARTESIAN_POINT('',(153.39312234278,9.146365394698,
    79.818375680859));
#10265 = CARTESIAN_POINT('',(161.08787654448,15.524384683446,
    78.41020892175));
#10266 = CARTESIAN_POINT('',(176.1147420673,30.551250206263,
    75.54234407789));
#10267 = CARTESIAN_POINT('',(183.10968920327,39.586743059566,
    74.113806085181));
#10268 = CARTESIAN_POINT('',(188.82761213223,49.113417747913,
    72.887339191009));
#10269 = CARTESIAN_POINT('',(193.3310207878,58.982724831929,
    71.888077215642));
#10270 = CARTESIAN_POINT('',(196.67223025733,69.083794156934,
    71.130392597732));
#10271 = CARTESIAN_POINT('',(198.88896858998,79.332132681949,
    70.622185703233));
#10272 = CARTESIAN_POINT('',(200.,89.658969866388,70.367468444348));
#10273 = CARTESIAN_POINT('',(200.,100.,70.367468444348));
#10274 = PCURVE('',#9073,#10275);
#10275 = DEFINITIONAL_REPRESENTATION('',(#10276),#10293);
#10276 = B_SPLINE_CURVE_WITH_KNOTS('',8,(#10277,#10278,#10279,#10280,
    #10281,#10282,#10283,#10284,#10285,#10286,#10287,#10288,#10289,
    #10290,#10291,#10292),.UNSPECIFIED.,.F.,.F.,(9,7,9),(0.,
    0.44546012446,1.),.UNSPECIFIED.);
#10277 = CARTESIAN_POINT('',(0.,88.463362525376));
#10278 = CARTESIAN_POINT('',(0.108490469909,87.257186395845));
#10279 = CARTESIAN_POINT('',(0.214182703876,85.897466777591));
#10280 = CARTESIAN_POINT('',(0.317167958852,84.420490270498));
#10281 = CARTESIAN_POINT('',(0.417406381888,82.876388166926));
#10282 = CARTESIAN_POINT('',(0.514740533215,81.323164834983));
#10283 = CARTESIAN_POINT('',(0.608875276695,79.818375680859));
#10284 = CARTESIAN_POINT('',(0.69933851912,78.41020892175));
#10285 = CARTESIAN_POINT('',(0.892531219323,75.54234407789));
#10286 = CARTESIAN_POINT('',(0.995578858831,74.113806085181));
#10287 = CARTESIAN_POINT('',(1.095448119362,72.887339191009));
#10288 = CARTESIAN_POINT('',(1.192861792759,71.888077215642));
#10289 = CARTESIAN_POINT('',(1.288474147253,71.130392597732));
#10290 = CARTESIAN_POINT('',(1.382906568227,70.622185703233));
#10291 = CARTESIAN_POINT('',(1.476786961944,70.367468444348));
#10292 = CARTESIAN_POINT('',(1.570796326795,70.367468444348));
#10293 = ( GEOMETRIC_REPRESENTATION_CONTEXT(2) 
PARAMETRIC_REPRESENTATION_CONTEXT() REPRESENTATION_CONTEXT('2D SPACE',''
  ) );
#10294 = PCURVE('',#9788,#10295);
#10295 = DEFINITIONAL_REPRESENTATION('',(#10296),#10313);
#10296 = B_SPLINE_CURVE_WITH_KNOTS('',8,(#10297,#10298,#10299,#10300,
    #10301,#10302,#10303,#10304,#10305,#10306,#10307,#10308,#10309,
    #10310,#10311,#10312),.UNSPECIFIED.,.F.,.F.,(9,7,9),(0.,
    0.44546012446,1.),.UNSPECIFIED.);
#10297 = CARTESIAN_POINT('',(1.470067416121,-30.));
#10298 = CARTESIAN_POINT('',(1.456665459126,-30.));
#10299 = CARTESIAN_POINT('',(1.443588427485,-31.47967940392));
#10300 = CARTESIAN_POINT('',(1.431063488198,-34.30546728082));
#10301 = CARTESIAN_POINT('',(1.419284707518,-38.3184071254));
#10302 = CARTESIAN_POINT('',(1.408412550185,-43.33458084463));
#10303 = CARTESIAN_POINT('',(1.398569117541,-49.14636539469));
#10304 = CARTESIAN_POINT('',(1.389829097156,-55.52438468344));
#10305 = CARTESIAN_POINT('',(1.372736267254,-70.55125020626));
#10306 = CARTESIAN_POINT('',(1.36476002535,-79.58674305957));
#10307 = CARTESIAN_POINT('',(1.358226356679,-89.11341774789));
#10308 = CARTESIAN_POINT('',(1.353072355834,-98.98272483195));
#10309 = CARTESIAN_POINT('',(1.349244388594,-109.0837941569));
#10310 = CARTESIAN_POINT('',(1.346703328769,-119.3321326819));
#10311 = CARTESIAN_POINT('',(1.345429746801,-129.6589698663));
#10312 = CARTESIAN_POINT('',(1.345429746801,-140.));
#10313 = ( GEOMETRIC_REPRESENTATION_CONTEXT(2) 
PARAMETRIC_REPRESENTATION_CONTEXT() REPRESENTATION_CONTEXT('2D SPACE',''
  ) );
#10314 = ORIENTED_EDGE('',*,*,#10228,.T.);
#10315 = ORIENTED_EDGE('',*,*,#9031,.F.);
#10316 = ADVANCED_FACE('',(#10317),#9424,.F.);
#10317 = FACE_BOUND('',#10318,.F.);
#10318 = EDGE_LOOP('',(#10319,#10342,#10404,#10425));
#10319 = ORIENTED_EDGE('',*,*,#10320,.F.);
#10320 = EDGE_CURVE('',#10321,#9381,#10323,.T.);
#10321 = VERTEX_POINT('',#10322);
#10322 = CARTESIAN_POINT('',(90.,-4.,88.463362525376));
#10323 = SURFACE_CURVE('',#10324,(#10328,#10335),.PCURVE_S1.);
#10324 = LINE('',#10325,#10326);
#10325 = CARTESIAN_POINT('',(90.,-4.,0.));
#10326 = VECTOR('',#10327,1.);
#10327 = DIRECTION('',(0.,0.,1.));
#10328 = PCURVE('',#9424,#10329);
#10329 = DEFINITIONAL_REPRESENTATION('',(#10330),#10334);
#10330 = LINE('',#10331,#10332);
#10331 = CARTESIAN_POINT('',(0.,0.));
#10332 = VECTOR('',#10333,1.);
#10333 = DIRECTION('',(0.,1.));
#10334 = ( GEOMETRIC_REPRESENTATION_CONTEXT(2) 
PARAMETRIC_REPRESENTATION_CONTEXT() REPRESENTATION_CONTEXT('2D SPACE',''
  ) );
#10335 = PCURVE('',#9466,#10336);
#10336 = DEFINITIONAL_REPRESENTATION('',(#10337),#10341);
#10337 = LINE('',#10338,#10339);
#10338 = CARTESIAN_POINT('',(284.,0.));
#10339 = VECTOR('',#10340,1.);
#10340 = DIRECTION('',(0.,-1.));
#10341 = ( GEOMETRIC_REPRESENTATION_CONTEXT(2) 
PARAMETRIC_REPRESENTATION_CONTEXT() REPRESENTATION_CONTEXT('2D SPACE',''
  ) );
#10342 = ORIENTED_EDGE('',*,*,#10343,.T.);
#10343 = EDGE_CURVE('',#10321,#10344,#10346,.T.);
#10344 = VERTEX_POINT('',#10345);
#10345 = CARTESIAN_POINT('',(194.,100.,71.721351461666));
#10346 = SURFACE_CURVE('',#10347,(#10364,#10384),.PCURVE_S1.);
#10347 = B_SPLINE_CURVE_WITH_KNOTS('',8,(#10348,#10349,#10350,#10351,
    #10352,#10353,#10354,#10355,#10356,#10357,#10358,#10359,#10360,
    #10361,#10362,#10363),.UNSPECIFIED.,.F.,.F.,(9,7,9),(0.,
    0.445391499158,1.),.UNSPECIFIED.);
#10348 = CARTESIAN_POINT('',(90.,-4.,88.463362525376));
#10349 = CARTESIAN_POINT('',(101.2770392695,-4.,87.323581174489));
#10350 = CARTESIAN_POINT('',(112.26631134714,-2.602510313914,
    86.048000007503));
#10351 = CARTESIAN_POINT('',(122.77435124002,6.766105577049E-02,
    84.670055844332));
#10352 = CARTESIAN_POINT('',(132.63748332231,3.86102875967,
    83.235488663812));
#10353 = CARTESIAN_POINT('',(141.72303765522,8.603955066483,
    81.797003329313));
#10354 = CARTESIAN_POINT('',(149.93295029484,14.099921707373,
    80.40672662327));
#10355 = CARTESIAN_POINT('',(157.20967253278,20.131462045978,
    79.108145680901));
#10356 = CARTESIAN_POINT('',(171.42061441781,34.342403931013,
    76.466981061159));
#10357 = CARTESIAN_POINT('',(178.03512758715,42.887649466932,
    75.154178473697));
#10358 = CARTESIAN_POINT('',(183.44089454219,51.896279676847,
    74.028972584227));
#10359 = CARTESIAN_POINT('',(187.6976125804,61.227609838323,
    73.1133225131));
#10360 = CARTESIAN_POINT('',(190.85530863866,70.776840349564,
    72.419590938688));
#10361 = CARTESIAN_POINT('',(192.95010257992,80.464340864683,
    71.954470172922));
#10362 = CARTESIAN_POINT('',(194.,90.225503515361,71.721351461666));
#10363 = CARTESIAN_POINT('',(194.,100.,71.721351461666));
#10364 = PCURVE('',#9424,#10365);
#10365 = DEFINITIONAL_REPRESENTATION('',(#10366),#10383);
#10366 = B_SPLINE_CURVE_WITH_KNOTS('',8,(#10367,#10368,#10369,#10370,
    #10371,#10372,#10373,#10374,#10375,#10376,#10377,#10378,#10379,
    #10380,#10381,#10382),.UNSPECIFIED.,.F.,.F.,(9,7,9),(0.,
    0.445391499158,1.),.UNSPECIFIED.);
#10367 = CARTESIAN_POINT('',(0.,88.463362525376));
#10368 = CARTESIAN_POINT('',(0.108433069899,87.323581174489));
#10369 = CARTESIAN_POINT('',(0.21409917262,86.048000007503));
#10370 = CARTESIAN_POINT('',(0.317080613169,84.670055844332));
#10371 = CARTESIAN_POINT('',(0.417330699235,83.235488663812));
#10372 = CARTESIAN_POINT('',(0.514685853912,81.797003329313));
#10373 = CARTESIAN_POINT('',(0.608844940202,80.40672662327));
#10374 = CARTESIAN_POINT('',(0.699329225114,79.108145680901));
#10375 = CARTESIAN_POINT('',(0.892572559228,76.466981061159));
#10376 = CARTESIAN_POINT('',(0.995645399093,75.154178473697));
#10377 = CARTESIAN_POINT('',(1.095525821945,74.028972584227));
#10378 = CARTESIAN_POINT('',(1.192938412052,73.1133225131));
#10379 = CARTESIAN_POINT('',(1.288539608728,72.419590938688));
#10380 = CARTESIAN_POINT('',(1.382953394335,71.954470172922));
#10381 = CARTESIAN_POINT('',(1.476810783673,71.721351461666));
#10382 = CARTESIAN_POINT('',(1.570796326795,71.721351461666));
#10383 = ( GEOMETRIC_REPRESENTATION_CONTEXT(2) 
PARAMETRIC_REPRESENTATION_CONTEXT() REPRESENTATION_CONTEXT('2D SPACE',''
  ) );
#10384 = PCURVE('',#9788,#10385);
#10385 = DEFINITIONAL_REPRESENTATION('',(#10386),#10403);
#10386 = B_SPLINE_CURVE_WITH_KNOTS('',8,(#10387,#10388,#10389,#10390,
    #10391,#10392,#10393,#10394,#10395,#10396,#10397,#10398,#10399,
    #10400,#10401,#10402),.UNSPECIFIED.,.F.,.F.,(9,7,9),(0.,
    0.445391499158,1.),.UNSPECIFIED.);
#10387 = CARTESIAN_POINT('',(1.470067416121,-36.));
#10388 = CARTESIAN_POINT('',(1.457403178889,-36.));
#10389 = CARTESIAN_POINT('',(1.445043581354,-37.39748968608));
#10390 = CARTESIAN_POINT('',(1.433204353004,-40.06766105578));
#10391 = CARTESIAN_POINT('',(1.422070108894,-43.86102875965));
#10392 = CARTESIAN_POINT('',(1.411793465512,-48.60395506649));
#10393 = CARTESIAN_POINT('',(1.402490408821,-54.09992170736));
#10394 = CARTESIAN_POINT('',(1.394231754988,-60.13146204597));
#10395 = CARTESIAN_POINT('',(1.378081705642,-74.34240393101));
#10396 = CARTESIAN_POINT('',(1.370547590106,-82.88764946693));
#10397 = CARTESIAN_POINT('',(1.364378495348,-91.89627967682));
#10398 = CARTESIAN_POINT('',(1.359513697273,-101.2276098383));
#10399 = CARTESIAN_POINT('',(1.355901414548,-110.7768403495));
#10400 = CARTESIAN_POINT('',(1.353503861184,-120.4643408646));
#10401 = CARTESIAN_POINT('',(1.352302222378,-130.2255035153));
#10402 = CARTESIAN_POINT('',(1.352302222378,-140.));
#10403 = ( GEOMETRIC_REPRESENTATION_CONTEXT(2) 
PARAMETRIC_REPRESENTATION_CONTEXT() REPRESENTATION_CONTEXT('2D SPACE',''
  ) );
#10404 = ORIENTED_EDGE('',*,*,#10405,.T.);
#10405 = EDGE_CURVE('',#10344,#9383,#10406,.T.);
#10406 = SURFACE_CURVE('',#10407,(#10411,#10418),.PCURVE_S1.);
#10407 = LINE('',#10408,#10409);
#10408 = CARTESIAN_POINT('',(194.,100.,0.));
#10409 = VECTOR('',#10410,1.);
#10410 = DIRECTION('',(0.,0.,1.));
#10411 = PCURVE('',#9424,#10412);
#10412 = DEFINITIONAL_REPRESENTATION('',(#10413),#10417);
#10413 = LINE('',#10414,#10415);
#10414 = CARTESIAN_POINT('',(1.570796326795,0.));
#10415 = VECTOR('',#10416,1.);
#10416 = DIRECTION('',(0.,1.));
#10417 = ( GEOMETRIC_REPRESENTATION_CONTEXT(2) 
PARAMETRIC_REPRESENTATION_CONTEXT() REPRESENTATION_CONTEXT('2D SPACE',''
  ) );
#10418 = PCURVE('',#9751,#10419);
#10419 = DEFINITIONAL_REPRESENTATION('',(#10420),#10424);
#10420 = LINE('',#10421,#10422);
#10421 = CARTESIAN_POINT('',(104.,0.));
#10422 = VECTOR('',#10423,1.);
#10423 = DIRECTION('',(0.,-1.));
#10424 = ( GEOMETRIC_REPRESENTATION_CONTEXT(2) 
PARAMETRIC_REPRESENTATION_CONTEXT() REPRESENTATION_CONTEXT('2D SPACE',''
  ) );
#10425 = ORIENTED_EDGE('',*,*,#9380,.F.);
#10426 = ADVANCED_FACE('',(#10427),#9751,.T.);
#10427 = FACE_BOUND('',#10428,.T.);
#10428 = EDGE_LOOP('',(#10429,#10450,#10451,#10452));
#10429 = ORIENTED_EDGE('',*,*,#10430,.T.);
#10430 = EDGE_CURVE('',#10431,#10344,#10433,.T.);
#10431 = VERTEX_POINT('',#10432);
#10432 = CARTESIAN_POINT('',(194.,440.,71.721351461666));
#10433 = SURFACE_CURVE('',#10434,(#10438,#10444),.PCURVE_S1.);
#10434 = LINE('',#10435,#10436);
#10435 = CARTESIAN_POINT('',(194.,-40.,71.721351461666));
#10436 = VECTOR('',#10437,1.);
#10437 = DIRECTION('',(0.,-1.,0.));
#10438 = PCURVE('',#9751,#10439);
#10439 = DEFINITIONAL_REPRESENTATION('',(#10440),#10443);
#10440 = B_SPLINE_CURVE_WITH_KNOTS('',1,(#10441,#10442),.UNSPECIFIED.,
  .F.,.F.,(2,2),(-514.,-106.),.PIECEWISE_BEZIER_KNOTS.);
#10441 = CARTESIAN_POINT('',(478.,-71.72135146166));
#10442 = CARTESIAN_POINT('',(70.,-71.72135146166));
#10443 = ( GEOMETRIC_REPRESENTATION_CONTEXT(2) 
PARAMETRIC_REPRESENTATION_CONTEXT() REPRESENTATION_CONTEXT('2D SPACE',''
  ) );
#10444 = PCURVE('',#9788,#10445);
#10445 = DEFINITIONAL_REPRESENTATION('',(#10446),#10449);
#10446 = B_SPLINE_CURVE_WITH_KNOTS('',1,(#10447,#10448),.UNSPECIFIED.,
  .F.,.F.,(2,2),(-514.,-106.),.PIECEWISE_BEZIER_KNOTS.);
#10447 = CARTESIAN_POINT('',(1.352302222378,-514.));
#10448 = CARTESIAN_POINT('',(1.352302222378,-106.));
#10449 = ( GEOMETRIC_REPRESENTATION_CONTEXT(2) 
PARAMETRIC_REPRESENTATION_CONTEXT() REPRESENTATION_CONTEXT('2D SPACE',''
  ) );
#10450 = ORIENTED_EDGE('',*,*,#10405,.T.);
#10451 = ORIENTED_EDGE('',*,*,#9738,.F.);
#10452 = ORIENTED_EDGE('',*,*,#10453,.F.);
#10453 = EDGE_CURVE('',#10431,#9672,#10454,.T.);
#10454 = SURFACE_CURVE('',#10455,(#10459,#10466),.PCURVE_S1.);
#10455 = LINE('',#10456,#10457);
#10456 = CARTESIAN_POINT('',(194.,440.,0.));
#10457 = VECTOR('',#10458,1.);
#10458 = DIRECTION('',(0.,0.,1.));
#10459 = PCURVE('',#9751,#10460);
#10460 = DEFINITIONAL_REPRESENTATION('',(#10461),#10465);
#10461 = LINE('',#10462,#10463);
#10462 = CARTESIAN_POINT('',(444.,0.));
#10463 = VECTOR('',#10464,1.);
#10464 = DIRECTION('',(0.,-1.));
#10465 = ( GEOMETRIC_REPRESENTATION_CONTEXT(2) 
PARAMETRIC_REPRESENTATION_CONTEXT() REPRESENTATION_CONTEXT('2D SPACE',''
  ) );
#10466 = PCURVE('',#9713,#10467);
#10467 = DEFINITIONAL_REPRESENTATION('',(#10468),#10472);
#10468 = LINE('',#10469,#10470);
#10469 = CARTESIAN_POINT('',(0.,0.));
#10470 = VECTOR('',#10471,1.);
#10471 = DIRECTION('',(0.,1.));
#10472 = ( GEOMETRIC_REPRESENTATION_CONTEXT(2) 
PARAMETRIC_REPRESENTATION_CONTEXT() REPRESENTATION_CONTEXT('2D SPACE',''
  ) );
#10473 = ADVANCED_FACE('',(#10474),#9713,.F.);
#10474 = FACE_BOUND('',#10475,.F.);
#10475 = EDGE_LOOP('',(#10476,#10477,#10539,#10560));
#10476 = ORIENTED_EDGE('',*,*,#10453,.F.);
#10477 = ORIENTED_EDGE('',*,*,#10478,.T.);
#10478 = EDGE_CURVE('',#10431,#10479,#10481,.T.);
#10479 = VERTEX_POINT('',#10480);
#10480 = CARTESIAN_POINT('',(90.,544.,88.463362525376));
#10481 = SURFACE_CURVE('',#10482,(#10499,#10519),.PCURVE_S1.);
#10482 = B_SPLINE_CURVE_WITH_KNOTS('',8,(#10483,#10484,#10485,#10486,
    #10487,#10488,#10489,#10490,#10491,#10492,#10493,#10494,#10495,
    #10496,#10497,#10498),.UNSPECIFIED.,.F.,.F.,(9,7,9),(0.,
    0.534562734691,1.),.UNSPECIFIED.);
#10483 = CARTESIAN_POINT('',(194.,440.,71.721351461666));
#10484 = CARTESIAN_POINT('',(194.,449.41376549072,71.721351461666));
#10485 = CARTESIAN_POINT('',(193.02616589668,458.81647459183,
    71.93758089586));
#10486 = CARTESIAN_POINT('',(191.08249295659,468.15335182865,
    72.369148539701));
#10487 = CARTESIAN_POINT('',(188.15368267971,477.36614821279,
    73.013089100999));
#10488 = CARTESIAN_POINT('',(184.20895217889,486.38431913704,
    73.863571195467));
#10489 = CARTESIAN_POINT('',(179.2052865218,495.11670369593,
    74.910022636204));
#10490 = CARTESIAN_POINT('',(173.09076550068,503.44258612072,
    76.134066821432));
#10491 = CARTESIAN_POINT('',(159.47584665853,517.94100210241,
    78.700878731781));
#10492 = CARTESIAN_POINT('',(152.1173792588,524.40134751973,
    80.034131585664));
#10493 = CARTESIAN_POINT('',(143.74201096917,530.31432007462,
    81.474866334351));
#10494 = CARTESIAN_POINT('',(134.40356662401,535.43960722136,
    82.976478560096));
#10495 = CARTESIAN_POINT('',(124.20188121967,539.55703737318,
    84.481370073398));
#10496 = CARTESIAN_POINT('',(113.2767731523,542.4686555187,
    85.930078502138));
#10497 = CARTESIAN_POINT('',(101.80476277029,544.,87.270243645882));
#10498 = CARTESIAN_POINT('',(90.,544.,88.463362525376));
#10499 = PCURVE('',#9713,#10500);
#10500 = DEFINITIONAL_REPRESENTATION('',(#10501),#10518);
#10501 = B_SPLINE_CURVE_WITH_KNOTS('',8,(#10502,#10503,#10504,#10505,
    #10506,#10507,#10508,#10509,#10510,#10511,#10512,#10513,#10514,
    #10515,#10516,#10517),.UNSPECIFIED.,.F.,.F.,(9,7,9),(0.,
    0.534562734691,1.),.UNSPECIFIED.);
#10502 = CARTESIAN_POINT('',(0.,71.721351461666));
#10503 = CARTESIAN_POINT('',(9.051697587236E-02,71.721351461666));
#10504 = CARTESIAN_POINT('',(0.180927679254,71.93758089586));
#10505 = CARTESIAN_POINT('',(0.271835228803,72.369148539701));
#10506 = CARTESIAN_POINT('',(0.36379966293,73.013089100999));
#10507 = CARTESIAN_POINT('',(0.457376071449,73.863571195467));
#10508 = CARTESIAN_POINT('',(0.553146873501,74.910022636204));
#10509 = CARTESIAN_POINT('',(0.651752543319,76.134066821432));
#10510 = CARTESIAN_POINT('',(0.842992386481,78.700878731781));
#10511 = CARTESIAN_POINT('',(0.936709797838,80.034131585664));
#10512 = CARTESIAN_POINT('',(1.034358261894,81.474866334351));
#10513 = CARTESIAN_POINT('',(1.135452284966,82.976478560096));
#10514 = CARTESIAN_POINT('',(1.239703823846,84.481370073398));
#10515 = CARTESIAN_POINT('',(1.346981163352,85.930078502138));
#10516 = CARTESIAN_POINT('',(1.457288992465,87.270243645882));
#10517 = CARTESIAN_POINT('',(1.570796326795,88.463362525376));
#10518 = ( GEOMETRIC_REPRESENTATION_CONTEXT(2) 
PARAMETRIC_REPRESENTATION_CONTEXT() REPRESENTATION_CONTEXT('2D SPACE',''
  ) );
#10519 = PCURVE('',#9788,#10520);
#10520 = DEFINITIONAL_REPRESENTATION('',(#10521),#10538);
#10521 = B_SPLINE_CURVE_WITH_KNOTS('',8,(#10522,#10523,#10524,#10525,
    #10526,#10527,#10528,#10529,#10530,#10531,#10532,#10533,#10534,
    #10535,#10536,#10537),.UNSPECIFIED.,.F.,.F.,(9,7,9),(0.,
    0.534562734691,1.),.UNSPECIFIED.);
#10522 = CARTESIAN_POINT('',(1.352302222378,-480.));
#10523 = CARTESIAN_POINT('',(1.352302222378,-489.4137654907));
#10524 = CARTESIAN_POINT('',(1.353416804443,-498.8164745918));
#10525 = CARTESIAN_POINT('',(1.355641395456,-508.1533518286));
#10526 = CARTESIAN_POINT('',(1.358991961967,-517.3661482127));
#10527 = CARTESIAN_POINT('',(1.36350067376,-526.384319137));
#10528 = CARTESIAN_POINT('',(1.369212058485,-535.1167036959));
#10529 = CARTESIAN_POINT('',(1.376179033469,-543.4425861207));
#10530 = CARTESIAN_POINT('',(1.391659218845,-557.9410021024));
#10531 = CARTESIAN_POINT('',(1.400014623688,-564.4013475197));
#10532 = CARTESIAN_POINT('',(1.409509377908,-570.3143200745));
#10533 = CARTESIAN_POINT('',(1.420076080166,-575.4396072214));
#10534 = CARTESIAN_POINT('',(1.431595777595,-579.5570373731));
#10535 = CARTESIAN_POINT('',(1.443907047261,-582.4686555187));
#10536 = CARTESIAN_POINT('',(1.456810539682,-584.));
#10537 = CARTESIAN_POINT('',(1.470067416121,-584.));
#10538 = ( GEOMETRIC_REPRESENTATION_CONTEXT(2) 
PARAMETRIC_REPRESENTATION_CONTEXT() REPRESENTATION_CONTEXT('2D SPACE',''
  ) );
#10539 = ORIENTED_EDGE('',*,*,#10540,.T.);
#10540 = EDGE_CURVE('',#10479,#9643,#10541,.T.);
#10541 = SURFACE_CURVE('',#10542,(#10546,#10553),.PCURVE_S1.);
#10542 = LINE('',#10543,#10544);
#10543 = CARTESIAN_POINT('',(90.,544.,0.));
#10544 = VECTOR('',#10545,1.);
#10545 = DIRECTION('',(0.,0.,1.));
#10546 = PCURVE('',#9713,#10547);
#10547 = DEFINITIONAL_REPRESENTATION('',(#10548),#10552);
#10548 = LINE('',#10549,#10550);
#10549 = CARTESIAN_POINT('',(1.570796326795,0.));
#10550 = VECTOR('',#10551,1.);
#10551 = DIRECTION('',(0.,1.));
#10552 = ( GEOMETRIC_REPRESENTATION_CONTEXT(2) 
PARAMETRIC_REPRESENTATION_CONTEXT() REPRESENTATION_CONTEXT('2D SPACE',''
  ) );
#10553 = PCURVE('',#9659,#10554);
#10554 = DEFINITIONAL_REPRESENTATION('',(#10555),#10559);
#10555 = LINE('',#10556,#10557);
#10556 = CARTESIAN_POINT('',(104.,0.));
#10557 = VECTOR('',#10558,1.);
#10558 = DIRECTION('',(0.,-1.));
#10559 = ( GEOMETRIC_REPRESENTATION_CONTEXT(2) 
PARAMETRIC_REPRESENTATION_CONTEXT() REPRESENTATION_CONTEXT('2D SPACE',''
  ) );
#10560 = ORIENTED_EDGE('',*,*,#9671,.F.);
#10561 = ADVANCED_FACE('',(#10562),#9659,.T.);
#10562 = FACE_BOUND('',#10563,.T.);
#10563 = EDGE_LOOP('',(#10564,#10588,#10589,#10590));
#10564 = ORIENTED_EDGE('',*,*,#10565,.F.);
#10565 = EDGE_CURVE('',#10479,#10566,#10568,.T.);
#10566 = VERTEX_POINT('',#10567);
#10567 = CARTESIAN_POINT('',(-90.,544.,88.463362525376));
#10568 = SURFACE_CURVE('',#10569,(#10574,#10581),.PCURVE_S1.);
#10569 = CIRCLE('',#10570,895.);
#10570 = AXIS2_PLACEMENT_3D('',#10571,#10572,#10573);
#10571 = CARTESIAN_POINT('',(0.,544.,-802.));
#10572 = DIRECTION('',(0.,-1.,0.));
#10573 = DIRECTION('',(1.,0.,0.));
#10574 = PCURVE('',#9659,#10575);
#10575 = DEFINITIONAL_REPRESENTATION('',(#10576),#10580);
#10576 = CIRCLE('',#10577,895.);
#10577 = AXIS2_PLACEMENT_2D('',#10578,#10579);
#10578 = CARTESIAN_POINT('',(194.,802.));
#10579 = DIRECTION('',(-1.,-0.));
#10580 = ( GEOMETRIC_REPRESENTATION_CONTEXT(2) 
PARAMETRIC_REPRESENTATION_CONTEXT() REPRESENTATION_CONTEXT('2D SPACE',''
  ) );
#10581 = PCURVE('',#9788,#10582);
#10582 = DEFINITIONAL_REPRESENTATION('',(#10583),#10587);
#10583 = LINE('',#10584,#10585);
#10584 = CARTESIAN_POINT('',(0.,-584.));
#10585 = VECTOR('',#10586,1.);
#10586 = DIRECTION('',(1.,0.));
#10587 = ( GEOMETRIC_REPRESENTATION_CONTEXT(2) 
PARAMETRIC_REPRESENTATION_CONTEXT() REPRESENTATION_CONTEXT('2D SPACE',''
  ) );
#10588 = ORIENTED_EDGE('',*,*,#10540,.T.);
#10589 = ORIENTED_EDGE('',*,*,#9642,.T.);
#10590 = ORIENTED_EDGE('',*,*,#10591,.F.);
#10591 = EDGE_CURVE('',#10566,#9576,#10592,.T.);
#10592 = SURFACE_CURVE('',#10593,(#10597,#10604),.PCURVE_S1.);
#10593 = LINE('',#10594,#10595);
#10594 = CARTESIAN_POINT('',(-90.,544.,0.));
#10595 = VECTOR('',#10596,1.);
#10596 = DIRECTION('',(0.,0.,1.));
#10597 = PCURVE('',#9659,#10598);
#10598 = DEFINITIONAL_REPRESENTATION('',(#10599),#10603);
#10599 = LINE('',#10600,#10601);
#10600 = CARTESIAN_POINT('',(284.,0.));
#10601 = VECTOR('',#10602,1.);
#10602 = DIRECTION('',(0.,-1.));
#10603 = ( GEOMETRIC_REPRESENTATION_CONTEXT(2) 
PARAMETRIC_REPRESENTATION_CONTEXT() REPRESENTATION_CONTEXT('2D SPACE',''
  ) );
#10604 = PCURVE('',#9617,#10605);
#10605 = DEFINITIONAL_REPRESENTATION('',(#10606),#10610);
#10606 = LINE('',#10607,#10608);
#10607 = CARTESIAN_POINT('',(0.,0.));
#10608 = VECTOR('',#10609,1.);
#10609 = DIRECTION('',(0.,1.));
#10610 = ( GEOMETRIC_REPRESENTATION_CONTEXT(2) 
PARAMETRIC_REPRESENTATION_CONTEXT() REPRESENTATION_CONTEXT('2D SPACE',''
  ) );
#10611 = ADVANCED_FACE('',(#10612),#9617,.F.);
#10612 = FACE_BOUND('',#10613,.F.);
#10613 = EDGE_LOOP('',(#10614,#10615,#10677,#10698));
#10614 = ORIENTED_EDGE('',*,*,#10591,.F.);
#10615 = ORIENTED_EDGE('',*,*,#10616,.T.);
#10616 = EDGE_CURVE('',#10566,#10617,#10619,.T.);
#10617 = VERTEX_POINT('',#10618);
#10618 = CARTESIAN_POINT('',(-194.,440.,71.721351461666));
#10619 = SURFACE_CURVE('',#10620,(#10637,#10657),.PCURVE_S1.);
#10620 = B_SPLINE_CURVE_WITH_KNOTS('',8,(#10621,#10622,#10623,#10624,
    #10625,#10626,#10627,#10628,#10629,#10630,#10631,#10632,#10633,
    #10634,#10635,#10636),.UNSPECIFIED.,.F.,.F.,(9,7,9),(0.,
    0.445391499129,1.),.UNSPECIFIED.);
#10621 = CARTESIAN_POINT('',(-90.,544.,88.463362525377));
#10622 = CARTESIAN_POINT('',(-101.277039271,544.,87.323581174335));
#10623 = CARTESIAN_POINT('',(-112.2663113405,542.6025103148,
    86.048000008259));
#10624 = CARTESIAN_POINT('',(-122.7743512537,539.93233894079,
    84.670055842625));
#10625 = CARTESIAN_POINT('',(-132.6374833059,536.13897124633,
    83.235488666014));
#10626 = CARTESIAN_POINT('',(-141.7230376668,531.39604492767,
    81.797003327612));
#10627 = CARTESIAN_POINT('',(-149.9329502901,525.90007829582,
    80.406726624023));
#10628 = CARTESIAN_POINT('',(-157.2096725336,519.86853795318,
    79.108145680746));
#10629 = CARTESIAN_POINT('',(-171.4206144176,505.6575960691,
    76.466981061181));
#10630 = CARTESIAN_POINT('',(-178.0351275875,497.11235053249,
    75.154178473614));
#10631 = CARTESIAN_POINT('',(-183.4408945414,488.10372032443,
    74.028972584375));
#10632 = CARTESIAN_POINT('',(-187.6976125811,478.77239015999,
    73.113322512952));
#10633 = CARTESIAN_POINT('',(-190.8553086382,469.22315965177,
    72.419590938771));
#10634 = CARTESIAN_POINT('',(-192.95010258,459.53565913469,71.9544701729
    ));
#10635 = CARTESIAN_POINT('',(-194.,449.77449648477,71.721351461666));
#10636 = CARTESIAN_POINT('',(-194.,440.,71.721351461666));
#10637 = PCURVE('',#9617,#10638);
#10638 = DEFINITIONAL_REPRESENTATION('',(#10639),#10656);
#10639 = B_SPLINE_CURVE_WITH_KNOTS('',8,(#10640,#10641,#10642,#10643,
    #10644,#10645,#10646,#10647,#10648,#10649,#10650,#10651,#10652,
    #10653,#10654,#10655),.UNSPECIFIED.,.F.,.F.,(9,7,9),(0.,
    0.445391499129,1.),.UNSPECIFIED.);
#10640 = CARTESIAN_POINT('',(0.,88.463362525377));
#10641 = CARTESIAN_POINT('',(0.108433069914,87.323581174335));
#10642 = CARTESIAN_POINT('',(0.214099172553,86.048000008259));
#10643 = CARTESIAN_POINT('',(0.317080613311,84.670055842625));
#10644 = CARTESIAN_POINT('',(0.417330699058,83.235488666014));
#10645 = CARTESIAN_POINT('',(0.514685854045,81.797003327612));
#10646 = CARTESIAN_POINT('',(0.608844940144,80.406726624023));
#10647 = CARTESIAN_POINT('',(0.699329225125,79.108145680746));
#10648 = CARTESIAN_POINT('',(0.892572559227,76.466981061181));
#10649 = CARTESIAN_POINT('',(0.9956453991,75.154178473614));
#10650 = CARTESIAN_POINT('',(1.095525821931,74.028972584375));
#10651 = CARTESIAN_POINT('',(1.192938412071,73.113322512952));
#10652 = CARTESIAN_POINT('',(1.288539608714,72.419590938771));
#10653 = CARTESIAN_POINT('',(1.382953394341,71.9544701729));
#10654 = CARTESIAN_POINT('',(1.476810783672,71.721351461666));
#10655 = CARTESIAN_POINT('',(1.570796326795,71.721351461666));
#10656 = ( GEOMETRIC_REPRESENTATION_CONTEXT(2) 
PARAMETRIC_REPRESENTATION_CONTEXT() REPRESENTATION_CONTEXT('2D SPACE',''
  ) );
#10657 = PCURVE('',#9788,#10658);
#10658 = DEFINITIONAL_REPRESENTATION('',(#10659),#10676);
#10659 = B_SPLINE_CURVE_WITH_KNOTS('',8,(#10660,#10661,#10662,#10663,
    #10664,#10665,#10666,#10667,#10668,#10669,#10670,#10671,#10672,
    #10673,#10674,#10675),.UNSPECIFIED.,.F.,.F.,(9,7,9),(0.,
    0.445391499129,1.),.UNSPECIFIED.);
#10660 = CARTESIAN_POINT('',(1.671525237469,-584.));
#10661 = CARTESIAN_POINT('',(1.684189474703,-584.));
#10662 = CARTESIAN_POINT('',(1.696549072229,-582.6025103148));
#10663 = CARTESIAN_POINT('',(1.708388300601,-579.9323389407));
#10664 = CARTESIAN_POINT('',(1.719522544677,-576.1389712463));
#10665 = CARTESIAN_POINT('',(1.72979918809,-571.3960449276));
#10666 = CARTESIAN_POINT('',(1.739102244763,-565.9000782958));
#10667 = CARTESIAN_POINT('',(1.747360898602,-559.8685379531));
#10668 = CARTESIAN_POINT('',(1.763510947948,-545.6575960691));
#10669 = CARTESIAN_POINT('',(1.771045063484,-537.1123505324));
#10670 = CARTESIAN_POINT('',(1.777214158241,-528.1037203244));
#10671 = CARTESIAN_POINT('',(1.782078956318,-518.7723901599));
#10672 = CARTESIAN_POINT('',(1.785691239042,-509.2231596517));
#10673 = CARTESIAN_POINT('',(1.788088792406,-499.5356591346));
#10674 = CARTESIAN_POINT('',(1.789290431212,-489.7744964847));
#10675 = CARTESIAN_POINT('',(1.789290431212,-480.));
#10676 = ( GEOMETRIC_REPRESENTATION_CONTEXT(2) 
PARAMETRIC_REPRESENTATION_CONTEXT() REPRESENTATION_CONTEXT('2D SPACE',''
  ) );
#10677 = ORIENTED_EDGE('',*,*,#10678,.T.);
#10678 = EDGE_CURVE('',#10617,#9550,#10679,.T.);
#10679 = SURFACE_CURVE('',#10680,(#10684,#10691),.PCURVE_S1.);
#10680 = LINE('',#10681,#10682);
#10681 = CARTESIAN_POINT('',(-194.,440.,0.));
#10682 = VECTOR('',#10683,1.);
#10683 = DIRECTION('',(0.,0.,1.));
#10684 = PCURVE('',#9617,#10685);
#10685 = DEFINITIONAL_REPRESENTATION('',(#10686),#10690);
#10686 = LINE('',#10687,#10688);
#10687 = CARTESIAN_POINT('',(1.570796326795,0.));
#10688 = VECTOR('',#10689,1.);
#10689 = DIRECTION('',(0.,1.));
#10690 = ( GEOMETRIC_REPRESENTATION_CONTEXT(2) 
PARAMETRIC_REPRESENTATION_CONTEXT() REPRESENTATION_CONTEXT('2D SPACE',''
  ) );
#10691 = PCURVE('',#9564,#10692);
#10692 = DEFINITIONAL_REPRESENTATION('',(#10693),#10697);
#10693 = LINE('',#10694,#10695);
#10694 = CARTESIAN_POINT('',(104.,0.));
#10695 = VECTOR('',#10696,1.);
#10696 = DIRECTION('',(0.,-1.));
#10697 = ( GEOMETRIC_REPRESENTATION_CONTEXT(2) 
PARAMETRIC_REPRESENTATION_CONTEXT() REPRESENTATION_CONTEXT('2D SPACE',''
  ) );
#10698 = ORIENTED_EDGE('',*,*,#9575,.F.);
#10699 = ADVANCED_FACE('',(#10700),#9564,.T.);
#10700 = FACE_BOUND('',#10701,.T.);
#10701 = EDGE_LOOP('',(#10702,#10723,#10724,#10725));
#10702 = ORIENTED_EDGE('',*,*,#10703,.F.);
#10703 = EDGE_CURVE('',#10617,#10704,#10706,.T.);
#10704 = VERTEX_POINT('',#10705);
#10705 = CARTESIAN_POINT('',(-194.,100.,71.721351461666));
#10706 = SURFACE_CURVE('',#10707,(#10711,#10717),.PCURVE_S1.);
#10707 = LINE('',#10708,#10709);
#10708 = CARTESIAN_POINT('',(-194.,-40.,71.721351461666));
#10709 = VECTOR('',#10710,1.);
#10710 = DIRECTION('',(0.,-1.,0.));
#10711 = PCURVE('',#9564,#10712);
#10712 = DEFINITIONAL_REPRESENTATION('',(#10713),#10716);
#10713 = B_SPLINE_CURVE_WITH_KNOTS('',1,(#10714,#10715),.UNSPECIFIED.,
  .F.,.F.,(2,2),(-514.,-106.),.PIECEWISE_BEZIER_KNOTS.);
#10714 = CARTESIAN_POINT('',(70.,-71.72135146166));
#10715 = CARTESIAN_POINT('',(478.,-71.72135146166));
#10716 = ( GEOMETRIC_REPRESENTATION_CONTEXT(2) 
PARAMETRIC_REPRESENTATION_CONTEXT() REPRESENTATION_CONTEXT('2D SPACE',''
  ) );
#10717 = PCURVE('',#9788,#10718);
#10718 = DEFINITIONAL_REPRESENTATION('',(#10719),#10722);
#10719 = B_SPLINE_CURVE_WITH_KNOTS('',1,(#10720,#10721),.UNSPECIFIED.,
  .F.,.F.,(2,2),(-514.,-106.),.PIECEWISE_BEZIER_KNOTS.);
#10720 = CARTESIAN_POINT('',(1.789290431212,-514.));
#10721 = CARTESIAN_POINT('',(1.789290431212,-106.));
#10722 = ( GEOMETRIC_REPRESENTATION_CONTEXT(2) 
PARAMETRIC_REPRESENTATION_CONTEXT() REPRESENTATION_CONTEXT('2D SPACE',''
  ) );
#10723 = ORIENTED_EDGE('',*,*,#10678,.T.);
#10724 = ORIENTED_EDGE('',*,*,#9549,.T.);
#10725 = ORIENTED_EDGE('',*,*,#10726,.F.);
#10726 = EDGE_CURVE('',#10704,#9483,#10727,.T.);
#10727 = SURFACE_CURVE('',#10728,(#10732,#10739),.PCURVE_S1.);
#10728 = LINE('',#10729,#10730);
#10729 = CARTESIAN_POINT('',(-194.,100.,0.));
#10730 = VECTOR('',#10731,1.);
#10731 = DIRECTION('',(0.,0.,1.));
#10732 = PCURVE('',#9564,#10733);
#10733 = DEFINITIONAL_REPRESENTATION('',(#10734),#10738);
#10734 = LINE('',#10735,#10736);
#10735 = CARTESIAN_POINT('',(444.,0.));
#10736 = VECTOR('',#10737,1.);
#10737 = DIRECTION('',(0.,-1.));
#10738 = ( GEOMETRIC_REPRESENTATION_CONTEXT(2) 
PARAMETRIC_REPRESENTATION_CONTEXT() REPRESENTATION_CONTEXT('2D SPACE',''
  ) );
#10739 = PCURVE('',#9524,#10740);
#10740 = DEFINITIONAL_REPRESENTATION('',(#10741),#10745);
#10741 = LINE('',#10742,#10743);
#10742 = CARTESIAN_POINT('',(-1.570796326795,0.));
#10743 = VECTOR('',#10744,1.);
#10744 = DIRECTION('',(-0.,1.));
#10745 = ( GEOMETRIC_REPRESENTATION_CONTEXT(2) 
PARAMETRIC_REPRESENTATION_CONTEXT() REPRESENTATION_CONTEXT('2D SPACE',''
  ) );
#10746 = ADVANCED_FACE('',(#10747),#9524,.F.);
#10747 = FACE_BOUND('',#10748,.T.);
#10748 = EDGE_LOOP('',(#10749,#10772,#10832,#10833));
#10749 = ORIENTED_EDGE('',*,*,#10750,.F.);
#10750 = EDGE_CURVE('',#10751,#9450,#10753,.T.);
#10751 = VERTEX_POINT('',#10752);
#10752 = CARTESIAN_POINT('',(-90.,-4.,88.463362525376));
#10753 = SURFACE_CURVE('',#10754,(#10758,#10765),.PCURVE_S1.);
#10754 = LINE('',#10755,#10756);
#10755 = CARTESIAN_POINT('',(-90.,-4.,0.));
#10756 = VECTOR('',#10757,1.);
#10757 = DIRECTION('',(0.,0.,1.));
#10758 = PCURVE('',#9524,#10759);
#10759 = DEFINITIONAL_REPRESENTATION('',(#10760),#10764);
#10760 = LINE('',#10761,#10762);
#10761 = CARTESIAN_POINT('',(-0.,0.));
#10762 = VECTOR('',#10763,1.);
#10763 = DIRECTION('',(-0.,1.));
#10764 = ( GEOMETRIC_REPRESENTATION_CONTEXT(2) 
PARAMETRIC_REPRESENTATION_CONTEXT() REPRESENTATION_CONTEXT('2D SPACE',''
  ) );
#10765 = PCURVE('',#9466,#10766);
#10766 = DEFINITIONAL_REPRESENTATION('',(#10767),#10771);
#10767 = LINE('',#10768,#10769);
#10768 = CARTESIAN_POINT('',(104.,0.));
#10769 = VECTOR('',#10770,1.);
#10770 = DIRECTION('',(0.,-1.));
#10771 = ( GEOMETRIC_REPRESENTATION_CONTEXT(2) 
PARAMETRIC_REPRESENTATION_CONTEXT() REPRESENTATION_CONTEXT('2D SPACE',''
  ) );
#10772 = ORIENTED_EDGE('',*,*,#10773,.T.);
#10773 = EDGE_CURVE('',#10751,#10704,#10774,.T.);
#10774 = SURFACE_CURVE('',#10775,(#10792,#10812),.PCURVE_S1.);
#10775 = B_SPLINE_CURVE_WITH_KNOTS('',8,(#10776,#10777,#10778,#10779,
    #10780,#10781,#10782,#10783,#10784,#10785,#10786,#10787,#10788,
    #10789,#10790,#10791),.UNSPECIFIED.,.F.,.F.,(9,7,9),(0.,
    0.445391499162,1.),.UNSPECIFIED.);
#10776 = CARTESIAN_POINT('',(-90.,-4.,88.463362525377));
#10777 = CARTESIAN_POINT('',(-101.2770392694,-4.,87.323581174492));
#10778 = CARTESIAN_POINT('',(-112.2663113472,-2.602510313918,
    86.048000007494));
#10779 = CARTESIAN_POINT('',(-122.7743512399,6.766105579653E-02,
    84.670055844341));
#10780 = CARTESIAN_POINT('',(-132.6374833223,3.861028759614,
    83.23548866381));
#10781 = CARTESIAN_POINT('',(-141.7230376552,8.603955066539,
    81.797003329308));
#10782 = CARTESIAN_POINT('',(-149.9329502948,14.099921707344,
    80.406726623274));
#10783 = CARTESIAN_POINT('',(-157.2096725327,20.131462045984,
    79.1081456809));
#10784 = CARTESIAN_POINT('',(-171.4206144176,34.342403930865,
    76.466981061186));
#10785 = CARTESIAN_POINT('',(-178.0351275876,42.887649467602,
    75.154178473596));
#10786 = CARTESIAN_POINT('',(-183.4408945412,51.89627967544,
    74.028972584402));
#10787 = CARTESIAN_POINT('',(-187.6976125812,61.227609840013,
    73.11332251293));
#10788 = CARTESIAN_POINT('',(-190.8553086382,70.776840348346,
    72.41959093878));
#10789 = CARTESIAN_POINT('',(-192.95010258,80.46434086519,
    71.954470172899));
#10790 = CARTESIAN_POINT('',(-194.,90.225503515262,71.721351461666));
#10791 = CARTESIAN_POINT('',(-194.,100.,71.721351461666));
#10792 = PCURVE('',#9524,#10793);
#10793 = DEFINITIONAL_REPRESENTATION('',(#10794),#10811);
#10794 = B_SPLINE_CURVE_WITH_KNOTS('',8,(#10795,#10796,#10797,#10798,
    #10799,#10800,#10801,#10802,#10803,#10804,#10805,#10806,#10807,
    #10808,#10809,#10810),.UNSPECIFIED.,.F.,.F.,(9,7,9),(0.,
    0.445391499162,1.),.UNSPECIFIED.);
#10795 = CARTESIAN_POINT('',(0.,88.463362525377));
#10796 = CARTESIAN_POINT('',(-0.108433069899,87.323581174492));
#10797 = CARTESIAN_POINT('',(-0.21409917262,86.048000007494));
#10798 = CARTESIAN_POINT('',(-0.317080613168,84.670055844341));
#10799 = CARTESIAN_POINT('',(-0.417330699235,83.23548866381));
#10800 = CARTESIAN_POINT('',(-0.514685853913,81.797003329308));
#10801 = CARTESIAN_POINT('',(-0.608844940201,80.406726623274));
#10802 = CARTESIAN_POINT('',(-0.699329225114,79.1081456809));
#10803 = CARTESIAN_POINT('',(-0.892572559226,76.466981061186));
#10804 = CARTESIAN_POINT('',(-0.995645399101,75.154178473596));
#10805 = CARTESIAN_POINT('',(-1.095525821929,74.028972584402));
#10806 = CARTESIAN_POINT('',(-1.192938412071,73.11332251293));
#10807 = CARTESIAN_POINT('',(-1.288539608715,72.41959093878));
#10808 = CARTESIAN_POINT('',(-1.38295339434,71.954470172899));
#10809 = CARTESIAN_POINT('',(-1.476810783672,71.721351461666));
#10810 = CARTESIAN_POINT('',(-1.570796326795,71.721351461666));
#10811 = ( GEOMETRIC_REPRESENTATION_CONTEXT(2) 
PARAMETRIC_REPRESENTATION_CONTEXT() REPRESENTATION_CONTEXT('2D SPACE',''
  ) );
#10812 = PCURVE('',#9788,#10813);
#10813 = DEFINITIONAL_REPRESENTATION('',(#10814),#10831);
#10814 = B_SPLINE_CURVE_WITH_KNOTS('',8,(#10815,#10816,#10817,#10818,
    #10819,#10820,#10821,#10822,#10823,#10824,#10825,#10826,#10827,
    #10828,#10829,#10830),.UNSPECIFIED.,.F.,.F.,(9,7,9),(0.,
    0.445391499162,1.),.UNSPECIFIED.);
#10815 = CARTESIAN_POINT('',(1.671525237469,-36.));
#10816 = CARTESIAN_POINT('',(1.684189474701,-36.));
#10817 = CARTESIAN_POINT('',(1.696549072236,-37.39748968608));
#10818 = CARTESIAN_POINT('',(1.708388300585,-40.06766105578));
#10819 = CARTESIAN_POINT('',(1.719522544696,-43.86102875962));
#10820 = CARTESIAN_POINT('',(1.729799188077,-48.60395506653));
#10821 = CARTESIAN_POINT('',(1.739102244768,-54.09992170734));
#10822 = CARTESIAN_POINT('',(1.747360898601,-60.13146204598));
#10823 = CARTESIAN_POINT('',(1.763510947948,-74.34240393086));
#10824 = CARTESIAN_POINT('',(1.771045063485,-82.88764946758));
#10825 = CARTESIAN_POINT('',(1.777214158241,-91.8962796755));
#10826 = CARTESIAN_POINT('',(1.782078956318,-101.2276098399));
#10827 = CARTESIAN_POINT('',(1.785691239042,-110.7768403484));
#10828 = CARTESIAN_POINT('',(1.788088792406,-120.4643408651));
#10829 = CARTESIAN_POINT('',(1.789290431212,-130.2255035152));
#10830 = CARTESIAN_POINT('',(1.789290431212,-140.));
#10831 = ( GEOMETRIC_REPRESENTATION_CONTEXT(2) 
PARAMETRIC_REPRESENTATION_CONTEXT() REPRESENTATION_CONTEXT('2D SPACE',''
  ) );
#10832 = ORIENTED_EDGE('',*,*,#10726,.T.);
#10833 = ORIENTED_EDGE('',*,*,#9482,.F.);
#10834 = ADVANCED_FACE('',(#10835),#9466,.T.);
#10835 = FACE_BOUND('',#10836,.T.);
#10836 = EDGE_LOOP('',(#10837,#10863,#10864,#10865));
#10837 = ORIENTED_EDGE('',*,*,#10838,.T.);
#10838 = EDGE_CURVE('',#10321,#10751,#10839,.T.);
#10839 = SURFACE_CURVE('',#10840,(#10845,#10856),.PCURVE_S1.);
#10840 = CIRCLE('',#10841,895.);
#10841 = AXIS2_PLACEMENT_3D('',#10842,#10843,#10844);
#10842 = CARTESIAN_POINT('',(0.,-4.,-802.));
#10843 = DIRECTION('',(0.,-1.,0.));
#10844 = DIRECTION('',(1.,0.,0.));
#10845 = PCURVE('',#9466,#10846);
#10846 = DEFINITIONAL_REPRESENTATION('',(#10847),#10855);
#10847 = ( BOUNDED_CURVE() B_SPLINE_CURVE(2,(#10848,#10849,#10850,#10851
    ,#10852,#10853,#10854),.UNSPECIFIED.,.T.,.F.) 
B_SPLINE_CURVE_WITH_KNOTS((1,2,2,2,2,1),(-2.094395102393,0.,
    2.094395102393,4.188790204786,6.28318530718,8.377580409573),
.UNSPECIFIED.) CURVE() GEOMETRIC_REPRESENTATION_ITEM() 
RATIONAL_B_SPLINE_CURVE((1.,0.5,1.,0.5,1.,0.5,1.)) REPRESENTATION_ITEM(
  '') );
#10848 = CARTESIAN_POINT('',(1.089E+03,802.));
#10849 = CARTESIAN_POINT('',(1.089E+03,-748.1854727741));
#10850 = CARTESIAN_POINT('',(-253.5,26.907263612927));
#10851 = CARTESIAN_POINT('',(-1.596E+03,802.));
#10852 = CARTESIAN_POINT('',(-253.5,1.577092736387E+03));
#10853 = CARTESIAN_POINT('',(1.089E+03,2.352185472774E+03));
#10854 = CARTESIAN_POINT('',(1.089E+03,802.));
#10855 = ( GEOMETRIC_REPRESENTATION_CONTEXT(2) 
PARAMETRIC_REPRESENTATION_CONTEXT() REPRESENTATION_CONTEXT('2D SPACE',''
  ) );
#10856 = PCURVE('',#9788,#10857);
#10857 = DEFINITIONAL_REPRESENTATION('',(#10858),#10862);
#10858 = LINE('',#10859,#10860);
#10859 = CARTESIAN_POINT('',(0.,-36.));
#10860 = VECTOR('',#10861,1.);
#10861 = DIRECTION('',(1.,0.));
#10862 = ( GEOMETRIC_REPRESENTATION_CONTEXT(2) 
PARAMETRIC_REPRESENTATION_CONTEXT() REPRESENTATION_CONTEXT('2D SPACE',''
  ) );
#10863 = ORIENTED_EDGE('',*,*,#10750,.T.);
#10864 = ORIENTED_EDGE('',*,*,#9449,.F.);
#10865 = ORIENTED_EDGE('',*,*,#10320,.F.);
#10866 = ADVANCED_FACE('',(#10867,#10877),#9788,.F.);
#10867 = FACE_BOUND('',#10868,.F.);
#10868 = EDGE_LOOP('',(#10869,#10870,#10871,#10872,#10873,#10874,#10875,
    #10876));
#10869 = ORIENTED_EDGE('',*,*,#9765,.F.);
#10870 = ORIENTED_EDGE('',*,*,#10255,.T.);
#10871 = ORIENTED_EDGE('',*,*,#10207,.F.);
#10872 = ORIENTED_EDGE('',*,*,#10142,.T.);
#10873 = ORIENTED_EDGE('',*,*,#10069,.T.);
#10874 = ORIENTED_EDGE('',*,*,#10004,.T.);
#10875 = ORIENTED_EDGE('',*,*,#9934,.T.);
#10876 = ORIENTED_EDGE('',*,*,#9847,.F.);
#10877 = FACE_BOUND('',#10878,.F.);
#10878 = EDGE_LOOP('',(#10879,#10880,#10881,#10882,#10883,#10884,#10885,
    #10886));
#10879 = ORIENTED_EDGE('',*,*,#10343,.F.);
#10880 = ORIENTED_EDGE('',*,*,#10838,.T.);
#10881 = ORIENTED_EDGE('',*,*,#10773,.T.);
#10882 = ORIENTED_EDGE('',*,*,#10703,.F.);
#10883 = ORIENTED_EDGE('',*,*,#10616,.F.);
#10884 = ORIENTED_EDGE('',*,*,#10565,.F.);
#10885 = ORIENTED_EDGE('',*,*,#10478,.F.);
#10886 = ORIENTED_EDGE('',*,*,#10430,.T.);
#10887 = ( GEOMETRIC_REPRESENTATION_CONTEXT(3) 
GLOBAL_UNCERTAINTY_ASSIGNED_CONTEXT((#10891)) 
GLOBAL_UNIT_ASSIGNED_CONTEXT((#10888,#10889,#10890)) 
REPRESENTATION_CONTEXT('Context #1',
  '3D Context with UNIT and UNCERTAINTY') );
#10888 = ( LENGTH_UNIT() NAMED_UNIT(*) SI_UNIT(.MILLI.,.METRE.) );
#10889 = ( NAMED_UNIT(*) PLANE_ANGLE_UNIT() SI_UNIT($,.RADIAN.) );
#10890 = ( NAMED_UNIT(*) SI_UNIT($,.STERADIAN.) SOLID_ANGLE_UNIT() );
#10891 = UNCERTAINTY_MEASURE_WITH_UNIT(LENGTH_MEASURE(2.E-07),#10888,
  'distance_accuracy_value','confusion accuracy');
#10892 = CONTEXT_DEPENDENT_SHAPE_REPRESENTATION(#10893,#10895);
#10893 = ( REPRESENTATION_RELATIONSHIP('','',#8984,#10) 
REPRESENTATION_RELATIONSHIP_WITH_TRANSFORMATION(#10894) 
SHAPE_REPRESENTATION_RELATIONSHIP() );
#10894 = ITEM_DEFINED_TRANSFORMATION('','',#11,#35);
#10895 = PRODUCT_DEFINITION_SHAPE('Placement','Placement of an item',
  #10896);
#10896 = NEXT_ASSEMBLY_USAGE_OCCURRENCE('6','rim','',#5,#8979,$);
#10897 = PRODUCT_RELATED_PRODUCT_CATEGORY('part',$,(#8981));
#10898 = SHAPE_DEFINITION_REPRESENTATION(#10899,#10905);
#10899 = PRODUCT_DEFINITION_SHAPE('','',#10900);
#10900 = PRODUCT_DEFINITION('design','',#10901,#10904);
#10901 = PRODUCT_DEFINITION_FORMATION('','',#10902);
#10902 = PRODUCT('standoffs','standoffs','',(#10903));
#10903 = PRODUCT_CONTEXT('',#2,'mechanical');
#10904 = PRODUCT_DEFINITION_CONTEXT('part definition',#2,'design');
#10905 = SHAPE_REPRESENTATION('',(#11,#10906,#11004,#11102,#11200),
  #11298);
#10906 = MANIFOLD_SOLID_BREP('',#10907);
#10907 = CLOSED_SHELL('',(#10908,#10996,#11000));
#10908 = ADVANCED_FACE('',(#10909),#10923,.T.);
#10909 = FACE_BOUND('',#10910,.F.);
#10910 = EDGE_LOOP('',(#10911,#10941,#10968,#10969));
#10911 = ORIENTED_EDGE('',*,*,#10912,.T.);
#10912 = EDGE_CURVE('',#10913,#10915,#10917,.T.);
#10913 = VERTEX_POINT('',#10914);
#10914 = CARTESIAN_POINT('',(-111.,150.,34.));
#10915 = VERTEX_POINT('',#10916);
#10916 = CARTESIAN_POINT('',(-111.,150.,76.));
#10917 = SEAM_CURVE('',#10918,(#10922,#10934),.PCURVE_S1.);
#10918 = LINE('',#10919,#10920);
#10919 = CARTESIAN_POINT('',(-111.,150.,34.));
#10920 = VECTOR('',#10921,1.);
#10921 = DIRECTION('',(0.,0.,1.));
#10922 = PCURVE('',#10923,#10928);
#10923 = CYLINDRICAL_SURFACE('',#10924,9.);
#10924 = AXIS2_PLACEMENT_3D('',#10925,#10926,#10927);
#10925 = CARTESIAN_POINT('',(-120.,150.,34.));
#10926 = DIRECTION('',(-0.,-0.,-1.));
#10927 = DIRECTION('',(1.,0.,0.));
#10928 = DEFINITIONAL_REPRESENTATION('',(#10929),#10933);
#10929 = LINE('',#10930,#10931);
#10930 = CARTESIAN_POINT('',(-0.,0.));
#10931 = VECTOR('',#10932,1.);
#10932 = DIRECTION('',(-0.,-1.));
#10933 = ( GEOMETRIC_REPRESENTATION_CONTEXT(2) 
PARAMETRIC_REPRESENTATION_CONTEXT() REPRESENTATION_CONTEXT('2D SPACE',''
  ) );
#10934 = PCURVE('',#10923,#10935);
#10935 = DEFINITIONAL_REPRESENTATION('',(#10936),#10940);
#10936 = LINE('',#10937,#10938);
#10937 = CARTESIAN_POINT('',(-6.28318530718,0.));
#10938 = VECTOR('',#10939,1.);
#10939 = DIRECTION('',(-0.,-1.));
#10940 = ( GEOMETRIC_REPRESENTATION_CONTEXT(2) 
PARAMETRIC_REPRESENTATION_CONTEXT() REPRESENTATION_CONTEXT('2D SPACE',''
  ) );
#10941 = ORIENTED_EDGE('',*,*,#10942,.T.);
#10942 = EDGE_CURVE('',#10915,#10915,#10943,.T.);
#10943 = SURFACE_CURVE('',#10944,(#10949,#10956),.PCURVE_S1.);
#10944 = CIRCLE('',#10945,9.);
#10945 = AXIS2_PLACEMENT_3D('',#10946,#10947,#10948);
#10946 = CARTESIAN_POINT('',(-120.,150.,76.));
#10947 = DIRECTION('',(0.,0.,1.));
#10948 = DIRECTION('',(1.,0.,0.));
#10949 = PCURVE('',#10923,#10950);
#10950 = DEFINITIONAL_REPRESENTATION('',(#10951),#10955);
#10951 = LINE('',#10952,#10953);
#10952 = CARTESIAN_POINT('',(-0.,-42.));
#10953 = VECTOR('',#10954,1.);
#10954 = DIRECTION('',(-1.,0.));
#10955 = ( GEOMETRIC_REPRESENTATION_CONTEXT(2) 
PARAMETRIC_REPRESENTATION_CONTEXT() REPRESENTATION_CONTEXT('2D SPACE',''
  ) );
#10956 = PCURVE('',#10957,#10962);
#10957 = PLANE('',#10958);
#10958 = AXIS2_PLACEMENT_3D('',#10959,#10960,#10961);
#10959 = CARTESIAN_POINT('',(-120.,150.,76.));
#10960 = DIRECTION('',(0.,0.,1.));
#10961 = DIRECTION('',(1.,0.,-0.));
#10962 = DEFINITIONAL_REPRESENTATION('',(#10963),#10967);
#10963 = CIRCLE('',#10964,9.);
#10964 = AXIS2_PLACEMENT_2D('',#10965,#10966);
#10965 = CARTESIAN_POINT('',(1.42108547152E-14,0.));
#10966 = DIRECTION('',(1.,0.));
#10967 = ( GEOMETRIC_REPRESENTATION_CONTEXT(2) 
PARAMETRIC_REPRESENTATION_CONTEXT() REPRESENTATION_CONTEXT('2D SPACE',''
  ) );
#10968 = ORIENTED_EDGE('',*,*,#10912,.F.);
#10969 = ORIENTED_EDGE('',*,*,#10970,.F.);
#10970 = EDGE_CURVE('',#10913,#10913,#10971,.T.);
#10971 = SURFACE_CURVE('',#10972,(#10977,#10984),.PCURVE_S1.);
#10972 = CIRCLE('',#10973,9.);
#10973 = AXIS2_PLACEMENT_3D('',#10974,#10975,#10976);
#10974 = CARTESIAN_POINT('',(-120.,150.,34.));
#10975 = DIRECTION('',(0.,0.,1.));
#10976 = DIRECTION('',(1.,0.,0.));
#10977 = PCURVE('',#10923,#10978);
#10978 = DEFINITIONAL_REPRESENTATION('',(#10979),#10983);
#10979 = LINE('',#10980,#10981);
#10980 = CARTESIAN_POINT('',(-0.,0.));
#10981 = VECTOR('',#10982,1.);
#10982 = DIRECTION('',(-1.,0.));
#10983 = ( GEOMETRIC_REPRESENTATION_CONTEXT(2) 
PARAMETRIC_REPRESENTATION_CONTEXT() REPRESENTATION_CONTEXT('2D SPACE',''
  ) );
#10984 = PCURVE('',#10985,#10990);
#10985 = PLANE('',#10986);
#10986 = AXIS2_PLACEMENT_3D('',#10987,#10988,#10989);
#10987 = CARTESIAN_POINT('',(-120.,150.,34.));
#10988 = DIRECTION('',(0.,0.,1.));
#10989 = DIRECTION('',(1.,0.,-0.));
#10990 = DEFINITIONAL_REPRESENTATION('',(#10991),#10995);
#10991 = CIRCLE('',#10992,9.);
#10992 = AXIS2_PLACEMENT_2D('',#10993,#10994);
#10993 = CARTESIAN_POINT('',(1.42108547152E-14,0.));
#10994 = DIRECTION('',(1.,0.));
#10995 = ( GEOMETRIC_REPRESENTATION_CONTEXT(2) 
PARAMETRIC_REPRESENTATION_CONTEXT() REPRESENTATION_CONTEXT('2D SPACE',''
  ) );
#10996 = ADVANCED_FACE('',(#10997),#10985,.F.);
#10997 = FACE_BOUND('',#10998,.F.);
#10998 = EDGE_LOOP('',(#10999));
#10999 = ORIENTED_EDGE('',*,*,#10970,.T.);
#11000 = ADVANCED_FACE('',(#11001),#10957,.T.);
#11001 = FACE_BOUND('',#11002,.T.);
#11002 = EDGE_LOOP('',(#11003));
#11003 = ORIENTED_EDGE('',*,*,#10942,.T.);
#11004 = MANIFOLD_SOLID_BREP('',#11005);
#11005 = CLOSED_SHELL('',(#11006,#11094,#11098));
#11006 = ADVANCED_FACE('',(#11007),#11021,.T.);
#11007 = FACE_BOUND('',#11008,.F.);
#11008 = EDGE_LOOP('',(#11009,#11039,#11066,#11067));
#11009 = ORIENTED_EDGE('',*,*,#11010,.T.);
#11010 = EDGE_CURVE('',#11011,#11013,#11015,.T.);
#11011 = VERTEX_POINT('',#11012);
#11012 = CARTESIAN_POINT('',(-111.,420.,34.));
#11013 = VERTEX_POINT('',#11014);
#11014 = CARTESIAN_POINT('',(-111.,420.,76.));
#11015 = SEAM_CURVE('',#11016,(#11020,#11032),.PCURVE_S1.);
#11016 = LINE('',#11017,#11018);
#11017 = CARTESIAN_POINT('',(-111.,420.,34.));
#11018 = VECTOR('',#11019,1.);
#11019 = DIRECTION('',(0.,0.,1.));
#11020 = PCURVE('',#11021,#11026);
#11021 = CYLINDRICAL_SURFACE('',#11022,9.);
#11022 = AXIS2_PLACEMENT_3D('',#11023,#11024,#11025);
#11023 = CARTESIAN_POINT('',(-120.,420.,34.));
#11024 = DIRECTION('',(-0.,-0.,-1.));
#11025 = DIRECTION('',(1.,0.,0.));
#11026 = DEFINITIONAL_REPRESENTATION('',(#11027),#11031);
#11027 = LINE('',#11028,#11029);
#11028 = CARTESIAN_POINT('',(-0.,0.));
#11029 = VECTOR('',#11030,1.);
#11030 = DIRECTION('',(-0.,-1.));
#11031 = ( GEOMETRIC_REPRESENTATION_CONTEXT(2) 
PARAMETRIC_REPRESENTATION_CONTEXT() REPRESENTATION_CONTEXT('2D SPACE',''
  ) );
#11032 = PCURVE('',#11021,#11033);
#11033 = DEFINITIONAL_REPRESENTATION('',(#11034),#11038);
#11034 = LINE('',#11035,#11036);
#11035 = CARTESIAN_POINT('',(-6.28318530718,0.));
#11036 = VECTOR('',#11037,1.);
#11037 = DIRECTION('',(-0.,-1.));
#11038 = ( GEOMETRIC_REPRESENTATION_CONTEXT(2) 
PARAMETRIC_REPRESENTATION_CONTEXT() REPRESENTATION_CONTEXT('2D SPACE',''
  ) );
#11039 = ORIENTED_EDGE('',*,*,#11040,.T.);
#11040 = EDGE_CURVE('',#11013,#11013,#11041,.T.);
#11041 = SURFACE_CURVE('',#11042,(#11047,#11054),.PCURVE_S1.);
#11042 = CIRCLE('',#11043,9.);
#11043 = AXIS2_PLACEMENT_3D('',#11044,#11045,#11046);
#11044 = CARTESIAN_POINT('',(-120.,420.,76.));
#11045 = DIRECTION('',(0.,0.,1.));
#11046 = DIRECTION('',(1.,0.,0.));
#11047 = PCURVE('',#11021,#11048);
#11048 = DEFINITIONAL_REPRESENTATION('',(#11049),#11053);
#11049 = LINE('',#11050,#11051);
#11050 = CARTESIAN_POINT('',(-0.,-42.));
#11051 = VECTOR('',#11052,1.);
#11052 = DIRECTION('',(-1.,0.));
#11053 = ( GEOMETRIC_REPRESENTATION_CONTEXT(2) 
PARAMETRIC_REPRESENTATION_CONTEXT() REPRESENTATION_CONTEXT('2D SPACE',''
  ) );
#11054 = PCURVE('',#11055,#11060);
#11055 = PLANE('',#11056);
#11056 = AXIS2_PLACEMENT_3D('',#11057,#11058,#11059);
#11057 = CARTESIAN_POINT('',(-120.,420.,76.));
#11058 = DIRECTION('',(0.,0.,1.));
#11059 = DIRECTION('',(1.,0.,-0.));
#11060 = DEFINITIONAL_REPRESENTATION('',(#11061),#11065);
#11061 = CIRCLE('',#11062,9.);
#11062 = AXIS2_PLACEMENT_2D('',#11063,#11064);
#11063 = CARTESIAN_POINT('',(1.42108547152E-14,5.684341886081E-14));
#11064 = DIRECTION('',(1.,0.));
#11065 = ( GEOMETRIC_REPRESENTATION_CONTEXT(2) 
PARAMETRIC_REPRESENTATION_CONTEXT() REPRESENTATION_CONTEXT('2D SPACE',''
  ) );
#11066 = ORIENTED_EDGE('',*,*,#11010,.F.);
#11067 = ORIENTED_EDGE('',*,*,#11068,.F.);
#11068 = EDGE_CURVE('',#11011,#11011,#11069,.T.);
#11069 = SURFACE_CURVE('',#11070,(#11075,#11082),.PCURVE_S1.);
#11070 = CIRCLE('',#11071,9.);
#11071 = AXIS2_PLACEMENT_3D('',#11072,#11073,#11074);
#11072 = CARTESIAN_POINT('',(-120.,420.,34.));
#11073 = DIRECTION('',(0.,0.,1.));
#11074 = DIRECTION('',(1.,0.,0.));
#11075 = PCURVE('',#11021,#11076);
#11076 = DEFINITIONAL_REPRESENTATION('',(#11077),#11081);
#11077 = LINE('',#11078,#11079);
#11078 = CARTESIAN_POINT('',(-0.,0.));
#11079 = VECTOR('',#11080,1.);
#11080 = DIRECTION('',(-1.,0.));
#11081 = ( GEOMETRIC_REPRESENTATION_CONTEXT(2) 
PARAMETRIC_REPRESENTATION_CONTEXT() REPRESENTATION_CONTEXT('2D SPACE',''
  ) );
#11082 = PCURVE('',#11083,#11088);
#11083 = PLANE('',#11084);
#11084 = AXIS2_PLACEMENT_3D('',#11085,#11086,#11087);
#11085 = CARTESIAN_POINT('',(-120.,420.,34.));
#11086 = DIRECTION('',(0.,0.,1.));
#11087 = DIRECTION('',(1.,0.,-0.));
#11088 = DEFINITIONAL_REPRESENTATION('',(#11089),#11093);
#11089 = CIRCLE('',#11090,9.);
#11090 = AXIS2_PLACEMENT_2D('',#11091,#11092);
#11091 = CARTESIAN_POINT('',(1.42108547152E-14,5.684341886081E-14));
#11092 = DIRECTION('',(1.,0.));
#11093 = ( GEOMETRIC_REPRESENTATION_CONTEXT(2) 
PARAMETRIC_REPRESENTATION_CONTEXT() REPRESENTATION_CONTEXT('2D SPACE',''
  ) );
#11094 = ADVANCED_FACE('',(#11095),#11083,.F.);
#11095 = FACE_BOUND('',#11096,.F.);
#11096 = EDGE_LOOP('',(#11097));
#11097 = ORIENTED_EDGE('',*,*,#11068,.T.);
#11098 = ADVANCED_FACE('',(#11099),#11055,.T.);
#11099 = FACE_BOUND('',#11100,.T.);
#11100 = EDGE_LOOP('',(#11101));
#11101 = ORIENTED_EDGE('',*,*,#11040,.T.);
#11102 = MANIFOLD_SOLID_BREP('',#11103);
#11103 = CLOSED_SHELL('',(#11104,#11192,#11196));
#11104 = ADVANCED_FACE('',(#11105),#11119,.T.);
#11105 = FACE_BOUND('',#11106,.F.);
#11106 = EDGE_LOOP('',(#11107,#11137,#11164,#11165));
#11107 = ORIENTED_EDGE('',*,*,#11108,.T.);
#11108 = EDGE_CURVE('',#11109,#11111,#11113,.T.);
#11109 = VERTEX_POINT('',#11110);
#11110 = CARTESIAN_POINT('',(129.,150.,34.));
#11111 = VERTEX_POINT('',#11112);
#11112 = CARTESIAN_POINT('',(129.,150.,76.));
#11113 = SEAM_CURVE('',#11114,(#11118,#11130),.PCURVE_S1.);
#11114 = LINE('',#11115,#11116);
#11115 = CARTESIAN_POINT('',(129.,150.,34.));
#11116 = VECTOR('',#11117,1.);
#11117 = DIRECTION('',(0.,0.,1.));
#11118 = PCURVE('',#11119,#11124);
#11119 = CYLINDRICAL_SURFACE('',#11120,9.);
#11120 = AXIS2_PLACEMENT_3D('',#11121,#11122,#11123);
#11121 = CARTESIAN_POINT('',(120.,150.,34.));
#11122 = DIRECTION('',(-0.,-0.,-1.));
#11123 = DIRECTION('',(1.,0.,0.));
#11124 = DEFINITIONAL_REPRESENTATION('',(#11125),#11129);
#11125 = LINE('',#11126,#11127);
#11126 = CARTESIAN_POINT('',(-0.,0.));
#11127 = VECTOR('',#11128,1.);
#11128 = DIRECTION('',(-0.,-1.));
#11129 = ( GEOMETRIC_REPRESENTATION_CONTEXT(2) 
PARAMETRIC_REPRESENTATION_CONTEXT() REPRESENTATION_CONTEXT('2D SPACE',''
  ) );
#11130 = PCURVE('',#11119,#11131);
#11131 = DEFINITIONAL_REPRESENTATION('',(#11132),#11136);
#11132 = LINE('',#11133,#11134);
#11133 = CARTESIAN_POINT('',(-6.28318530718,0.));
#11134 = VECTOR('',#11135,1.);
#11135 = DIRECTION('',(-0.,-1.));
#11136 = ( GEOMETRIC_REPRESENTATION_CONTEXT(2) 
PARAMETRIC_REPRESENTATION_CONTEXT() REPRESENTATION_CONTEXT('2D SPACE',''
  ) );
#11137 = ORIENTED_EDGE('',*,*,#11138,.T.);
#11138 = EDGE_CURVE('',#11111,#11111,#11139,.T.);
#11139 = SURFACE_CURVE('',#11140,(#11145,#11152),.PCURVE_S1.);
#11140 = CIRCLE('',#11141,9.);
#11141 = AXIS2_PLACEMENT_3D('',#11142,#11143,#11144);
#11142 = CARTESIAN_POINT('',(120.,150.,76.));
#11143 = DIRECTION('',(0.,0.,1.));
#11144 = DIRECTION('',(1.,0.,0.));
#11145 = PCURVE('',#11119,#11146);
#11146 = DEFINITIONAL_REPRESENTATION('',(#11147),#11151);
#11147 = LINE('',#11148,#11149);
#11148 = CARTESIAN_POINT('',(-0.,-42.));
#11149 = VECTOR('',#11150,1.);
#11150 = DIRECTION('',(-1.,0.));
#11151 = ( GEOMETRIC_REPRESENTATION_CONTEXT(2) 
PARAMETRIC_REPRESENTATION_CONTEXT() REPRESENTATION_CONTEXT('2D SPACE',''
  ) );
#11152 = PCURVE('',#11153,#11158);
#11153 = PLANE('',#11154);
#11154 = AXIS2_PLACEMENT_3D('',#11155,#11156,#11157);
#11155 = CARTESIAN_POINT('',(120.,150.,76.));
#11156 = DIRECTION('',(0.,0.,1.));
#11157 = DIRECTION('',(1.,0.,-0.));
#11158 = DEFINITIONAL_REPRESENTATION('',(#11159),#11163);
#11159 = CIRCLE('',#11160,9.);
#11160 = AXIS2_PLACEMENT_2D('',#11161,#11162);
#11161 = CARTESIAN_POINT('',(-1.42108547152E-14,0.));
#11162 = DIRECTION('',(1.,0.));
#11163 = ( GEOMETRIC_REPRESENTATION_CONTEXT(2) 
PARAMETRIC_REPRESENTATION_CONTEXT() REPRESENTATION_CONTEXT('2D SPACE',''
  ) );
#11164 = ORIENTED_EDGE('',*,*,#11108,.F.);
#11165 = ORIENTED_EDGE('',*,*,#11166,.F.);
#11166 = EDGE_CURVE('',#11109,#11109,#11167,.T.);
#11167 = SURFACE_CURVE('',#11168,(#11173,#11180),.PCURVE_S1.);
#11168 = CIRCLE('',#11169,9.);
#11169 = AXIS2_PLACEMENT_3D('',#11170,#11171,#11172);
#11170 = CARTESIAN_POINT('',(120.,150.,34.));
#11171 = DIRECTION('',(0.,0.,1.));
#11172 = DIRECTION('',(1.,0.,0.));
#11173 = PCURVE('',#11119,#11174);
#11174 = DEFINITIONAL_REPRESENTATION('',(#11175),#11179);
#11175 = LINE('',#11176,#11177);
#11176 = CARTESIAN_POINT('',(-0.,0.));
#11177 = VECTOR('',#11178,1.);
#11178 = DIRECTION('',(-1.,0.));
#11179 = ( GEOMETRIC_REPRESENTATION_CONTEXT(2) 
PARAMETRIC_REPRESENTATION_CONTEXT() REPRESENTATION_CONTEXT('2D SPACE',''
  ) );
#11180 = PCURVE('',#11181,#11186);
#11181 = PLANE('',#11182);
#11182 = AXIS2_PLACEMENT_3D('',#11183,#11184,#11185);
#11183 = CARTESIAN_POINT('',(120.,150.,34.));
#11184 = DIRECTION('',(0.,0.,1.));
#11185 = DIRECTION('',(1.,0.,-0.));
#11186 = DEFINITIONAL_REPRESENTATION('',(#11187),#11191);
#11187 = CIRCLE('',#11188,9.);
#11188 = AXIS2_PLACEMENT_2D('',#11189,#11190);
#11189 = CARTESIAN_POINT('',(-1.42108547152E-14,0.));
#11190 = DIRECTION('',(1.,0.));
#11191 = ( GEOMETRIC_REPRESENTATION_CONTEXT(2) 
PARAMETRIC_REPRESENTATION_CONTEXT() REPRESENTATION_CONTEXT('2D SPACE',''
  ) );
#11192 = ADVANCED_FACE('',(#11193),#11181,.F.);
#11193 = FACE_BOUND('',#11194,.F.);
#11194 = EDGE_LOOP('',(#11195));
#11195 = ORIENTED_EDGE('',*,*,#11166,.T.);
#11196 = ADVANCED_FACE('',(#11197),#11153,.T.);
#11197 = FACE_BOUND('',#11198,.T.);
#11198 = EDGE_LOOP('',(#11199));
#11199 = ORIENTED_EDGE('',*,*,#11138,.T.);
#11200 = MANIFOLD_SOLID_BREP('',#11201);
#11201 = CLOSED_SHELL('',(#11202,#11290,#11294));
#11202 = ADVANCED_FACE('',(#11203),#11217,.T.);
#11203 = FACE_BOUND('',#11204,.F.);
#11204 = EDGE_LOOP('',(#11205,#11235,#11262,#11263));
#11205 = ORIENTED_EDGE('',*,*,#11206,.T.);
#11206 = EDGE_CURVE('',#11207,#11209,#11211,.T.);
#11207 = VERTEX_POINT('',#11208);
#11208 = CARTESIAN_POINT('',(129.,420.,34.));
#11209 = VERTEX_POINT('',#11210);
#11210 = CARTESIAN_POINT('',(129.,420.,76.));
#11211 = SEAM_CURVE('',#11212,(#11216,#11228),.PCURVE_S1.);
#11212 = LINE('',#11213,#11214);
#11213 = CARTESIAN_POINT('',(129.,420.,34.));
#11214 = VECTOR('',#11215,1.);
#11215 = DIRECTION('',(0.,0.,1.));
#11216 = PCURVE('',#11217,#11222);
#11217 = CYLINDRICAL_SURFACE('',#11218,9.);
#11218 = AXIS2_PLACEMENT_3D('',#11219,#11220,#11221);
#11219 = CARTESIAN_POINT('',(120.,420.,34.));
#11220 = DIRECTION('',(-0.,-0.,-1.));
#11221 = DIRECTION('',(1.,0.,0.));
#11222 = DEFINITIONAL_REPRESENTATION('',(#11223),#11227);
#11223 = LINE('',#11224,#11225);
#11224 = CARTESIAN_POINT('',(-0.,0.));
#11225 = VECTOR('',#11226,1.);
#11226 = DIRECTION('',(-0.,-1.));
#11227 = ( GEOMETRIC_REPRESENTATION_CONTEXT(2) 
PARAMETRIC_REPRESENTATION_CONTEXT() REPRESENTATION_CONTEXT('2D SPACE',''
  ) );
#11228 = PCURVE('',#11217,#11229);
#11229 = DEFINITIONAL_REPRESENTATION('',(#11230),#11234);
#11230 = LINE('',#11231,#11232);
#11231 = CARTESIAN_POINT('',(-6.28318530718,0.));
#11232 = VECTOR('',#11233,1.);
#11233 = DIRECTION('',(-0.,-1.));
#11234 = ( GEOMETRIC_REPRESENTATION_CONTEXT(2) 
PARAMETRIC_REPRESENTATION_CONTEXT() REPRESENTATION_CONTEXT('2D SPACE',''
  ) );
#11235 = ORIENTED_EDGE('',*,*,#11236,.T.);
#11236 = EDGE_CURVE('',#11209,#11209,#11237,.T.);
#11237 = SURFACE_CURVE('',#11238,(#11243,#11250),.PCURVE_S1.);
#11238 = CIRCLE('',#11239,9.);
#11239 = AXIS2_PLACEMENT_3D('',#11240,#11241,#11242);
#11240 = CARTESIAN_POINT('',(120.,420.,76.));
#11241 = DIRECTION('',(0.,0.,1.));
#11242 = DIRECTION('',(1.,0.,0.));
#11243 = PCURVE('',#11217,#11244);
#11244 = DEFINITIONAL_REPRESENTATION('',(#11245),#11249);
#11245 = LINE('',#11246,#11247);
#11246 = CARTESIAN_POINT('',(-0.,-42.));
#11247 = VECTOR('',#11248,1.);
#11248 = DIRECTION('',(-1.,0.));
#11249 = ( GEOMETRIC_REPRESENTATION_CONTEXT(2) 
PARAMETRIC_REPRESENTATION_CONTEXT() REPRESENTATION_CONTEXT('2D SPACE',''
  ) );
#11250 = PCURVE('',#11251,#11256);
#11251 = PLANE('',#11252);
#11252 = AXIS2_PLACEMENT_3D('',#11253,#11254,#11255);
#11253 = CARTESIAN_POINT('',(120.,420.,76.));
#11254 = DIRECTION('',(0.,0.,1.));
#11255 = DIRECTION('',(1.,0.,-0.));
#11256 = DEFINITIONAL_REPRESENTATION('',(#11257),#11261);
#11257 = CIRCLE('',#11258,9.);
#11258 = AXIS2_PLACEMENT_2D('',#11259,#11260);
#11259 = CARTESIAN_POINT('',(-1.42108547152E-14,5.684341886081E-14));
#11260 = DIRECTION('',(1.,0.));
#11261 = ( GEOMETRIC_REPRESENTATION_CONTEXT(2) 
PARAMETRIC_REPRESENTATION_CONTEXT() REPRESENTATION_CONTEXT('2D SPACE',''
  ) );
#11262 = ORIENTED_EDGE('',*,*,#11206,.F.);
#11263 = ORIENTED_EDGE('',*,*,#11264,.F.);
#11264 = EDGE_CURVE('',#11207,#11207,#11265,.T.);
#11265 = SURFACE_CURVE('',#11266,(#11271,#11278),.PCURVE_S1.);
#11266 = CIRCLE('',#11267,9.);
#11267 = AXIS2_PLACEMENT_3D('',#11268,#11269,#11270);
#11268 = CARTESIAN_POINT('',(120.,420.,34.));
#11269 = DIRECTION('',(0.,0.,1.));
#11270 = DIRECTION('',(1.,0.,0.));
#11271 = PCURVE('',#11217,#11272);
#11272 = DEFINITIONAL_REPRESENTATION('',(#11273),#11277);
#11273 = LINE('',#11274,#11275);
#11274 = CARTESIAN_POINT('',(-0.,0.));
#11275 = VECTOR('',#11276,1.);
#11276 = DIRECTION('',(-1.,0.));
#11277 = ( GEOMETRIC_REPRESENTATION_CONTEXT(2) 
PARAMETRIC_REPRESENTATION_CONTEXT() REPRESENTATION_CONTEXT('2D SPACE',''
  ) );
#11278 = PCURVE('',#11279,#11284);
#11279 = PLANE('',#11280);
#11280 = AXIS2_PLACEMENT_3D('',#11281,#11282,#11283);
#11281 = CARTESIAN_POINT('',(120.,420.,34.));
#11282 = DIRECTION('',(0.,0.,1.));
#11283 = DIRECTION('',(1.,0.,-0.));
#11284 = DEFINITIONAL_REPRESENTATION('',(#11285),#11289);
#11285 = CIRCLE('',#11286,9.);
#11286 = AXIS2_PLACEMENT_2D('',#11287,#11288);
#11287 = CARTESIAN_POINT('',(-1.42108547152E-14,5.684341886081E-14));
#11288 = DIRECTION('',(1.,0.));
#11289 = ( GEOMETRIC_REPRESENTATION_CONTEXT(2) 
PARAMETRIC_REPRESENTATION_CONTEXT() REPRESENTATION_CONTEXT('2D SPACE',''
  ) );
#11290 = ADVANCED_FACE('',(#11291),#11279,.F.);
#11291 = FACE_BOUND('',#11292,.F.);
#11292 = EDGE_LOOP('',(#11293));
#11293 = ORIENTED_EDGE('',*,*,#11264,.T.);
#11294 = ADVANCED_FACE('',(#11295),#11251,.T.);
#11295 = FACE_BOUND('',#11296,.T.);
#11296 = EDGE_LOOP('',(#11297));
#11297 = ORIENTED_EDGE('',*,*,#11236,.T.);
#11298 = ( GEOMETRIC_REPRESENTATION_CONTEXT(3) 
GLOBAL_UNCERTAINTY_ASSIGNED_CONTEXT((#11302)) 
GLOBAL_UNIT_ASSIGNED_CONTEXT((#11299,#11300,#11301)) 
REPRESENTATION_CONTEXT('Context #1',
  '3D Context with UNIT and UNCERTAINTY') );
#11299 = ( LENGTH_UNIT() NAMED_UNIT(*) SI_UNIT(.MILLI.,.METRE.) );
#11300 = ( NAMED_UNIT(*) PLANE_ANGLE_UNIT() SI_UNIT($,.RADIAN.) );
#11301 = ( NAMED_UNIT(*) SI_UNIT($,.STERADIAN.) SOLID_ANGLE_UNIT() );
#11302 = UNCERTAINTY_MEASURE_WITH_UNIT(LENGTH_MEASURE(1.E-07),#11299,
  'distance_accuracy_value','confusion accuracy');
#11303 = CONTEXT_DEPENDENT_SHAPE_REPRESENTATION(#11304,#11306);
#11304 = ( REPRESENTATION_RELATIONSHIP('','',#10905,#10) 
REPRESENTATION_RELATIONSHIP_WITH_TRANSFORMATION(#11305) 
SHAPE_REPRESENTATION_RELATIONSHIP() );
#11305 = ITEM_DEFINED_TRANSFORMATION('','',#11,#39);
#11306 = PRODUCT_DEFINITION_SHAPE('Placement','Placement of an item',
  #11307);
#11307 = NEXT_ASSEMBLY_USAGE_OCCURRENCE('7','standoffs','',#5,#10900,$);
#11308 = PRODUCT_RELATED_PRODUCT_CATEGORY('part',$,(#10902));
#11309 = SHAPE_DEFINITION_REPRESENTATION(#11310,#11316);
#11310 = PRODUCT_DEFINITION_SHAPE('','',#11311);
#11311 = PRODUCT_DEFINITION('design','',#11312,#11315);
#11312 = PRODUCT_DEFINITION_FORMATION('','',#11313);
#11313 = PRODUCT('led_ring','led_ring','',(#11314));
#11314 = PRODUCT_CONTEXT('',#2,'mechanical');
#11315 = PRODUCT_DEFINITION_CONTEXT('part definition',#2,'design');
#11316 = ADVANCED_BREP_SHAPE_REPRESENTATION('',(#11,#11317),#12619);
#11317 = MANIFOLD_SOLID_BREP('',#11318);
#11318 = CLOSED_SHELL('',(#11319,#11439,#11869,#11923,#11973,#12288,
    #12315,#12342,#12369,#12396,#12403,#12450,#12477,#12504,#12531,
    #12558,#12585,#12612));
#11319 = ADVANCED_FACE('',(#11320),#11334,.F.);
#11320 = FACE_BOUND('',#11321,.F.);
#11321 = EDGE_LOOP('',(#11322,#11357,#11385,#11413));
#11322 = ORIENTED_EDGE('',*,*,#11323,.F.);
#11323 = EDGE_CURVE('',#11324,#11326,#11328,.T.);
#11324 = VERTEX_POINT('',#11325);
#11325 = CARTESIAN_POINT('',(-85.,10.,62.));
#11326 = VERTEX_POINT('',#11327);
#11327 = CARTESIAN_POINT('',(85.,10.,62.));
#11328 = SURFACE_CURVE('',#11329,(#11333,#11345),.PCURVE_S1.);
#11329 = LINE('',#11330,#11331);
#11330 = CARTESIAN_POINT('',(-180.,10.,62.));
#11331 = VECTOR('',#11332,1.);
#11332 = DIRECTION('',(1.,0.,0.));
#11333 = PCURVE('',#11334,#11339);
#11334 = PLANE('',#11335);
#11335 = AXIS2_PLACEMENT_3D('',#11336,#11337,#11338);
#11336 = CARTESIAN_POINT('',(-180.,10.,62.));
#11337 = DIRECTION('',(0.,1.,0.));
#11338 = DIRECTION('',(1.,0.,0.));
#11339 = DEFINITIONAL_REPRESENTATION('',(#11340),#11344);
#11340 = LINE('',#11341,#11342);
#11341 = CARTESIAN_POINT('',(0.,0.));
#11342 = VECTOR('',#11343,1.);
#11343 = DIRECTION('',(1.,0.));
#11344 = ( GEOMETRIC_REPRESENTATION_CONTEXT(2) 
PARAMETRIC_REPRESENTATION_CONTEXT() REPRESENTATION_CONTEXT('2D SPACE',''
  ) );
#11345 = PCURVE('',#11346,#11351);
#11346 = PLANE('',#11347);
#11347 = AXIS2_PLACEMENT_3D('',#11348,#11349,#11350);
#11348 = CARTESIAN_POINT('',(0.,270.,62.));
#11349 = DIRECTION('',(0.,0.,1.));
#11350 = DIRECTION('',(1.,0.,-0.));
#11351 = DEFINITIONAL_REPRESENTATION('',(#11352),#11356);
#11352 = LINE('',#11353,#11354);
#11353 = CARTESIAN_POINT('',(-180.,-260.));
#11354 = VECTOR('',#11355,1.);
#11355 = DIRECTION('',(1.,0.));
#11356 = ( GEOMETRIC_REPRESENTATION_CONTEXT(2) 
PARAMETRIC_REPRESENTATION_CONTEXT() REPRESENTATION_CONTEXT('2D SPACE',''
  ) );
#11357 = ORIENTED_EDGE('',*,*,#11358,.T.);
#11358 = EDGE_CURVE('',#11324,#11359,#11361,.T.);
#11359 = VERTEX_POINT('',#11360);
#11360 = CARTESIAN_POINT('',(-85.,10.,65.));
#11361 = SURFACE_CURVE('',#11362,(#11366,#11373),.PCURVE_S1.);
#11362 = LINE('',#11363,#11364);
#11363 = CARTESIAN_POINT('',(-85.,10.,62.));
#11364 = VECTOR('',#11365,1.);
#11365 = DIRECTION('',(0.,0.,1.));
#11366 = PCURVE('',#11334,#11367);
#11367 = DEFINITIONAL_REPRESENTATION('',(#11368),#11372);
#11368 = LINE('',#11369,#11370);
#11369 = CARTESIAN_POINT('',(95.,0.));
#11370 = VECTOR('',#11371,1.);
#11371 = DIRECTION('',(0.,-1.));
#11372 = ( GEOMETRIC_REPRESENTATION_CONTEXT(2) 
PARAMETRIC_REPRESENTATION_CONTEXT() REPRESENTATION_CONTEXT('2D SPACE',''
  ) );
#11373 = PCURVE('',#11374,#11379);
#11374 = CYLINDRICAL_SURFACE('',#11375,95.);
#11375 = AXIS2_PLACEMENT_3D('',#11376,#11377,#11378);
#11376 = CARTESIAN_POINT('',(-85.,105.,62.));
#11377 = DIRECTION('',(0.,0.,1.));
#11378 = DIRECTION('',(0.,-1.,0.));
#11379 = DEFINITIONAL_REPRESENTATION('',(#11380),#11384);
#11380 = LINE('',#11381,#11382);
#11381 = CARTESIAN_POINT('',(-0.,0.));
#11382 = VECTOR('',#11383,1.);
#11383 = DIRECTION('',(-0.,1.));
#11384 = ( GEOMETRIC_REPRESENTATION_CONTEXT(2) 
PARAMETRIC_REPRESENTATION_CONTEXT() REPRESENTATION_CONTEXT('2D SPACE',''
  ) );
#11385 = ORIENTED_EDGE('',*,*,#11386,.T.);
#11386 = EDGE_CURVE('',#11359,#11387,#11389,.T.);
#11387 = VERTEX_POINT('',#11388);
#11388 = CARTESIAN_POINT('',(85.,10.,65.));
#11389 = SURFACE_CURVE('',#11390,(#11394,#11401),.PCURVE_S1.);
#11390 = LINE('',#11391,#11392);
#11391 = CARTESIAN_POINT('',(-180.,10.,65.));
#11392 = VECTOR('',#11393,1.);
#11393 = DIRECTION('',(1.,0.,0.));
#11394 = PCURVE('',#11334,#11395);
#11395 = DEFINITIONAL_REPRESENTATION('',(#11396),#11400);
#11396 = LINE('',#11397,#11398);
#11397 = CARTESIAN_POINT('',(0.,-3.));
#11398 = VECTOR('',#11399,1.);
#11399 = DIRECTION('',(1.,0.));
#11400 = ( GEOMETRIC_REPRESENTATION_CONTEXT(2) 
PARAMETRIC_REPRESENTATION_CONTEXT() REPRESENTATION_CONTEXT('2D SPACE',''
  ) );
#11401 = PCURVE('',#11402,#11407);
#11402 = PLANE('',#11403);
#11403 = AXIS2_PLACEMENT_3D('',#11404,#11405,#11406);
#11404 = CARTESIAN_POINT('',(0.,270.,65.));
#11405 = DIRECTION('',(0.,0.,1.));
#11406 = DIRECTION('',(1.,0.,-0.));
#11407 = DEFINITIONAL_REPRESENTATION('',(#11408),#11412);
#11408 = LINE('',#11409,#11410);
#11409 = CARTESIAN_POINT('',(-180.,-260.));
#11410 = VECTOR('',#11411,1.);
#11411 = DIRECTION('',(1.,0.));
#11412 = ( GEOMETRIC_REPRESENTATION_CONTEXT(2) 
PARAMETRIC_REPRESENTATION_CONTEXT() REPRESENTATION_CONTEXT('2D SPACE',''
  ) );
#11413 = ORIENTED_EDGE('',*,*,#11414,.F.);
#11414 = EDGE_CURVE('',#11326,#11387,#11415,.T.);
#11415 = SURFACE_CURVE('',#11416,(#11420,#11427),.PCURVE_S1.);
#11416 = LINE('',#11417,#11418);
#11417 = CARTESIAN_POINT('',(85.,10.,62.));
#11418 = VECTOR('',#11419,1.);
#11419 = DIRECTION('',(0.,0.,1.));
#11420 = PCURVE('',#11334,#11421);
#11421 = DEFINITIONAL_REPRESENTATION('',(#11422),#11426);
#11422 = LINE('',#11423,#11424);
#11423 = CARTESIAN_POINT('',(265.,0.));
#11424 = VECTOR('',#11425,1.);
#11425 = DIRECTION('',(0.,-1.));
#11426 = ( GEOMETRIC_REPRESENTATION_CONTEXT(2) 
PARAMETRIC_REPRESENTATION_CONTEXT() REPRESENTATION_CONTEXT('2D SPACE',''
  ) );
#11427 = PCURVE('',#11428,#11433);
#11428 = CYLINDRICAL_SURFACE('',#11429,95.);
#11429 = AXIS2_PLACEMENT_3D('',#11430,#11431,#11432);
#11430 = CARTESIAN_POINT('',(85.,105.,62.));
#11431 = DIRECTION('',(0.,0.,1.));
#11432 = DIRECTION('',(0.,-1.,0.));
#11433 = DEFINITIONAL_REPRESENTATION('',(#11434),#11438);
#11434 = LINE('',#11435,#11436);
#11435 = CARTESIAN_POINT('',(0.,0.));
#11436 = VECTOR('',#11437,1.);
#11437 = DIRECTION('',(0.,1.));
#11438 = ( GEOMETRIC_REPRESENTATION_CONTEXT(2) 
PARAMETRIC_REPRESENTATION_CONTEXT() REPRESENTATION_CONTEXT('2D SPACE',''
  ) );
#11439 = ADVANCED_FACE('',(#11440,#11635),#11346,.F.);
#11440 = FACE_BOUND('',#11441,.F.);
#11441 = EDGE_LOOP('',(#11442,#11443,#11467,#11495,#11524,#11552,#11581,
    #11609));
#11442 = ORIENTED_EDGE('',*,*,#11323,.T.);
#11443 = ORIENTED_EDGE('',*,*,#11444,.T.);
#11444 = EDGE_CURVE('',#11326,#11445,#11447,.T.);
#11445 = VERTEX_POINT('',#11446);
#11446 = CARTESIAN_POINT('',(180.,105.,62.));
#11447 = SURFACE_CURVE('',#11448,(#11453,#11460),.PCURVE_S1.);
#11448 = CIRCLE('',#11449,95.);
#11449 = AXIS2_PLACEMENT_3D('',#11450,#11451,#11452);
#11450 = CARTESIAN_POINT('',(85.,105.,62.));
#11451 = DIRECTION('',(0.,0.,1.));
#11452 = DIRECTION('',(0.,-1.,0.));
#11453 = PCURVE('',#11346,#11454);
#11454 = DEFINITIONAL_REPRESENTATION('',(#11455),#11459);
#11455 = CIRCLE('',#11456,95.);
#11456 = AXIS2_PLACEMENT_2D('',#11457,#11458);
#11457 = CARTESIAN_POINT('',(85.,-165.));
#11458 = DIRECTION('',(0.,-1.));
#11459 = ( GEOMETRIC_REPRESENTATION_CONTEXT(2) 
PARAMETRIC_REPRESENTATION_CONTEXT() REPRESENTATION_CONTEXT('2D SPACE',''
  ) );
#11460 = PCURVE('',#11428,#11461);
#11461 = DEFINITIONAL_REPRESENTATION('',(#11462),#11466);
#11462 = LINE('',#11463,#11464);
#11463 = CARTESIAN_POINT('',(0.,0.));
#11464 = VECTOR('',#11465,1.);
#11465 = DIRECTION('',(1.,0.));
#11466 = ( GEOMETRIC_REPRESENTATION_CONTEXT(2) 
PARAMETRIC_REPRESENTATION_CONTEXT() REPRESENTATION_CONTEXT('2D SPACE',''
  ) );
#11467 = ORIENTED_EDGE('',*,*,#11468,.T.);
#11468 = EDGE_CURVE('',#11445,#11469,#11471,.T.);
#11469 = VERTEX_POINT('',#11470);
#11470 = CARTESIAN_POINT('',(180.,435.,62.));
#11471 = SURFACE_CURVE('',#11472,(#11476,#11483),.PCURVE_S1.);
#11472 = LINE('',#11473,#11474);
#11473 = CARTESIAN_POINT('',(180.,10.,62.));
#11474 = VECTOR('',#11475,1.);
#11475 = DIRECTION('',(0.,1.,0.));
#11476 = PCURVE('',#11346,#11477);
#11477 = DEFINITIONAL_REPRESENTATION('',(#11478),#11482);
#11478 = LINE('',#11479,#11480);
#11479 = CARTESIAN_POINT('',(180.,-260.));
#11480 = VECTOR('',#11481,1.);
#11481 = DIRECTION('',(0.,1.));
#11482 = ( GEOMETRIC_REPRESENTATION_CONTEXT(2) 
PARAMETRIC_REPRESENTATION_CONTEXT() REPRESENTATION_CONTEXT('2D SPACE',''
  ) );
#11483 = PCURVE('',#11484,#11489);
#11484 = PLANE('',#11485);
#11485 = AXIS2_PLACEMENT_3D('',#11486,#11487,#11488);
#11486 = CARTESIAN_POINT('',(180.,10.,62.));
#11487 = DIRECTION('',(-1.,0.,0.));
#11488 = DIRECTION('',(0.,1.,0.));
#11489 = DEFINITIONAL_REPRESENTATION('',(#11490),#11494);
#11490 = LINE('',#11491,#11492);
#11491 = CARTESIAN_POINT('',(0.,0.));
#11492 = VECTOR('',#11493,1.);
#11493 = DIRECTION('',(1.,0.));
#11494 = ( GEOMETRIC_REPRESENTATION_CONTEXT(2) 
PARAMETRIC_REPRESENTATION_CONTEXT() REPRESENTATION_CONTEXT('2D SPACE',''
  ) );
#11495 = ORIENTED_EDGE('',*,*,#11496,.T.);
#11496 = EDGE_CURVE('',#11469,#11497,#11499,.T.);
#11497 = VERTEX_POINT('',#11498);
#11498 = CARTESIAN_POINT('',(85.,530.,62.));
#11499 = SURFACE_CURVE('',#11500,(#11505,#11512),.PCURVE_S1.);
#11500 = CIRCLE('',#11501,95.);
#11501 = AXIS2_PLACEMENT_3D('',#11502,#11503,#11504);
#11502 = CARTESIAN_POINT('',(85.,435.,62.));
#11503 = DIRECTION('',(0.,0.,1.));
#11504 = DIRECTION('',(0.,-1.,0.));
#11505 = PCURVE('',#11346,#11506);
#11506 = DEFINITIONAL_REPRESENTATION('',(#11507),#11511);
#11507 = CIRCLE('',#11508,95.);
#11508 = AXIS2_PLACEMENT_2D('',#11509,#11510);
#11509 = CARTESIAN_POINT('',(85.,165.));
#11510 = DIRECTION('',(0.,-1.));
#11511 = ( GEOMETRIC_REPRESENTATION_CONTEXT(2) 
PARAMETRIC_REPRESENTATION_CONTEXT() REPRESENTATION_CONTEXT('2D SPACE',''
  ) );
#11512 = PCURVE('',#11513,#11518);
#11513 = CYLINDRICAL_SURFACE('',#11514,95.);
#11514 = AXIS2_PLACEMENT_3D('',#11515,#11516,#11517);
#11515 = CARTESIAN_POINT('',(85.,435.,62.));
#11516 = DIRECTION('',(0.,0.,1.));
#11517 = DIRECTION('',(1.,0.,-0.));
#11518 = DEFINITIONAL_REPRESENTATION('',(#11519),#11523);
#11519 = LINE('',#11520,#11521);
#11520 = CARTESIAN_POINT('',(-1.570796326795,0.));
#11521 = VECTOR('',#11522,1.);
#11522 = DIRECTION('',(1.,0.));
#11523 = ( GEOMETRIC_REPRESENTATION_CONTEXT(2) 
PARAMETRIC_REPRESENTATION_CONTEXT() REPRESENTATION_CONTEXT('2D SPACE',''
  ) );
#11524 = ORIENTED_EDGE('',*,*,#11525,.T.);
#11525 = EDGE_CURVE('',#11497,#11526,#11528,.T.);
#11526 = VERTEX_POINT('',#11527);
#11527 = CARTESIAN_POINT('',(-85.,530.,62.));
#11528 = SURFACE_CURVE('',#11529,(#11533,#11540),.PCURVE_S1.);
#11529 = LINE('',#11530,#11531);
#11530 = CARTESIAN_POINT('',(180.,530.,62.));
#11531 = VECTOR('',#11532,1.);
#11532 = DIRECTION('',(-1.,0.,0.));
#11533 = PCURVE('',#11346,#11534);
#11534 = DEFINITIONAL_REPRESENTATION('',(#11535),#11539);
#11535 = LINE('',#11536,#11537);
#11536 = CARTESIAN_POINT('',(180.,260.));
#11537 = VECTOR('',#11538,1.);
#11538 = DIRECTION('',(-1.,0.));
#11539 = ( GEOMETRIC_REPRESENTATION_CONTEXT(2) 
PARAMETRIC_REPRESENTATION_CONTEXT() REPRESENTATION_CONTEXT('2D SPACE',''
  ) );
#11540 = PCURVE('',#11541,#11546);
#11541 = PLANE('',#11542);
#11542 = AXIS2_PLACEMENT_3D('',#11543,#11544,#11545);
#11543 = CARTESIAN_POINT('',(180.,530.,62.));
#11544 = DIRECTION('',(0.,-1.,0.));
#11545 = DIRECTION('',(-1.,0.,0.));
#11546 = DEFINITIONAL_REPRESENTATION('',(#11547),#11551);
#11547 = LINE('',#11548,#11549);
#11548 = CARTESIAN_POINT('',(0.,-0.));
#11549 = VECTOR('',#11550,1.);
#11550 = DIRECTION('',(1.,0.));
#11551 = ( GEOMETRIC_REPRESENTATION_CONTEXT(2) 
PARAMETRIC_REPRESENTATION_CONTEXT() REPRESENTATION_CONTEXT('2D SPACE',''
  ) );
#11552 = ORIENTED_EDGE('',*,*,#11553,.T.);
#11553 = EDGE_CURVE('',#11526,#11554,#11556,.T.);
#11554 = VERTEX_POINT('',#11555);
#11555 = CARTESIAN_POINT('',(-180.,435.,62.));
#11556 = SURFACE_CURVE('',#11557,(#11562,#11569),.PCURVE_S1.);
#11557 = CIRCLE('',#11558,95.);
#11558 = AXIS2_PLACEMENT_3D('',#11559,#11560,#11561);
#11559 = CARTESIAN_POINT('',(-85.,435.,62.));
#11560 = DIRECTION('',(0.,0.,1.));
#11561 = DIRECTION('',(0.,-1.,0.));
#11562 = PCURVE('',#11346,#11563);
#11563 = DEFINITIONAL_REPRESENTATION('',(#11564),#11568);
#11564 = CIRCLE('',#11565,95.);
#11565 = AXIS2_PLACEMENT_2D('',#11566,#11567);
#11566 = CARTESIAN_POINT('',(-85.,165.));
#11567 = DIRECTION('',(0.,-1.));
#11568 = ( GEOMETRIC_REPRESENTATION_CONTEXT(2) 
PARAMETRIC_REPRESENTATION_CONTEXT() REPRESENTATION_CONTEXT('2D SPACE',''
  ) );
#11569 = PCURVE('',#11570,#11575);
#11570 = CYLINDRICAL_SURFACE('',#11571,95.);
#11571 = AXIS2_PLACEMENT_3D('',#11572,#11573,#11574);
#11572 = CARTESIAN_POINT('',(-85.,435.,62.));
#11573 = DIRECTION('',(0.,0.,1.));
#11574 = DIRECTION('',(-0.,1.,0.));
#11575 = DEFINITIONAL_REPRESENTATION('',(#11576),#11580);
#11576 = LINE('',#11577,#11578);
#11577 = CARTESIAN_POINT('',(-3.14159265359,0.));
#11578 = VECTOR('',#11579,1.);
#11579 = DIRECTION('',(1.,0.));
#11580 = ( GEOMETRIC_REPRESENTATION_CONTEXT(2) 
PARAMETRIC_REPRESENTATION_CONTEXT() REPRESENTATION_CONTEXT('2D SPACE',''
  ) );
#11581 = ORIENTED_EDGE('',*,*,#11582,.T.);
#11582 = EDGE_CURVE('',#11554,#11583,#11585,.T.);
#11583 = VERTEX_POINT('',#11584);
#11584 = CARTESIAN_POINT('',(-180.,105.,62.));
#11585 = SURFACE_CURVE('',#11586,(#11590,#11597),.PCURVE_S1.);
#11586 = LINE('',#11587,#11588);
#11587 = CARTESIAN_POINT('',(-180.,530.,62.));
#11588 = VECTOR('',#11589,1.);
#11589 = DIRECTION('',(0.,-1.,0.));
#11590 = PCURVE('',#11346,#11591);
#11591 = DEFINITIONAL_REPRESENTATION('',(#11592),#11596);
#11592 = LINE('',#11593,#11594);
#11593 = CARTESIAN_POINT('',(-180.,260.));
#11594 = VECTOR('',#11595,1.);
#11595 = DIRECTION('',(0.,-1.));
#11596 = ( GEOMETRIC_REPRESENTATION_CONTEXT(2) 
PARAMETRIC_REPRESENTATION_CONTEXT() REPRESENTATION_CONTEXT('2D SPACE',''
  ) );
#11597 = PCURVE('',#11598,#11603);
#11598 = PLANE('',#11599);
#11599 = AXIS2_PLACEMENT_3D('',#11600,#11601,#11602);
#11600 = CARTESIAN_POINT('',(-180.,530.,62.));
#11601 = DIRECTION('',(1.,0.,-0.));
#11602 = DIRECTION('',(0.,-1.,0.));
#11603 = DEFINITIONAL_REPRESENTATION('',(#11604),#11608);
#11604 = LINE('',#11605,#11606);
#11605 = CARTESIAN_POINT('',(0.,0.));
#11606 = VECTOR('',#11607,1.);
#11607 = DIRECTION('',(1.,0.));
#11608 = ( GEOMETRIC_REPRESENTATION_CONTEXT(2) 
PARAMETRIC_REPRESENTATION_CONTEXT() REPRESENTATION_CONTEXT('2D SPACE',''
  ) );
#11609 = ORIENTED_EDGE('',*,*,#11610,.F.);
#11610 = EDGE_CURVE('',#11324,#11583,#11611,.T.);
#11611 = SURFACE_CURVE('',#11612,(#11617,#11628),.PCURVE_S1.);
#11612 = CIRCLE('',#11613,95.);
#11613 = AXIS2_PLACEMENT_3D('',#11614,#11615,#11616);
#11614 = CARTESIAN_POINT('',(-85.,105.,62.));
#11615 = DIRECTION('',(-0.,-0.,-1.));
#11616 = DIRECTION('',(0.,-1.,0.));
#11617 = PCURVE('',#11346,#11618);
#11618 = DEFINITIONAL_REPRESENTATION('',(#11619),#11627);
#11619 = ( BOUNDED_CURVE() B_SPLINE_CURVE(2,(#11620,#11621,#11622,#11623
    ,#11624,#11625,#11626),.UNSPECIFIED.,.T.,.F.) 
B_SPLINE_CURVE_WITH_KNOTS((1,2,2,2,2,1),(-2.094395102393,0.,
    2.094395102393,4.188790204786,6.28318530718,8.377580409573),
.UNSPECIFIED.) CURVE() GEOMETRIC_REPRESENTATION_ITEM() 
RATIONAL_B_SPLINE_CURVE((1.,0.5,1.,0.5,1.,0.5,1.)) REPRESENTATION_ITEM(
  '') );
#11620 = CARTESIAN_POINT('',(-85.,-260.));
#11621 = CARTESIAN_POINT('',(-249.544826719,-260.));
#11622 = CARTESIAN_POINT('',(-167.2724133595,-117.5));
#11623 = CARTESIAN_POINT('',(-85.,25.));
#11624 = CARTESIAN_POINT('',(-2.727586640478,-117.5));
#11625 = CARTESIAN_POINT('',(79.544826719043,-260.));
#11626 = CARTESIAN_POINT('',(-85.,-260.));
#11627 = ( GEOMETRIC_REPRESENTATION_CONTEXT(2) 
PARAMETRIC_REPRESENTATION_CONTEXT() REPRESENTATION_CONTEXT('2D SPACE',''
  ) );
#11628 = PCURVE('',#11374,#11629);
#11629 = DEFINITIONAL_REPRESENTATION('',(#11630),#11634);
#11630 = LINE('',#11631,#11632);
#11631 = CARTESIAN_POINT('',(-0.,0.));
#11632 = VECTOR('',#11633,1.);
#11633 = DIRECTION('',(-1.,0.));
#11634 = ( GEOMETRIC_REPRESENTATION_CONTEXT(2) 
PARAMETRIC_REPRESENTATION_CONTEXT() REPRESENTATION_CONTEXT('2D SPACE',''
  ) );
#11635 = FACE_BOUND('',#11636,.F.);
#11636 = EDGE_LOOP('',(#11637,#11667,#11700,#11728,#11757,#11785,#11814,
    #11842));
#11637 = ORIENTED_EDGE('',*,*,#11638,.F.);
#11638 = EDGE_CURVE('',#11639,#11641,#11643,.T.);
#11639 = VERTEX_POINT('',#11640);
#11640 = CARTESIAN_POINT('',(-84.,18.,62.));
#11641 = VERTEX_POINT('',#11642);
#11642 = CARTESIAN_POINT('',(84.,18.,62.));
#11643 = SURFACE_CURVE('',#11644,(#11648,#11655),.PCURVE_S1.);
#11644 = LINE('',#11645,#11646);
#11645 = CARTESIAN_POINT('',(-172.,18.,62.));
#11646 = VECTOR('',#11647,1.);
#11647 = DIRECTION('',(1.,0.,0.));
#11648 = PCURVE('',#11346,#11649);
#11649 = DEFINITIONAL_REPRESENTATION('',(#11650),#11654);
#11650 = LINE('',#11651,#11652);
#11651 = CARTESIAN_POINT('',(-172.,-252.));
#11652 = VECTOR('',#11653,1.);
#11653 = DIRECTION('',(1.,0.));
#11654 = ( GEOMETRIC_REPRESENTATION_CONTEXT(2) 
PARAMETRIC_REPRESENTATION_CONTEXT() REPRESENTATION_CONTEXT('2D SPACE',''
  ) );
#11655 = PCURVE('',#11656,#11661);
#11656 = PLANE('',#11657);
#11657 = AXIS2_PLACEMENT_3D('',#11658,#11659,#11660);
#11658 = CARTESIAN_POINT('',(-172.,18.,62.));
#11659 = DIRECTION('',(0.,1.,0.));
#11660 = DIRECTION('',(1.,0.,0.));
#11661 = DEFINITIONAL_REPRESENTATION('',(#11662),#11666);
#11662 = LINE('',#11663,#11664);
#11663 = CARTESIAN_POINT('',(0.,0.));
#11664 = VECTOR('',#11665,1.);
#11665 = DIRECTION('',(1.,0.));
#11666 = ( GEOMETRIC_REPRESENTATION_CONTEXT(2) 
PARAMETRIC_REPRESENTATION_CONTEXT() REPRESENTATION_CONTEXT('2D SPACE',''
  ) );
#11667 = ORIENTED_EDGE('',*,*,#11668,.T.);
#11668 = EDGE_CURVE('',#11639,#11669,#11671,.T.);
#11669 = VERTEX_POINT('',#11670);
#11670 = CARTESIAN_POINT('',(-172.,106.,62.));
#11671 = SURFACE_CURVE('',#11672,(#11677,#11688),.PCURVE_S1.);
#11672 = CIRCLE('',#11673,88.);
#11673 = AXIS2_PLACEMENT_3D('',#11674,#11675,#11676);
#11674 = CARTESIAN_POINT('',(-84.,106.,62.));
#11675 = DIRECTION('',(-0.,-0.,-1.));
#11676 = DIRECTION('',(0.,-1.,0.));
#11677 = PCURVE('',#11346,#11678);
#11678 = DEFINITIONAL_REPRESENTATION('',(#11679),#11687);
#11679 = ( BOUNDED_CURVE() B_SPLINE_CURVE(2,(#11680,#11681,#11682,#11683
    ,#11684,#11685,#11686),.UNSPECIFIED.,.T.,.F.) 
B_SPLINE_CURVE_WITH_KNOTS((1,2,2,2,2,1),(-2.094395102393,0.,
    2.094395102393,4.188790204786,6.28318530718,8.377580409573),
.UNSPECIFIED.) CURVE() GEOMETRIC_REPRESENTATION_ITEM() 
RATIONAL_B_SPLINE_CURVE((1.,0.5,1.,0.5,1.,0.5,1.)) REPRESENTATION_ITEM(
  '') );
#11680 = CARTESIAN_POINT('',(-84.,-252.));
#11681 = CARTESIAN_POINT('',(-236.420471066,-252.));
#11682 = CARTESIAN_POINT('',(-160.210235533,-120.));
#11683 = CARTESIAN_POINT('',(-84.,12.));
#11684 = CARTESIAN_POINT('',(-7.789764466969,-120.));
#11685 = CARTESIAN_POINT('',(68.420471066061,-252.));
#11686 = CARTESIAN_POINT('',(-84.,-252.));
#11687 = ( GEOMETRIC_REPRESENTATION_CONTEXT(2) 
PARAMETRIC_REPRESENTATION_CONTEXT() REPRESENTATION_CONTEXT('2D SPACE',''
  ) );
#11688 = PCURVE('',#11689,#11694);
#11689 = CYLINDRICAL_SURFACE('',#11690,88.);
#11690 = AXIS2_PLACEMENT_3D('',#11691,#11692,#11693);
#11691 = CARTESIAN_POINT('',(-84.,106.,62.));
#11692 = DIRECTION('',(0.,0.,1.));
#11693 = DIRECTION('',(0.,-1.,0.));
#11694 = DEFINITIONAL_REPRESENTATION('',(#11695),#11699);
#11695 = LINE('',#11696,#11697);
#11696 = CARTESIAN_POINT('',(-0.,0.));
#11697 = VECTOR('',#11698,1.);
#11698 = DIRECTION('',(-1.,0.));
#11699 = ( GEOMETRIC_REPRESENTATION_CONTEXT(2) 
PARAMETRIC_REPRESENTATION_CONTEXT() REPRESENTATION_CONTEXT('2D SPACE',''
  ) );
#11700 = ORIENTED_EDGE('',*,*,#11701,.F.);
#11701 = EDGE_CURVE('',#11702,#11669,#11704,.T.);
#11702 = VERTEX_POINT('',#11703);
#11703 = CARTESIAN_POINT('',(-172.,434.,62.));
#11704 = SURFACE_CURVE('',#11705,(#11709,#11716),.PCURVE_S1.);
#11705 = LINE('',#11706,#11707);
#11706 = CARTESIAN_POINT('',(-172.,522.,62.));
#11707 = VECTOR('',#11708,1.);
#11708 = DIRECTION('',(0.,-1.,0.));
#11709 = PCURVE('',#11346,#11710);
#11710 = DEFINITIONAL_REPRESENTATION('',(#11711),#11715);
#11711 = LINE('',#11712,#11713);
#11712 = CARTESIAN_POINT('',(-172.,252.));
#11713 = VECTOR('',#11714,1.);
#11714 = DIRECTION('',(0.,-1.));
#11715 = ( GEOMETRIC_REPRESENTATION_CONTEXT(2) 
PARAMETRIC_REPRESENTATION_CONTEXT() REPRESENTATION_CONTEXT('2D SPACE',''
  ) );
#11716 = PCURVE('',#11717,#11722);
#11717 = PLANE('',#11718);
#11718 = AXIS2_PLACEMENT_3D('',#11719,#11720,#11721);
#11719 = CARTESIAN_POINT('',(-172.,522.,62.));
#11720 = DIRECTION('',(1.,0.,-0.));
#11721 = DIRECTION('',(0.,-1.,0.));
#11722 = DEFINITIONAL_REPRESENTATION('',(#11723),#11727);
#11723 = LINE('',#11724,#11725);
#11724 = CARTESIAN_POINT('',(0.,0.));
#11725 = VECTOR('',#11726,1.);
#11726 = DIRECTION('',(1.,0.));
#11727 = ( GEOMETRIC_REPRESENTATION_CONTEXT(2) 
PARAMETRIC_REPRESENTATION_CONTEXT() REPRESENTATION_CONTEXT('2D SPACE',''
  ) );
#11728 = ORIENTED_EDGE('',*,*,#11729,.F.);
#11729 = EDGE_CURVE('',#11730,#11702,#11732,.T.);
#11730 = VERTEX_POINT('',#11731);
#11731 = CARTESIAN_POINT('',(-84.,522.,62.));
#11732 = SURFACE_CURVE('',#11733,(#11738,#11745),.PCURVE_S1.);
#11733 = CIRCLE('',#11734,88.);
#11734 = AXIS2_PLACEMENT_3D('',#11735,#11736,#11737);
#11735 = CARTESIAN_POINT('',(-84.,434.,62.));
#11736 = DIRECTION('',(0.,0.,1.));
#11737 = DIRECTION('',(0.,-1.,0.));
#11738 = PCURVE('',#11346,#11739);
#11739 = DEFINITIONAL_REPRESENTATION('',(#11740),#11744);
#11740 = CIRCLE('',#11741,88.);
#11741 = AXIS2_PLACEMENT_2D('',#11742,#11743);
#11742 = CARTESIAN_POINT('',(-84.,164.));
#11743 = DIRECTION('',(0.,-1.));
#11744 = ( GEOMETRIC_REPRESENTATION_CONTEXT(2) 
PARAMETRIC_REPRESENTATION_CONTEXT() REPRESENTATION_CONTEXT('2D SPACE',''
  ) );
#11745 = PCURVE('',#11746,#11751);
#11746 = CYLINDRICAL_SURFACE('',#11747,88.);
#11747 = AXIS2_PLACEMENT_3D('',#11748,#11749,#11750);
#11748 = CARTESIAN_POINT('',(-84.,434.,62.));
#11749 = DIRECTION('',(0.,0.,1.));
#11750 = DIRECTION('',(-0.,1.,0.));
#11751 = DEFINITIONAL_REPRESENTATION('',(#11752),#11756);
#11752 = LINE('',#11753,#11754);
#11753 = CARTESIAN_POINT('',(-3.14159265359,0.));
#11754 = VECTOR('',#11755,1.);
#11755 = DIRECTION('',(1.,0.));
#11756 = ( GEOMETRIC_REPRESENTATION_CONTEXT(2) 
PARAMETRIC_REPRESENTATION_CONTEXT() REPRESENTATION_CONTEXT('2D SPACE',''
  ) );
#11757 = ORIENTED_EDGE('',*,*,#11758,.F.);
#11758 = EDGE_CURVE('',#11759,#11730,#11761,.T.);
#11759 = VERTEX_POINT('',#11760);
#11760 = CARTESIAN_POINT('',(84.,522.,62.));
#11761 = SURFACE_CURVE('',#11762,(#11766,#11773),.PCURVE_S1.);
#11762 = LINE('',#11763,#11764);
#11763 = CARTESIAN_POINT('',(172.,522.,62.));
#11764 = VECTOR('',#11765,1.);
#11765 = DIRECTION('',(-1.,0.,0.));
#11766 = PCURVE('',#11346,#11767);
#11767 = DEFINITIONAL_REPRESENTATION('',(#11768),#11772);
#11768 = LINE('',#11769,#11770);
#11769 = CARTESIAN_POINT('',(172.,252.));
#11770 = VECTOR('',#11771,1.);
#11771 = DIRECTION('',(-1.,0.));
#11772 = ( GEOMETRIC_REPRESENTATION_CONTEXT(2) 
PARAMETRIC_REPRESENTATION_CONTEXT() REPRESENTATION_CONTEXT('2D SPACE',''
  ) );
#11773 = PCURVE('',#11774,#11779);
#11774 = PLANE('',#11775);
#11775 = AXIS2_PLACEMENT_3D('',#11776,#11777,#11778);
#11776 = CARTESIAN_POINT('',(172.,522.,62.));
#11777 = DIRECTION('',(0.,-1.,0.));
#11778 = DIRECTION('',(-1.,0.,0.));
#11779 = DEFINITIONAL_REPRESENTATION('',(#11780),#11784);
#11780 = LINE('',#11781,#11782);
#11781 = CARTESIAN_POINT('',(0.,-0.));
#11782 = VECTOR('',#11783,1.);
#11783 = DIRECTION('',(1.,0.));
#11784 = ( GEOMETRIC_REPRESENTATION_CONTEXT(2) 
PARAMETRIC_REPRESENTATION_CONTEXT() REPRESENTATION_CONTEXT('2D SPACE',''
  ) );
#11785 = ORIENTED_EDGE('',*,*,#11786,.F.);
#11786 = EDGE_CURVE('',#11787,#11759,#11789,.T.);
#11787 = VERTEX_POINT('',#11788);
#11788 = CARTESIAN_POINT('',(172.,434.,62.));
#11789 = SURFACE_CURVE('',#11790,(#11795,#11802),.PCURVE_S1.);
#11790 = CIRCLE('',#11791,88.);
#11791 = AXIS2_PLACEMENT_3D('',#11792,#11793,#11794);
#11792 = CARTESIAN_POINT('',(84.,434.,62.));
#11793 = DIRECTION('',(0.,0.,1.));
#11794 = DIRECTION('',(0.,-1.,0.));
#11795 = PCURVE('',#11346,#11796);
#11796 = DEFINITIONAL_REPRESENTATION('',(#11797),#11801);
#11797 = CIRCLE('',#11798,88.);
#11798 = AXIS2_PLACEMENT_2D('',#11799,#11800);
#11799 = CARTESIAN_POINT('',(84.,164.));
#11800 = DIRECTION('',(0.,-1.));
#11801 = ( GEOMETRIC_REPRESENTATION_CONTEXT(2) 
PARAMETRIC_REPRESENTATION_CONTEXT() REPRESENTATION_CONTEXT('2D SPACE',''
  ) );
#11802 = PCURVE('',#11803,#11808);
#11803 = CYLINDRICAL_SURFACE('',#11804,88.);
#11804 = AXIS2_PLACEMENT_3D('',#11805,#11806,#11807);
#11805 = CARTESIAN_POINT('',(84.,434.,62.));
#11806 = DIRECTION('',(0.,0.,1.));
#11807 = DIRECTION('',(1.,0.,-0.));
#11808 = DEFINITIONAL_REPRESENTATION('',(#11809),#11813);
#11809 = LINE('',#11810,#11811);
#11810 = CARTESIAN_POINT('',(-1.570796326795,0.));
#11811 = VECTOR('',#11812,1.);
#11812 = DIRECTION('',(1.,0.));
#11813 = ( GEOMETRIC_REPRESENTATION_CONTEXT(2) 
PARAMETRIC_REPRESENTATION_CONTEXT() REPRESENTATION_CONTEXT('2D SPACE',''
  ) );
#11814 = ORIENTED_EDGE('',*,*,#11815,.F.);
#11815 = EDGE_CURVE('',#11816,#11787,#11818,.T.);
#11816 = VERTEX_POINT('',#11817);
#11817 = CARTESIAN_POINT('',(172.,106.,62.));
#11818 = SURFACE_CURVE('',#11819,(#11823,#11830),.PCURVE_S1.);
#11819 = LINE('',#11820,#11821);
#11820 = CARTESIAN_POINT('',(172.,18.,62.));
#11821 = VECTOR('',#11822,1.);
#11822 = DIRECTION('',(0.,1.,0.));
#11823 = PCURVE('',#11346,#11824);
#11824 = DEFINITIONAL_REPRESENTATION('',(#11825),#11829);
#11825 = LINE('',#11826,#11827);
#11826 = CARTESIAN_POINT('',(172.,-252.));
#11827 = VECTOR('',#11828,1.);
#11828 = DIRECTION('',(0.,1.));
#11829 = ( GEOMETRIC_REPRESENTATION_CONTEXT(2) 
PARAMETRIC_REPRESENTATION_CONTEXT() REPRESENTATION_CONTEXT('2D SPACE',''
  ) );
#11830 = PCURVE('',#11831,#11836);
#11831 = PLANE('',#11832);
#11832 = AXIS2_PLACEMENT_3D('',#11833,#11834,#11835);
#11833 = CARTESIAN_POINT('',(172.,18.,62.));
#11834 = DIRECTION('',(-1.,0.,0.));
#11835 = DIRECTION('',(0.,1.,0.));
#11836 = DEFINITIONAL_REPRESENTATION('',(#11837),#11841);
#11837 = LINE('',#11838,#11839);
#11838 = CARTESIAN_POINT('',(0.,0.));
#11839 = VECTOR('',#11840,1.);
#11840 = DIRECTION('',(1.,0.));
#11841 = ( GEOMETRIC_REPRESENTATION_CONTEXT(2) 
PARAMETRIC_REPRESENTATION_CONTEXT() REPRESENTATION_CONTEXT('2D SPACE',''
  ) );
#11842 = ORIENTED_EDGE('',*,*,#11843,.F.);
#11843 = EDGE_CURVE('',#11641,#11816,#11844,.T.);
#11844 = SURFACE_CURVE('',#11845,(#11850,#11857),.PCURVE_S1.);
#11845 = CIRCLE('',#11846,88.);
#11846 = AXIS2_PLACEMENT_3D('',#11847,#11848,#11849);
#11847 = CARTESIAN_POINT('',(84.,106.,62.));
#11848 = DIRECTION('',(0.,0.,1.));
#11849 = DIRECTION('',(0.,-1.,0.));
#11850 = PCURVE('',#11346,#11851);
#11851 = DEFINITIONAL_REPRESENTATION('',(#11852),#11856);
#11852 = CIRCLE('',#11853,88.);
#11853 = AXIS2_PLACEMENT_2D('',#11854,#11855);
#11854 = CARTESIAN_POINT('',(84.,-164.));
#11855 = DIRECTION('',(0.,-1.));
#11856 = ( GEOMETRIC_REPRESENTATION_CONTEXT(2) 
PARAMETRIC_REPRESENTATION_CONTEXT() REPRESENTATION_CONTEXT('2D SPACE',''
  ) );
#11857 = PCURVE('',#11858,#11863);
#11858 = CYLINDRICAL_SURFACE('',#11859,88.);
#11859 = AXIS2_PLACEMENT_3D('',#11860,#11861,#11862);
#11860 = CARTESIAN_POINT('',(84.,106.,62.));
#11861 = DIRECTION('',(0.,0.,1.));
#11862 = DIRECTION('',(0.,-1.,0.));
#11863 = DEFINITIONAL_REPRESENTATION('',(#11864),#11868);
#11864 = LINE('',#11865,#11866);
#11865 = CARTESIAN_POINT('',(0.,0.));
#11866 = VECTOR('',#11867,1.);
#11867 = DIRECTION('',(1.,0.));
#11868 = ( GEOMETRIC_REPRESENTATION_CONTEXT(2) 
PARAMETRIC_REPRESENTATION_CONTEXT() REPRESENTATION_CONTEXT('2D SPACE',''
  ) );
#11869 = ADVANCED_FACE('',(#11870),#11374,.T.);
#11870 = FACE_BOUND('',#11871,.F.);
#11871 = EDGE_LOOP('',(#11872,#11873,#11896,#11922));
#11872 = ORIENTED_EDGE('',*,*,#11610,.T.);
#11873 = ORIENTED_EDGE('',*,*,#11874,.T.);
#11874 = EDGE_CURVE('',#11583,#11875,#11877,.T.);
#11875 = VERTEX_POINT('',#11876);
#11876 = CARTESIAN_POINT('',(-180.,105.,65.));
#11877 = SURFACE_CURVE('',#11878,(#11882,#11889),.PCURVE_S1.);
#11878 = LINE('',#11879,#11880);
#11879 = CARTESIAN_POINT('',(-180.,105.,62.));
#11880 = VECTOR('',#11881,1.);
#11881 = DIRECTION('',(0.,0.,1.));
#11882 = PCURVE('',#11374,#11883);
#11883 = DEFINITIONAL_REPRESENTATION('',(#11884),#11888);
#11884 = LINE('',#11885,#11886);
#11885 = CARTESIAN_POINT('',(-1.570796326795,0.));
#11886 = VECTOR('',#11887,1.);
#11887 = DIRECTION('',(-0.,1.));
#11888 = ( GEOMETRIC_REPRESENTATION_CONTEXT(2) 
PARAMETRIC_REPRESENTATION_CONTEXT() REPRESENTATION_CONTEXT('2D SPACE',''
  ) );
#11889 = PCURVE('',#11598,#11890);
#11890 = DEFINITIONAL_REPRESENTATION('',(#11891),#11895);
#11891 = LINE('',#11892,#11893);
#11892 = CARTESIAN_POINT('',(425.,0.));
#11893 = VECTOR('',#11894,1.);
#11894 = DIRECTION('',(0.,-1.));
#11895 = ( GEOMETRIC_REPRESENTATION_CONTEXT(2) 
PARAMETRIC_REPRESENTATION_CONTEXT() REPRESENTATION_CONTEXT('2D SPACE',''
  ) );
#11896 = ORIENTED_EDGE('',*,*,#11897,.F.);
#11897 = EDGE_CURVE('',#11359,#11875,#11898,.T.);
#11898 = SURFACE_CURVE('',#11899,(#11904,#11911),.PCURVE_S1.);
#11899 = CIRCLE('',#11900,95.);
#11900 = AXIS2_PLACEMENT_3D('',#11901,#11902,#11903);
#11901 = CARTESIAN_POINT('',(-85.,105.,65.));
#11902 = DIRECTION('',(-0.,-0.,-1.));
#11903 = DIRECTION('',(0.,-1.,0.));
#11904 = PCURVE('',#11374,#11905);
#11905 = DEFINITIONAL_REPRESENTATION('',(#11906),#11910);
#11906 = LINE('',#11907,#11908);
#11907 = CARTESIAN_POINT('',(-0.,3.));
#11908 = VECTOR('',#11909,1.);
#11909 = DIRECTION('',(-1.,0.));
#11910 = ( GEOMETRIC_REPRESENTATION_CONTEXT(2) 
PARAMETRIC_REPRESENTATION_CONTEXT() REPRESENTATION_CONTEXT('2D SPACE',''
  ) );
#11911 = PCURVE('',#11402,#11912);
#11912 = DEFINITIONAL_REPRESENTATION('',(#11913),#11921);
#11913 = ( BOUNDED_CURVE() B_SPLINE_CURVE(2,(#11914,#11915,#11916,#11917
    ,#11918,#11919,#11920),.UNSPECIFIED.,.T.,.F.) 
B_SPLINE_CURVE_WITH_KNOTS((1,2,2,2,2,1),(-2.094395102393,0.,
    2.094395102393,4.188790204786,6.28318530718,8.377580409573),
.UNSPECIFIED.) CURVE() GEOMETRIC_REPRESENTATION_ITEM() 
RATIONAL_B_SPLINE_CURVE((1.,0.5,1.,0.5,1.,0.5,1.)) REPRESENTATION_ITEM(
  '') );
#11914 = CARTESIAN_POINT('',(-85.,-260.));
#11915 = CARTESIAN_POINT('',(-249.544826719,-260.));
#11916 = CARTESIAN_POINT('',(-167.2724133595,-117.5));
#11917 = CARTESIAN_POINT('',(-85.,25.));
#11918 = CARTESIAN_POINT('',(-2.727586640478,-117.5));
#11919 = CARTESIAN_POINT('',(79.544826719043,-260.));
#11920 = CARTESIAN_POINT('',(-85.,-260.));
#11921 = ( GEOMETRIC_REPRESENTATION_CONTEXT(2) 
PARAMETRIC_REPRESENTATION_CONTEXT() REPRESENTATION_CONTEXT('2D SPACE',''
  ) );
#11922 = ORIENTED_EDGE('',*,*,#11358,.F.);
#11923 = ADVANCED_FACE('',(#11924),#11428,.T.);
#11924 = FACE_BOUND('',#11925,.T.);
#11925 = EDGE_LOOP('',(#11926,#11927,#11950,#11972));
#11926 = ORIENTED_EDGE('',*,*,#11444,.T.);
#11927 = ORIENTED_EDGE('',*,*,#11928,.T.);
#11928 = EDGE_CURVE('',#11445,#11929,#11931,.T.);
#11929 = VERTEX_POINT('',#11930);
#11930 = CARTESIAN_POINT('',(180.,105.,65.));
#11931 = SURFACE_CURVE('',#11932,(#11936,#11943),.PCURVE_S1.);
#11932 = LINE('',#11933,#11934);
#11933 = CARTESIAN_POINT('',(180.,105.,62.));
#11934 = VECTOR('',#11935,1.);
#11935 = DIRECTION('',(0.,0.,1.));
#11936 = PCURVE('',#11428,#11937);
#11937 = DEFINITIONAL_REPRESENTATION('',(#11938),#11942);
#11938 = LINE('',#11939,#11940);
#11939 = CARTESIAN_POINT('',(1.570796326795,0.));
#11940 = VECTOR('',#11941,1.);
#11941 = DIRECTION('',(0.,1.));
#11942 = ( GEOMETRIC_REPRESENTATION_CONTEXT(2) 
PARAMETRIC_REPRESENTATION_CONTEXT() REPRESENTATION_CONTEXT('2D SPACE',''
  ) );
#11943 = PCURVE('',#11484,#11944);
#11944 = DEFINITIONAL_REPRESENTATION('',(#11945),#11949);
#11945 = LINE('',#11946,#11947);
#11946 = CARTESIAN_POINT('',(95.,0.));
#11947 = VECTOR('',#11948,1.);
#11948 = DIRECTION('',(0.,-1.));
#11949 = ( GEOMETRIC_REPRESENTATION_CONTEXT(2) 
PARAMETRIC_REPRESENTATION_CONTEXT() REPRESENTATION_CONTEXT('2D SPACE',''
  ) );
#11950 = ORIENTED_EDGE('',*,*,#11951,.F.);
#11951 = EDGE_CURVE('',#11387,#11929,#11952,.T.);
#11952 = SURFACE_CURVE('',#11953,(#11958,#11965),.PCURVE_S1.);
#11953 = CIRCLE('',#11954,95.);
#11954 = AXIS2_PLACEMENT_3D('',#11955,#11956,#11957);
#11955 = CARTESIAN_POINT('',(85.,105.,65.));
#11956 = DIRECTION('',(0.,0.,1.));
#11957 = DIRECTION('',(0.,-1.,0.));
#11958 = PCURVE('',#11428,#11959);
#11959 = DEFINITIONAL_REPRESENTATION('',(#11960),#11964);
#11960 = LINE('',#11961,#11962);
#11961 = CARTESIAN_POINT('',(0.,3.));
#11962 = VECTOR('',#11963,1.);
#11963 = DIRECTION('',(1.,0.));
#11964 = ( GEOMETRIC_REPRESENTATION_CONTEXT(2) 
PARAMETRIC_REPRESENTATION_CONTEXT() REPRESENTATION_CONTEXT('2D SPACE',''
  ) );
#11965 = PCURVE('',#11402,#11966);
#11966 = DEFINITIONAL_REPRESENTATION('',(#11967),#11971);
#11967 = CIRCLE('',#11968,95.);
#11968 = AXIS2_PLACEMENT_2D('',#11969,#11970);
#11969 = CARTESIAN_POINT('',(85.,-165.));
#11970 = DIRECTION('',(0.,-1.));
#11971 = ( GEOMETRIC_REPRESENTATION_CONTEXT(2) 
PARAMETRIC_REPRESENTATION_CONTEXT() REPRESENTATION_CONTEXT('2D SPACE',''
  ) );
#11972 = ORIENTED_EDGE('',*,*,#11414,.F.);
#11973 = ADVANCED_FACE('',(#11974,#12094),#11402,.T.);
#11974 = FACE_BOUND('',#11975,.T.);
#11975 = EDGE_LOOP('',(#11976,#11977,#11978,#12001,#12025,#12048,#12072,
    #12093));
#11976 = ORIENTED_EDGE('',*,*,#11386,.T.);
#11977 = ORIENTED_EDGE('',*,*,#11951,.T.);
#11978 = ORIENTED_EDGE('',*,*,#11979,.T.);
#11979 = EDGE_CURVE('',#11929,#11980,#11982,.T.);
#11980 = VERTEX_POINT('',#11981);
#11981 = CARTESIAN_POINT('',(180.,435.,65.));
#11982 = SURFACE_CURVE('',#11983,(#11987,#11994),.PCURVE_S1.);
#11983 = LINE('',#11984,#11985);
#11984 = CARTESIAN_POINT('',(180.,10.,65.));
#11985 = VECTOR('',#11986,1.);
#11986 = DIRECTION('',(0.,1.,0.));
#11987 = PCURVE('',#11402,#11988);
#11988 = DEFINITIONAL_REPRESENTATION('',(#11989),#11993);
#11989 = LINE('',#11990,#11991);
#11990 = CARTESIAN_POINT('',(180.,-260.));
#11991 = VECTOR('',#11992,1.);
#11992 = DIRECTION('',(0.,1.));
#11993 = ( GEOMETRIC_REPRESENTATION_CONTEXT(2) 
PARAMETRIC_REPRESENTATION_CONTEXT() REPRESENTATION_CONTEXT('2D SPACE',''
  ) );
#11994 = PCURVE('',#11484,#11995);
#11995 = DEFINITIONAL_REPRESENTATION('',(#11996),#12000);
#11996 = LINE('',#11997,#11998);
#11997 = CARTESIAN_POINT('',(0.,-3.));
#11998 = VECTOR('',#11999,1.);
#11999 = DIRECTION('',(1.,0.));
#12000 = ( GEOMETRIC_REPRESENTATION_CONTEXT(2) 
PARAMETRIC_REPRESENTATION_CONTEXT() REPRESENTATION_CONTEXT('2D SPACE',''
  ) );
#12001 = ORIENTED_EDGE('',*,*,#12002,.T.);
#12002 = EDGE_CURVE('',#11980,#12003,#12005,.T.);
#12003 = VERTEX_POINT('',#12004);
#12004 = CARTESIAN_POINT('',(85.,530.,65.));
#12005 = SURFACE_CURVE('',#12006,(#12011,#12018),.PCURVE_S1.);
#12006 = CIRCLE('',#12007,95.);
#12007 = AXIS2_PLACEMENT_3D('',#12008,#12009,#12010);
#12008 = CARTESIAN_POINT('',(85.,435.,65.));
#12009 = DIRECTION('',(0.,0.,1.));
#12010 = DIRECTION('',(0.,-1.,0.));
#12011 = PCURVE('',#11402,#12012);
#12012 = DEFINITIONAL_REPRESENTATION('',(#12013),#12017);
#12013 = CIRCLE('',#12014,95.);
#12014 = AXIS2_PLACEMENT_2D('',#12015,#12016);
#12015 = CARTESIAN_POINT('',(85.,165.));
#12016 = DIRECTION('',(0.,-1.));
#12017 = ( GEOMETRIC_REPRESENTATION_CONTEXT(2) 
PARAMETRIC_REPRESENTATION_CONTEXT() REPRESENTATION_CONTEXT('2D SPACE',''
  ) );
#12018 = PCURVE('',#11513,#12019);
#12019 = DEFINITIONAL_REPRESENTATION('',(#12020),#12024);
#12020 = LINE('',#12021,#12022);
#12021 = CARTESIAN_POINT('',(-1.570796326795,3.));
#12022 = VECTOR('',#12023,1.);
#12023 = DIRECTION('',(1.,0.));
#12024 = ( GEOMETRIC_REPRESENTATION_CONTEXT(2) 
PARAMETRIC_REPRESENTATION_CONTEXT() REPRESENTATION_CONTEXT('2D SPACE',''
  ) );
#12025 = ORIENTED_EDGE('',*,*,#12026,.T.);
#12026 = EDGE_CURVE('',#12003,#12027,#12029,.T.);
#12027 = VERTEX_POINT('',#12028);
#12028 = CARTESIAN_POINT('',(-85.,530.,65.));
#12029 = SURFACE_CURVE('',#12030,(#12034,#12041),.PCURVE_S1.);
#12030 = LINE('',#12031,#12032);
#12031 = CARTESIAN_POINT('',(180.,530.,65.));
#12032 = VECTOR('',#12033,1.);
#12033 = DIRECTION('',(-1.,0.,0.));
#12034 = PCURVE('',#11402,#12035);
#12035 = DEFINITIONAL_REPRESENTATION('',(#12036),#12040);
#12036 = LINE('',#12037,#12038);
#12037 = CARTESIAN_POINT('',(180.,260.));
#12038 = VECTOR('',#12039,1.);
#12039 = DIRECTION('',(-1.,0.));
#12040 = ( GEOMETRIC_REPRESENTATION_CONTEXT(2) 
PARAMETRIC_REPRESENTATION_CONTEXT() REPRESENTATION_CONTEXT('2D SPACE',''
  ) );
#12041 = PCURVE('',#11541,#12042);
#12042 = DEFINITIONAL_REPRESENTATION('',(#12043),#12047);
#12043 = LINE('',#12044,#12045);
#12044 = CARTESIAN_POINT('',(0.,-3.));
#12045 = VECTOR('',#12046,1.);
#12046 = DIRECTION('',(1.,0.));
#12047 = ( GEOMETRIC_REPRESENTATION_CONTEXT(2) 
PARAMETRIC_REPRESENTATION_CONTEXT() REPRESENTATION_CONTEXT('2D SPACE',''
  ) );
#12048 = ORIENTED_EDGE('',*,*,#12049,.T.);
#12049 = EDGE_CURVE('',#12027,#12050,#12052,.T.);
#12050 = VERTEX_POINT('',#12051);
#12051 = CARTESIAN_POINT('',(-180.,435.,65.));
#12052 = SURFACE_CURVE('',#12053,(#12058,#12065),.PCURVE_S1.);
#12053 = CIRCLE('',#12054,95.);
#12054 = AXIS2_PLACEMENT_3D('',#12055,#12056,#12057);
#12055 = CARTESIAN_POINT('',(-85.,435.,65.));
#12056 = DIRECTION('',(0.,0.,1.));
#12057 = DIRECTION('',(0.,-1.,0.));
#12058 = PCURVE('',#11402,#12059);
#12059 = DEFINITIONAL_REPRESENTATION('',(#12060),#12064);
#12060 = CIRCLE('',#12061,95.);
#12061 = AXIS2_PLACEMENT_2D('',#12062,#12063);
#12062 = CARTESIAN_POINT('',(-85.,165.));
#12063 = DIRECTION('',(0.,-1.));
#12064 = ( GEOMETRIC_REPRESENTATION_CONTEXT(2) 
PARAMETRIC_REPRESENTATION_CONTEXT() REPRESENTATION_CONTEXT('2D SPACE',''
  ) );
#12065 = PCURVE('',#11570,#12066);
#12066 = DEFINITIONAL_REPRESENTATION('',(#12067),#12071);
#12067 = LINE('',#12068,#12069);
#12068 = CARTESIAN_POINT('',(-3.14159265359,3.));
#12069 = VECTOR('',#12070,1.);
#12070 = DIRECTION('',(1.,0.));
#12071 = ( GEOMETRIC_REPRESENTATION_CONTEXT(2) 
PARAMETRIC_REPRESENTATION_CONTEXT() REPRESENTATION_CONTEXT('2D SPACE',''
  ) );
#12072 = ORIENTED_EDGE('',*,*,#12073,.T.);
#12073 = EDGE_CURVE('',#12050,#11875,#12074,.T.);
#12074 = SURFACE_CURVE('',#12075,(#12079,#12086),.PCURVE_S1.);
#12075 = LINE('',#12076,#12077);
#12076 = CARTESIAN_POINT('',(-180.,530.,65.));
#12077 = VECTOR('',#12078,1.);
#12078 = DIRECTION('',(0.,-1.,0.));
#12079 = PCURVE('',#11402,#12080);
#12080 = DEFINITIONAL_REPRESENTATION('',(#12081),#12085);
#12081 = LINE('',#12082,#12083);
#12082 = CARTESIAN_POINT('',(-180.,260.));
#12083 = VECTOR('',#12084,1.);
#12084 = DIRECTION('',(0.,-1.));
#12085 = ( GEOMETRIC_REPRESENTATION_CONTEXT(2) 
PARAMETRIC_REPRESENTATION_CONTEXT() REPRESENTATION_CONTEXT('2D SPACE',''
  ) );
#12086 = PCURVE('',#11598,#12087);
#12087 = DEFINITIONAL_REPRESENTATION('',(#12088),#12092);
#12088 = LINE('',#12089,#12090);
#12089 = CARTESIAN_POINT('',(0.,-3.));
#12090 = VECTOR('',#12091,1.);
#12091 = DIRECTION('',(1.,0.));
#12092 = ( GEOMETRIC_REPRESENTATION_CONTEXT(2) 
PARAMETRIC_REPRESENTATION_CONTEXT() REPRESENTATION_CONTEXT('2D SPACE',''
  ) );
#12093 = ORIENTED_EDGE('',*,*,#11897,.F.);
#12094 = FACE_BOUND('',#12095,.T.);
#12095 = EDGE_LOOP('',(#12096,#12121,#12149,#12172,#12196,#12219,#12243,
    #12266));
#12096 = ORIENTED_EDGE('',*,*,#12097,.F.);
#12097 = EDGE_CURVE('',#12098,#12100,#12102,.T.);
#12098 = VERTEX_POINT('',#12099);
#12099 = CARTESIAN_POINT('',(-84.,18.,65.));
#12100 = VERTEX_POINT('',#12101);
#12101 = CARTESIAN_POINT('',(84.,18.,65.));
#12102 = SURFACE_CURVE('',#12103,(#12107,#12114),.PCURVE_S1.);
#12103 = LINE('',#12104,#12105);
#12104 = CARTESIAN_POINT('',(-172.,18.,65.));
#12105 = VECTOR('',#12106,1.);
#12106 = DIRECTION('',(1.,0.,0.));
#12107 = PCURVE('',#11402,#12108);
#12108 = DEFINITIONAL_REPRESENTATION('',(#12109),#12113);
#12109 = LINE('',#12110,#12111);
#12110 = CARTESIAN_POINT('',(-172.,-252.));
#12111 = VECTOR('',#12112,1.);
#12112 = DIRECTION('',(1.,0.));
#12113 = ( GEOMETRIC_REPRESENTATION_CONTEXT(2) 
PARAMETRIC_REPRESENTATION_CONTEXT() REPRESENTATION_CONTEXT('2D SPACE',''
  ) );
#12114 = PCURVE('',#11656,#12115);
#12115 = DEFINITIONAL_REPRESENTATION('',(#12116),#12120);
#12116 = LINE('',#12117,#12118);
#12117 = CARTESIAN_POINT('',(0.,-3.));
#12118 = VECTOR('',#12119,1.);
#12119 = DIRECTION('',(1.,0.));
#12120 = ( GEOMETRIC_REPRESENTATION_CONTEXT(2) 
PARAMETRIC_REPRESENTATION_CONTEXT() REPRESENTATION_CONTEXT('2D SPACE',''
  ) );
#12121 = ORIENTED_EDGE('',*,*,#12122,.T.);
#12122 = EDGE_CURVE('',#12098,#12123,#12125,.T.);
#12123 = VERTEX_POINT('',#12124);
#12124 = CARTESIAN_POINT('',(-172.,106.,65.));
#12125 = SURFACE_CURVE('',#12126,(#12131,#12142),.PCURVE_S1.);
#12126 = CIRCLE('',#12127,88.);
#12127 = AXIS2_PLACEMENT_3D('',#12128,#12129,#12130);
#12128 = CARTESIAN_POINT('',(-84.,106.,65.));
#12129 = DIRECTION('',(-0.,-0.,-1.));
#12130 = DIRECTION('',(0.,-1.,0.));
#12131 = PCURVE('',#11402,#12132);
#12132 = DEFINITIONAL_REPRESENTATION('',(#12133),#12141);
#12133 = ( BOUNDED_CURVE() B_SPLINE_CURVE(2,(#12134,#12135,#12136,#12137
    ,#12138,#12139,#12140),.UNSPECIFIED.,.T.,.F.) 
B_SPLINE_CURVE_WITH_KNOTS((1,2,2,2,2,1),(-2.094395102393,0.,
    2.094395102393,4.188790204786,6.28318530718,8.377580409573),
.UNSPECIFIED.) CURVE() GEOMETRIC_REPRESENTATION_ITEM() 
RATIONAL_B_SPLINE_CURVE((1.,0.5,1.,0.5,1.,0.5,1.)) REPRESENTATION_ITEM(
  '') );
#12134 = CARTESIAN_POINT('',(-84.,-252.));
#12135 = CARTESIAN_POINT('',(-236.420471066,-252.));
#12136 = CARTESIAN_POINT('',(-160.210235533,-120.));
#12137 = CARTESIAN_POINT('',(-84.,12.));
#12138 = CARTESIAN_POINT('',(-7.789764466969,-120.));
#12139 = CARTESIAN_POINT('',(68.420471066061,-252.));
#12140 = CARTESIAN_POINT('',(-84.,-252.));
#12141 = ( GEOMETRIC_REPRESENTATION_CONTEXT(2) 
PARAMETRIC_REPRESENTATION_CONTEXT() REPRESENTATION_CONTEXT('2D SPACE',''
  ) );
#12142 = PCURVE('',#11689,#12143);
#12143 = DEFINITIONAL_REPRESENTATION('',(#12144),#12148);
#12144 = LINE('',#12145,#12146);
#12145 = CARTESIAN_POINT('',(-0.,3.));
#12146 = VECTOR('',#12147,1.);
#12147 = DIRECTION('',(-1.,0.));
#12148 = ( GEOMETRIC_REPRESENTATION_CONTEXT(2) 
PARAMETRIC_REPRESENTATION_CONTEXT() REPRESENTATION_CONTEXT('2D SPACE',''
  ) );
#12149 = ORIENTED_EDGE('',*,*,#12150,.F.);
#12150 = EDGE_CURVE('',#12151,#12123,#12153,.T.);
#12151 = VERTEX_POINT('',#12152);
#12152 = CARTESIAN_POINT('',(-172.,434.,65.));
#12153 = SURFACE_CURVE('',#12154,(#12158,#12165),.PCURVE_S1.);
#12154 = LINE('',#12155,#12156);
#12155 = CARTESIAN_POINT('',(-172.,522.,65.));
#12156 = VECTOR('',#12157,1.);
#12157 = DIRECTION('',(0.,-1.,0.));
#12158 = PCURVE('',#11402,#12159);
#12159 = DEFINITIONAL_REPRESENTATION('',(#12160),#12164);
#12160 = LINE('',#12161,#12162);
#12161 = CARTESIAN_POINT('',(-172.,252.));
#12162 = VECTOR('',#12163,1.);
#12163 = DIRECTION('',(0.,-1.));
#12164 = ( GEOMETRIC_REPRESENTATION_CONTEXT(2) 
PARAMETRIC_REPRESENTATION_CONTEXT() REPRESENTATION_CONTEXT('2D SPACE',''
  ) );
#12165 = PCURVE('',#11717,#12166);
#12166 = DEFINITIONAL_REPRESENTATION('',(#12167),#12171);
#12167 = LINE('',#12168,#12169);
#12168 = CARTESIAN_POINT('',(0.,-3.));
#12169 = VECTOR('',#12170,1.);
#12170 = DIRECTION('',(1.,0.));
#12171 = ( GEOMETRIC_REPRESENTATION_CONTEXT(2) 
PARAMETRIC_REPRESENTATION_CONTEXT() REPRESENTATION_CONTEXT('2D SPACE',''
  ) );
#12172 = ORIENTED_EDGE('',*,*,#12173,.F.);
#12173 = EDGE_CURVE('',#12174,#12151,#12176,.T.);
#12174 = VERTEX_POINT('',#12175);
#12175 = CARTESIAN_POINT('',(-84.,522.,65.));
#12176 = SURFACE_CURVE('',#12177,(#12182,#12189),.PCURVE_S1.);
#12177 = CIRCLE('',#12178,88.);
#12178 = AXIS2_PLACEMENT_3D('',#12179,#12180,#12181);
#12179 = CARTESIAN_POINT('',(-84.,434.,65.));
#12180 = DIRECTION('',(0.,0.,1.));
#12181 = DIRECTION('',(0.,-1.,0.));
#12182 = PCURVE('',#11402,#12183);
#12183 = DEFINITIONAL_REPRESENTATION('',(#12184),#12188);
#12184 = CIRCLE('',#12185,88.);
#12185 = AXIS2_PLACEMENT_2D('',#12186,#12187);
#12186 = CARTESIAN_POINT('',(-84.,164.));
#12187 = DIRECTION('',(0.,-1.));
#12188 = ( GEOMETRIC_REPRESENTATION_CONTEXT(2) 
PARAMETRIC_REPRESENTATION_CONTEXT() REPRESENTATION_CONTEXT('2D SPACE',''
  ) );
#12189 = PCURVE('',#11746,#12190);
#12190 = DEFINITIONAL_REPRESENTATION('',(#12191),#12195);
#12191 = LINE('',#12192,#12193);
#12192 = CARTESIAN_POINT('',(-3.14159265359,3.));
#12193 = VECTOR('',#12194,1.);
#12194 = DIRECTION('',(1.,0.));
#12195 = ( GEOMETRIC_REPRESENTATION_CONTEXT(2) 
PARAMETRIC_REPRESENTATION_CONTEXT() REPRESENTATION_CONTEXT('2D SPACE',''
  ) );
#12196 = ORIENTED_EDGE('',*,*,#12197,.F.);
#12197 = EDGE_CURVE('',#12198,#12174,#12200,.T.);
#12198 = VERTEX_POINT('',#12199);
#12199 = CARTESIAN_POINT('',(84.,522.,65.));
#12200 = SURFACE_CURVE('',#12201,(#12205,#12212),.PCURVE_S1.);
#12201 = LINE('',#12202,#12203);
#12202 = CARTESIAN_POINT('',(172.,522.,65.));
#12203 = VECTOR('',#12204,1.);
#12204 = DIRECTION('',(-1.,0.,0.));
#12205 = PCURVE('',#11402,#12206);
#12206 = DEFINITIONAL_REPRESENTATION('',(#12207),#12211);
#12207 = LINE('',#12208,#12209);
#12208 = CARTESIAN_POINT('',(172.,252.));
#12209 = VECTOR('',#12210,1.);
#12210 = DIRECTION('',(-1.,0.));
#12211 = ( GEOMETRIC_REPRESENTATION_CONTEXT(2) 
PARAMETRIC_REPRESENTATION_CONTEXT() REPRESENTATION_CONTEXT('2D SPACE',''
  ) );
#12212 = PCURVE('',#11774,#12213);
#12213 = DEFINITIONAL_REPRESENTATION('',(#12214),#12218);
#12214 = LINE('',#12215,#12216);
#12215 = CARTESIAN_POINT('',(0.,-3.));
#12216 = VECTOR('',#12217,1.);
#12217 = DIRECTION('',(1.,0.));
#12218 = ( GEOMETRIC_REPRESENTATION_CONTEXT(2) 
PARAMETRIC_REPRESENTATION_CONTEXT() REPRESENTATION_CONTEXT('2D SPACE',''
  ) );
#12219 = ORIENTED_EDGE('',*,*,#12220,.F.);
#12220 = EDGE_CURVE('',#12221,#12198,#12223,.T.);
#12221 = VERTEX_POINT('',#12222);
#12222 = CARTESIAN_POINT('',(172.,434.,65.));
#12223 = SURFACE_CURVE('',#12224,(#12229,#12236),.PCURVE_S1.);
#12224 = CIRCLE('',#12225,88.);
#12225 = AXIS2_PLACEMENT_3D('',#12226,#12227,#12228);
#12226 = CARTESIAN_POINT('',(84.,434.,65.));
#12227 = DIRECTION('',(0.,0.,1.));
#12228 = DIRECTION('',(0.,-1.,0.));
#12229 = PCURVE('',#11402,#12230);
#12230 = DEFINITIONAL_REPRESENTATION('',(#12231),#12235);
#12231 = CIRCLE('',#12232,88.);
#12232 = AXIS2_PLACEMENT_2D('',#12233,#12234);
#12233 = CARTESIAN_POINT('',(84.,164.));
#12234 = DIRECTION('',(0.,-1.));
#12235 = ( GEOMETRIC_REPRESENTATION_CONTEXT(2) 
PARAMETRIC_REPRESENTATION_CONTEXT() REPRESENTATION_CONTEXT('2D SPACE',''
  ) );
#12236 = PCURVE('',#11803,#12237);
#12237 = DEFINITIONAL_REPRESENTATION('',(#12238),#12242);
#12238 = LINE('',#12239,#12240);
#12239 = CARTESIAN_POINT('',(-1.570796326795,3.));
#12240 = VECTOR('',#12241,1.);
#12241 = DIRECTION('',(1.,0.));
#12242 = ( GEOMETRIC_REPRESENTATION_CONTEXT(2) 
PARAMETRIC_REPRESENTATION_CONTEXT() REPRESENTATION_CONTEXT('2D SPACE',''
  ) );
#12243 = ORIENTED_EDGE('',*,*,#12244,.F.);
#12244 = EDGE_CURVE('',#12245,#12221,#12247,.T.);
#12245 = VERTEX_POINT('',#12246);
#12246 = CARTESIAN_POINT('',(172.,106.,65.));
#12247 = SURFACE_CURVE('',#12248,(#12252,#12259),.PCURVE_S1.);
#12248 = LINE('',#12249,#12250);
#12249 = CARTESIAN_POINT('',(172.,18.,65.));
#12250 = VECTOR('',#12251,1.);
#12251 = DIRECTION('',(0.,1.,0.));
#12252 = PCURVE('',#11402,#12253);
#12253 = DEFINITIONAL_REPRESENTATION('',(#12254),#12258);
#12254 = LINE('',#12255,#12256);
#12255 = CARTESIAN_POINT('',(172.,-252.));
#12256 = VECTOR('',#12257,1.);
#12257 = DIRECTION('',(0.,1.));
#12258 = ( GEOMETRIC_REPRESENTATION_CONTEXT(2) 
PARAMETRIC_REPRESENTATION_CONTEXT() REPRESENTATION_CONTEXT('2D SPACE',''
  ) );
#12259 = PCURVE('',#11831,#12260);
#12260 = DEFINITIONAL_REPRESENTATION('',(#12261),#12265);
#12261 = LINE('',#12262,#12263);
#12262 = CARTESIAN_POINT('',(0.,-3.));
#12263 = VECTOR('',#12264,1.);
#12264 = DIRECTION('',(1.,0.));
#12265 = ( GEOMETRIC_REPRESENTATION_CONTEXT(2) 
PARAMETRIC_REPRESENTATION_CONTEXT() REPRESENTATION_CONTEXT('2D SPACE',''
  ) );
#12266 = ORIENTED_EDGE('',*,*,#12267,.F.);
#12267 = EDGE_CURVE('',#12100,#12245,#12268,.T.);
#12268 = SURFACE_CURVE('',#12269,(#12274,#12281),.PCURVE_S1.);
#12269 = CIRCLE('',#12270,88.);
#12270 = AXIS2_PLACEMENT_3D('',#12271,#12272,#12273);
#12271 = CARTESIAN_POINT('',(84.,106.,65.));
#12272 = DIRECTION('',(0.,0.,1.));
#12273 = DIRECTION('',(0.,-1.,0.));
#12274 = PCURVE('',#11402,#12275);
#12275 = DEFINITIONAL_REPRESENTATION('',(#12276),#12280);
#12276 = CIRCLE('',#12277,88.);
#12277 = AXIS2_PLACEMENT_2D('',#12278,#12279);
#12278 = CARTESIAN_POINT('',(84.,-164.));
#12279 = DIRECTION('',(0.,-1.));
#12280 = ( GEOMETRIC_REPRESENTATION_CONTEXT(2) 
PARAMETRIC_REPRESENTATION_CONTEXT() REPRESENTATION_CONTEXT('2D SPACE',''
  ) );
#12281 = PCURVE('',#11858,#12282);
#12282 = DEFINITIONAL_REPRESENTATION('',(#12283),#12287);
#12283 = LINE('',#12284,#12285);
#12284 = CARTESIAN_POINT('',(0.,3.));
#12285 = VECTOR('',#12286,1.);
#12286 = DIRECTION('',(1.,0.));
#12287 = ( GEOMETRIC_REPRESENTATION_CONTEXT(2) 
PARAMETRIC_REPRESENTATION_CONTEXT() REPRESENTATION_CONTEXT('2D SPACE',''
  ) );
#12288 = ADVANCED_FACE('',(#12289),#11598,.F.);
#12289 = FACE_BOUND('',#12290,.F.);
#12290 = EDGE_LOOP('',(#12291,#12292,#12313,#12314));
#12291 = ORIENTED_EDGE('',*,*,#11582,.F.);
#12292 = ORIENTED_EDGE('',*,*,#12293,.T.);
#12293 = EDGE_CURVE('',#11554,#12050,#12294,.T.);
#12294 = SURFACE_CURVE('',#12295,(#12299,#12306),.PCURVE_S1.);
#12295 = LINE('',#12296,#12297);
#12296 = CARTESIAN_POINT('',(-180.,435.,62.));
#12297 = VECTOR('',#12298,1.);
#12298 = DIRECTION('',(0.,0.,1.));
#12299 = PCURVE('',#11598,#12300);
#12300 = DEFINITIONAL_REPRESENTATION('',(#12301),#12305);
#12301 = LINE('',#12302,#12303);
#12302 = CARTESIAN_POINT('',(95.,0.));
#12303 = VECTOR('',#12304,1.);
#12304 = DIRECTION('',(0.,-1.));
#12305 = ( GEOMETRIC_REPRESENTATION_CONTEXT(2) 
PARAMETRIC_REPRESENTATION_CONTEXT() REPRESENTATION_CONTEXT('2D SPACE',''
  ) );
#12306 = PCURVE('',#11570,#12307);
#12307 = DEFINITIONAL_REPRESENTATION('',(#12308),#12312);
#12308 = LINE('',#12309,#12310);
#12309 = CARTESIAN_POINT('',(1.570796326795,0.));
#12310 = VECTOR('',#12311,1.);
#12311 = DIRECTION('',(0.,1.));
#12312 = ( GEOMETRIC_REPRESENTATION_CONTEXT(2) 
PARAMETRIC_REPRESENTATION_CONTEXT() REPRESENTATION_CONTEXT('2D SPACE',''
  ) );
#12313 = ORIENTED_EDGE('',*,*,#12073,.T.);
#12314 = ORIENTED_EDGE('',*,*,#11874,.F.);
#12315 = ADVANCED_FACE('',(#12316),#11484,.F.);
#12316 = FACE_BOUND('',#12317,.F.);
#12317 = EDGE_LOOP('',(#12318,#12319,#12320,#12321));
#12318 = ORIENTED_EDGE('',*,*,#11468,.F.);
#12319 = ORIENTED_EDGE('',*,*,#11928,.T.);
#12320 = ORIENTED_EDGE('',*,*,#11979,.T.);
#12321 = ORIENTED_EDGE('',*,*,#12322,.F.);
#12322 = EDGE_CURVE('',#11469,#11980,#12323,.T.);
#12323 = SURFACE_CURVE('',#12324,(#12328,#12335),.PCURVE_S1.);
#12324 = LINE('',#12325,#12326);
#12325 = CARTESIAN_POINT('',(180.,435.,62.));
#12326 = VECTOR('',#12327,1.);
#12327 = DIRECTION('',(0.,0.,1.));
#12328 = PCURVE('',#11484,#12329);
#12329 = DEFINITIONAL_REPRESENTATION('',(#12330),#12334);
#12330 = LINE('',#12331,#12332);
#12331 = CARTESIAN_POINT('',(425.,0.));
#12332 = VECTOR('',#12333,1.);
#12333 = DIRECTION('',(0.,-1.));
#12334 = ( GEOMETRIC_REPRESENTATION_CONTEXT(2) 
PARAMETRIC_REPRESENTATION_CONTEXT() REPRESENTATION_CONTEXT('2D SPACE',''
  ) );
#12335 = PCURVE('',#11513,#12336);
#12336 = DEFINITIONAL_REPRESENTATION('',(#12337),#12341);
#12337 = LINE('',#12338,#12339);
#12338 = CARTESIAN_POINT('',(0.,0.));
#12339 = VECTOR('',#12340,1.);
#12340 = DIRECTION('',(0.,1.));
#12341 = ( GEOMETRIC_REPRESENTATION_CONTEXT(2) 
PARAMETRIC_REPRESENTATION_CONTEXT() REPRESENTATION_CONTEXT('2D SPACE',''
  ) );
#12342 = ADVANCED_FACE('',(#12343),#11570,.T.);
#12343 = FACE_BOUND('',#12344,.T.);
#12344 = EDGE_LOOP('',(#12345,#12346,#12347,#12348));
#12345 = ORIENTED_EDGE('',*,*,#11553,.T.);
#12346 = ORIENTED_EDGE('',*,*,#12293,.T.);
#12347 = ORIENTED_EDGE('',*,*,#12049,.F.);
#12348 = ORIENTED_EDGE('',*,*,#12349,.F.);
#12349 = EDGE_CURVE('',#11526,#12027,#12350,.T.);
#12350 = SURFACE_CURVE('',#12351,(#12355,#12362),.PCURVE_S1.);
#12351 = LINE('',#12352,#12353);
#12352 = CARTESIAN_POINT('',(-85.,530.,62.));
#12353 = VECTOR('',#12354,1.);
#12354 = DIRECTION('',(0.,0.,1.));
#12355 = PCURVE('',#11570,#12356);
#12356 = DEFINITIONAL_REPRESENTATION('',(#12357),#12361);
#12357 = LINE('',#12358,#12359);
#12358 = CARTESIAN_POINT('',(0.,0.));
#12359 = VECTOR('',#12360,1.);
#12360 = DIRECTION('',(0.,1.));
#12361 = ( GEOMETRIC_REPRESENTATION_CONTEXT(2) 
PARAMETRIC_REPRESENTATION_CONTEXT() REPRESENTATION_CONTEXT('2D SPACE',''
  ) );
#12362 = PCURVE('',#11541,#12363);
#12363 = DEFINITIONAL_REPRESENTATION('',(#12364),#12368);
#12364 = LINE('',#12365,#12366);
#12365 = CARTESIAN_POINT('',(265.,0.));
#12366 = VECTOR('',#12367,1.);
#12367 = DIRECTION('',(0.,-1.));
#12368 = ( GEOMETRIC_REPRESENTATION_CONTEXT(2) 
PARAMETRIC_REPRESENTATION_CONTEXT() REPRESENTATION_CONTEXT('2D SPACE',''
  ) );
#12369 = ADVANCED_FACE('',(#12370),#11513,.T.);
#12370 = FACE_BOUND('',#12371,.T.);
#12371 = EDGE_LOOP('',(#12372,#12373,#12394,#12395));
#12372 = ORIENTED_EDGE('',*,*,#11496,.T.);
#12373 = ORIENTED_EDGE('',*,*,#12374,.T.);
#12374 = EDGE_CURVE('',#11497,#12003,#12375,.T.);
#12375 = SURFACE_CURVE('',#12376,(#12380,#12387),.PCURVE_S1.);
#12376 = LINE('',#12377,#12378);
#12377 = CARTESIAN_POINT('',(85.,530.,62.));
#12378 = VECTOR('',#12379,1.);
#12379 = DIRECTION('',(0.,0.,1.));
#12380 = PCURVE('',#11513,#12381);
#12381 = DEFINITIONAL_REPRESENTATION('',(#12382),#12386);
#12382 = LINE('',#12383,#12384);
#12383 = CARTESIAN_POINT('',(1.570796326795,0.));
#12384 = VECTOR('',#12385,1.);
#12385 = DIRECTION('',(0.,1.));
#12386 = ( GEOMETRIC_REPRESENTATION_CONTEXT(2) 
PARAMETRIC_REPRESENTATION_CONTEXT() REPRESENTATION_CONTEXT('2D SPACE',''
  ) );
#12387 = PCURVE('',#11541,#12388);
#12388 = DEFINITIONAL_REPRESENTATION('',(#12389),#12393);
#12389 = LINE('',#12390,#12391);
#12390 = CARTESIAN_POINT('',(95.,0.));
#12391 = VECTOR('',#12392,1.);
#12392 = DIRECTION('',(0.,-1.));
#12393 = ( GEOMETRIC_REPRESENTATION_CONTEXT(2) 
PARAMETRIC_REPRESENTATION_CONTEXT() REPRESENTATION_CONTEXT('2D SPACE',''
  ) );
#12394 = ORIENTED_EDGE('',*,*,#12002,.F.);
#12395 = ORIENTED_EDGE('',*,*,#12322,.F.);
#12396 = ADVANCED_FACE('',(#12397),#11541,.F.);
#12397 = FACE_BOUND('',#12398,.F.);
#12398 = EDGE_LOOP('',(#12399,#12400,#12401,#12402));
#12399 = ORIENTED_EDGE('',*,*,#11525,.F.);
#12400 = ORIENTED_EDGE('',*,*,#12374,.T.);
#12401 = ORIENTED_EDGE('',*,*,#12026,.T.);
#12402 = ORIENTED_EDGE('',*,*,#12349,.F.);
#12403 = ADVANCED_FACE('',(#12404),#11656,.T.);
#12404 = FACE_BOUND('',#12405,.T.);
#12405 = EDGE_LOOP('',(#12406,#12407,#12428,#12429));
#12406 = ORIENTED_EDGE('',*,*,#11638,.F.);
#12407 = ORIENTED_EDGE('',*,*,#12408,.T.);
#12408 = EDGE_CURVE('',#11639,#12098,#12409,.T.);
#12409 = SURFACE_CURVE('',#12410,(#12414,#12421),.PCURVE_S1.);
#12410 = LINE('',#12411,#12412);
#12411 = CARTESIAN_POINT('',(-84.,18.,62.));
#12412 = VECTOR('',#12413,1.);
#12413 = DIRECTION('',(0.,0.,1.));
#12414 = PCURVE('',#11656,#12415);
#12415 = DEFINITIONAL_REPRESENTATION('',(#12416),#12420);
#12416 = LINE('',#12417,#12418);
#12417 = CARTESIAN_POINT('',(88.,0.));
#12418 = VECTOR('',#12419,1.);
#12419 = DIRECTION('',(0.,-1.));
#12420 = ( GEOMETRIC_REPRESENTATION_CONTEXT(2) 
PARAMETRIC_REPRESENTATION_CONTEXT() REPRESENTATION_CONTEXT('2D SPACE',''
  ) );
#12421 = PCURVE('',#11689,#12422);
#12422 = DEFINITIONAL_REPRESENTATION('',(#12423),#12427);
#12423 = LINE('',#12424,#12425);
#12424 = CARTESIAN_POINT('',(-0.,0.));
#12425 = VECTOR('',#12426,1.);
#12426 = DIRECTION('',(-0.,1.));
#12427 = ( GEOMETRIC_REPRESENTATION_CONTEXT(2) 
PARAMETRIC_REPRESENTATION_CONTEXT() REPRESENTATION_CONTEXT('2D SPACE',''
  ) );
#12428 = ORIENTED_EDGE('',*,*,#12097,.T.);
#12429 = ORIENTED_EDGE('',*,*,#12430,.F.);
#12430 = EDGE_CURVE('',#11641,#12100,#12431,.T.);
#12431 = SURFACE_CURVE('',#12432,(#12436,#12443),.PCURVE_S1.);
#12432 = LINE('',#12433,#12434);
#12433 = CARTESIAN_POINT('',(84.,18.,62.));
#12434 = VECTOR('',#12435,1.);
#12435 = DIRECTION('',(0.,0.,1.));
#12436 = PCURVE('',#11656,#12437);
#12437 = DEFINITIONAL_REPRESENTATION('',(#12438),#12442);
#12438 = LINE('',#12439,#12440);
#12439 = CARTESIAN_POINT('',(256.,0.));
#12440 = VECTOR('',#12441,1.);
#12441 = DIRECTION('',(0.,-1.));
#12442 = ( GEOMETRIC_REPRESENTATION_CONTEXT(2) 
PARAMETRIC_REPRESENTATION_CONTEXT() REPRESENTATION_CONTEXT('2D SPACE',''
  ) );
#12443 = PCURVE('',#11858,#12444);
#12444 = DEFINITIONAL_REPRESENTATION('',(#12445),#12449);
#12445 = LINE('',#12446,#12447);
#12446 = CARTESIAN_POINT('',(0.,0.));
#12447 = VECTOR('',#12448,1.);
#12448 = DIRECTION('',(0.,1.));
#12449 = ( GEOMETRIC_REPRESENTATION_CONTEXT(2) 
PARAMETRIC_REPRESENTATION_CONTEXT() REPRESENTATION_CONTEXT('2D SPACE',''
  ) );
#12450 = ADVANCED_FACE('',(#12451),#11858,.F.);
#12451 = FACE_BOUND('',#12452,.F.);
#12452 = EDGE_LOOP('',(#12453,#12454,#12475,#12476));
#12453 = ORIENTED_EDGE('',*,*,#11843,.T.);
#12454 = ORIENTED_EDGE('',*,*,#12455,.T.);
#12455 = EDGE_CURVE('',#11816,#12245,#12456,.T.);
#12456 = SURFACE_CURVE('',#12457,(#12461,#12468),.PCURVE_S1.);
#12457 = LINE('',#12458,#12459);
#12458 = CARTESIAN_POINT('',(172.,106.,62.));
#12459 = VECTOR('',#12460,1.);
#12460 = DIRECTION('',(0.,0.,1.));
#12461 = PCURVE('',#11858,#12462);
#12462 = DEFINITIONAL_REPRESENTATION('',(#12463),#12467);
#12463 = LINE('',#12464,#12465);
#12464 = CARTESIAN_POINT('',(1.570796326795,0.));
#12465 = VECTOR('',#12466,1.);
#12466 = DIRECTION('',(0.,1.));
#12467 = ( GEOMETRIC_REPRESENTATION_CONTEXT(2) 
PARAMETRIC_REPRESENTATION_CONTEXT() REPRESENTATION_CONTEXT('2D SPACE',''
  ) );
#12468 = PCURVE('',#11831,#12469);
#12469 = DEFINITIONAL_REPRESENTATION('',(#12470),#12474);
#12470 = LINE('',#12471,#12472);
#12471 = CARTESIAN_POINT('',(88.,0.));
#12472 = VECTOR('',#12473,1.);
#12473 = DIRECTION('',(0.,-1.));
#12474 = ( GEOMETRIC_REPRESENTATION_CONTEXT(2) 
PARAMETRIC_REPRESENTATION_CONTEXT() REPRESENTATION_CONTEXT('2D SPACE',''
  ) );
#12475 = ORIENTED_EDGE('',*,*,#12267,.F.);
#12476 = ORIENTED_EDGE('',*,*,#12430,.F.);
#12477 = ADVANCED_FACE('',(#12478),#11831,.T.);
#12478 = FACE_BOUND('',#12479,.T.);
#12479 = EDGE_LOOP('',(#12480,#12481,#12482,#12483));
#12480 = ORIENTED_EDGE('',*,*,#11815,.F.);
#12481 = ORIENTED_EDGE('',*,*,#12455,.T.);
#12482 = ORIENTED_EDGE('',*,*,#12244,.T.);
#12483 = ORIENTED_EDGE('',*,*,#12484,.F.);
#12484 = EDGE_CURVE('',#11787,#12221,#12485,.T.);
#12485 = SURFACE_CURVE('',#12486,(#12490,#12497),.PCURVE_S1.);
#12486 = LINE('',#12487,#12488);
#12487 = CARTESIAN_POINT('',(172.,434.,62.));
#12488 = VECTOR('',#12489,1.);
#12489 = DIRECTION('',(0.,0.,1.));
#12490 = PCURVE('',#11831,#12491);
#12491 = DEFINITIONAL_REPRESENTATION('',(#12492),#12496);
#12492 = LINE('',#12493,#12494);
#12493 = CARTESIAN_POINT('',(416.,0.));
#12494 = VECTOR('',#12495,1.);
#12495 = DIRECTION('',(0.,-1.));
#12496 = ( GEOMETRIC_REPRESENTATION_CONTEXT(2) 
PARAMETRIC_REPRESENTATION_CONTEXT() REPRESENTATION_CONTEXT('2D SPACE',''
  ) );
#12497 = PCURVE('',#11803,#12498);
#12498 = DEFINITIONAL_REPRESENTATION('',(#12499),#12503);
#12499 = LINE('',#12500,#12501);
#12500 = CARTESIAN_POINT('',(0.,0.));
#12501 = VECTOR('',#12502,1.);
#12502 = DIRECTION('',(0.,1.));
#12503 = ( GEOMETRIC_REPRESENTATION_CONTEXT(2) 
PARAMETRIC_REPRESENTATION_CONTEXT() REPRESENTATION_CONTEXT('2D SPACE',''
  ) );
#12504 = ADVANCED_FACE('',(#12505),#11803,.F.);
#12505 = FACE_BOUND('',#12506,.F.);
#12506 = EDGE_LOOP('',(#12507,#12508,#12529,#12530));
#12507 = ORIENTED_EDGE('',*,*,#11786,.T.);
#12508 = ORIENTED_EDGE('',*,*,#12509,.T.);
#12509 = EDGE_CURVE('',#11759,#12198,#12510,.T.);
#12510 = SURFACE_CURVE('',#12511,(#12515,#12522),.PCURVE_S1.);
#12511 = LINE('',#12512,#12513);
#12512 = CARTESIAN_POINT('',(84.,522.,62.));
#12513 = VECTOR('',#12514,1.);
#12514 = DIRECTION('',(0.,0.,1.));
#12515 = PCURVE('',#11803,#12516);
#12516 = DEFINITIONAL_REPRESENTATION('',(#12517),#12521);
#12517 = LINE('',#12518,#12519);
#12518 = CARTESIAN_POINT('',(1.570796326795,0.));
#12519 = VECTOR('',#12520,1.);
#12520 = DIRECTION('',(0.,1.));
#12521 = ( GEOMETRIC_REPRESENTATION_CONTEXT(2) 
PARAMETRIC_REPRESENTATION_CONTEXT() REPRESENTATION_CONTEXT('2D SPACE',''
  ) );
#12522 = PCURVE('',#11774,#12523);
#12523 = DEFINITIONAL_REPRESENTATION('',(#12524),#12528);
#12524 = LINE('',#12525,#12526);
#12525 = CARTESIAN_POINT('',(88.,0.));
#12526 = VECTOR('',#12527,1.);
#12527 = DIRECTION('',(0.,-1.));
#12528 = ( GEOMETRIC_REPRESENTATION_CONTEXT(2) 
PARAMETRIC_REPRESENTATION_CONTEXT() REPRESENTATION_CONTEXT('2D SPACE',''
  ) );
#12529 = ORIENTED_EDGE('',*,*,#12220,.F.);
#12530 = ORIENTED_EDGE('',*,*,#12484,.F.);
#12531 = ADVANCED_FACE('',(#12532),#11774,.T.);
#12532 = FACE_BOUND('',#12533,.T.);
#12533 = EDGE_LOOP('',(#12534,#12535,#12536,#12537));
#12534 = ORIENTED_EDGE('',*,*,#11758,.F.);
#12535 = ORIENTED_EDGE('',*,*,#12509,.T.);
#12536 = ORIENTED_EDGE('',*,*,#12197,.T.);
#12537 = ORIENTED_EDGE('',*,*,#12538,.F.);
#12538 = EDGE_CURVE('',#11730,#12174,#12539,.T.);
#12539 = SURFACE_CURVE('',#12540,(#12544,#12551),.PCURVE_S1.);
#12540 = LINE('',#12541,#12542);
#12541 = CARTESIAN_POINT('',(-84.,522.,62.));
#12542 = VECTOR('',#12543,1.);
#12543 = DIRECTION('',(0.,0.,1.));
#12544 = PCURVE('',#11774,#12545);
#12545 = DEFINITIONAL_REPRESENTATION('',(#12546),#12550);
#12546 = LINE('',#12547,#12548);
#12547 = CARTESIAN_POINT('',(256.,0.));
#12548 = VECTOR('',#12549,1.);
#12549 = DIRECTION('',(0.,-1.));
#12550 = ( GEOMETRIC_REPRESENTATION_CONTEXT(2) 
PARAMETRIC_REPRESENTATION_CONTEXT() REPRESENTATION_CONTEXT('2D SPACE',''
  ) );
#12551 = PCURVE('',#11746,#12552);
#12552 = DEFINITIONAL_REPRESENTATION('',(#12553),#12557);
#12553 = LINE('',#12554,#12555);
#12554 = CARTESIAN_POINT('',(0.,0.));
#12555 = VECTOR('',#12556,1.);
#12556 = DIRECTION('',(0.,1.));
#12557 = ( GEOMETRIC_REPRESENTATION_CONTEXT(2) 
PARAMETRIC_REPRESENTATION_CONTEXT() REPRESENTATION_CONTEXT('2D SPACE',''
  ) );
#12558 = ADVANCED_FACE('',(#12559),#11746,.F.);
#12559 = FACE_BOUND('',#12560,.F.);
#12560 = EDGE_LOOP('',(#12561,#12562,#12583,#12584));
#12561 = ORIENTED_EDGE('',*,*,#11729,.T.);
#12562 = ORIENTED_EDGE('',*,*,#12563,.T.);
#12563 = EDGE_CURVE('',#11702,#12151,#12564,.T.);
#12564 = SURFACE_CURVE('',#12565,(#12569,#12576),.PCURVE_S1.);
#12565 = LINE('',#12566,#12567);
#12566 = CARTESIAN_POINT('',(-172.,434.,62.));
#12567 = VECTOR('',#12568,1.);
#12568 = DIRECTION('',(0.,0.,1.));
#12569 = PCURVE('',#11746,#12570);
#12570 = DEFINITIONAL_REPRESENTATION('',(#12571),#12575);
#12571 = LINE('',#12572,#12573);
#12572 = CARTESIAN_POINT('',(1.570796326795,0.));
#12573 = VECTOR('',#12574,1.);
#12574 = DIRECTION('',(0.,1.));
#12575 = ( GEOMETRIC_REPRESENTATION_CONTEXT(2) 
PARAMETRIC_REPRESENTATION_CONTEXT() REPRESENTATION_CONTEXT('2D SPACE',''
  ) );
#12576 = PCURVE('',#11717,#12577);
#12577 = DEFINITIONAL_REPRESENTATION('',(#12578),#12582);
#12578 = LINE('',#12579,#12580);
#12579 = CARTESIAN_POINT('',(88.,0.));
#12580 = VECTOR('',#12581,1.);
#12581 = DIRECTION('',(0.,-1.));
#12582 = ( GEOMETRIC_REPRESENTATION_CONTEXT(2) 
PARAMETRIC_REPRESENTATION_CONTEXT() REPRESENTATION_CONTEXT('2D SPACE',''
  ) );
#12583 = ORIENTED_EDGE('',*,*,#12173,.F.);
#12584 = ORIENTED_EDGE('',*,*,#12538,.F.);
#12585 = ADVANCED_FACE('',(#12586),#11717,.T.);
#12586 = FACE_BOUND('',#12587,.T.);
#12587 = EDGE_LOOP('',(#12588,#12589,#12590,#12591));
#12588 = ORIENTED_EDGE('',*,*,#11701,.F.);
#12589 = ORIENTED_EDGE('',*,*,#12563,.T.);
#12590 = ORIENTED_EDGE('',*,*,#12150,.T.);
#12591 = ORIENTED_EDGE('',*,*,#12592,.F.);
#12592 = EDGE_CURVE('',#11669,#12123,#12593,.T.);
#12593 = SURFACE_CURVE('',#12594,(#12598,#12605),.PCURVE_S1.);
#12594 = LINE('',#12595,#12596);
#12595 = CARTESIAN_POINT('',(-172.,106.,62.));
#12596 = VECTOR('',#12597,1.);
#12597 = DIRECTION('',(0.,0.,1.));
#12598 = PCURVE('',#11717,#12599);
#12599 = DEFINITIONAL_REPRESENTATION('',(#12600),#12604);
#12600 = LINE('',#12601,#12602);
#12601 = CARTESIAN_POINT('',(416.,0.));
#12602 = VECTOR('',#12603,1.);
#12603 = DIRECTION('',(0.,-1.));
#12604 = ( GEOMETRIC_REPRESENTATION_CONTEXT(2) 
PARAMETRIC_REPRESENTATION_CONTEXT() REPRESENTATION_CONTEXT('2D SPACE',''
  ) );
#12605 = PCURVE('',#11689,#12606);
#12606 = DEFINITIONAL_REPRESENTATION('',(#12607),#12611);
#12607 = LINE('',#12608,#12609);
#12608 = CARTESIAN_POINT('',(-1.570796326795,0.));
#12609 = VECTOR('',#12610,1.);
#12610 = DIRECTION('',(-0.,1.));
#12611 = ( GEOMETRIC_REPRESENTATION_CONTEXT(2) 
PARAMETRIC_REPRESENTATION_CONTEXT() REPRESENTATION_CONTEXT('2D SPACE',''
  ) );
#12612 = ADVANCED_FACE('',(#12613),#11689,.F.);
#12613 = FACE_BOUND('',#12614,.T.);
#12614 = EDGE_LOOP('',(#12615,#12616,#12617,#12618));
#12615 = ORIENTED_EDGE('',*,*,#11668,.T.);
#12616 = ORIENTED_EDGE('',*,*,#12592,.T.);
#12617 = ORIENTED_EDGE('',*,*,#12122,.F.);
#12618 = ORIENTED_EDGE('',*,*,#12408,.F.);
#12619 = ( GEOMETRIC_REPRESENTATION_CONTEXT(3) 
GLOBAL_UNCERTAINTY_ASSIGNED_CONTEXT((#12623)) 
GLOBAL_UNIT_ASSIGNED_CONTEXT((#12620,#12621,#12622)) 
REPRESENTATION_CONTEXT('Context #1',
  '3D Context with UNIT and UNCERTAINTY') );
#12620 = ( LENGTH_UNIT() NAMED_UNIT(*) SI_UNIT(.MILLI.,.METRE.) );
#12621 = ( NAMED_UNIT(*) PLANE_ANGLE_UNIT() SI_UNIT($,.RADIAN.) );
#12622 = ( NAMED_UNIT(*) SI_UNIT($,.STERADIAN.) SOLID_ANGLE_UNIT() );
#12623 = UNCERTAINTY_MEASURE_WITH_UNIT(LENGTH_MEASURE(1.E-07),#12620,
  'distance_accuracy_value','confusion accuracy');
#12624 = CONTEXT_DEPENDENT_SHAPE_REPRESENTATION(#12625,#12627);
#12625 = ( REPRESENTATION_RELATIONSHIP('','',#11316,#10) 
REPRESENTATION_RELATIONSHIP_WITH_TRANSFORMATION(#12626) 
SHAPE_REPRESENTATION_RELATIONSHIP() );
#12626 = ITEM_DEFINED_TRANSFORMATION('','',#11,#43);
#12627 = PRODUCT_DEFINITION_SHAPE('Placement','Placement of an item',
  #12628);
#12628 = NEXT_ASSEMBLY_USAGE_OCCURRENCE('8','led_ring','',#5,#11311,$);
#12629 = PRODUCT_RELATED_PRODUCT_CATEGORY('part',$,(#11313));
#12630 = SHAPE_DEFINITION_REPRESENTATION(#12631,#12637);
#12631 = PRODUCT_DEFINITION_SHAPE('','',#12632);
#12632 = PRODUCT_DEFINITION('design','',#12633,#12636);
#12633 = PRODUCT_DEFINITION_FORMATION('','',#12634);
#12634 = PRODUCT('status_led','status_led','',(#12635));
#12635 = PRODUCT_CONTEXT('',#2,'mechanical');
#12636 = PRODUCT_DEFINITION_CONTEXT('part definition',#2,'design');
#12637 = ADVANCED_BREP_SHAPE_REPRESENTATION('',(#11,#12638),#12736);
#12638 = MANIFOLD_SOLID_BREP('',#12639);
#12639 = CLOSED_SHELL('',(#12640,#12728,#12732));
#12640 = ADVANCED_FACE('',(#12641),#12655,.T.);
#12641 = FACE_BOUND('',#12642,.F.);
#12642 = EDGE_LOOP('',(#12643,#12673,#12700,#12701));
#12643 = ORIENTED_EDGE('',*,*,#12644,.T.);
#12644 = EDGE_CURVE('',#12645,#12647,#12649,.T.);
#12645 = VERTEX_POINT('',#12646);
#12646 = CARTESIAN_POINT('',(154.5,40.,80.));
#12647 = VERTEX_POINT('',#12648);
#12648 = CARTESIAN_POINT('',(154.5,40.,97.7));
#12649 = SEAM_CURVE('',#12650,(#12654,#12666),.PCURVE_S1.);
#12650 = LINE('',#12651,#12652);
#12651 = CARTESIAN_POINT('',(154.5,40.,80.));
#12652 = VECTOR('',#12653,1.);
#12653 = DIRECTION('',(0.,0.,1.));
#12654 = PCURVE('',#12655,#12660);
#12655 = CYLINDRICAL_SURFACE('',#12656,4.5);
#12656 = AXIS2_PLACEMENT_3D('',#12657,#12658,#12659);
#12657 = CARTESIAN_POINT('',(150.,40.,80.));
#12658 = DIRECTION('',(-0.,-0.,-1.));
#12659 = DIRECTION('',(1.,0.,0.));
#12660 = DEFINITIONAL_REPRESENTATION('',(#12661),#12665);
#12661 = LINE('',#12662,#12663);
#12662 = CARTESIAN_POINT('',(-0.,0.));
#12663 = VECTOR('',#12664,1.);
#12664 = DIRECTION('',(-0.,-1.));
#12665 = ( GEOMETRIC_REPRESENTATION_CONTEXT(2) 
PARAMETRIC_REPRESENTATION_CONTEXT() REPRESENTATION_CONTEXT('2D SPACE',''
  ) );
#12666 = PCURVE('',#12655,#12667);
#12667 = DEFINITIONAL_REPRESENTATION('',(#12668),#12672);
#12668 = LINE('',#12669,#12670);
#12669 = CARTESIAN_POINT('',(-6.28318530718,0.));
#12670 = VECTOR('',#12671,1.);
#12671 = DIRECTION('',(-0.,-1.));
#12672 = ( GEOMETRIC_REPRESENTATION_CONTEXT(2) 
PARAMETRIC_REPRESENTATION_CONTEXT() REPRESENTATION_CONTEXT('2D SPACE',''
  ) );
#12673 = ORIENTED_EDGE('',*,*,#12674,.T.);
#12674 = EDGE_CURVE('',#12647,#12647,#12675,.T.);
#12675 = SURFACE_CURVE('',#12676,(#12681,#12688),.PCURVE_S1.);
#12676 = CIRCLE('',#12677,4.5);
#12677 = AXIS2_PLACEMENT_3D('',#12678,#12679,#12680);
#12678 = CARTESIAN_POINT('',(150.,40.,97.7));
#12679 = DIRECTION('',(0.,0.,1.));
#12680 = DIRECTION('',(1.,0.,0.));
#12681 = PCURVE('',#12655,#12682);
#12682 = DEFINITIONAL_REPRESENTATION('',(#12683),#12687);
#12683 = LINE('',#12684,#12685);
#12684 = CARTESIAN_POINT('',(-0.,-17.7));
#12685 = VECTOR('',#12686,1.);
#12686 = DIRECTION('',(-1.,0.));
#12687 = ( GEOMETRIC_REPRESENTATION_CONTEXT(2) 
PARAMETRIC_REPRESENTATION_CONTEXT() REPRESENTATION_CONTEXT('2D SPACE',''
  ) );
#12688 = PCURVE('',#12689,#12694);
#12689 = PLANE('',#12690);
#12690 = AXIS2_PLACEMENT_3D('',#12691,#12692,#12693);
#12691 = CARTESIAN_POINT('',(150.,40.,97.7));
#12692 = DIRECTION('',(0.,0.,1.));
#12693 = DIRECTION('',(1.,0.,-0.));
#12694 = DEFINITIONAL_REPRESENTATION('',(#12695),#12699);
#12695 = CIRCLE('',#12696,4.5);
#12696 = AXIS2_PLACEMENT_2D('',#12697,#12698);
#12697 = CARTESIAN_POINT('',(0.,0.));
#12698 = DIRECTION('',(1.,0.));
#12699 = ( GEOMETRIC_REPRESENTATION_CONTEXT(2) 
PARAMETRIC_REPRESENTATION_CONTEXT() REPRESENTATION_CONTEXT('2D SPACE',''
  ) );
#12700 = ORIENTED_EDGE('',*,*,#12644,.F.);
#12701 = ORIENTED_EDGE('',*,*,#12702,.F.);
#12702 = EDGE_CURVE('',#12645,#12645,#12703,.T.);
#12703 = SURFACE_CURVE('',#12704,(#12709,#12716),.PCURVE_S1.);
#12704 = CIRCLE('',#12705,4.5);
#12705 = AXIS2_PLACEMENT_3D('',#12706,#12707,#12708);
#12706 = CARTESIAN_POINT('',(150.,40.,80.));
#12707 = DIRECTION('',(0.,0.,1.));
#12708 = DIRECTION('',(1.,0.,0.));
#12709 = PCURVE('',#12655,#12710);
#12710 = DEFINITIONAL_REPRESENTATION('',(#12711),#12715);
#12711 = LINE('',#12712,#12713);
#12712 = CARTESIAN_POINT('',(-0.,0.));
#12713 = VECTOR('',#12714,1.);
#12714 = DIRECTION('',(-1.,0.));
#12715 = ( GEOMETRIC_REPRESENTATION_CONTEXT(2) 
PARAMETRIC_REPRESENTATION_CONTEXT() REPRESENTATION_CONTEXT('2D SPACE',''
  ) );
#12716 = PCURVE('',#12717,#12722);
#12717 = PLANE('',#12718);
#12718 = AXIS2_PLACEMENT_3D('',#12719,#12720,#12721);
#12719 = CARTESIAN_POINT('',(150.,40.,80.));
#12720 = DIRECTION('',(0.,0.,1.));
#12721 = DIRECTION('',(1.,0.,-0.));
#12722 = DEFINITIONAL_REPRESENTATION('',(#12723),#12727);
#12723 = CIRCLE('',#12724,4.5);
#12724 = AXIS2_PLACEMENT_2D('',#12725,#12726);
#12725 = CARTESIAN_POINT('',(0.,0.));
#12726 = DIRECTION('',(1.,0.));
#12727 = ( GEOMETRIC_REPRESENTATION_CONTEXT(2) 
PARAMETRIC_REPRESENTATION_CONTEXT() REPRESENTATION_CONTEXT('2D SPACE',''
  ) );
#12728 = ADVANCED_FACE('',(#12729),#12717,.F.);
#12729 = FACE_BOUND('',#12730,.F.);
#12730 = EDGE_LOOP('',(#12731));
#12731 = ORIENTED_EDGE('',*,*,#12702,.T.);
#12732 = ADVANCED_FACE('',(#12733),#12689,.T.);
#12733 = FACE_BOUND('',#12734,.T.);
#12734 = EDGE_LOOP('',(#12735));
#12735 = ORIENTED_EDGE('',*,*,#12674,.T.);
#12736 = ( GEOMETRIC_REPRESENTATION_CONTEXT(3) 
GLOBAL_UNCERTAINTY_ASSIGNED_CONTEXT((#12740)) 
GLOBAL_UNIT_ASSIGNED_CONTEXT((#12737,#12738,#12739)) 
REPRESENTATION_CONTEXT('Context #1',
  '3D Context with UNIT and UNCERTAINTY') );
#12737 = ( LENGTH_UNIT() NAMED_UNIT(*) SI_UNIT(.MILLI.,.METRE.) );
#12738 = ( NAMED_UNIT(*) PLANE_ANGLE_UNIT() SI_UNIT($,.RADIAN.) );
#12739 = ( NAMED_UNIT(*) SI_UNIT($,.STERADIAN.) SOLID_ANGLE_UNIT() );
#12740 = UNCERTAINTY_MEASURE_WITH_UNIT(LENGTH_MEASURE(1.E-07),#12737,
  'distance_accuracy_value','confusion accuracy');
#12741 = CONTEXT_DEPENDENT_SHAPE_REPRESENTATION(#12742,#12744);
#12742 = ( REPRESENTATION_RELATIONSHIP('','',#12637,#10) 
REPRESENTATION_RELATIONSHIP_WITH_TRANSFORMATION(#12743) 
SHAPE_REPRESENTATION_RELATIONSHIP() );
#12743 = ITEM_DEFINED_TRANSFORMATION('','',#11,#47);
#12744 = PRODUCT_DEFINITION_SHAPE('Placement','Placement of an item',
  #12745);
#12745 = NEXT_ASSEMBLY_USAGE_OCCURRENCE('9','status_led','',#5,#12632,$
  );
#12746 = PRODUCT_RELATED_PRODUCT_CATEGORY('part',$,(#12634));
#12747 = SHAPE_DEFINITION_REPRESENTATION(#12748,#12754);
#12748 = PRODUCT_DEFINITION_SHAPE('','',#12749);
#12749 = PRODUCT_DEFINITION('design','',#12750,#12753);
#12750 = PRODUCT_DEFINITION_FORMATION('','',#12751);
#12751 = PRODUCT('supply_roll','supply_roll','',(#12752));
#12752 = PRODUCT_CONTEXT('',#2,'mechanical');
#12753 = PRODUCT_DEFINITION_CONTEXT('part definition',#2,'design');
#12754 = ADVANCED_BREP_SHAPE_REPRESENTATION('',(#11,#12755),#12853);
#12755 = MANIFOLD_SOLID_BREP('',#12756);
#12756 = CLOSED_SHELL('',(#12757,#12845,#12849));
#12757 = ADVANCED_FACE('',(#12758),#12772,.T.);
#12758 = FACE_BOUND('',#12759,.F.);
#12759 = EDGE_LOOP('',(#12760,#12790,#12817,#12818));
#12760 = ORIENTED_EDGE('',*,*,#12761,.T.);
#12761 = EDGE_CURVE('',#12762,#12764,#12766,.T.);
#12762 = VERTEX_POINT('',#12763);
#12763 = CARTESIAN_POINT('',(-140.,494.,26.));
#12764 = VERTEX_POINT('',#12765);
#12765 = CARTESIAN_POINT('',(140.,494.,26.));
#12766 = SEAM_CURVE('',#12767,(#12771,#12783),.PCURVE_S1.);
#12767 = LINE('',#12768,#12769);
#12768 = CARTESIAN_POINT('',(-140.,494.,26.));
#12769 = VECTOR('',#12770,1.);
#12770 = DIRECTION('',(1.,0.,0.));
#12771 = PCURVE('',#12772,#12777);
#12772 = CYLINDRICAL_SURFACE('',#12773,24.);
#12773 = AXIS2_PLACEMENT_3D('',#12774,#12775,#12776);
#12774 = CARTESIAN_POINT('',(-140.,470.,26.));
#12775 = DIRECTION('',(-1.,-0.,-0.));
#12776 = DIRECTION('',(0.,1.,0.));
#12777 = DEFINITIONAL_REPRESENTATION('',(#12778),#12782);
#12778 = LINE('',#12779,#12780);
#12779 = CARTESIAN_POINT('',(-0.,0.));
#12780 = VECTOR('',#12781,1.);
#12781 = DIRECTION('',(-0.,-1.));
#12782 = ( GEOMETRIC_REPRESENTATION_CONTEXT(2) 
PARAMETRIC_REPRESENTATION_CONTEXT() REPRESENTATION_CONTEXT('2D SPACE',''
  ) );
#12783 = PCURVE('',#12772,#12784);
#12784 = DEFINITIONAL_REPRESENTATION('',(#12785),#12789);
#12785 = LINE('',#12786,#12787);
#12786 = CARTESIAN_POINT('',(-6.28318530718,0.));
#12787 = VECTOR('',#12788,1.);
#12788 = DIRECTION('',(-0.,-1.));
#12789 = ( GEOMETRIC_REPRESENTATION_CONTEXT(2) 
PARAMETRIC_REPRESENTATION_CONTEXT() REPRESENTATION_CONTEXT('2D SPACE',''
  ) );
#12790 = ORIENTED_EDGE('',*,*,#12791,.T.);
#12791 = EDGE_CURVE('',#12764,#12764,#12792,.T.);
#12792 = SURFACE_CURVE('',#12793,(#12798,#12805),.PCURVE_S1.);
#12793 = CIRCLE('',#12794,24.);
#12794 = AXIS2_PLACEMENT_3D('',#12795,#12796,#12797);
#12795 = CARTESIAN_POINT('',(140.,470.,26.));
#12796 = DIRECTION('',(1.,0.,0.));
#12797 = DIRECTION('',(0.,1.,0.));
#12798 = PCURVE('',#12772,#12799);
#12799 = DEFINITIONAL_REPRESENTATION('',(#12800),#12804);
#12800 = LINE('',#12801,#12802);
#12801 = CARTESIAN_POINT('',(-0.,-280.));
#12802 = VECTOR('',#12803,1.);
#12803 = DIRECTION('',(-1.,0.));
#12804 = ( GEOMETRIC_REPRESENTATION_CONTEXT(2) 
PARAMETRIC_REPRESENTATION_CONTEXT() REPRESENTATION_CONTEXT('2D SPACE',''
  ) );
#12805 = PCURVE('',#12806,#12811);
#12806 = PLANE('',#12807);
#12807 = AXIS2_PLACEMENT_3D('',#12808,#12809,#12810);
#12808 = CARTESIAN_POINT('',(140.,470.,26.));
#12809 = DIRECTION('',(1.,0.,0.));
#12810 = DIRECTION('',(-0.,0.,1.));
#12811 = DEFINITIONAL_REPRESENTATION('',(#12812),#12816);
#12812 = CIRCLE('',#12813,24.);
#12813 = AXIS2_PLACEMENT_2D('',#12814,#12815);
#12814 = CARTESIAN_POINT('',(0.,-5.684341886081E-14));
#12815 = DIRECTION('',(0.,-1.));
#12816 = ( GEOMETRIC_REPRESENTATION_CONTEXT(2) 
PARAMETRIC_REPRESENTATION_CONTEXT() REPRESENTATION_CONTEXT('2D SPACE',''
  ) );
#12817 = ORIENTED_EDGE('',*,*,#12761,.F.);
#12818 = ORIENTED_EDGE('',*,*,#12819,.F.);
#12819 = EDGE_CURVE('',#12762,#12762,#12820,.T.);
#12820 = SURFACE_CURVE('',#12821,(#12826,#12833),.PCURVE_S1.);
#12821 = CIRCLE('',#12822,24.);
#12822 = AXIS2_PLACEMENT_3D('',#12823,#12824,#12825);
#12823 = CARTESIAN_POINT('',(-140.,470.,26.));
#12824 = DIRECTION('',(1.,0.,0.));
#12825 = DIRECTION('',(0.,1.,0.));
#12826 = PCURVE('',#12772,#12827);
#12827 = DEFINITIONAL_REPRESENTATION('',(#12828),#12832);
#12828 = LINE('',#12829,#12830);
#12829 = CARTESIAN_POINT('',(-0.,0.));
#12830 = VECTOR('',#12831,1.);
#12831 = DIRECTION('',(-1.,0.));
#12832 = ( GEOMETRIC_REPRESENTATION_CONTEXT(2) 
PARAMETRIC_REPRESENTATION_CONTEXT() REPRESENTATION_CONTEXT('2D SPACE',''
  ) );
#12833 = PCURVE('',#12834,#12839);
#12834 = PLANE('',#12835);
#12835 = AXIS2_PLACEMENT_3D('',#12836,#12837,#12838);
#12836 = CARTESIAN_POINT('',(-140.,470.,26.));
#12837 = DIRECTION('',(1.,0.,0.));
#12838 = DIRECTION('',(-0.,0.,1.));
#12839 = DEFINITIONAL_REPRESENTATION('',(#12840),#12844);
#12840 = CIRCLE('',#12841,24.);
#12841 = AXIS2_PLACEMENT_2D('',#12842,#12843);
#12842 = CARTESIAN_POINT('',(0.,-5.684341886081E-14));
#12843 = DIRECTION('',(0.,-1.));
#12844 = ( GEOMETRIC_REPRESENTATION_CONTEXT(2) 
PARAMETRIC_REPRESENTATION_CONTEXT() REPRESENTATION_CONTEXT('2D SPACE',''
  ) );
#12845 = ADVANCED_FACE('',(#12846),#12834,.F.);
#12846 = FACE_BOUND('',#12847,.F.);
#12847 = EDGE_LOOP('',(#12848));
#12848 = ORIENTED_EDGE('',*,*,#12819,.T.);
#12849 = ADVANCED_FACE('',(#12850),#12806,.T.);
#12850 = FACE_BOUND('',#12851,.T.);
#12851 = EDGE_LOOP('',(#12852));
#12852 = ORIENTED_EDGE('',*,*,#12791,.T.);
#12853 = ( GEOMETRIC_REPRESENTATION_CONTEXT(3) 
GLOBAL_UNCERTAINTY_ASSIGNED_CONTEXT((#12857)) 
GLOBAL_UNIT_ASSIGNED_CONTEXT((#12854,#12855,#12856)) 
REPRESENTATION_CONTEXT('Context #1',
  '3D Context with UNIT and UNCERTAINTY') );
#12854 = ( LENGTH_UNIT() NAMED_UNIT(*) SI_UNIT(.MILLI.,.METRE.) );
#12855 = ( NAMED_UNIT(*) PLANE_ANGLE_UNIT() SI_UNIT($,.RADIAN.) );
#12856 = ( NAMED_UNIT(*) SI_UNIT($,.STERADIAN.) SOLID_ANGLE_UNIT() );
#12857 = UNCERTAINTY_MEASURE_WITH_UNIT(LENGTH_MEASURE(1.E-07),#12854,
  'distance_accuracy_value','confusion accuracy');
#12858 = CONTEXT_DEPENDENT_SHAPE_REPRESENTATION(#12859,#12861);
#12859 = ( REPRESENTATION_RELATIONSHIP('','',#12754,#10) 
REPRESENTATION_RELATIONSHIP_WITH_TRANSFORMATION(#12860) 
SHAPE_REPRESENTATION_RELATIONSHIP() );
#12860 = ITEM_DEFINED_TRANSFORMATION('','',#11,#51);
#12861 = PRODUCT_DEFINITION_SHAPE('Placement','Placement of an item',
  #12862);
#12862 = NEXT_ASSEMBLY_USAGE_OCCURRENCE('10','supply_roll','',#5,#12749,
  $);
#12863 = PRODUCT_RELATED_PRODUCT_CATEGORY('part',$,(#12751));
#12864 = SHAPE_DEFINITION_REPRESENTATION(#12865,#12871);
#12865 = PRODUCT_DEFINITION_SHAPE('','',#12866);
#12866 = PRODUCT_DEFINITION('design','',#12867,#12870);
#12867 = PRODUCT_DEFINITION_FORMATION('','',#12868);
#12868 = PRODUCT('takeup_roll','takeup_roll','',(#12869));
#12869 = PRODUCT_CONTEXT('',#2,'mechanical');
#12870 = PRODUCT_DEFINITION_CONTEXT('part definition',#2,'design');
#12871 = ADVANCED_BREP_SHAPE_REPRESENTATION('',(#11,#12872),#12970);
#12872 = MANIFOLD_SOLID_BREP('',#12873);
#12873 = CLOSED_SHELL('',(#12874,#12962,#12966));
#12874 = ADVANCED_FACE('',(#12875),#12889,.T.);
#12875 = FACE_BOUND('',#12876,.F.);
#12876 = EDGE_LOOP('',(#12877,#12907,#12934,#12935));
#12877 = ORIENTED_EDGE('',*,*,#12878,.T.);
#12878 = EDGE_CURVE('',#12879,#12881,#12883,.T.);
#12879 = VERTEX_POINT('',#12880);
#12880 = CARTESIAN_POINT('',(-140.,86.,26.));
#12881 = VERTEX_POINT('',#12882);
#12882 = CARTESIAN_POINT('',(140.,86.,26.));
#12883 = SEAM_CURVE('',#12884,(#12888,#12900),.PCURVE_S1.);
#12884 = LINE('',#12885,#12886);
#12885 = CARTESIAN_POINT('',(-140.,86.,26.));
#12886 = VECTOR('',#12887,1.);
#12887 = DIRECTION('',(1.,0.,0.));
#12888 = PCURVE('',#12889,#12894);
#12889 = CYLINDRICAL_SURFACE('',#12890,24.);
#12890 = AXIS2_PLACEMENT_3D('',#12891,#12892,#12893);
#12891 = CARTESIAN_POINT('',(-140.,62.,26.));
#12892 = DIRECTION('',(-1.,-0.,-0.));
#12893 = DIRECTION('',(0.,1.,0.));
#12894 = DEFINITIONAL_REPRESENTATION('',(#12895),#12899);
#12895 = LINE('',#12896,#12897);
#12896 = CARTESIAN_POINT('',(-0.,0.));
#12897 = VECTOR('',#12898,1.);
#12898 = DIRECTION('',(-0.,-1.));
#12899 = ( GEOMETRIC_REPRESENTATION_CONTEXT(2) 
PARAMETRIC_REPRESENTATION_CONTEXT() REPRESENTATION_CONTEXT('2D SPACE',''
  ) );
#12900 = PCURVE('',#12889,#12901);
#12901 = DEFINITIONAL_REPRESENTATION('',(#12902),#12906);
#12902 = LINE('',#12903,#12904);
#12903 = CARTESIAN_POINT('',(-6.28318530718,0.));
#12904 = VECTOR('',#12905,1.);
#12905 = DIRECTION('',(-0.,-1.));
#12906 = ( GEOMETRIC_REPRESENTATION_CONTEXT(2) 
PARAMETRIC_REPRESENTATION_CONTEXT() REPRESENTATION_CONTEXT('2D SPACE',''
  ) );
#12907 = ORIENTED_EDGE('',*,*,#12908,.T.);
#12908 = EDGE_CURVE('',#12881,#12881,#12909,.T.);
#12909 = SURFACE_CURVE('',#12910,(#12915,#12922),.PCURVE_S1.);
#12910 = CIRCLE('',#12911,24.);
#12911 = AXIS2_PLACEMENT_3D('',#12912,#12913,#12914);
#12912 = CARTESIAN_POINT('',(140.,62.,26.));
#12913 = DIRECTION('',(1.,0.,0.));
#12914 = DIRECTION('',(0.,1.,0.));
#12915 = PCURVE('',#12889,#12916);
#12916 = DEFINITIONAL_REPRESENTATION('',(#12917),#12921);
#12917 = LINE('',#12918,#12919);
#12918 = CARTESIAN_POINT('',(-0.,-280.));
#12919 = VECTOR('',#12920,1.);
#12920 = DIRECTION('',(-1.,0.));
#12921 = ( GEOMETRIC_REPRESENTATION_CONTEXT(2) 
PARAMETRIC_REPRESENTATION_CONTEXT() REPRESENTATION_CONTEXT('2D SPACE',''
  ) );
#12922 = PCURVE('',#12923,#12928);
#12923 = PLANE('',#12924);
#12924 = AXIS2_PLACEMENT_3D('',#12925,#12926,#12927);
#12925 = CARTESIAN_POINT('',(140.,62.,26.));
#12926 = DIRECTION('',(1.,0.,0.));
#12927 = DIRECTION('',(-0.,0.,1.));
#12928 = DEFINITIONAL_REPRESENTATION('',(#12929),#12933);
#12929 = CIRCLE('',#12930,24.);
#12930 = AXIS2_PLACEMENT_2D('',#12931,#12932);
#12931 = CARTESIAN_POINT('',(-3.552713678801E-15,0.));
#12932 = DIRECTION('',(0.,-1.));
#12933 = ( GEOMETRIC_REPRESENTATION_CONTEXT(2) 
PARAMETRIC_REPRESENTATION_CONTEXT() REPRESENTATION_CONTEXT('2D SPACE',''
  ) );
#12934 = ORIENTED_EDGE('',*,*,#12878,.F.);
#12935 = ORIENTED_EDGE('',*,*,#12936,.F.);
#12936 = EDGE_CURVE('',#12879,#12879,#12937,.T.);
#12937 = SURFACE_CURVE('',#12938,(#12943,#12950),.PCURVE_S1.);
#12938 = CIRCLE('',#12939,24.);
#12939 = AXIS2_PLACEMENT_3D('',#12940,#12941,#12942);
#12940 = CARTESIAN_POINT('',(-140.,62.,26.));
#12941 = DIRECTION('',(1.,0.,0.));
#12942 = DIRECTION('',(0.,1.,0.));
#12943 = PCURVE('',#12889,#12944);
#12944 = DEFINITIONAL_REPRESENTATION('',(#12945),#12949);
#12945 = LINE('',#12946,#12947);
#12946 = CARTESIAN_POINT('',(-0.,0.));
#12947 = VECTOR('',#12948,1.);
#12948 = DIRECTION('',(-1.,0.));
#12949 = ( GEOMETRIC_REPRESENTATION_CONTEXT(2) 
PARAMETRIC_REPRESENTATION_CONTEXT() REPRESENTATION_CONTEXT('2D SPACE',''
  ) );
#12950 = PCURVE('',#12951,#12956);
#12951 = PLANE('',#12952);
#12952 = AXIS2_PLACEMENT_3D('',#12953,#12954,#12955);
#12953 = CARTESIAN_POINT('',(-140.,62.,26.));
#12954 = DIRECTION('',(1.,0.,0.));
#12955 = DIRECTION('',(-0.,0.,1.));
#12956 = DEFINITIONAL_REPRESENTATION('',(#12957),#12961);
#12957 = CIRCLE('',#12958,24.);
#12958 = AXIS2_PLACEMENT_2D('',#12959,#12960);
#12959 = CARTESIAN_POINT('',(-3.552713678801E-15,0.));
#12960 = DIRECTION('',(0.,-1.));
#12961 = ( GEOMETRIC_REPRESENTATION_CONTEXT(2) 
PARAMETRIC_REPRESENTATION_CONTEXT() REPRESENTATION_CONTEXT('2D SPACE',''
  ) );
#12962 = ADVANCED_FACE('',(#12963),#12951,.F.);
#12963 = FACE_BOUND('',#12964,.F.);
#12964 = EDGE_LOOP('',(#12965));
#12965 = ORIENTED_EDGE('',*,*,#12936,.T.);
#12966 = ADVANCED_FACE('',(#12967),#12923,.T.);
#12967 = FACE_BOUND('',#12968,.T.);
#12968 = EDGE_LOOP('',(#12969));
#12969 = ORIENTED_EDGE('',*,*,#12908,.T.);
#12970 = ( GEOMETRIC_REPRESENTATION_CONTEXT(3) 
GLOBAL_UNCERTAINTY_ASSIGNED_CONTEXT((#12974)) 
GLOBAL_UNIT_ASSIGNED_CONTEXT((#12971,#12972,#12973)) 
REPRESENTATION_CONTEXT('Context #1',
  '3D Context with UNIT and UNCERTAINTY') );
#12971 = ( LENGTH_UNIT() NAMED_UNIT(*) SI_UNIT(.MILLI.,.METRE.) );
#12972 = ( NAMED_UNIT(*) PLANE_ANGLE_UNIT() SI_UNIT($,.RADIAN.) );
#12973 = ( NAMED_UNIT(*) SI_UNIT($,.STERADIAN.) SOLID_ANGLE_UNIT() );
#12974 = UNCERTAINTY_MEASURE_WITH_UNIT(LENGTH_MEASURE(1.E-07),#12971,
  'distance_accuracy_value','confusion accuracy');
#12975 = CONTEXT_DEPENDENT_SHAPE_REPRESENTATION(#12976,#12978);
#12976 = ( REPRESENTATION_RELATIONSHIP('','',#12871,#10) 
REPRESENTATION_RELATIONSHIP_WITH_TRANSFORMATION(#12977) 
SHAPE_REPRESENTATION_RELATIONSHIP() );
#12977 = ITEM_DEFINED_TRANSFORMATION('','',#11,#55);
#12978 = PRODUCT_DEFINITION_SHAPE('Placement','Placement of an item',
  #12979);
#12979 = NEXT_ASSEMBLY_USAGE_OCCURRENCE('11','takeup_roll','',#5,#12866,
  $);
#12980 = PRODUCT_RELATED_PRODUCT_CATEGORY('part',$,(#12868));
#12981 = MECHANICAL_DESIGN_GEOMETRIC_PRESENTATION_REPRESENTATION('',(
    #12982),#8966);
#12982 = STYLED_ITEM('color',(#12983),#8008);
#12983 = PRESENTATION_STYLE_ASSIGNMENT((#12984));
#12984 = SURFACE_STYLE_USAGE(.BOTH.,#12985);
#12985 = SURFACE_SIDE_STYLE('',(#12986));
#12986 = SURFACE_STYLE_FILL_AREA(#12987);
#12987 = FILL_AREA_STYLE('',(#12988));
#12988 = FILL_AREA_STYLE_COLOUR('',#12989);
#12989 = DRAUGHTING_PRE_DEFINED_COLOUR('white');
#12990 = MECHANICAL_DESIGN_GEOMETRIC_PRESENTATION_REPRESENTATION('',(
    #12991),#10887);
#12991 = STYLED_ITEM('color',(#12992),#8985);
#12992 = PRESENTATION_STYLE_ASSIGNMENT((#12993));
#12993 = SURFACE_STYLE_USAGE(.BOTH.,#12994);
#12994 = SURFACE_SIDE_STYLE('',(#12995));
#12995 = SURFACE_STYLE_FILL_AREA(#12996);
#12996 = FILL_AREA_STYLE('',(#12997));
#12997 = FILL_AREA_STYLE_COLOUR('',#12998);
#12998 = COLOUR_RGB('',0.290196103875,0.258823539696,0.752941240391);
#12999 = MECHANICAL_DESIGN_GEOMETRIC_PRESENTATION_REPRESENTATION('',(
    #13000),#12736);
#13000 = STYLED_ITEM('color',(#13001),#12638);
#13001 = PRESENTATION_STYLE_ASSIGNMENT((#13002));
#13002 = SURFACE_STYLE_USAGE(.BOTH.,#13003);
#13003 = SURFACE_SIDE_STYLE('',(#13004));
#13004 = SURFACE_STYLE_FILL_AREA(#13005);
#13005 = FILL_AREA_STYLE('',(#13006));
#13006 = FILL_AREA_STYLE_COLOUR('',#13007);
#13007 = COLOUR_RGB('',0.113725482635,0.619607859787,0.458823520168);
#13008 = MECHANICAL_DESIGN_GEOMETRIC_PRESENTATION_REPRESENTATION('',(
    #13009),#1567);
#13009 = STYLED_ITEM('color',(#13010),#73);
#13010 = PRESENTATION_STYLE_ASSIGNMENT((#13011));
#13011 = SURFACE_STYLE_USAGE(.BOTH.,#13012);
#13012 = SURFACE_SIDE_STYLE('',(#13013));
#13013 = SURFACE_STYLE_FILL_AREA(#13014);
#13014 = FILL_AREA_STYLE('',(#13015));
#13015 = FILL_AREA_STYLE_COLOUR('',#13016);
#13016 = COLOUR_RGB('',0.901960830407,0.925490248317,0.937254930166);
#13017 = MECHANICAL_DESIGN_GEOMETRIC_PRESENTATION_REPRESENTATION('',(
    #13018),#12970);
#13018 = STYLED_ITEM('color',(#13019),#12872);
#13019 = PRESENTATION_STYLE_ASSIGNMENT((#13020));
#13020 = SURFACE_STYLE_USAGE(.BOTH.,#13021);
#13021 = SURFACE_SIDE_STYLE('',(#13022));
#13022 = SURFACE_STYLE_FILL_AREA(#13023);
#13023 = FILL_AREA_STYLE('',(#13024));
#13024 = FILL_AREA_STYLE_COLOUR('',#13025);
#13025 = COLOUR_RGB('',0.949019637608,0.843137294481,0.619607859787);
#13026 = MECHANICAL_DESIGN_GEOMETRIC_PRESENTATION_REPRESENTATION('',(
    #13027),#7989);
#13027 = STYLED_ITEM('color',(#13028),#6907);
#13028 = PRESENTATION_STYLE_ASSIGNMENT((#13029));
#13029 = SURFACE_STYLE_USAGE(.BOTH.,#13030);
#13030 = SURFACE_SIDE_STYLE('',(#13031));
#13031 = SURFACE_STYLE_FILL_AREA(#13032);
#13032 = FILL_AREA_STYLE('',(#13033));
#13033 = FILL_AREA_STYLE_COLOUR('',#12989);
#13034 = MECHANICAL_DESIGN_GEOMETRIC_PRESENTATION_REPRESENTATION('',(
    #13035),#1916);
#13035 = STYLED_ITEM('color',(#13036),#1586);
#13036 = PRESENTATION_STYLE_ASSIGNMENT((#13037));
#13037 = SURFACE_STYLE_USAGE(.BOTH.,#13038);
#13038 = SURFACE_SIDE_STYLE('',(#13039));
#13039 = SURFACE_STYLE_FILL_AREA(#13040);
#13040 = FILL_AREA_STYLE('',(#13041));
#13041 = FILL_AREA_STYLE_COLOUR('',#13042);
#13042 = COLOUR_RGB('',0.964705968517,0.886274574715,0.705882381067);
#13043 = MECHANICAL_DESIGN_GEOMETRIC_PRESENTATION_REPRESENTATION('',(
    #13044),#12853);
#13044 = STYLED_ITEM('color',(#13045),#12755);
#13045 = PRESENTATION_STYLE_ASSIGNMENT((#13046));
#13046 = SURFACE_STYLE_USAGE(.BOTH.,#13047);
#13047 = SURFACE_SIDE_STYLE('',(#13048));
#13048 = SURFACE_STYLE_FILL_AREA(#13049);
#13049 = FILL_AREA_STYLE('',(#13050));
#13050 = FILL_AREA_STYLE_COLOUR('',#13025);
#13051 = MECHANICAL_DESIGN_GEOMETRIC_PRESENTATION_REPRESENTATION('',(
    #13052,#13059,#13066,#13073),#11298);
#13052 = STYLED_ITEM('color',(#13053),#10906);
#13053 = PRESENTATION_STYLE_ASSIGNMENT((#13054));
#13054 = SURFACE_STYLE_USAGE(.BOTH.,#13055);
#13055 = SURFACE_SIDE_STYLE('',(#13056));
#13056 = SURFACE_STYLE_FILL_AREA(#13057);
#13057 = FILL_AREA_STYLE('',(#13058));
#13058 = FILL_AREA_STYLE_COLOUR('',#13016);
#13059 = STYLED_ITEM('color',(#13060),#11004);
#13060 = PRESENTATION_STYLE_ASSIGNMENT((#13061));
#13061 = SURFACE_STYLE_USAGE(.BOTH.,#13062);
#13062 = SURFACE_SIDE_STYLE('',(#13063));
#13063 = SURFACE_STYLE_FILL_AREA(#13064);
#13064 = FILL_AREA_STYLE('',(#13065));
#13065 = FILL_AREA_STYLE_COLOUR('',#13016);
#13066 = STYLED_ITEM('color',(#13067),#11102);
#13067 = PRESENTATION_STYLE_ASSIGNMENT((#13068));
#13068 = SURFACE_STYLE_USAGE(.BOTH.,#13069);
#13069 = SURFACE_SIDE_STYLE('',(#13070));
#13070 = SURFACE_STYLE_FILL_AREA(#13071);
#13071 = FILL_AREA_STYLE('',(#13072));
#13072 = FILL_AREA_STYLE_COLOUR('',#13016);
#13073 = STYLED_ITEM('color',(#13074),#11200);
#13074 = PRESENTATION_STYLE_ASSIGNMENT((#13075));
#13075 = SURFACE_STYLE_USAGE(.BOTH.,#13076);
#13076 = SURFACE_SIDE_STYLE('',(#13077));
#13077 = SURFACE_STYLE_FILL_AREA(#13078);
#13078 = FILL_AREA_STYLE('',(#13079));
#13079 = FILL_AREA_STYLE_COLOUR('',#13016);
#13080 = MECHANICAL_DESIGN_GEOMETRIC_PRESENTATION_REPRESENTATION('',(
    #13081),#12619);
#13081 = STYLED_ITEM('color',(#13082),#11317);
#13082 = PRESENTATION_STYLE_ASSIGNMENT((#13083));
#13083 = SURFACE_STYLE_USAGE(.BOTH.,#13084);
#13084 = SURFACE_SIDE_STYLE('',(#13085));
#13085 = SURFACE_STYLE_FILL_AREA(#13086);
#13086 = FILL_AREA_STYLE('',(#13087));
#13087 = FILL_AREA_STYLE_COLOUR('',#12998);
#13088 = MECHANICAL_DESIGN_GEOMETRIC_PRESENTATION_REPRESENTATION('',(
    #13089,#13097,#13104,#13111,#13118,#13125,#13132,#13139,#13146,
    #13153,#13160,#13167,#13174),#6888);
#13089 = STYLED_ITEM('color',(#13090),#1935);
#13090 = PRESENTATION_STYLE_ASSIGNMENT((#13091));
#13091 = SURFACE_STYLE_USAGE(.BOTH.,#13092);
#13092 = SURFACE_SIDE_STYLE('',(#13093));
#13093 = SURFACE_STYLE_FILL_AREA(#13094);
#13094 = FILL_AREA_STYLE('',(#13095));
#13095 = FILL_AREA_STYLE_COLOUR('',#13096);
#13096 = COLOUR_RGB('',0.121568614231,0.164705876344,0.188235289899);
#13097 = STYLED_ITEM('color',(#13098),#2316);
#13098 = PRESENTATION_STYLE_ASSIGNMENT((#13099));
#13099 = SURFACE_STYLE_USAGE(.BOTH.,#13100);
#13100 = SURFACE_SIDE_STYLE('',(#13101));
#13101 = SURFACE_STYLE_FILL_AREA(#13102);
#13102 = FILL_AREA_STYLE('',(#13103));
#13103 = FILL_AREA_STYLE_COLOUR('',#13096);
#13104 = STYLED_ITEM('color',(#13105),#2697);
#13105 = PRESENTATION_STYLE_ASSIGNMENT((#13106));
#13106 = SURFACE_STYLE_USAGE(.BOTH.,#13107);
#13107 = SURFACE_SIDE_STYLE('',(#13108));
#13108 = SURFACE_STYLE_FILL_AREA(#13109);
#13109 = FILL_AREA_STYLE('',(#13110));
#13110 = FILL_AREA_STYLE_COLOUR('',#13096);
#13111 = STYLED_ITEM('color',(#13112),#3078);
#13112 = PRESENTATION_STYLE_ASSIGNMENT((#13113));
#13113 = SURFACE_STYLE_USAGE(.BOTH.,#13114);
#13114 = SURFACE_SIDE_STYLE('',(#13115));
#13115 = SURFACE_STYLE_FILL_AREA(#13116);
#13116 = FILL_AREA_STYLE('',(#13117));
#13117 = FILL_AREA_STYLE_COLOUR('',#13096);
#13118 = STYLED_ITEM('color',(#13119),#3459);
#13119 = PRESENTATION_STYLE_ASSIGNMENT((#13120));
#13120 = SURFACE_STYLE_USAGE(.BOTH.,#13121);
#13121 = SURFACE_SIDE_STYLE('',(#13122));
#13122 = SURFACE_STYLE_FILL_AREA(#13123);
#13123 = FILL_AREA_STYLE('',(#13124));
#13124 = FILL_AREA_STYLE_COLOUR('',#13096);
#13125 = STYLED_ITEM('color',(#13126),#3840);
#13126 = PRESENTATION_STYLE_ASSIGNMENT((#13127));
#13127 = SURFACE_STYLE_USAGE(.BOTH.,#13128);
#13128 = SURFACE_SIDE_STYLE('',(#13129));
#13129 = SURFACE_STYLE_FILL_AREA(#13130);
#13130 = FILL_AREA_STYLE('',(#13131));
#13131 = FILL_AREA_STYLE_COLOUR('',#13096);
#13132 = STYLED_ITEM('color',(#13133),#4221);
#13133 = PRESENTATION_STYLE_ASSIGNMENT((#13134));
#13134 = SURFACE_STYLE_USAGE(.BOTH.,#13135);
#13135 = SURFACE_SIDE_STYLE('',(#13136));
#13136 = SURFACE_STYLE_FILL_AREA(#13137);
#13137 = FILL_AREA_STYLE('',(#13138));
#13138 = FILL_AREA_STYLE_COLOUR('',#13096);
#13139 = STYLED_ITEM('color',(#13140),#4602);
#13140 = PRESENTATION_STYLE_ASSIGNMENT((#13141));
#13141 = SURFACE_STYLE_USAGE(.BOTH.,#13142);
#13142 = SURFACE_SIDE_STYLE('',(#13143));
#13143 = SURFACE_STYLE_FILL_AREA(#13144);
#13144 = FILL_AREA_STYLE('',(#13145));
#13145 = FILL_AREA_STYLE_COLOUR('',#13096);
#13146 = STYLED_ITEM('color',(#13147),#4983);
#13147 = PRESENTATION_STYLE_ASSIGNMENT((#13148));
#13148 = SURFACE_STYLE_USAGE(.BOTH.,#13149);
#13149 = SURFACE_SIDE_STYLE('',(#13150));
#13150 = SURFACE_STYLE_FILL_AREA(#13151);
#13151 = FILL_AREA_STYLE('',(#13152));
#13152 = FILL_AREA_STYLE_COLOUR('',#13096);
#13153 = STYLED_ITEM('color',(#13154),#5364);
#13154 = PRESENTATION_STYLE_ASSIGNMENT((#13155));
#13155 = SURFACE_STYLE_USAGE(.BOTH.,#13156);
#13156 = SURFACE_SIDE_STYLE('',(#13157));
#13157 = SURFACE_STYLE_FILL_AREA(#13158);
#13158 = FILL_AREA_STYLE('',(#13159));
#13159 = FILL_AREA_STYLE_COLOUR('',#13096);
#13160 = STYLED_ITEM('color',(#13161),#5745);
#13161 = PRESENTATION_STYLE_ASSIGNMENT((#13162));
#13162 = SURFACE_STYLE_USAGE(.BOTH.,#13163);
#13163 = SURFACE_SIDE_STYLE('',(#13164));
#13164 = SURFACE_STYLE_FILL_AREA(#13165);
#13165 = FILL_AREA_STYLE('',(#13166));
#13166 = FILL_AREA_STYLE_COLOUR('',#13096);
#13167 = STYLED_ITEM('color',(#13168),#6126);
#13168 = PRESENTATION_STYLE_ASSIGNMENT((#13169));
#13169 = SURFACE_STYLE_USAGE(.BOTH.,#13170);
#13170 = SURFACE_SIDE_STYLE('',(#13171));
#13171 = SURFACE_STYLE_FILL_AREA(#13172);
#13172 = FILL_AREA_STYLE('',(#13173));
#13173 = FILL_AREA_STYLE_COLOUR('',#13096);
#13174 = STYLED_ITEM('color',(#13175),#6507);
#13175 = PRESENTATION_STYLE_ASSIGNMENT((#13176));
#13176 = SURFACE_STYLE_USAGE(.BOTH.,#13177);
#13177 = SURFACE_SIDE_STYLE('',(#13178));
#13178 = SURFACE_STYLE_FILL_AREA(#13179);
#13179 = FILL_AREA_STYLE('',(#13180));
#13180 = FILL_AREA_STYLE_COLOUR('',#13096);
ENDSEC;
END-ISO-10303-21;
