ISO-10303-21;
HEADER;
FILE_DESCRIPTION(('Open CASCADE Model'),'2;1');
FILE_NAME('Open CASCADE Shape Model','2026-10-10T15:31:19',('Author'),(
    'Open CASCADE'),'Open CASCADE STEP processor 7.9','Open CASCADE 7.9'
  ,'Unknown');
FILE_SCHEMA(('AUTOMOTIVE_DESIGN { 1 0 10303 214 1 1 1 1 }'));
ENDSEC;
DATA;
#1 = APPLICATION_PROTOCOL_DEFINITION('international standard',
  'automotive_design',2000,#2);
#2 = APPLICATION_CONTEXT(
  'core data for automotive mechanical design processes');
#3 = SHAPE_DEFINITION_REPRESENTATION(#4,#10);
#4 = PRODUCT_DEFINITION_SHAPE('','',#5);
#5 = PRODUCT_DEFINITION('design','',#6,#9);
#6 = PRODUCT_DEFINITION_FORMATION('','',#7);
#7 = PRODUCT('concept_c','concept_c','',(#8));
#8 = PRODUCT_CONTEXT('',#2,'mechanical');
#9 = PRODUCT_DEFINITION_CONTEXT('part definition',#2,'design');
#10 = SHAPE_REPRESENTATION('',(#11,#15,#19,#23,#27,#31,#35,#39,#43,#47,
    #51,#55,#59),#63);
#11 = AXIS2_PLACEMENT_3D('',#12,#13,#14);
#12 = CARTESIAN_POINT('',(0.,0.,0.));
#13 = DIRECTION('',(0.,0.,1.));
#14 = DIRECTION('',(1.,0.,-0.));
#15 = AXIS2_PLACEMENT_3D('',#16,#17,#18);
#16 = CARTESIAN_POINT('',(0.,0.,0.));
#17 = DIRECTION('',(0.,0.,1.));
#18 = DIRECTION('',(1.,0.,-0.));
#19 = AXIS2_PLACEMENT_3D('',#20,#21,#22);
#20 = CARTESIAN_POINT('',(0.,0.,0.));
#21 = DIRECTION('',(0.,0.,1.));
#22 = DIRECTION('',(1.,0.,-0.));
#23 = AXIS2_PLACEMENT_3D('',#24,#25,#26);
#24 = CARTESIAN_POINT('',(0.,0.,0.));
#25 = DIRECTION('',(0.,0.,1.));
#26 = DIRECTION('',(1.,0.,-0.));
#27 = AXIS2_PLACEMENT_3D('',#28,#29,#30);
#28 = CARTESIAN_POINT('',(0.,0.,0.));
#29 = DIRECTION('',(0.,0.,1.));
#30 = DIRECTION('',(1.,0.,-0.));
#31 = AXIS2_PLACEMENT_3D('',#32,#33,#34);
#32 = CARTESIAN_POINT('',(0.,0.,0.));
#33 = DIRECTION('',(0.,0.,1.));
#34 = DIRECTION('',(1.,0.,-0.));
#35 = AXIS2_PLACEMENT_3D('',#36,#37,#38);
#36 = CARTESIAN_POINT('',(0.,0.,0.));
#37 = DIRECTION('',(0.,0.,1.));
#38 = DIRECTION('',(1.,0.,-0.));
#39 = AXIS2_PLACEMENT_3D('',#40,#41,#42);
#40 = CARTESIAN_POINT('',(0.,0.,0.));
#41 = DIRECTION('',(0.,0.,1.));
#42 = DIRECTION('',(1.,0.,-0.));
#43 = AXIS2_PLACEMENT_3D('',#44,#45,#46);
#44 = CARTESIAN_POINT('',(0.,0.,0.));
#45 = DIRECTION('',(0.,0.,1.));
#46 = DIRECTION('',(1.,0.,-0.));
#47 = AXIS2_PLACEMENT_3D('',#48,#49,#50);
#48 = CARTESIAN_POINT('',(0.,0.,0.));
#49 = DIRECTION('',(0.,0.,1.));
#50 = DIRECTION('',(1.,0.,-0.));
#51 = AXIS2_PLACEMENT_3D('',#52,#53,#54);
#52 = CARTESIAN_POINT('',(0.,0.,0.));
#53 = DIRECTION('',(0.,0.,1.));
#54 = DIRECTION('',(1.,0.,-0.));
#55 = AXIS2_PLACEMENT_3D('',#56,#57,#58);
#56 = CARTESIAN_POINT('',(0.,0.,0.));
#57 = DIRECTION('',(0.,0.,1.));
#58 = DIRECTION('',(1.,0.,-0.));
#59 = AXIS2_PLACEMENT_3D('',#60,#61,#62);
#60 = CARTESIAN_POINT('',(0.,0.,0.));
#61 = DIRECTION('',(0.,0.,1.));
#62 = DIRECTION('',(1.,0.,-0.));
#63 = ( GEOMETRIC_REPRESENTATION_CONTEXT(3) 
GLOBAL_UNCERTAINTY_ASSIGNED_CONTEXT((#67)) GLOBAL_UNIT_ASSIGNED_CONTEXT(
(#64,#65,#66)) REPRESENTATION_CONTEXT('Context #1',
  '3D Context with UNIT and UNCERTAINTY') );
#64 = ( LENGTH_UNIT() NAMED_UNIT(*) SI_UNIT(.MILLI.,.METRE.) );
#65 = ( NAMED_UNIT(*) PLANE_ANGLE_UNIT() SI_UNIT($,.RADIAN.) );
#66 = ( NAMED_UNIT(*) SI_UNIT($,.STERADIAN.) SOLID_ANGLE_UNIT() );
#67 = UNCERTAINTY_MEASURE_WITH_UNIT(LENGTH_MEASURE(1.E-06),#64,
  'distance_accuracy_value','confusion accuracy');
#68 = PRODUCT_RELATED_PRODUCT_CATEGORY('part',$,(#7));
#69 = SHAPE_DEFINITION_REPRESENTATION(#70,#76);
#70 = PRODUCT_DEFINITION_SHAPE('','',#71);
#71 = PRODUCT_DEFINITION('design','',#72,#75);
#72 = PRODUCT_DEFINITION_FORMATION('','',#73);
#73 = PRODUCT('body','body','',(#74));
#74 = PRODUCT_CONTEXT('',#2,'mechanical');
#75 = PRODUCT_DEFINITION_CONTEXT('part definition',#2,'design');
#76 = ADVANCED_BREP_SHAPE_REPRESENTATION('',(#11,#77),#2913);
#77 = MANIFOLD_SOLID_BREP('',#78);
#78 = CLOSED_SHELL('',(#79,#197,#393,#498,#604,#681,#735,#789,#844,#899,
    #931,#1108,#1157,#1329,#1354,#1403,#1451,#1499,#1548,#1597,#1624,
    #2081,#2158,#2207,#2256,#2310,#2360,#2409,#2458,#2486,#2563,#2612,
    #2662,#2711,#2761,#2810,#2864,#2891,#2902));
#79 = ADVANCED_FACE('',(#80),#94,.F.);
#80 = FACE_BOUND('',#81,.F.);
#81 = EDGE_LOOP('',(#82,#117,#145,#171));
#82 = ORIENTED_EDGE('',*,*,#83,.F.);
#83 = EDGE_CURVE('',#84,#86,#88,.T.);
#84 = VERTEX_POINT('',#85);
#85 = CARTESIAN_POINT('',(-98.,-1.42108547152E-14,0.));
#86 = VERTEX_POINT('',#87);
#87 = CARTESIAN_POINT('',(98.,-1.42108547152E-14,0.));
#88 = SURFACE_CURVE('',#89,(#93,#105),.PCURVE_S1.);
#89 = LINE('',#90,#91);
#90 = CARTESIAN_POINT('',(-170.,0.,0.));
#91 = VECTOR('',#92,1.);
#92 = DIRECTION('',(1.,0.,0.));
#93 = PCURVE('',#94,#99);
#94 = PLANE('',#95);
#95 = AXIS2_PLACEMENT_3D('',#96,#97,#98);
#96 = CARTESIAN_POINT('',(-170.,0.,0.));
#97 = DIRECTION('',(0.,1.,0.));
#98 = DIRECTION('',(1.,0.,0.));
#99 = DEFINITIONAL_REPRESENTATION('',(#100),#104);
#100 = LINE('',#101,#102);
#101 = CARTESIAN_POINT('',(0.,0.));
#102 = VECTOR('',#103,1.);
#103 = DIRECTION('',(1.,0.));
#104 = ( GEOMETRIC_REPRESENTATION_CONTEXT(2) 
PARAMETRIC_REPRESENTATION_CONTEXT() REPRESENTATION_CONTEXT('2D SPACE',''
  ) );
#105 = PCURVE('',#106,#111);
#106 = PLANE('',#107);
#107 = AXIS2_PLACEMENT_3D('',#108,#109,#110);
#108 = CARTESIAN_POINT('',(0.,280.,0.));
#109 = DIRECTION('',(0.,0.,1.));
#110 = DIRECTION('',(1.,0.,-0.));
#111 = DEFINITIONAL_REPRESENTATION('',(#112),#116);
#112 = LINE('',#113,#114);
#113 = CARTESIAN_POINT('',(-170.,-280.));
#114 = VECTOR('',#115,1.);
#115 = DIRECTION('',(1.,0.));
#116 = ( GEOMETRIC_REPRESENTATION_CONTEXT(2) 
PARAMETRIC_REPRESENTATION_CONTEXT() REPRESENTATION_CONTEXT('2D SPACE',''
  ) );
#117 = ORIENTED_EDGE('',*,*,#118,.T.);
#118 = EDGE_CURVE('',#84,#119,#121,.T.);
#119 = VERTEX_POINT('',#120);
#120 = CARTESIAN_POINT('',(-98.,-1.42108547152E-14,6.));
#121 = SURFACE_CURVE('',#122,(#126,#133),.PCURVE_S1.);
#122 = LINE('',#123,#124);
#123 = CARTESIAN_POINT('',(-98.,-1.42108547152E-14,0.));
#124 = VECTOR('',#125,1.);
#125 = DIRECTION('',(0.,0.,1.));
#126 = PCURVE('',#94,#127);
#127 = DEFINITIONAL_REPRESENTATION('',(#128),#132);
#128 = LINE('',#129,#130);
#129 = CARTESIAN_POINT('',(72.,-0.));
#130 = VECTOR('',#131,1.);
#131 = DIRECTION('',(0.,-1.));
#132 = ( GEOMETRIC_REPRESENTATION_CONTEXT(2) 
PARAMETRIC_REPRESENTATION_CONTEXT() REPRESENTATION_CONTEXT('2D SPACE',''
  ) );
#133 = PCURVE('',#134,#139);
#134 = CYLINDRICAL_SURFACE('',#135,72.);
#135 = AXIS2_PLACEMENT_3D('',#136,#137,#138);
#136 = CARTESIAN_POINT('',(-98.,72.,0.));
#137 = DIRECTION('',(0.,0.,1.));
#138 = DIRECTION('',(0.,-1.,0.));
#139 = DEFINITIONAL_REPRESENTATION('',(#140),#144);
#140 = LINE('',#141,#142);
#141 = CARTESIAN_POINT('',(-0.,0.));
#142 = VECTOR('',#143,1.);
#143 = DIRECTION('',(-0.,1.));
#144 = ( GEOMETRIC_REPRESENTATION_CONTEXT(2) 
PARAMETRIC_REPRESENTATION_CONTEXT() REPRESENTATION_CONTEXT('2D SPACE',''
  ) );
#145 = ORIENTED_EDGE('',*,*,#146,.T.);
#146 = EDGE_CURVE('',#119,#147,#149,.T.);
#147 = VERTEX_POINT('',#148);
#148 = CARTESIAN_POINT('',(98.,-1.42108547152E-14,6.));
#149 = SURFACE_CURVE('',#150,(#154,#160),.PCURVE_S1.);
#150 = LINE('',#151,#152);
#151 = CARTESIAN_POINT('',(-160.,0.,6.));
#152 = VECTOR('',#153,1.);
#153 = DIRECTION('',(1.,0.,0.));
#154 = PCURVE('',#94,#155);
#155 = DEFINITIONAL_REPRESENTATION('',(#156),#159);
#156 = B_SPLINE_CURVE_WITH_KNOTS('',1,(#157,#158),.UNSPECIFIED.,.F.,.F.,
  (2,2),(62.,258.),.PIECEWISE_BEZIER_KNOTS.);
#157 = CARTESIAN_POINT('',(72.,-6.));
#158 = CARTESIAN_POINT('',(268.,-6.));
#159 = ( GEOMETRIC_REPRESENTATION_CONTEXT(2) 
PARAMETRIC_REPRESENTATION_CONTEXT() REPRESENTATION_CONTEXT('2D SPACE',''
  ) );
#160 = PCURVE('',#161,#166);
#161 = PLANE('',#162);
#162 = AXIS2_PLACEMENT_3D('',#163,#164,#165);
#163 = CARTESIAN_POINT('',(-150.,-5.,6.));
#164 = DIRECTION('',(0.,0.,1.));
#165 = DIRECTION('',(1.,0.,0.));
#166 = DEFINITIONAL_REPRESENTATION('',(#167),#170);
#167 = B_SPLINE_CURVE_WITH_KNOTS('',1,(#168,#169),.UNSPECIFIED.,.F.,.F.,
  (2,2),(62.,258.),.PIECEWISE_BEZIER_KNOTS.);
#168 = CARTESIAN_POINT('',(52.,5.));
#169 = CARTESIAN_POINT('',(248.,5.));
#170 = ( GEOMETRIC_REPRESENTATION_CONTEXT(2) 
PARAMETRIC_REPRESENTATION_CONTEXT() REPRESENTATION_CONTEXT('2D SPACE',''
  ) );
#171 = ORIENTED_EDGE('',*,*,#172,.F.);
#172 = EDGE_CURVE('',#86,#147,#173,.T.);
#173 = SURFACE_CURVE('',#174,(#178,#185),.PCURVE_S1.);
#174 = LINE('',#175,#176);
#175 = CARTESIAN_POINT('',(98.,-1.42108547152E-14,0.));
#176 = VECTOR('',#177,1.);
#177 = DIRECTION('',(0.,0.,1.));
#178 = PCURVE('',#94,#179);
#179 = DEFINITIONAL_REPRESENTATION('',(#180),#184);
#180 = LINE('',#181,#182);
#181 = CARTESIAN_POINT('',(268.,0.));
#182 = VECTOR('',#183,1.);
#183 = DIRECTION('',(0.,-1.));
#184 = ( GEOMETRIC_REPRESENTATION_CONTEXT(2) 
PARAMETRIC_REPRESENTATION_CONTEXT() REPRESENTATION_CONTEXT('2D SPACE',''
  ) );
#185 = PCURVE('',#186,#191);
#186 = CYLINDRICAL_SURFACE('',#187,72.);
#187 = AXIS2_PLACEMENT_3D('',#188,#189,#190);
#188 = CARTESIAN_POINT('',(98.,72.,0.));
#189 = DIRECTION('',(0.,0.,1.));
#190 = DIRECTION('',(0.,-1.,0.));
#191 = DEFINITIONAL_REPRESENTATION('',(#192),#196);
#192 = LINE('',#193,#194);
#193 = CARTESIAN_POINT('',(0.,0.));
#194 = VECTOR('',#195,1.);
#195 = DIRECTION('',(0.,1.));
#196 = ( GEOMETRIC_REPRESENTATION_CONTEXT(2) 
PARAMETRIC_REPRESENTATION_CONTEXT() REPRESENTATION_CONTEXT('2D SPACE',''
  ) );
#197 = ADVANCED_FACE('',(#198),#106,.F.);
#198 = FACE_BOUND('',#199,.F.);
#199 = EDGE_LOOP('',(#200,#201,#225,#253,#282,#310,#339,#367));
#200 = ORIENTED_EDGE('',*,*,#83,.T.);
#201 = ORIENTED_EDGE('',*,*,#202,.T.);
#202 = EDGE_CURVE('',#86,#203,#205,.T.);
#203 = VERTEX_POINT('',#204);
#204 = CARTESIAN_POINT('',(170.,72.,0.));
#205 = SURFACE_CURVE('',#206,(#211,#218),.PCURVE_S1.);
#206 = CIRCLE('',#207,72.);
#207 = AXIS2_PLACEMENT_3D('',#208,#209,#210);
#208 = CARTESIAN_POINT('',(98.,72.,0.));
#209 = DIRECTION('',(0.,0.,1.));
#210 = DIRECTION('',(0.,-1.,0.));
#211 = PCURVE('',#106,#212);
#212 = DEFINITIONAL_REPRESENTATION('',(#213),#217);
#213 = CIRCLE('',#214,72.);
#214 = AXIS2_PLACEMENT_2D('',#215,#216);
#215 = CARTESIAN_POINT('',(98.,-208.));
#216 = DIRECTION('',(0.,-1.));
#217 = ( GEOMETRIC_REPRESENTATION_CONTEXT(2) 
PARAMETRIC_REPRESENTATION_CONTEXT() REPRESENTATION_CONTEXT('2D SPACE',''
  ) );
#218 = PCURVE('',#186,#219);
#219 = DEFINITIONAL_REPRESENTATION('',(#220),#224);
#220 = LINE('',#221,#222);
#221 = CARTESIAN_POINT('',(0.,0.));
#222 = VECTOR('',#223,1.);
#223 = DIRECTION('',(1.,0.));
#224 = ( GEOMETRIC_REPRESENTATION_CONTEXT(2) 
PARAMETRIC_REPRESENTATION_CONTEXT() REPRESENTATION_CONTEXT('2D SPACE',''
  ) );
#225 = ORIENTED_EDGE('',*,*,#226,.T.);
#226 = EDGE_CURVE('',#203,#227,#229,.T.);
#227 = VERTEX_POINT('',#228);
#228 = CARTESIAN_POINT('',(170.,488.,0.));
#229 = SURFACE_CURVE('',#230,(#234,#241),.PCURVE_S1.);
#230 = LINE('',#231,#232);
#231 = CARTESIAN_POINT('',(170.,0.,0.));
#232 = VECTOR('',#233,1.);
#233 = DIRECTION('',(0.,1.,0.));
#234 = PCURVE('',#106,#235);
#235 = DEFINITIONAL_REPRESENTATION('',(#236),#240);
#236 = LINE('',#237,#238);
#237 = CARTESIAN_POINT('',(170.,-280.));
#238 = VECTOR('',#239,1.);
#239 = DIRECTION('',(0.,1.));
#240 = ( GEOMETRIC_REPRESENTATION_CONTEXT(2) 
PARAMETRIC_REPRESENTATION_CONTEXT() REPRESENTATION_CONTEXT('2D SPACE',''
  ) );
#241 = PCURVE('',#242,#247);
#242 = PLANE('',#243);
#243 = AXIS2_PLACEMENT_3D('',#244,#245,#246);
#244 = CARTESIAN_POINT('',(170.,0.,0.));
#245 = DIRECTION('',(-1.,0.,0.));
#246 = DIRECTION('',(0.,1.,0.));
#247 = DEFINITIONAL_REPRESENTATION('',(#248),#252);
#248 = LINE('',#249,#250);
#249 = CARTESIAN_POINT('',(0.,0.));
#250 = VECTOR('',#251,1.);
#251 = DIRECTION('',(1.,0.));
#252 = ( GEOMETRIC_REPRESENTATION_CONTEXT(2) 
PARAMETRIC_REPRESENTATION_CONTEXT() REPRESENTATION_CONTEXT('2D SPACE',''
  ) );
#253 = ORIENTED_EDGE('',*,*,#254,.T.);
#254 = EDGE_CURVE('',#227,#255,#257,.T.);
#255 = VERTEX_POINT('',#256);
#256 = CARTESIAN_POINT('',(98.,560.,0.));
#257 = SURFACE_CURVE('',#258,(#263,#270),.PCURVE_S1.);
#258 = CIRCLE('',#259,72.);
#259 = AXIS2_PLACEMENT_3D('',#260,#261,#262);
#260 = CARTESIAN_POINT('',(98.,488.,0.));
#261 = DIRECTION('',(0.,0.,1.));
#262 = DIRECTION('',(0.,-1.,0.));
#263 = PCURVE('',#106,#264);
#264 = DEFINITIONAL_REPRESENTATION('',(#265),#269);
#265 = CIRCLE('',#266,72.);
#266 = AXIS2_PLACEMENT_2D('',#267,#268);
#267 = CARTESIAN_POINT('',(98.,208.));
#268 = DIRECTION('',(0.,-1.));
#269 = ( GEOMETRIC_REPRESENTATION_CONTEXT(2) 
PARAMETRIC_REPRESENTATION_CONTEXT() REPRESENTATION_CONTEXT('2D SPACE',''
  ) );
#270 = PCURVE('',#271,#276);
#271 = CYLINDRICAL_SURFACE('',#272,72.);
#272 = AXIS2_PLACEMENT_3D('',#273,#274,#275);
#273 = CARTESIAN_POINT('',(98.,488.,0.));
#274 = DIRECTION('',(0.,0.,1.));
#275 = DIRECTION('',(1.,0.,-0.));
#276 = DEFINITIONAL_REPRESENTATION('',(#277),#281);
#277 = LINE('',#278,#279);
#278 = CARTESIAN_POINT('',(-1.570796326795,0.));
#279 = VECTOR('',#280,1.);
#280 = DIRECTION('',(1.,0.));
#281 = ( GEOMETRIC_REPRESENTATION_CONTEXT(2) 
PARAMETRIC_REPRESENTATION_CONTEXT() REPRESENTATION_CONTEXT('2D SPACE',''
  ) );
#282 = ORIENTED_EDGE('',*,*,#283,.T.);
#283 = EDGE_CURVE('',#255,#284,#286,.T.);
#284 = VERTEX_POINT('',#285);
#285 = CARTESIAN_POINT('',(-98.,560.,0.));
#286 = SURFACE_CURVE('',#287,(#291,#298),.PCURVE_S1.);
#287 = LINE('',#288,#289);
#288 = CARTESIAN_POINT('',(170.,560.,0.));
#289 = VECTOR('',#290,1.);
#290 = DIRECTION('',(-1.,0.,0.));
#291 = PCURVE('',#106,#292);
#292 = DEFINITIONAL_REPRESENTATION('',(#293),#297);
#293 = LINE('',#294,#295);
#294 = CARTESIAN_POINT('',(170.,280.));
#295 = VECTOR('',#296,1.);
#296 = DIRECTION('',(-1.,0.));
#297 = ( GEOMETRIC_REPRESENTATION_CONTEXT(2) 
PARAMETRIC_REPRESENTATION_CONTEXT() REPRESENTATION_CONTEXT('2D SPACE',''
  ) );
#298 = PCURVE('',#299,#304);
#299 = PLANE('',#300);
#300 = AXIS2_PLACEMENT_3D('',#301,#302,#303);
#301 = CARTESIAN_POINT('',(170.,560.,0.));
#302 = DIRECTION('',(0.,-1.,0.));
#303 = DIRECTION('',(-1.,0.,0.));
#304 = DEFINITIONAL_REPRESENTATION('',(#305),#309);
#305 = LINE('',#306,#307);
#306 = CARTESIAN_POINT('',(0.,-0.));
#307 = VECTOR('',#308,1.);
#308 = DIRECTION('',(1.,0.));
#309 = ( GEOMETRIC_REPRESENTATION_CONTEXT(2) 
PARAMETRIC_REPRESENTATION_CONTEXT() REPRESENTATION_CONTEXT('2D SPACE',''
  ) );
#310 = ORIENTED_EDGE('',*,*,#311,.T.);
#311 = EDGE_CURVE('',#284,#312,#314,.T.);
#312 = VERTEX_POINT('',#313);
#313 = CARTESIAN_POINT('',(-170.,488.,0.));
#314 = SURFACE_CURVE('',#315,(#320,#327),.PCURVE_S1.);
#315 = CIRCLE('',#316,72.);
#316 = AXIS2_PLACEMENT_3D('',#317,#318,#319);
#317 = CARTESIAN_POINT('',(-98.,488.,0.));
#318 = DIRECTION('',(0.,0.,1.));
#319 = DIRECTION('',(0.,-1.,0.));
#320 = PCURVE('',#106,#321);
#321 = DEFINITIONAL_REPRESENTATION('',(#322),#326);
#322 = CIRCLE('',#323,72.);
#323 = AXIS2_PLACEMENT_2D('',#324,#325);
#324 = CARTESIAN_POINT('',(-98.,208.));
#325 = DIRECTION('',(0.,-1.));
#326 = ( GEOMETRIC_REPRESENTATION_CONTEXT(2) 
PARAMETRIC_REPRESENTATION_CONTEXT() REPRESENTATION_CONTEXT('2D SPACE',''
  ) );
#327 = PCURVE('',#328,#333);
#328 = CYLINDRICAL_SURFACE('',#329,72.);
#329 = AXIS2_PLACEMENT_3D('',#330,#331,#332);
#330 = CARTESIAN_POINT('',(-98.,488.,0.));
#331 = DIRECTION('',(0.,0.,1.));
#332 = DIRECTION('',(-0.,1.,0.));
#333 = DEFINITIONAL_REPRESENTATION('',(#334),#338);
#334 = LINE('',#335,#336);
#335 = CARTESIAN_POINT('',(-3.14159265359,0.));
#336 = VECTOR('',#337,1.);
#337 = DIRECTION('',(1.,0.));
#338 = ( GEOMETRIC_REPRESENTATION_CONTEXT(2) 
PARAMETRIC_REPRESENTATION_CONTEXT() REPRESENTATION_CONTEXT('2D SPACE',''
  ) );
#339 = ORIENTED_EDGE('',*,*,#340,.T.);
#340 = EDGE_CURVE('',#312,#341,#343,.T.);
#341 = VERTEX_POINT('',#342);
#342 = CARTESIAN_POINT('',(-170.,72.,0.));
#343 = SURFACE_CURVE('',#344,(#348,#355),.PCURVE_S1.);
#344 = LINE('',#345,#346);
#345 = CARTESIAN_POINT('',(-170.,560.,0.));
#346 = VECTOR('',#347,1.);
#347 = DIRECTION('',(0.,-1.,0.));
#348 = PCURVE('',#106,#349);
#349 = DEFINITIONAL_REPRESENTATION('',(#350),#354);
#350 = LINE('',#351,#352);
#351 = CARTESIAN_POINT('',(-170.,280.));
#352 = VECTOR('',#353,1.);
#353 = DIRECTION('',(0.,-1.));
#354 = ( GEOMETRIC_REPRESENTATION_CONTEXT(2) 
PARAMETRIC_REPRESENTATION_CONTEXT() REPRESENTATION_CONTEXT('2D SPACE',''
  ) );
#355 = PCURVE('',#356,#361);
#356 = PLANE('',#357);
#357 = AXIS2_PLACEMENT_3D('',#358,#359,#360);
#358 = CARTESIAN_POINT('',(-170.,560.,0.));
#359 = DIRECTION('',(1.,0.,-0.));
#360 = DIRECTION('',(0.,-1.,0.));
#361 = DEFINITIONAL_REPRESENTATION('',(#362),#366);
#362 = LINE('',#363,#364);
#363 = CARTESIAN_POINT('',(0.,0.));
#364 = VECTOR('',#365,1.);
#365 = DIRECTION('',(1.,0.));
#366 = ( GEOMETRIC_REPRESENTATION_CONTEXT(2) 
PARAMETRIC_REPRESENTATION_CONTEXT() REPRESENTATION_CONTEXT('2D SPACE',''
  ) );
#367 = ORIENTED_EDGE('',*,*,#368,.F.);
#368 = EDGE_CURVE('',#84,#341,#369,.T.);
#369 = SURFACE_CURVE('',#370,(#375,#386),.PCURVE_S1.);
#370 = CIRCLE('',#371,72.);
#371 = AXIS2_PLACEMENT_3D('',#372,#373,#374);
#372 = CARTESIAN_POINT('',(-98.,72.,0.));
#373 = DIRECTION('',(-0.,-0.,-1.));
#374 = DIRECTION('',(0.,-1.,0.));
#375 = PCURVE('',#106,#376);
#376 = DEFINITIONAL_REPRESENTATION('',(#377),#385);
#377 = ( BOUNDED_CURVE() B_SPLINE_CURVE(2,(#378,#379,#380,#381,#382,#383
,#384),.UNSPECIFIED.,.T.,.F.) B_SPLINE_CURVE_WITH_KNOTS((1,2,2,2,2,1),(
    -2.094395102393,0.,2.094395102393,4.188790204786,6.28318530718,
8.377580409573),.UNSPECIFIED.) CURVE() GEOMETRIC_REPRESENTATION_ITEM() 
RATIONAL_B_SPLINE_CURVE((1.,0.5,1.,0.5,1.,0.5,1.)) REPRESENTATION_ITEM(
  '') );
#378 = CARTESIAN_POINT('',(-98.,-280.));
#379 = CARTESIAN_POINT('',(-222.7076581449,-280.));
#380 = CARTESIAN_POINT('',(-160.3538290724,-172.));
#381 = CARTESIAN_POINT('',(-98.,-64.));
#382 = CARTESIAN_POINT('',(-35.64617092752,-172.));
#383 = CARTESIAN_POINT('',(26.707658144959,-280.));
#384 = CARTESIAN_POINT('',(-98.,-280.));
#385 = ( GEOMETRIC_REPRESENTATION_CONTEXT(2) 
PARAMETRIC_REPRESENTATION_CONTEXT() REPRESENTATION_CONTEXT('2D SPACE',''
  ) );
#386 = PCURVE('',#134,#387);
#387 = DEFINITIONAL_REPRESENTATION('',(#388),#392);
#388 = LINE('',#389,#390);
#389 = CARTESIAN_POINT('',(-0.,0.));
#390 = VECTOR('',#391,1.);
#391 = DIRECTION('',(-1.,0.));
#392 = ( GEOMETRIC_REPRESENTATION_CONTEXT(2) 
PARAMETRIC_REPRESENTATION_CONTEXT() REPRESENTATION_CONTEXT('2D SPACE',''
  ) );
#393 = ADVANCED_FACE('',(#394),#186,.T.);
#394 = FACE_BOUND('',#395,.T.);
#395 = EDGE_LOOP('',(#396,#397,#398,#421,#450,#476));
#396 = ORIENTED_EDGE('',*,*,#172,.F.);
#397 = ORIENTED_EDGE('',*,*,#202,.T.);
#398 = ORIENTED_EDGE('',*,*,#399,.T.);
#399 = EDGE_CURVE('',#203,#400,#402,.T.);
#400 = VERTEX_POINT('',#401);
#401 = CARTESIAN_POINT('',(170.,72.,66.));
#402 = SURFACE_CURVE('',#403,(#407,#414),.PCURVE_S1.);
#403 = LINE('',#404,#405);
#404 = CARTESIAN_POINT('',(170.,72.,0.));
#405 = VECTOR('',#406,1.);
#406 = DIRECTION('',(0.,0.,1.));
#407 = PCURVE('',#186,#408);
#408 = DEFINITIONAL_REPRESENTATION('',(#409),#413);
#409 = LINE('',#410,#411);
#410 = CARTESIAN_POINT('',(1.570796326795,0.));
#411 = VECTOR('',#412,1.);
#412 = DIRECTION('',(0.,1.));
#413 = ( GEOMETRIC_REPRESENTATION_CONTEXT(2) 
PARAMETRIC_REPRESENTATION_CONTEXT() REPRESENTATION_CONTEXT('2D SPACE',''
  ) );
#414 = PCURVE('',#242,#415);
#415 = DEFINITIONAL_REPRESENTATION('',(#416),#420);
#416 = LINE('',#417,#418);
#417 = CARTESIAN_POINT('',(72.,0.));
#418 = VECTOR('',#419,1.);
#419 = DIRECTION('',(0.,-1.));
#420 = ( GEOMETRIC_REPRESENTATION_CONTEXT(2) 
PARAMETRIC_REPRESENTATION_CONTEXT() REPRESENTATION_CONTEXT('2D SPACE',''
  ) );
#421 = ORIENTED_EDGE('',*,*,#422,.F.);
#422 = EDGE_CURVE('',#423,#400,#425,.T.);
#423 = VERTEX_POINT('',#424);
#424 = CARTESIAN_POINT('',(150.,22.200401608045,66.));
#425 = SURFACE_CURVE('',#426,(#431,#438),.PCURVE_S1.);
#426 = CIRCLE('',#427,72.);
#427 = AXIS2_PLACEMENT_3D('',#428,#429,#430);
#428 = CARTESIAN_POINT('',(98.,72.,66.));
#429 = DIRECTION('',(0.,0.,1.));
#430 = DIRECTION('',(0.,-1.,0.));
#431 = PCURVE('',#186,#432);
#432 = DEFINITIONAL_REPRESENTATION('',(#433),#437);
#433 = LINE('',#434,#435);
#434 = CARTESIAN_POINT('',(0.,66.));
#435 = VECTOR('',#436,1.);
#436 = DIRECTION('',(1.,0.));
#437 = ( GEOMETRIC_REPRESENTATION_CONTEXT(2) 
PARAMETRIC_REPRESENTATION_CONTEXT() REPRESENTATION_CONTEXT('2D SPACE',''
  ) );
#438 = PCURVE('',#439,#444);
#439 = TOROIDAL_SURFACE('',#440,58.,14.);
#440 = AXIS2_PLACEMENT_3D('',#441,#442,#443);
#441 = CARTESIAN_POINT('',(98.,72.,66.));
#442 = DIRECTION('',(0.,0.,1.));
#443 = DIRECTION('',(0.,-1.,0.));
#444 = DEFINITIONAL_REPRESENTATION('',(#445),#449);
#445 = LINE('',#446,#447);
#446 = CARTESIAN_POINT('',(0.,0.));
#447 = VECTOR('',#448,1.);
#448 = DIRECTION('',(1.,0.));
#449 = ( GEOMETRIC_REPRESENTATION_CONTEXT(2) 
PARAMETRIC_REPRESENTATION_CONTEXT() REPRESENTATION_CONTEXT('2D SPACE',''
  ) );
#450 = ORIENTED_EDGE('',*,*,#451,.F.);
#451 = EDGE_CURVE('',#452,#423,#454,.T.);
#452 = VERTEX_POINT('',#453);
#453 = CARTESIAN_POINT('',(150.,22.200401608045,6.));
#454 = SURFACE_CURVE('',#455,(#459,#465),.PCURVE_S1.);
#455 = LINE('',#456,#457);
#456 = CARTESIAN_POINT('',(150.,22.200401608045,0.));
#457 = VECTOR('',#458,1.);
#458 = DIRECTION('',(0.,0.,1.));
#459 = PCURVE('',#186,#460);
#460 = DEFINITIONAL_REPRESENTATION('',(#461),#464);
#461 = B_SPLINE_CURVE_WITH_KNOTS('',1,(#462,#463),.UNSPECIFIED.,.F.,.F.,
  (2,2),(-6.E-07,66.0000006),.PIECEWISE_BEZIER_KNOTS.);
#462 = CARTESIAN_POINT('',(0.807009830397,-6.E-07));
#463 = CARTESIAN_POINT('',(0.807009830397,66.0000006));
#464 = ( GEOMETRIC_REPRESENTATION_CONTEXT(2) 
PARAMETRIC_REPRESENTATION_CONTEXT() REPRESENTATION_CONTEXT('2D SPACE',''
  ) );
#465 = PCURVE('',#466,#471);
#466 = PLANE('',#467);
#467 = AXIS2_PLACEMENT_3D('',#468,#469,#470);
#468 = CARTESIAN_POINT('',(150.,-5.,6.));
#469 = DIRECTION('',(1.,0.,0.));
#470 = DIRECTION('',(0.,0.,1.));
#471 = DEFINITIONAL_REPRESENTATION('',(#472),#475);
#472 = B_SPLINE_CURVE_WITH_KNOTS('',1,(#473,#474),.UNSPECIFIED.,.F.,.F.,
  (2,2),(-6.E-07,66.0000006),.PIECEWISE_BEZIER_KNOTS.);
#473 = CARTESIAN_POINT('',(-6.0000006,-27.20040160804));
#474 = CARTESIAN_POINT('',(60.0000006,-27.20040160804));
#475 = ( GEOMETRIC_REPRESENTATION_CONTEXT(2) 
PARAMETRIC_REPRESENTATION_CONTEXT() REPRESENTATION_CONTEXT('2D SPACE',''
  ) );
#476 = ORIENTED_EDGE('',*,*,#477,.F.);
#477 = EDGE_CURVE('',#147,#452,#478,.T.);
#478 = SURFACE_CURVE('',#479,(#484,#491),.PCURVE_S1.);
#479 = CIRCLE('',#480,72.);
#480 = AXIS2_PLACEMENT_3D('',#481,#482,#483);
#481 = CARTESIAN_POINT('',(98.,72.,6.));
#482 = DIRECTION('',(0.,0.,1.));
#483 = DIRECTION('',(0.,-1.,0.));
#484 = PCURVE('',#186,#485);
#485 = DEFINITIONAL_REPRESENTATION('',(#486),#490);
#486 = LINE('',#487,#488);
#487 = CARTESIAN_POINT('',(0.,6.));
#488 = VECTOR('',#489,1.);
#489 = DIRECTION('',(1.,0.));
#490 = ( GEOMETRIC_REPRESENTATION_CONTEXT(2) 
PARAMETRIC_REPRESENTATION_CONTEXT() REPRESENTATION_CONTEXT('2D SPACE',''
  ) );
#491 = PCURVE('',#161,#492);
#492 = DEFINITIONAL_REPRESENTATION('',(#493),#497);
#493 = CIRCLE('',#494,72.);
#494 = AXIS2_PLACEMENT_2D('',#495,#496);
#495 = CARTESIAN_POINT('',(248.,77.));
#496 = DIRECTION('',(0.,-1.));
#497 = ( GEOMETRIC_REPRESENTATION_CONTEXT(2) 
PARAMETRIC_REPRESENTATION_CONTEXT() REPRESENTATION_CONTEXT('2D SPACE',''
  ) );
#498 = ADVANCED_FACE('',(#499),#161,.T.);
#499 = FACE_BOUND('',#500,.T.);
#500 = EDGE_LOOP('',(#501,#531,#553,#554,#555,#578));
#501 = ORIENTED_EDGE('',*,*,#502,.F.);
#502 = EDGE_CURVE('',#503,#505,#507,.T.);
#503 = VERTEX_POINT('',#504);
#504 = CARTESIAN_POINT('',(-150.,22.200401608045,6.));
#505 = VERTEX_POINT('',#506);
#506 = CARTESIAN_POINT('',(-150.,136.,6.));
#507 = SURFACE_CURVE('',#508,(#512,#519),.PCURVE_S1.);
#508 = LINE('',#509,#510);
#509 = CARTESIAN_POINT('',(-150.,-5.,6.));
#510 = VECTOR('',#511,1.);
#511 = DIRECTION('',(0.,1.,0.));
#512 = PCURVE('',#161,#513);
#513 = DEFINITIONAL_REPRESENTATION('',(#514),#518);
#514 = LINE('',#515,#516);
#515 = CARTESIAN_POINT('',(0.,0.));
#516 = VECTOR('',#517,1.);
#517 = DIRECTION('',(0.,1.));
#518 = ( GEOMETRIC_REPRESENTATION_CONTEXT(2) 
PARAMETRIC_REPRESENTATION_CONTEXT() REPRESENTATION_CONTEXT('2D SPACE',''
  ) );
#519 = PCURVE('',#520,#525);
#520 = PLANE('',#521);
#521 = AXIS2_PLACEMENT_3D('',#522,#523,#524);
#522 = CARTESIAN_POINT('',(-150.,-5.,6.));
#523 = DIRECTION('',(1.,0.,0.));
#524 = DIRECTION('',(0.,0.,1.));
#525 = DEFINITIONAL_REPRESENTATION('',(#526),#530);
#526 = LINE('',#527,#528);
#527 = CARTESIAN_POINT('',(0.,0.));
#528 = VECTOR('',#529,1.);
#529 = DIRECTION('',(0.,-1.));
#530 = ( GEOMETRIC_REPRESENTATION_CONTEXT(2) 
PARAMETRIC_REPRESENTATION_CONTEXT() REPRESENTATION_CONTEXT('2D SPACE',''
  ) );
#531 = ORIENTED_EDGE('',*,*,#532,.T.);
#532 = EDGE_CURVE('',#503,#119,#533,.T.);
#533 = SURFACE_CURVE('',#534,(#539,#546),.PCURVE_S1.);
#534 = CIRCLE('',#535,72.);
#535 = AXIS2_PLACEMENT_3D('',#536,#537,#538);
#536 = CARTESIAN_POINT('',(-98.,72.,6.));
#537 = DIRECTION('',(0.,0.,1.));
#538 = DIRECTION('',(0.,-1.,0.));
#539 = PCURVE('',#161,#540);
#540 = DEFINITIONAL_REPRESENTATION('',(#541),#545);
#541 = CIRCLE('',#542,72.);
#542 = AXIS2_PLACEMENT_2D('',#543,#544);
#543 = CARTESIAN_POINT('',(52.,77.));
#544 = DIRECTION('',(0.,-1.));
#545 = ( GEOMETRIC_REPRESENTATION_CONTEXT(2) 
PARAMETRIC_REPRESENTATION_CONTEXT() REPRESENTATION_CONTEXT('2D SPACE',''
  ) );
#546 = PCURVE('',#134,#547);
#547 = DEFINITIONAL_REPRESENTATION('',(#548),#552);
#548 = LINE('',#549,#550);
#549 = CARTESIAN_POINT('',(-6.28318530718,6.));
#550 = VECTOR('',#551,1.);
#551 = DIRECTION('',(1.,-0.));
#552 = ( GEOMETRIC_REPRESENTATION_CONTEXT(2) 
PARAMETRIC_REPRESENTATION_CONTEXT() REPRESENTATION_CONTEXT('2D SPACE',''
  ) );
#553 = ORIENTED_EDGE('',*,*,#146,.T.);
#554 = ORIENTED_EDGE('',*,*,#477,.T.);
#555 = ORIENTED_EDGE('',*,*,#556,.T.);
#556 = EDGE_CURVE('',#452,#557,#559,.T.);
#557 = VERTEX_POINT('',#558);
#558 = CARTESIAN_POINT('',(150.,136.,6.));
#559 = SURFACE_CURVE('',#560,(#564,#571),.PCURVE_S1.);
#560 = LINE('',#561,#562);
#561 = CARTESIAN_POINT('',(150.,-5.,6.));
#562 = VECTOR('',#563,1.);
#563 = DIRECTION('',(0.,1.,0.));
#564 = PCURVE('',#161,#565);
#565 = DEFINITIONAL_REPRESENTATION('',(#566),#570);
#566 = LINE('',#567,#568);
#567 = CARTESIAN_POINT('',(300.,0.));
#568 = VECTOR('',#569,1.);
#569 = DIRECTION('',(0.,1.));
#570 = ( GEOMETRIC_REPRESENTATION_CONTEXT(2) 
PARAMETRIC_REPRESENTATION_CONTEXT() REPRESENTATION_CONTEXT('2D SPACE',''
  ) );
#571 = PCURVE('',#466,#572);
#572 = DEFINITIONAL_REPRESENTATION('',(#573),#577);
#573 = LINE('',#574,#575);
#574 = CARTESIAN_POINT('',(0.,0.));
#575 = VECTOR('',#576,1.);
#576 = DIRECTION('',(0.,-1.));
#577 = ( GEOMETRIC_REPRESENTATION_CONTEXT(2) 
PARAMETRIC_REPRESENTATION_CONTEXT() REPRESENTATION_CONTEXT('2D SPACE',''
  ) );
#578 = ORIENTED_EDGE('',*,*,#579,.F.);
#579 = EDGE_CURVE('',#505,#557,#580,.T.);
#580 = SURFACE_CURVE('',#581,(#585,#592),.PCURVE_S1.);
#581 = LINE('',#582,#583);
#582 = CARTESIAN_POINT('',(-150.,136.,6.));
#583 = VECTOR('',#584,1.);
#584 = DIRECTION('',(1.,0.,0.));
#585 = PCURVE('',#161,#586);
#586 = DEFINITIONAL_REPRESENTATION('',(#587),#591);
#587 = LINE('',#588,#589);
#588 = CARTESIAN_POINT('',(0.,141.));
#589 = VECTOR('',#590,1.);
#590 = DIRECTION('',(1.,0.));
#591 = ( GEOMETRIC_REPRESENTATION_CONTEXT(2) 
PARAMETRIC_REPRESENTATION_CONTEXT() REPRESENTATION_CONTEXT('2D SPACE',''
  ) );
#592 = PCURVE('',#593,#598);
#593 = PLANE('',#594);
#594 = AXIS2_PLACEMENT_3D('',#595,#596,#597);
#595 = CARTESIAN_POINT('',(-150.,136.,6.));
#596 = DIRECTION('',(0.,1.,0.));
#597 = DIRECTION('',(0.,0.,1.));
#598 = DEFINITIONAL_REPRESENTATION('',(#599),#603);
#599 = LINE('',#600,#601);
#600 = CARTESIAN_POINT('',(0.,0.));
#601 = VECTOR('',#602,1.);
#602 = DIRECTION('',(0.,1.));
#603 = ( GEOMETRIC_REPRESENTATION_CONTEXT(2) 
PARAMETRIC_REPRESENTATION_CONTEXT() REPRESENTATION_CONTEXT('2D SPACE',''
  ) );
#604 = ADVANCED_FACE('',(#605),#134,.T.);
#605 = FACE_BOUND('',#606,.F.);
#606 = EDGE_LOOP('',(#607,#608,#609,#632,#661,#680));
#607 = ORIENTED_EDGE('',*,*,#118,.F.);
#608 = ORIENTED_EDGE('',*,*,#368,.T.);
#609 = ORIENTED_EDGE('',*,*,#610,.T.);
#610 = EDGE_CURVE('',#341,#611,#613,.T.);
#611 = VERTEX_POINT('',#612);
#612 = CARTESIAN_POINT('',(-170.,72.,66.));
#613 = SURFACE_CURVE('',#614,(#618,#625),.PCURVE_S1.);
#614 = LINE('',#615,#616);
#615 = CARTESIAN_POINT('',(-170.,72.,0.));
#616 = VECTOR('',#617,1.);
#617 = DIRECTION('',(0.,0.,1.));
#618 = PCURVE('',#134,#619);
#619 = DEFINITIONAL_REPRESENTATION('',(#620),#624);
#620 = LINE('',#621,#622);
#621 = CARTESIAN_POINT('',(-1.570796326795,0.));
#622 = VECTOR('',#623,1.);
#623 = DIRECTION('',(-0.,1.));
#624 = ( GEOMETRIC_REPRESENTATION_CONTEXT(2) 
PARAMETRIC_REPRESENTATION_CONTEXT() REPRESENTATION_CONTEXT('2D SPACE',''
  ) );
#625 = PCURVE('',#356,#626);
#626 = DEFINITIONAL_REPRESENTATION('',(#627),#631);
#627 = LINE('',#628,#629);
#628 = CARTESIAN_POINT('',(488.,0.));
#629 = VECTOR('',#630,1.);
#630 = DIRECTION('',(0.,-1.));
#631 = ( GEOMETRIC_REPRESENTATION_CONTEXT(2) 
PARAMETRIC_REPRESENTATION_CONTEXT() REPRESENTATION_CONTEXT('2D SPACE',''
  ) );
#632 = ORIENTED_EDGE('',*,*,#633,.T.);
#633 = EDGE_CURVE('',#611,#634,#636,.T.);
#634 = VERTEX_POINT('',#635);
#635 = CARTESIAN_POINT('',(-150.,22.200401608045,66.));
#636 = SURFACE_CURVE('',#637,(#642,#649),.PCURVE_S1.);
#637 = CIRCLE('',#638,72.);
#638 = AXIS2_PLACEMENT_3D('',#639,#640,#641);
#639 = CARTESIAN_POINT('',(-98.,72.,66.));
#640 = DIRECTION('',(0.,0.,1.));
#641 = DIRECTION('',(-1.,-1.973729821556E-16,0.));
#642 = PCURVE('',#134,#643);
#643 = DEFINITIONAL_REPRESENTATION('',(#644),#648);
#644 = LINE('',#645,#646);
#645 = CARTESIAN_POINT('',(-1.570796326795,66.));
#646 = VECTOR('',#647,1.);
#647 = DIRECTION('',(1.,-0.));
#648 = ( GEOMETRIC_REPRESENTATION_CONTEXT(2) 
PARAMETRIC_REPRESENTATION_CONTEXT() REPRESENTATION_CONTEXT('2D SPACE',''
  ) );
#649 = PCURVE('',#650,#655);
#650 = TOROIDAL_SURFACE('',#651,58.,14.);
#651 = AXIS2_PLACEMENT_3D('',#652,#653,#654);
#652 = CARTESIAN_POINT('',(-98.,72.,66.));
#653 = DIRECTION('',(0.,0.,1.));
#654 = DIRECTION('',(-1.,-1.973729821556E-16,0.));
#655 = DEFINITIONAL_REPRESENTATION('',(#656),#660);
#656 = LINE('',#657,#658);
#657 = CARTESIAN_POINT('',(0.,0.));
#658 = VECTOR('',#659,1.);
#659 = DIRECTION('',(1.,0.));
#660 = ( GEOMETRIC_REPRESENTATION_CONTEXT(2) 
PARAMETRIC_REPRESENTATION_CONTEXT() REPRESENTATION_CONTEXT('2D SPACE',''
  ) );
#661 = ORIENTED_EDGE('',*,*,#662,.F.);
#662 = EDGE_CURVE('',#503,#634,#663,.T.);
#663 = SURFACE_CURVE('',#664,(#668,#674),.PCURVE_S1.);
#664 = LINE('',#665,#666);
#665 = CARTESIAN_POINT('',(-150.,22.200401608045,0.));
#666 = VECTOR('',#667,1.);
#667 = DIRECTION('',(0.,0.,1.));
#668 = PCURVE('',#134,#669);
#669 = DEFINITIONAL_REPRESENTATION('',(#670),#673);
#670 = B_SPLINE_CURVE_WITH_KNOTS('',1,(#671,#672),.UNSPECIFIED.,.F.,.F.,
  (2,2),(-6.E-07,66.0000006),.PIECEWISE_BEZIER_KNOTS.);
#671 = CARTESIAN_POINT('',(-0.807009830397,-6.E-07));
#672 = CARTESIAN_POINT('',(-0.807009830397,66.0000006));
#673 = ( GEOMETRIC_REPRESENTATION_CONTEXT(2) 
PARAMETRIC_REPRESENTATION_CONTEXT() REPRESENTATION_CONTEXT('2D SPACE',''
  ) );
#674 = PCURVE('',#520,#675);
#675 = DEFINITIONAL_REPRESENTATION('',(#676),#679);
#676 = B_SPLINE_CURVE_WITH_KNOTS('',1,(#677,#678),.UNSPECIFIED.,.F.,.F.,
  (2,2),(-6.E-07,66.0000006),.PIECEWISE_BEZIER_KNOTS.);
#677 = CARTESIAN_POINT('',(-6.0000006,-27.20040160804));
#678 = CARTESIAN_POINT('',(60.0000006,-27.20040160804));
#679 = ( GEOMETRIC_REPRESENTATION_CONTEXT(2) 
PARAMETRIC_REPRESENTATION_CONTEXT() REPRESENTATION_CONTEXT('2D SPACE',''
  ) );
#680 = ORIENTED_EDGE('',*,*,#532,.T.);
#681 = ADVANCED_FACE('',(#682),#356,.F.);
#682 = FACE_BOUND('',#683,.F.);
#683 = EDGE_LOOP('',(#684,#707,#733,#734));
#684 = ORIENTED_EDGE('',*,*,#685,.T.);
#685 = EDGE_CURVE('',#312,#686,#688,.T.);
#686 = VERTEX_POINT('',#687);
#687 = CARTESIAN_POINT('',(-170.,488.,66.));
#688 = SURFACE_CURVE('',#689,(#693,#700),.PCURVE_S1.);
#689 = LINE('',#690,#691);
#690 = CARTESIAN_POINT('',(-170.,488.,0.));
#691 = VECTOR('',#692,1.);
#692 = DIRECTION('',(0.,0.,1.));
#693 = PCURVE('',#356,#694);
#694 = DEFINITIONAL_REPRESENTATION('',(#695),#699);
#695 = LINE('',#696,#697);
#696 = CARTESIAN_POINT('',(72.,0.));
#697 = VECTOR('',#698,1.);
#698 = DIRECTION('',(0.,-1.));
#699 = ( GEOMETRIC_REPRESENTATION_CONTEXT(2) 
PARAMETRIC_REPRESENTATION_CONTEXT() REPRESENTATION_CONTEXT('2D SPACE',''
  ) );
#700 = PCURVE('',#328,#701);
#701 = DEFINITIONAL_REPRESENTATION('',(#702),#706);
#702 = LINE('',#703,#704);
#703 = CARTESIAN_POINT('',(1.570796326795,0.));
#704 = VECTOR('',#705,1.);
#705 = DIRECTION('',(0.,1.));
#706 = ( GEOMETRIC_REPRESENTATION_CONTEXT(2) 
PARAMETRIC_REPRESENTATION_CONTEXT() REPRESENTATION_CONTEXT('2D SPACE',''
  ) );
#707 = ORIENTED_EDGE('',*,*,#708,.T.);
#708 = EDGE_CURVE('',#686,#611,#709,.T.);
#709 = SURFACE_CURVE('',#710,(#714,#721),.PCURVE_S1.);
#710 = LINE('',#711,#712);
#711 = CARTESIAN_POINT('',(-170.,488.,66.));
#712 = VECTOR('',#713,1.);
#713 = DIRECTION('',(0.,-1.,0.));
#714 = PCURVE('',#356,#715);
#715 = DEFINITIONAL_REPRESENTATION('',(#716),#720);
#716 = LINE('',#717,#718);
#717 = CARTESIAN_POINT('',(72.,-66.));
#718 = VECTOR('',#719,1.);
#719 = DIRECTION('',(1.,0.));
#720 = ( GEOMETRIC_REPRESENTATION_CONTEXT(2) 
PARAMETRIC_REPRESENTATION_CONTEXT() REPRESENTATION_CONTEXT('2D SPACE',''
  ) );
#721 = PCURVE('',#722,#727);
#722 = CYLINDRICAL_SURFACE('',#723,14.);
#723 = AXIS2_PLACEMENT_3D('',#724,#725,#726);
#724 = CARTESIAN_POINT('',(-156.,488.,66.));
#725 = DIRECTION('',(0.,-1.,0.));
#726 = DIRECTION('',(-1.,-0.,0.));
#727 = DEFINITIONAL_REPRESENTATION('',(#728),#732);
#728 = LINE('',#729,#730);
#729 = CARTESIAN_POINT('',(-0.,0.));
#730 = VECTOR('',#731,1.);
#731 = DIRECTION('',(-0.,1.));
#732 = ( GEOMETRIC_REPRESENTATION_CONTEXT(2) 
PARAMETRIC_REPRESENTATION_CONTEXT() REPRESENTATION_CONTEXT('2D SPACE',''
  ) );
#733 = ORIENTED_EDGE('',*,*,#610,.F.);
#734 = ORIENTED_EDGE('',*,*,#340,.F.);
#735 = ADVANCED_FACE('',(#736),#242,.F.);
#736 = FACE_BOUND('',#737,.F.);
#737 = EDGE_LOOP('',(#738,#739,#767,#788));
#738 = ORIENTED_EDGE('',*,*,#399,.T.);
#739 = ORIENTED_EDGE('',*,*,#740,.T.);
#740 = EDGE_CURVE('',#400,#741,#743,.T.);
#741 = VERTEX_POINT('',#742);
#742 = CARTESIAN_POINT('',(170.,488.,66.));
#743 = SURFACE_CURVE('',#744,(#748,#755),.PCURVE_S1.);
#744 = LINE('',#745,#746);
#745 = CARTESIAN_POINT('',(170.,72.,66.));
#746 = VECTOR('',#747,1.);
#747 = DIRECTION('',(0.,1.,0.));
#748 = PCURVE('',#242,#749);
#749 = DEFINITIONAL_REPRESENTATION('',(#750),#754);
#750 = LINE('',#751,#752);
#751 = CARTESIAN_POINT('',(72.,-66.));
#752 = VECTOR('',#753,1.);
#753 = DIRECTION('',(1.,0.));
#754 = ( GEOMETRIC_REPRESENTATION_CONTEXT(2) 
PARAMETRIC_REPRESENTATION_CONTEXT() REPRESENTATION_CONTEXT('2D SPACE',''
  ) );
#755 = PCURVE('',#756,#761);
#756 = CYLINDRICAL_SURFACE('',#757,14.);
#757 = AXIS2_PLACEMENT_3D('',#758,#759,#760);
#758 = CARTESIAN_POINT('',(156.,72.,66.));
#759 = DIRECTION('',(0.,1.,0.));
#760 = DIRECTION('',(1.,0.,-0.));
#761 = DEFINITIONAL_REPRESENTATION('',(#762),#766);
#762 = LINE('',#763,#764);
#763 = CARTESIAN_POINT('',(-0.,0.));
#764 = VECTOR('',#765,1.);
#765 = DIRECTION('',(-0.,1.));
#766 = ( GEOMETRIC_REPRESENTATION_CONTEXT(2) 
PARAMETRIC_REPRESENTATION_CONTEXT() REPRESENTATION_CONTEXT('2D SPACE',''
  ) );
#767 = ORIENTED_EDGE('',*,*,#768,.F.);
#768 = EDGE_CURVE('',#227,#741,#769,.T.);
#769 = SURFACE_CURVE('',#770,(#774,#781),.PCURVE_S1.);
#770 = LINE('',#771,#772);
#771 = CARTESIAN_POINT('',(170.,488.,0.));
#772 = VECTOR('',#773,1.);
#773 = DIRECTION('',(0.,0.,1.));
#774 = PCURVE('',#242,#775);
#775 = DEFINITIONAL_REPRESENTATION('',(#776),#780);
#776 = LINE('',#777,#778);
#777 = CARTESIAN_POINT('',(488.,0.));
#778 = VECTOR('',#779,1.);
#779 = DIRECTION('',(0.,-1.));
#780 = ( GEOMETRIC_REPRESENTATION_CONTEXT(2) 
PARAMETRIC_REPRESENTATION_CONTEXT() REPRESENTATION_CONTEXT('2D SPACE',''
  ) );
#781 = PCURVE('',#271,#782);
#782 = DEFINITIONAL_REPRESENTATION('',(#783),#787);
#783 = LINE('',#784,#785);
#784 = CARTESIAN_POINT('',(0.,0.));
#785 = VECTOR('',#786,1.);
#786 = DIRECTION('',(0.,1.));
#787 = ( GEOMETRIC_REPRESENTATION_CONTEXT(2) 
PARAMETRIC_REPRESENTATION_CONTEXT() REPRESENTATION_CONTEXT('2D SPACE',''
  ) );
#788 = ORIENTED_EDGE('',*,*,#226,.F.);
#789 = ADVANCED_FACE('',(#790),#328,.T.);
#790 = FACE_BOUND('',#791,.T.);
#791 = EDGE_LOOP('',(#792,#815,#816,#817));
#792 = ORIENTED_EDGE('',*,*,#793,.F.);
#793 = EDGE_CURVE('',#284,#794,#796,.T.);
#794 = VERTEX_POINT('',#795);
#795 = CARTESIAN_POINT('',(-98.,560.,66.));
#796 = SURFACE_CURVE('',#797,(#801,#808),.PCURVE_S1.);
#797 = LINE('',#798,#799);
#798 = CARTESIAN_POINT('',(-98.,560.,0.));
#799 = VECTOR('',#800,1.);
#800 = DIRECTION('',(0.,0.,1.));
#801 = PCURVE('',#328,#802);
#802 = DEFINITIONAL_REPRESENTATION('',(#803),#807);
#803 = LINE('',#804,#805);
#804 = CARTESIAN_POINT('',(0.,0.));
#805 = VECTOR('',#806,1.);
#806 = DIRECTION('',(0.,1.));
#807 = ( GEOMETRIC_REPRESENTATION_CONTEXT(2) 
PARAMETRIC_REPRESENTATION_CONTEXT() REPRESENTATION_CONTEXT('2D SPACE',''
  ) );
#808 = PCURVE('',#299,#809);
#809 = DEFINITIONAL_REPRESENTATION('',(#810),#814);
#810 = LINE('',#811,#812);
#811 = CARTESIAN_POINT('',(268.,0.));
#812 = VECTOR('',#813,1.);
#813 = DIRECTION('',(0.,-1.));
#814 = ( GEOMETRIC_REPRESENTATION_CONTEXT(2) 
PARAMETRIC_REPRESENTATION_CONTEXT() REPRESENTATION_CONTEXT('2D SPACE',''
  ) );
#815 = ORIENTED_EDGE('',*,*,#311,.T.);
#816 = ORIENTED_EDGE('',*,*,#685,.T.);
#817 = ORIENTED_EDGE('',*,*,#818,.F.);
#818 = EDGE_CURVE('',#794,#686,#819,.T.);
#819 = SURFACE_CURVE('',#820,(#825,#832),.PCURVE_S1.);
#820 = CIRCLE('',#821,72.);
#821 = AXIS2_PLACEMENT_3D('',#822,#823,#824);
#822 = CARTESIAN_POINT('',(-98.,488.,66.));
#823 = DIRECTION('',(0.,0.,1.));
#824 = DIRECTION('',(0.,1.,-0.));
#825 = PCURVE('',#328,#826);
#826 = DEFINITIONAL_REPRESENTATION('',(#827),#831);
#827 = LINE('',#828,#829);
#828 = CARTESIAN_POINT('',(0.,66.));
#829 = VECTOR('',#830,1.);
#830 = DIRECTION('',(1.,0.));
#831 = ( GEOMETRIC_REPRESENTATION_CONTEXT(2) 
PARAMETRIC_REPRESENTATION_CONTEXT() REPRESENTATION_CONTEXT('2D SPACE',''
  ) );
#832 = PCURVE('',#833,#838);
#833 = TOROIDAL_SURFACE('',#834,58.,14.);
#834 = AXIS2_PLACEMENT_3D('',#835,#836,#837);
#835 = CARTESIAN_POINT('',(-98.,488.,66.));
#836 = DIRECTION('',(0.,0.,1.));
#837 = DIRECTION('',(0.,1.,-0.));
#838 = DEFINITIONAL_REPRESENTATION('',(#839),#843);
#839 = LINE('',#840,#841);
#840 = CARTESIAN_POINT('',(0.,0.));
#841 = VECTOR('',#842,1.);
#842 = DIRECTION('',(1.,0.));
#843 = ( GEOMETRIC_REPRESENTATION_CONTEXT(2) 
PARAMETRIC_REPRESENTATION_CONTEXT() REPRESENTATION_CONTEXT('2D SPACE',''
  ) );
#844 = ADVANCED_FACE('',(#845),#271,.T.);
#845 = FACE_BOUND('',#846,.T.);
#846 = EDGE_LOOP('',(#847,#848,#849,#872));
#847 = ORIENTED_EDGE('',*,*,#768,.F.);
#848 = ORIENTED_EDGE('',*,*,#254,.T.);
#849 = ORIENTED_EDGE('',*,*,#850,.T.);
#850 = EDGE_CURVE('',#255,#851,#853,.T.);
#851 = VERTEX_POINT('',#852);
#852 = CARTESIAN_POINT('',(98.,560.,66.));
#853 = SURFACE_CURVE('',#854,(#858,#865),.PCURVE_S1.);
#854 = LINE('',#855,#856);
#855 = CARTESIAN_POINT('',(98.,560.,0.));
#856 = VECTOR('',#857,1.);
#857 = DIRECTION('',(0.,0.,1.));
#858 = PCURVE('',#271,#859);
#859 = DEFINITIONAL_REPRESENTATION('',(#860),#864);
#860 = LINE('',#861,#862);
#861 = CARTESIAN_POINT('',(1.570796326795,0.));
#862 = VECTOR('',#863,1.);
#863 = DIRECTION('',(0.,1.));
#864 = ( GEOMETRIC_REPRESENTATION_CONTEXT(2) 
PARAMETRIC_REPRESENTATION_CONTEXT() REPRESENTATION_CONTEXT('2D SPACE',''
  ) );
#865 = PCURVE('',#299,#866);
#866 = DEFINITIONAL_REPRESENTATION('',(#867),#871);
#867 = LINE('',#868,#869);
#868 = CARTESIAN_POINT('',(72.,0.));
#869 = VECTOR('',#870,1.);
#870 = DIRECTION('',(0.,-1.));
#871 = ( GEOMETRIC_REPRESENTATION_CONTEXT(2) 
PARAMETRIC_REPRESENTATION_CONTEXT() REPRESENTATION_CONTEXT('2D SPACE',''
  ) );
#872 = ORIENTED_EDGE('',*,*,#873,.F.);
#873 = EDGE_CURVE('',#741,#851,#874,.T.);
#874 = SURFACE_CURVE('',#875,(#880,#887),.PCURVE_S1.);
#875 = CIRCLE('',#876,72.);
#876 = AXIS2_PLACEMENT_3D('',#877,#878,#879);
#877 = CARTESIAN_POINT('',(98.,488.,66.));
#878 = DIRECTION('',(0.,0.,1.));
#879 = DIRECTION('',(1.,0.,-0.));
#880 = PCURVE('',#271,#881);
#881 = DEFINITIONAL_REPRESENTATION('',(#882),#886);
#882 = LINE('',#883,#884);
#883 = CARTESIAN_POINT('',(0.,66.));
#884 = VECTOR('',#885,1.);
#885 = DIRECTION('',(1.,0.));
#886 = ( GEOMETRIC_REPRESENTATION_CONTEXT(2) 
PARAMETRIC_REPRESENTATION_CONTEXT() REPRESENTATION_CONTEXT('2D SPACE',''
  ) );
#887 = PCURVE('',#888,#893);
#888 = TOROIDAL_SURFACE('',#889,58.,14.);
#889 = AXIS2_PLACEMENT_3D('',#890,#891,#892);
#890 = CARTESIAN_POINT('',(98.,488.,66.));
#891 = DIRECTION('',(0.,0.,1.));
#892 = DIRECTION('',(1.,0.,-0.));
#893 = DEFINITIONAL_REPRESENTATION('',(#894),#898);
#894 = LINE('',#895,#896);
#895 = CARTESIAN_POINT('',(0.,0.));
#896 = VECTOR('',#897,1.);
#897 = DIRECTION('',(1.,0.));
#898 = ( GEOMETRIC_REPRESENTATION_CONTEXT(2) 
PARAMETRIC_REPRESENTATION_CONTEXT() REPRESENTATION_CONTEXT('2D SPACE',''
  ) );
#899 = ADVANCED_FACE('',(#900),#299,.F.);
#900 = FACE_BOUND('',#901,.F.);
#901 = EDGE_LOOP('',(#902,#903,#929,#930));
#902 = ORIENTED_EDGE('',*,*,#850,.T.);
#903 = ORIENTED_EDGE('',*,*,#904,.T.);
#904 = EDGE_CURVE('',#851,#794,#905,.T.);
#905 = SURFACE_CURVE('',#906,(#910,#917),.PCURVE_S1.);
#906 = LINE('',#907,#908);
#907 = CARTESIAN_POINT('',(98.,560.,66.));
#908 = VECTOR('',#909,1.);
#909 = DIRECTION('',(-1.,0.,0.));
#910 = PCURVE('',#299,#911);
#911 = DEFINITIONAL_REPRESENTATION('',(#912),#916);
#912 = LINE('',#913,#914);
#913 = CARTESIAN_POINT('',(72.,-66.));
#914 = VECTOR('',#915,1.);
#915 = DIRECTION('',(1.,0.));
#916 = ( GEOMETRIC_REPRESENTATION_CONTEXT(2) 
PARAMETRIC_REPRESENTATION_CONTEXT() REPRESENTATION_CONTEXT('2D SPACE',''
  ) );
#917 = PCURVE('',#918,#923);
#918 = CYLINDRICAL_SURFACE('',#919,14.);
#919 = AXIS2_PLACEMENT_3D('',#920,#921,#922);
#920 = CARTESIAN_POINT('',(98.,546.,66.));
#921 = DIRECTION('',(-1.,0.,0.));
#922 = DIRECTION('',(0.,1.,-0.));
#923 = DEFINITIONAL_REPRESENTATION('',(#924),#928);
#924 = LINE('',#925,#926);
#925 = CARTESIAN_POINT('',(-0.,0.));
#926 = VECTOR('',#927,1.);
#927 = DIRECTION('',(-0.,1.));
#928 = ( GEOMETRIC_REPRESENTATION_CONTEXT(2) 
PARAMETRIC_REPRESENTATION_CONTEXT() REPRESENTATION_CONTEXT('2D SPACE',''
  ) );
#929 = ORIENTED_EDGE('',*,*,#793,.F.);
#930 = ORIENTED_EDGE('',*,*,#283,.F.);
#931 = ADVANCED_FACE('',(#932),#466,.F.);
#932 = FACE_BOUND('',#933,.F.);
#933 = EDGE_LOOP('',(#934,#935,#936,#959,#985));
#934 = ORIENTED_EDGE('',*,*,#451,.F.);
#935 = ORIENTED_EDGE('',*,*,#556,.T.);
#936 = ORIENTED_EDGE('',*,*,#937,.T.);
#937 = EDGE_CURVE('',#557,#938,#940,.T.);
#938 = VERTEX_POINT('',#939);
#939 = CARTESIAN_POINT('',(150.,136.,80.));
#940 = SURFACE_CURVE('',#941,(#945,#952),.PCURVE_S1.);
#941 = LINE('',#942,#943);
#942 = CARTESIAN_POINT('',(150.,136.,6.));
#943 = VECTOR('',#944,1.);
#944 = DIRECTION('',(0.,0.,1.));
#945 = PCURVE('',#466,#946);
#946 = DEFINITIONAL_REPRESENTATION('',(#947),#951);
#947 = LINE('',#948,#949);
#948 = CARTESIAN_POINT('',(0.,-141.));
#949 = VECTOR('',#950,1.);
#950 = DIRECTION('',(1.,0.));
#951 = ( GEOMETRIC_REPRESENTATION_CONTEXT(2) 
PARAMETRIC_REPRESENTATION_CONTEXT() REPRESENTATION_CONTEXT('2D SPACE',''
  ) );
#952 = PCURVE('',#593,#953);
#953 = DEFINITIONAL_REPRESENTATION('',(#954),#958);
#954 = LINE('',#955,#956);
#955 = CARTESIAN_POINT('',(0.,300.));
#956 = VECTOR('',#957,1.);
#957 = DIRECTION('',(1.,0.));
#958 = ( GEOMETRIC_REPRESENTATION_CONTEXT(2) 
PARAMETRIC_REPRESENTATION_CONTEXT() REPRESENTATION_CONTEXT('2D SPACE',''
  ) );
#959 = ORIENTED_EDGE('',*,*,#960,.F.);
#960 = EDGE_CURVE('',#961,#938,#963,.T.);
#961 = VERTEX_POINT('',#962);
#962 = CARTESIAN_POINT('',(150.,46.30953484267,80.));
#963 = SURFACE_CURVE('',#964,(#968,#974),.PCURVE_S1.);
#964 = LINE('',#965,#966);
#965 = CARTESIAN_POINT('',(150.,137.5,80.));
#966 = VECTOR('',#967,1.);
#967 = DIRECTION('',(0.,1.,0.));
#968 = PCURVE('',#466,#969);
#969 = DEFINITIONAL_REPRESENTATION('',(#970),#973);
#970 = B_SPLINE_CURVE_WITH_KNOTS('',1,(#971,#972),.UNSPECIFIED.,.F.,.F.,
  (2,2),(-123.5,-1.5),.PIECEWISE_BEZIER_KNOTS.);
#971 = CARTESIAN_POINT('',(74.,-19.));
#972 = CARTESIAN_POINT('',(74.,-141.));
#973 = ( GEOMETRIC_REPRESENTATION_CONTEXT(2) 
PARAMETRIC_REPRESENTATION_CONTEXT() REPRESENTATION_CONTEXT('2D SPACE',''
  ) );
#974 = PCURVE('',#975,#980);
#975 = PLANE('',#976);
#976 = AXIS2_PLACEMENT_3D('',#977,#978,#979);
#977 = CARTESIAN_POINT('',(0.,280.,80.));
#978 = DIRECTION('',(0.,0.,1.));
#979 = DIRECTION('',(1.,0.,-0.));
#980 = DEFINITIONAL_REPRESENTATION('',(#981),#984);
#981 = B_SPLINE_CURVE_WITH_KNOTS('',1,(#982,#983),.UNSPECIFIED.,.F.,.F.,
  (2,2),(-123.5,-1.5),.PIECEWISE_BEZIER_KNOTS.);
#982 = CARTESIAN_POINT('',(150.,-266.));
#983 = CARTESIAN_POINT('',(150.,-144.));
#984 = ( GEOMETRIC_REPRESENTATION_CONTEXT(2) 
PARAMETRIC_REPRESENTATION_CONTEXT() REPRESENTATION_CONTEXT('2D SPACE',''
  ) );
#985 = ORIENTED_EDGE('',*,*,#986,.F.);
#986 = EDGE_CURVE('',#423,#961,#987,.T.);
#987 = SURFACE_CURVE('',#988,(#1026,#1067),.PCURVE_S1.);
#988 = B_SPLINE_CURVE_WITH_KNOTS('',8,(#989,#990,#991,#992,#993,#994,
    #995,#996,#997,#998,#999,#1000,#1001,#1002,#1003,#1004,#1005,#1006,
    #1007,#1008,#1009,#1010,#1011,#1012,#1013,#1014,#1015,#1016,#1017,
    #1018,#1019,#1020,#1021,#1022,#1023,#1024,#1025),.UNSPECIFIED.,.F.,
  .F.,(9,7,7,7,7,9),(0.,0.13897711831,0.212690600006,0.364668819933,
    0.586473897258,1.),.UNSPECIFIED.);
#989 = CARTESIAN_POINT('',(150.,22.200401608045,66.));
#990 = CARTESIAN_POINT('',(150.,22.200401608045,66.5352823384));
#991 = CARTESIAN_POINT('',(150.,22.234218752195,67.070698071249));
#992 = CARTESIAN_POINT('',(150.,22.30188227752,67.603522931751));
#993 = CARTESIAN_POINT('',(150.,22.402842066334,68.131299337335));
#994 = CARTESIAN_POINT('',(150.,22.536113863038,68.651809165915));
#995 = CARTESIAN_POINT('',(150.,22.700361863693,69.163058467674));
#996 = CARTESIAN_POINT('',(150.,22.893944584007,69.663269353913));
#997 = CARTESIAN_POINT('',(150.,23.232171165902,70.409500034023));
#998 = CARTESIAN_POINT('',(150.,23.357129396406,70.664628347889));
#999 = CARTESIAN_POINT('',(150.,23.48955793588,70.91605410159));
#1000 = CARTESIAN_POINT('',(150.,23.62918083294,71.163600426113));
#1001 = CARTESIAN_POINT('',(150.,23.775716287508,71.407116791689));
#1002 = CARTESIAN_POINT('',(150.,23.928880086479,71.646477071494));
#1003 = CARTESIAN_POINT('',(150.,24.088389039376,71.881577605359));
#1004 = CARTESIAN_POINT('',(150.,24.595338205109,72.588098140322));
#1005 = CARTESIAN_POINT('',(150.,24.962457309017,73.045342513885));
#1006 = CARTESIAN_POINT('',(150.,25.352923384301,73.483434095851));
#1007 = CARTESIAN_POINT('',(150.,25.764410706631,73.902053613184));
#1008 = CARTESIAN_POINT('',(150.,26.194723275983,74.301140778421));
#1009 = CARTESIAN_POINT('',(150.,26.641843557629,74.680845676428));
#1010 = CARTESIAN_POINT('',(150.,27.103972856928,75.041487567578));
#1011 = CARTESIAN_POINT('',(150.,28.273665293602,75.882703001881));
#1012 = CARTESIAN_POINT('',(150.,28.996165573827,76.342051417726));
#1013 = CARTESIAN_POINT('',(150.,29.742396415368,76.76315983875));
#1014 = CARTESIAN_POINT('',(150.,30.508287076409,77.147730670227));
#1015 = CARTESIAN_POINT('',(150.,31.290343725395,77.497603812217));
#1016 = CARTESIAN_POINT('',(150.,32.085667851141,77.814714247667));
#1017 = CARTESIAN_POINT('',(150.,32.891988922145,78.101022773512));
#1018 = CARTESIAN_POINT('',(150.,35.228447805666,78.838428977756));
#1019 = CARTESIAN_POINT('',(150.,36.779858055058,79.217442243835));
#1020 = CARTESIAN_POINT('',(150.,38.351597941986,79.508575327585));
#1021 = CARTESIAN_POINT('',(150.,39.935724639557,79.722564942531));
#1022 = CARTESIAN_POINT('',(150.,41.526343984855,79.86965355865));
#1023 = CARTESIAN_POINT('',(150.,43.119668075804,79.959224683942));
#1024 = CARTESIAN_POINT('',(150.,44.713955793462,80.));
#1025 = CARTESIAN_POINT('',(150.,46.30953484267,80.));
#1026 = PCURVE('',#466,#1027);
#1027 = DEFINITIONAL_REPRESENTATION('',(#1028),#1066);
#1028 = B_SPLINE_CURVE_WITH_KNOTS('',8,(#1029,#1030,#1031,#1032,#1033,
    #1034,#1035,#1036,#1037,#1038,#1039,#1040,#1041,#1042,#1043,#1044,
    #1045,#1046,#1047,#1048,#1049,#1050,#1051,#1052,#1053,#1054,#1055,
    #1056,#1057,#1058,#1059,#1060,#1061,#1062,#1063,#1064,#1065),
  .UNSPECIFIED.,.F.,.F.,(9,7,7,7,7,9),(0.,0.13897711831,0.212690600006,
    0.364668819933,0.586473897258,1.),.UNSPECIFIED.);
#1029 = CARTESIAN_POINT('',(60.,-27.20040160804));
#1030 = CARTESIAN_POINT('',(60.5352823384,-27.20040160804));
#1031 = CARTESIAN_POINT('',(61.070698071249,-27.23421875219));
#1032 = CARTESIAN_POINT('',(61.603522931751,-27.30188227752));
#1033 = CARTESIAN_POINT('',(62.131299337335,-27.40284206633));
#1034 = CARTESIAN_POINT('',(62.651809165915,-27.53611386303));
#1035 = CARTESIAN_POINT('',(63.163058467674,-27.70036186369));
#1036 = CARTESIAN_POINT('',(63.663269353913,-27.893944584));
#1037 = CARTESIAN_POINT('',(64.409500034023,-28.2321711659));
#1038 = CARTESIAN_POINT('',(64.664628347889,-28.3571293964));
#1039 = CARTESIAN_POINT('',(64.91605410159,-28.48955793588));
#1040 = CARTESIAN_POINT('',(65.163600426113,-28.62918083294));
#1041 = CARTESIAN_POINT('',(65.407116791689,-28.7757162875));
#1042 = CARTESIAN_POINT('',(65.646477071494,-28.92888008647));
#1043 = CARTESIAN_POINT('',(65.881577605359,-29.08838903937));
#1044 = CARTESIAN_POINT('',(66.588098140322,-29.5953382051));
#1045 = CARTESIAN_POINT('',(67.045342513885,-29.96245730901));
#1046 = CARTESIAN_POINT('',(67.483434095851,-30.3529233843));
#1047 = CARTESIAN_POINT('',(67.902053613184,-30.76441070663));
#1048 = CARTESIAN_POINT('',(68.301140778421,-31.19472327598));
#1049 = CARTESIAN_POINT('',(68.680845676428,-31.64184355762));
#1050 = CARTESIAN_POINT('',(69.041487567578,-32.10397285692));
#1051 = CARTESIAN_POINT('',(69.882703001881,-33.2736652936));
#1052 = CARTESIAN_POINT('',(70.342051417726,-33.99616557382));
#1053 = CARTESIAN_POINT('',(70.76315983875,-34.74239641536));
#1054 = CARTESIAN_POINT('',(71.147730670227,-35.5082870764));
#1055 = CARTESIAN_POINT('',(71.497603812217,-36.29034372539));
#1056 = CARTESIAN_POINT('',(71.814714247667,-37.08566785114));
#1057 = CARTESIAN_POINT('',(72.101022773512,-37.89198892214));
#1058 = CARTESIAN_POINT('',(72.838428977756,-40.22844780566));
#1059 = CARTESIAN_POINT('',(73.217442243835,-41.77985805505));
#1060 = CARTESIAN_POINT('',(73.508575327585,-43.35159794198));
#1061 = CARTESIAN_POINT('',(73.722564942531,-44.93572463955));
#1062 = CARTESIAN_POINT('',(73.86965355865,-46.52634398485));
#1063 = CARTESIAN_POINT('',(73.959224683942,-48.1196680758));
#1064 = CARTESIAN_POINT('',(74.,-49.71395579346));
#1065 = CARTESIAN_POINT('',(74.,-51.30953484267));
#1066 = ( GEOMETRIC_REPRESENTATION_CONTEXT(2) 
PARAMETRIC_REPRESENTATION_CONTEXT() REPRESENTATION_CONTEXT('2D SPACE',''
  ) );
#1067 = PCURVE('',#439,#1068);
#1068 = DEFINITIONAL_REPRESENTATION('',(#1069),#1107);
#1069 = B_SPLINE_CURVE_WITH_KNOTS('',8,(#1070,#1071,#1072,#1073,#1074,
    #1075,#1076,#1077,#1078,#1079,#1080,#1081,#1082,#1083,#1084,#1085,
    #1086,#1087,#1088,#1089,#1090,#1091,#1092,#1093,#1094,#1095,#1096,
    #1097,#1098,#1099,#1100,#1101,#1102,#1103,#1104,#1105,#1106),
  .UNSPECIFIED.,.F.,.F.,(9,7,7,7,7,9),(0.,0.13897711831,0.212690600006,
    0.364668819933,0.586473897258,1.),.UNSPECIFIED.);
#1070 = CARTESIAN_POINT('',(0.807009830397,0.));
#1071 = CARTESIAN_POINT('',(0.807009830397,3.823445274283E-02));
#1072 = CARTESIAN_POINT('',(0.807349045784,7.647843188297E-02));
#1073 = CARTESIAN_POINT('',(0.808027768518,0.114622529731));
#1074 = CARTESIAN_POINT('',(0.809041718435,0.152576523775));
#1075 = CARTESIAN_POINT('',(0.8103834898,0.19026203825));
#1076 = CARTESIAN_POINT('',(0.812043163657,0.227607980951));
#1077 = CARTESIAN_POINT('',(0.814008432788,0.264547644613));
#1078 = CARTESIAN_POINT('',(0.817461250209,0.320359374767));
#1079 = CARTESIAN_POINT('',(0.818739974578,0.33957355466));
#1080 = CARTESIAN_POINT('',(0.820098757674,0.358651508588));
#1081 = CARTESIAN_POINT('',(0.821535532292,0.377586949366));
#1082 = CARTESIAN_POINT('',(0.823048190338,0.396374593746));
#1083 = CARTESIAN_POINT('',(0.824634607532,0.415010060228));
#1084 = CARTESIAN_POINT('',(0.82629266813,0.433489766884));
#1085 = CARTESIAN_POINT('',(0.831582200346,0.489584142438));
#1086 = CARTESIAN_POINT('',(0.835439365888,0.526678510604));
#1087 = CARTESIAN_POINT('',(0.839574000781,0.563075943986));
#1088 = CARTESIAN_POINT('',(0.843968904587,0.598767716776));
#1089 = CARTESIAN_POINT('',(0.848607769205,0.633752516836));
#1090 = CARTESIAN_POINT('',(0.853475538494,0.668035428464));
#1091 = CARTESIAN_POINT('',(0.858558820214,0.701627748182));
#1092 = CARTESIAN_POINT('',(0.871563252202,0.782592660741));
#1093 = CARTESIAN_POINT('',(0.879712157017,0.8291863733));
#1094 = CARTESIAN_POINT('',(0.888259483983,0.874399254414));
#1095 = CARTESIAN_POINT('',(0.897175394077,0.918287828939));
#1096 = CARTESIAN_POINT('',(0.906433466023,0.960904702995));
#1097 = CARTESIAN_POINT('',(0.916011227928,1.002303378031));
#1098 = CARTESIAN_POINT('',(0.925891219494,1.042540467788));
#1099 = CARTESIAN_POINT('',(0.95502481325,1.154644577099));
#1100 = CARTESIAN_POINT('',(0.974974774336,1.22369587859));
#1101 = CARTESIAN_POINT('',(0.995839175603,1.289264758547));
#1102 = CARTESIAN_POINT('',(1.017552578611,1.351569997894));
#1103 = CARTESIAN_POINT('',(1.040055707417,1.410775509847));
#1104 = CARTESIAN_POINT('',(1.063300780262,1.466993447182));
#1105 = CARTESIAN_POINT('',(1.087257998547,1.520314592842));
#1106 = CARTESIAN_POINT('',(1.111922121781,1.570796326795));
#1107 = ( GEOMETRIC_REPRESENTATION_CONTEXT(2) 
PARAMETRIC_REPRESENTATION_CONTEXT() REPRESENTATION_CONTEXT('2D SPACE',''
  ) );
#1108 = ADVANCED_FACE('',(#1109),#439,.T.);
#1109 = FACE_BOUND('',#1110,.T.);
#1110 = EDGE_LOOP('',(#1111,#1112,#1113,#1135));
#1111 = ORIENTED_EDGE('',*,*,#986,.F.);
#1112 = ORIENTED_EDGE('',*,*,#422,.T.);
#1113 = ORIENTED_EDGE('',*,*,#1114,.T.);
#1114 = EDGE_CURVE('',#400,#1115,#1117,.T.);
#1115 = VERTEX_POINT('',#1116);
#1116 = CARTESIAN_POINT('',(156.,72.,80.));
#1117 = SURFACE_CURVE('',#1118,(#1123,#1129),.PCURVE_S1.);
#1118 = CIRCLE('',#1119,14.);
#1119 = AXIS2_PLACEMENT_3D('',#1120,#1121,#1122);
#1120 = CARTESIAN_POINT('',(156.,72.,66.));
#1121 = DIRECTION('',(-6.123233995737E-17,-1.,0.));
#1122 = DIRECTION('',(1.,-6.123233995737E-17,0.));
#1123 = PCURVE('',#439,#1124);
#1124 = DEFINITIONAL_REPRESENTATION('',(#1125),#1128);
#1125 = B_SPLINE_CURVE_WITH_KNOTS('',1,(#1126,#1127),.UNSPECIFIED.,.F.,
  .F.,(2,2),(0.,1.570796326795),.PIECEWISE_BEZIER_KNOTS.);
#1126 = CARTESIAN_POINT('',(1.570796326795,0.));
#1127 = CARTESIAN_POINT('',(1.570796326795,1.570796326795));
#1128 = ( GEOMETRIC_REPRESENTATION_CONTEXT(2) 
PARAMETRIC_REPRESENTATION_CONTEXT() REPRESENTATION_CONTEXT('2D SPACE',''
  ) );
#1129 = PCURVE('',#756,#1130);
#1130 = DEFINITIONAL_REPRESENTATION('',(#1131),#1134);
#1131 = B_SPLINE_CURVE_WITH_KNOTS('',1,(#1132,#1133),.UNSPECIFIED.,.F.,
  .F.,(2,2),(0.,1.570796326795),.PIECEWISE_BEZIER_KNOTS.);
#1132 = CARTESIAN_POINT('',(0.,0.));
#1133 = CARTESIAN_POINT('',(-1.570796326795,0.));
#1134 = ( GEOMETRIC_REPRESENTATION_CONTEXT(2) 
PARAMETRIC_REPRESENTATION_CONTEXT() REPRESENTATION_CONTEXT('2D SPACE',''
  ) );
#1135 = ORIENTED_EDGE('',*,*,#1136,.F.);
#1136 = EDGE_CURVE('',#961,#1115,#1137,.T.);
#1137 = SURFACE_CURVE('',#1138,(#1143,#1150),.PCURVE_S1.);
#1138 = CIRCLE('',#1139,58.);
#1139 = AXIS2_PLACEMENT_3D('',#1140,#1141,#1142);
#1140 = CARTESIAN_POINT('',(98.,72.,80.));
#1141 = DIRECTION('',(0.,0.,1.));
#1142 = DIRECTION('',(0.,-1.,0.));
#1143 = PCURVE('',#439,#1144);
#1144 = DEFINITIONAL_REPRESENTATION('',(#1145),#1149);
#1145 = LINE('',#1146,#1147);
#1146 = CARTESIAN_POINT('',(0.,1.570796326795));
#1147 = VECTOR('',#1148,1.);
#1148 = DIRECTION('',(1.,0.));
#1149 = ( GEOMETRIC_REPRESENTATION_CONTEXT(2) 
PARAMETRIC_REPRESENTATION_CONTEXT() REPRESENTATION_CONTEXT('2D SPACE',''
  ) );
#1150 = PCURVE('',#975,#1151);
#1151 = DEFINITIONAL_REPRESENTATION('',(#1152),#1156);
#1152 = CIRCLE('',#1153,58.);
#1153 = AXIS2_PLACEMENT_2D('',#1154,#1155);
#1154 = CARTESIAN_POINT('',(98.,-208.));
#1155 = DIRECTION('',(0.,-1.));
#1156 = ( GEOMETRIC_REPRESENTATION_CONTEXT(2) 
PARAMETRIC_REPRESENTATION_CONTEXT() REPRESENTATION_CONTEXT('2D SPACE',''
  ) );
#1157 = ADVANCED_FACE('',(#1158),#520,.T.);
#1158 = FACE_BOUND('',#1159,.T.);
#1159 = EDGE_LOOP('',(#1160,#1161,#1162,#1185,#1206));
#1160 = ORIENTED_EDGE('',*,*,#662,.F.);
#1161 = ORIENTED_EDGE('',*,*,#502,.T.);
#1162 = ORIENTED_EDGE('',*,*,#1163,.T.);
#1163 = EDGE_CURVE('',#505,#1164,#1166,.T.);
#1164 = VERTEX_POINT('',#1165);
#1165 = CARTESIAN_POINT('',(-150.,136.,80.));
#1166 = SURFACE_CURVE('',#1167,(#1171,#1178),.PCURVE_S1.);
#1167 = LINE('',#1168,#1169);
#1168 = CARTESIAN_POINT('',(-150.,136.,6.));
#1169 = VECTOR('',#1170,1.);
#1170 = DIRECTION('',(0.,0.,1.));
#1171 = PCURVE('',#520,#1172);
#1172 = DEFINITIONAL_REPRESENTATION('',(#1173),#1177);
#1173 = LINE('',#1174,#1175);
#1174 = CARTESIAN_POINT('',(0.,-141.));
#1175 = VECTOR('',#1176,1.);
#1176 = DIRECTION('',(1.,0.));
#1177 = ( GEOMETRIC_REPRESENTATION_CONTEXT(2) 
PARAMETRIC_REPRESENTATION_CONTEXT() REPRESENTATION_CONTEXT('2D SPACE',''
  ) );
#1178 = PCURVE('',#593,#1179);
#1179 = DEFINITIONAL_REPRESENTATION('',(#1180),#1184);
#1180 = LINE('',#1181,#1182);
#1181 = CARTESIAN_POINT('',(0.,0.));
#1182 = VECTOR('',#1183,1.);
#1183 = DIRECTION('',(1.,0.));
#1184 = ( GEOMETRIC_REPRESENTATION_CONTEXT(2) 
PARAMETRIC_REPRESENTATION_CONTEXT() REPRESENTATION_CONTEXT('2D SPACE',''
  ) );
#1185 = ORIENTED_EDGE('',*,*,#1186,.F.);
#1186 = EDGE_CURVE('',#1187,#1164,#1189,.T.);
#1187 = VERTEX_POINT('',#1188);
#1188 = CARTESIAN_POINT('',(-150.,46.30953484267,80.));
#1189 = SURFACE_CURVE('',#1190,(#1194,#1200),.PCURVE_S1.);
#1190 = LINE('',#1191,#1192);
#1191 = CARTESIAN_POINT('',(-150.,137.5,80.));
#1192 = VECTOR('',#1193,1.);
#1193 = DIRECTION('',(0.,1.,0.));
#1194 = PCURVE('',#520,#1195);
#1195 = DEFINITIONAL_REPRESENTATION('',(#1196),#1199);
#1196 = B_SPLINE_CURVE_WITH_KNOTS('',1,(#1197,#1198),.UNSPECIFIED.,.F.,
  .F.,(2,2),(-123.5,-1.5),.PIECEWISE_BEZIER_KNOTS.);
#1197 = CARTESIAN_POINT('',(74.,-19.));
#1198 = CARTESIAN_POINT('',(74.,-141.));
#1199 = ( GEOMETRIC_REPRESENTATION_CONTEXT(2) 
PARAMETRIC_REPRESENTATION_CONTEXT() REPRESENTATION_CONTEXT('2D SPACE',''
  ) );
#1200 = PCURVE('',#975,#1201);
#1201 = DEFINITIONAL_REPRESENTATION('',(#1202),#1205);
#1202 = B_SPLINE_CURVE_WITH_KNOTS('',1,(#1203,#1204),.UNSPECIFIED.,.F.,
  .F.,(2,2),(-123.5,-1.5),.PIECEWISE_BEZIER_KNOTS.);
#1203 = CARTESIAN_POINT('',(-150.,-266.));
#1204 = CARTESIAN_POINT('',(-150.,-144.));
#1205 = ( GEOMETRIC_REPRESENTATION_CONTEXT(2) 
PARAMETRIC_REPRESENTATION_CONTEXT() REPRESENTATION_CONTEXT('2D SPACE',''
  ) );
#1206 = ORIENTED_EDGE('',*,*,#1207,.F.);
#1207 = EDGE_CURVE('',#634,#1187,#1208,.T.);
#1208 = SURFACE_CURVE('',#1209,(#1247,#1288),.PCURVE_S1.);
#1209 = B_SPLINE_CURVE_WITH_KNOTS('',8,(#1210,#1211,#1212,#1213,#1214,
    #1215,#1216,#1217,#1218,#1219,#1220,#1221,#1222,#1223,#1224,#1225,
    #1226,#1227,#1228,#1229,#1230,#1231,#1232,#1233,#1234,#1235,#1236,
    #1237,#1238,#1239,#1240,#1241,#1242,#1243,#1244,#1245,#1246),
  .UNSPECIFIED.,.F.,.F.,(9,7,7,7,7,9),(0.,0.138977118309,0.212690600005,
    0.364668819932,0.586473897256,1.),.UNSPECIFIED.);
#1210 = CARTESIAN_POINT('',(-150.,22.200401608045,66.));
#1211 = CARTESIAN_POINT('',(-150.,22.200401608045,66.5352823384));
#1212 = CARTESIAN_POINT('',(-150.,22.234218752197,67.070698071249));
#1213 = CARTESIAN_POINT('',(-150.,22.301882277518,67.60352293175));
#1214 = CARTESIAN_POINT('',(-150.,22.402842066334,68.131299337336));
#1215 = CARTESIAN_POINT('',(-150.,22.536113863041,68.651809165916));
#1216 = CARTESIAN_POINT('',(-150.,22.700361863691,69.163058467672));
#1217 = CARTESIAN_POINT('',(-150.,22.893944584008,69.663269353914));
#1218 = CARTESIAN_POINT('',(-150.,23.232171165902,70.409500034023));
#1219 = CARTESIAN_POINT('',(-150.,23.357129396406,70.664628347889));
#1220 = CARTESIAN_POINT('',(-150.,23.48955793588,70.91605410159));
#1221 = CARTESIAN_POINT('',(-150.,23.62918083294,71.163600426113));
#1222 = CARTESIAN_POINT('',(-150.,23.775716287508,71.407116791688));
#1223 = CARTESIAN_POINT('',(-150.,23.928880086479,71.646477071494));
#1224 = CARTESIAN_POINT('',(-150.,24.088389039376,71.881577605359));
#1225 = CARTESIAN_POINT('',(-150.,24.595338205109,72.588098140322));
#1226 = CARTESIAN_POINT('',(-150.,24.962457309017,73.045342513884));
#1227 = CARTESIAN_POINT('',(-150.,25.352923384301,73.483434095851));
#1228 = CARTESIAN_POINT('',(-150.,25.764410706631,73.902053613184));
#1229 = CARTESIAN_POINT('',(-150.,26.194723275984,74.301140778422));
#1230 = CARTESIAN_POINT('',(-150.,26.641843557629,74.680845676428));
#1231 = CARTESIAN_POINT('',(-150.,27.103972856928,75.041487567578));
#1232 = CARTESIAN_POINT('',(-150.,28.273665293601,75.882703001881));
#1233 = CARTESIAN_POINT('',(-150.,28.996165573829,76.342051417727));
#1234 = CARTESIAN_POINT('',(-150.,29.742396415365,76.76315983875));
#1235 = CARTESIAN_POINT('',(-150.,30.50828707641,77.147730670227));
#1236 = CARTESIAN_POINT('',(-150.,31.290343725398,77.497603812217));
#1237 = CARTESIAN_POINT('',(-150.,32.085667851138,77.814714247666));
#1238 = CARTESIAN_POINT('',(-150.,32.891988922146,78.101022773513));
#1239 = CARTESIAN_POINT('',(-150.,35.228447805672,78.838428977758));
#1240 = CARTESIAN_POINT('',(-150.,36.779858055035,79.217442243828));
#1241 = CARTESIAN_POINT('',(-150.,38.351597942031,79.508575327598));
#1242 = CARTESIAN_POINT('',(-150.,39.935724639507,79.722564942518));
#1243 = CARTESIAN_POINT('',(-150.,41.526343984888,79.869653558657));
#1244 = CARTESIAN_POINT('',(-150.,43.119668075792,79.95922468394));
#1245 = CARTESIAN_POINT('',(-150.,44.713955793464,80.));
#1246 = CARTESIAN_POINT('',(-150.,46.30953484267,80.));
#1247 = PCURVE('',#520,#1248);
#1248 = DEFINITIONAL_REPRESENTATION('',(#1249),#1287);
#1249 = B_SPLINE_CURVE_WITH_KNOTS('',8,(#1250,#1251,#1252,#1253,#1254,
    #1255,#1256,#1257,#1258,#1259,#1260,#1261,#1262,#1263,#1264,#1265,
    #1266,#1267,#1268,#1269,#1270,#1271,#1272,#1273,#1274,#1275,#1276,
    #1277,#1278,#1279,#1280,#1281,#1282,#1283,#1284,#1285,#1286),
  .UNSPECIFIED.,.F.,.F.,(9,7,7,7,7,9),(0.,0.138977118309,0.212690600005,
    0.364668819932,0.586473897256,1.),.UNSPECIFIED.);
#1250 = CARTESIAN_POINT('',(60.,-27.20040160804));
#1251 = CARTESIAN_POINT('',(60.5352823384,-27.20040160804));
#1252 = CARTESIAN_POINT('',(61.070698071249,-27.23421875219));
#1253 = CARTESIAN_POINT('',(61.60352293175,-27.30188227751));
#1254 = CARTESIAN_POINT('',(62.131299337336,-27.40284206633));
#1255 = CARTESIAN_POINT('',(62.651809165916,-27.53611386304));
#1256 = CARTESIAN_POINT('',(63.163058467672,-27.70036186369));
#1257 = CARTESIAN_POINT('',(63.663269353914,-27.893944584));
#1258 = CARTESIAN_POINT('',(64.409500034023,-28.2321711659));
#1259 = CARTESIAN_POINT('',(64.664628347889,-28.3571293964));
#1260 = CARTESIAN_POINT('',(64.91605410159,-28.48955793588));
#1261 = CARTESIAN_POINT('',(65.163600426113,-28.62918083294));
#1262 = CARTESIAN_POINT('',(65.407116791688,-28.7757162875));
#1263 = CARTESIAN_POINT('',(65.646477071494,-28.92888008647));
#1264 = CARTESIAN_POINT('',(65.881577605359,-29.08838903937));
#1265 = CARTESIAN_POINT('',(66.588098140322,-29.5953382051));
#1266 = CARTESIAN_POINT('',(67.045342513884,-29.96245730901));
#1267 = CARTESIAN_POINT('',(67.483434095851,-30.3529233843));
#1268 = CARTESIAN_POINT('',(67.902053613184,-30.76441070663));
#1269 = CARTESIAN_POINT('',(68.301140778422,-31.19472327598));
#1270 = CARTESIAN_POINT('',(68.680845676428,-31.64184355762));
#1271 = CARTESIAN_POINT('',(69.041487567578,-32.10397285692));
#1272 = CARTESIAN_POINT('',(69.882703001881,-33.2736652936));
#1273 = CARTESIAN_POINT('',(70.342051417727,-33.99616557382));
#1274 = CARTESIAN_POINT('',(70.76315983875,-34.74239641536));
#1275 = CARTESIAN_POINT('',(71.147730670227,-35.50828707641));
#1276 = CARTESIAN_POINT('',(71.497603812217,-36.29034372539));
#1277 = CARTESIAN_POINT('',(71.814714247666,-37.08566785113));
#1278 = CARTESIAN_POINT('',(72.101022773513,-37.89198892214));
#1279 = CARTESIAN_POINT('',(72.838428977758,-40.22844780567));
#1280 = CARTESIAN_POINT('',(73.217442243828,-41.77985805503));
#1281 = CARTESIAN_POINT('',(73.508575327598,-43.35159794203));
#1282 = CARTESIAN_POINT('',(73.722564942518,-44.9357246395));
#1283 = CARTESIAN_POINT('',(73.869653558657,-46.52634398488));
#1284 = CARTESIAN_POINT('',(73.95922468394,-48.11966807579));
#1285 = CARTESIAN_POINT('',(74.,-49.71395579346));
#1286 = CARTESIAN_POINT('',(74.,-51.30953484267));
#1287 = ( GEOMETRIC_REPRESENTATION_CONTEXT(2) 
PARAMETRIC_REPRESENTATION_CONTEXT() REPRESENTATION_CONTEXT('2D SPACE',''
  ) );
#1288 = PCURVE('',#650,#1289);
#1289 = DEFINITIONAL_REPRESENTATION('',(#1290),#1328);
#1290 = B_SPLINE_CURVE_WITH_KNOTS('',8,(#1291,#1292,#1293,#1294,#1295,
    #1296,#1297,#1298,#1299,#1300,#1301,#1302,#1303,#1304,#1305,#1306,
    #1307,#1308,#1309,#1310,#1311,#1312,#1313,#1314,#1315,#1316,#1317,
    #1318,#1319,#1320,#1321,#1322,#1323,#1324,#1325,#1326,#1327),
  .UNSPECIFIED.,.F.,.F.,(9,7,7,7,7,9),(0.,0.138977118309,0.212690600005,
    0.364668819932,0.586473897256,1.),.UNSPECIFIED.);
#1291 = CARTESIAN_POINT('',(0.763786496398,0.));
#1292 = CARTESIAN_POINT('',(0.763786496398,3.823445274284E-02));
#1293 = CARTESIAN_POINT('',(0.76344728101,7.647843188296E-02));
#1294 = CARTESIAN_POINT('',(0.762768558276,0.114622529731));
#1295 = CARTESIAN_POINT('',(0.76175460836,0.152576523775));
#1296 = CARTESIAN_POINT('',(0.760412836994,0.19026203825));
#1297 = CARTESIAN_POINT('',(0.758753163138,0.227607980951));
#1298 = CARTESIAN_POINT('',(0.756787894007,0.264547644614));
#1299 = CARTESIAN_POINT('',(0.753335076585,0.320359374767));
#1300 = CARTESIAN_POINT('',(0.752056352217,0.33957355466));
#1301 = CARTESIAN_POINT('',(0.750697569121,0.358651508588));
#1302 = CARTESIAN_POINT('',(0.749260794502,0.377586949366));
#1303 = CARTESIAN_POINT('',(0.747748136457,0.396374593746));
#1304 = CARTESIAN_POINT('',(0.746161719262,0.415010060228));
#1305 = CARTESIAN_POINT('',(0.744503658665,0.433489766884));
#1306 = CARTESIAN_POINT('',(0.739214126449,0.489584142438));
#1307 = CARTESIAN_POINT('',(0.735356960907,0.526678510604));
#1308 = CARTESIAN_POINT('',(0.731222326014,0.563075943986));
#1309 = CARTESIAN_POINT('',(0.726827422208,0.598767716776));
#1310 = CARTESIAN_POINT('',(0.72218855759,0.633752516836));
#1311 = CARTESIAN_POINT('',(0.717320788301,0.668035428464));
#1312 = CARTESIAN_POINT('',(0.712237506581,0.701627748182));
#1313 = CARTESIAN_POINT('',(0.699233074593,0.782592660741));
#1314 = CARTESIAN_POINT('',(0.691084169778,0.8291863733));
#1315 = CARTESIAN_POINT('',(0.682536842812,0.874399254414));
#1316 = CARTESIAN_POINT('',(0.673620932718,0.918287828939));
#1317 = CARTESIAN_POINT('',(0.664362860772,0.960904702995));
#1318 = CARTESIAN_POINT('',(0.654785098867,1.00230337803));
#1319 = CARTESIAN_POINT('',(0.644905107301,1.042540467788));
#1320 = CARTESIAN_POINT('',(0.615771513545,1.154644577099));
#1321 = CARTESIAN_POINT('',(0.595821552459,1.22369587859));
#1322 = CARTESIAN_POINT('',(0.574957151192,1.289264758547));
#1323 = CARTESIAN_POINT('',(0.553243748184,1.351569997895));
#1324 = CARTESIAN_POINT('',(0.530740619378,1.410775509846));
#1325 = CARTESIAN_POINT('',(0.507495546533,1.466993447183));
#1326 = CARTESIAN_POINT('',(0.483538328248,1.520314592842));
#1327 = CARTESIAN_POINT('',(0.458874205014,1.570796326795));
#1328 = ( GEOMETRIC_REPRESENTATION_CONTEXT(2) 
PARAMETRIC_REPRESENTATION_CONTEXT() REPRESENTATION_CONTEXT('2D SPACE',''
  ) );
#1329 = ADVANCED_FACE('',(#1330),#593,.F.);
#1330 = FACE_BOUND('',#1331,.F.);
#1331 = EDGE_LOOP('',(#1332,#1333,#1334,#1335));
#1332 = ORIENTED_EDGE('',*,*,#937,.F.);
#1333 = ORIENTED_EDGE('',*,*,#579,.F.);
#1334 = ORIENTED_EDGE('',*,*,#1163,.T.);
#1335 = ORIENTED_EDGE('',*,*,#1336,.F.);
#1336 = EDGE_CURVE('',#938,#1164,#1337,.T.);
#1337 = SURFACE_CURVE('',#1338,(#1342,#1348),.PCURVE_S1.);
#1338 = LINE('',#1339,#1340);
#1339 = CARTESIAN_POINT('',(-75.,136.,80.));
#1340 = VECTOR('',#1341,1.);
#1341 = DIRECTION('',(-1.,0.,0.));
#1342 = PCURVE('',#593,#1343);
#1343 = DEFINITIONAL_REPRESENTATION('',(#1344),#1347);
#1344 = B_SPLINE_CURVE_WITH_KNOTS('',1,(#1345,#1346),.UNSPECIFIED.,.F.,
  .F.,(2,2),(-225.,75.),.PIECEWISE_BEZIER_KNOTS.);
#1345 = CARTESIAN_POINT('',(74.,300.));
#1346 = CARTESIAN_POINT('',(74.,0.));
#1347 = ( GEOMETRIC_REPRESENTATION_CONTEXT(2) 
PARAMETRIC_REPRESENTATION_CONTEXT() REPRESENTATION_CONTEXT('2D SPACE',''
  ) );
#1348 = PCURVE('',#975,#1349);
#1349 = DEFINITIONAL_REPRESENTATION('',(#1350),#1353);
#1350 = B_SPLINE_CURVE_WITH_KNOTS('',1,(#1351,#1352),.UNSPECIFIED.,.F.,
  .F.,(2,2),(-225.,75.),.PIECEWISE_BEZIER_KNOTS.);
#1351 = CARTESIAN_POINT('',(150.,-144.));
#1352 = CARTESIAN_POINT('',(-150.,-144.));
#1353 = ( GEOMETRIC_REPRESENTATION_CONTEXT(2) 
PARAMETRIC_REPRESENTATION_CONTEXT() REPRESENTATION_CONTEXT('2D SPACE',''
  ) );
#1354 = ADVANCED_FACE('',(#1355),#650,.T.);
#1355 = FACE_BOUND('',#1356,.T.);
#1356 = EDGE_LOOP('',(#1357,#1379,#1380,#1381));
#1357 = ORIENTED_EDGE('',*,*,#1358,.F.);
#1358 = EDGE_CURVE('',#611,#1359,#1361,.T.);
#1359 = VERTEX_POINT('',#1360);
#1360 = CARTESIAN_POINT('',(-156.,72.,80.));
#1361 = SURFACE_CURVE('',#1362,(#1367,#1373),.PCURVE_S1.);
#1362 = CIRCLE('',#1363,14.);
#1363 = AXIS2_PLACEMENT_3D('',#1364,#1365,#1366);
#1364 = CARTESIAN_POINT('',(-156.,72.,66.));
#1365 = DIRECTION('',(-0.,1.,0.));
#1366 = DIRECTION('',(-1.,-0.,0.));
#1367 = PCURVE('',#650,#1368);
#1368 = DEFINITIONAL_REPRESENTATION('',(#1369),#1372);
#1369 = B_SPLINE_CURVE_WITH_KNOTS('',1,(#1370,#1371),.UNSPECIFIED.,.F.,
  .F.,(2,2),(0.,1.570796326795),.PIECEWISE_BEZIER_KNOTS.);
#1370 = CARTESIAN_POINT('',(0.,0.));
#1371 = CARTESIAN_POINT('',(0.,1.570796326795));
#1372 = ( GEOMETRIC_REPRESENTATION_CONTEXT(2) 
PARAMETRIC_REPRESENTATION_CONTEXT() REPRESENTATION_CONTEXT('2D SPACE',''
  ) );
#1373 = PCURVE('',#722,#1374);
#1374 = DEFINITIONAL_REPRESENTATION('',(#1375),#1378);
#1375 = B_SPLINE_CURVE_WITH_KNOTS('',1,(#1376,#1377),.UNSPECIFIED.,.F.,
  .F.,(2,2),(0.,1.570796326795),.PIECEWISE_BEZIER_KNOTS.);
#1376 = CARTESIAN_POINT('',(0.,416.));
#1377 = CARTESIAN_POINT('',(-1.570796326795,416.));
#1378 = ( GEOMETRIC_REPRESENTATION_CONTEXT(2) 
PARAMETRIC_REPRESENTATION_CONTEXT() REPRESENTATION_CONTEXT('2D SPACE',''
  ) );
#1379 = ORIENTED_EDGE('',*,*,#633,.T.);
#1380 = ORIENTED_EDGE('',*,*,#1207,.T.);
#1381 = ORIENTED_EDGE('',*,*,#1382,.F.);
#1382 = EDGE_CURVE('',#1359,#1187,#1383,.T.);
#1383 = SURFACE_CURVE('',#1384,(#1389,#1396),.PCURVE_S1.);
#1384 = CIRCLE('',#1385,58.);
#1385 = AXIS2_PLACEMENT_3D('',#1386,#1387,#1388);
#1386 = CARTESIAN_POINT('',(-98.,72.,80.));
#1387 = DIRECTION('',(0.,0.,1.));
#1388 = DIRECTION('',(-1.,-1.973729821556E-16,0.));
#1389 = PCURVE('',#650,#1390);
#1390 = DEFINITIONAL_REPRESENTATION('',(#1391),#1395);
#1391 = LINE('',#1392,#1393);
#1392 = CARTESIAN_POINT('',(0.,1.570796326795));
#1393 = VECTOR('',#1394,1.);
#1394 = DIRECTION('',(1.,0.));
#1395 = ( GEOMETRIC_REPRESENTATION_CONTEXT(2) 
PARAMETRIC_REPRESENTATION_CONTEXT() REPRESENTATION_CONTEXT('2D SPACE',''
  ) );
#1396 = PCURVE('',#975,#1397);
#1397 = DEFINITIONAL_REPRESENTATION('',(#1398),#1402);
#1398 = CIRCLE('',#1399,58.);
#1399 = AXIS2_PLACEMENT_2D('',#1400,#1401);
#1400 = CARTESIAN_POINT('',(-98.,-208.));
#1401 = DIRECTION('',(-1.,0.));
#1402 = ( GEOMETRIC_REPRESENTATION_CONTEXT(2) 
PARAMETRIC_REPRESENTATION_CONTEXT() REPRESENTATION_CONTEXT('2D SPACE',''
  ) );
#1403 = ADVANCED_FACE('',(#1404),#722,.T.);
#1404 = FACE_BOUND('',#1405,.F.);
#1405 = EDGE_LOOP('',(#1406,#1428,#1449,#1450));
#1406 = ORIENTED_EDGE('',*,*,#1407,.T.);
#1407 = EDGE_CURVE('',#686,#1408,#1410,.T.);
#1408 = VERTEX_POINT('',#1409);
#1409 = CARTESIAN_POINT('',(-156.,488.,80.));
#1410 = SURFACE_CURVE('',#1411,(#1416,#1422),.PCURVE_S1.);
#1411 = CIRCLE('',#1412,14.);
#1412 = AXIS2_PLACEMENT_3D('',#1413,#1414,#1415);
#1413 = CARTESIAN_POINT('',(-156.,488.,66.));
#1414 = DIRECTION('',(6.123233995737E-17,1.,-0.));
#1415 = DIRECTION('',(-1.,6.123233995737E-17,0.));
#1416 = PCURVE('',#722,#1417);
#1417 = DEFINITIONAL_REPRESENTATION('',(#1418),#1421);
#1418 = B_SPLINE_CURVE_WITH_KNOTS('',1,(#1419,#1420),.UNSPECIFIED.,.F.,
  .F.,(2,2),(0.,1.570796326795),.PIECEWISE_BEZIER_KNOTS.);
#1419 = CARTESIAN_POINT('',(0.,0.));
#1420 = CARTESIAN_POINT('',(-1.570796326795,0.));
#1421 = ( GEOMETRIC_REPRESENTATION_CONTEXT(2) 
PARAMETRIC_REPRESENTATION_CONTEXT() REPRESENTATION_CONTEXT('2D SPACE',''
  ) );
#1422 = PCURVE('',#833,#1423);
#1423 = DEFINITIONAL_REPRESENTATION('',(#1424),#1427);
#1424 = B_SPLINE_CURVE_WITH_KNOTS('',1,(#1425,#1426),.UNSPECIFIED.,.F.,
  .F.,(2,2),(0.,1.570796326795),.PIECEWISE_BEZIER_KNOTS.);
#1425 = CARTESIAN_POINT('',(1.570796326795,0.));
#1426 = CARTESIAN_POINT('',(1.570796326795,1.570796326795));
#1427 = ( GEOMETRIC_REPRESENTATION_CONTEXT(2) 
PARAMETRIC_REPRESENTATION_CONTEXT() REPRESENTATION_CONTEXT('2D SPACE',''
  ) );
#1428 = ORIENTED_EDGE('',*,*,#1429,.T.);
#1429 = EDGE_CURVE('',#1408,#1359,#1430,.T.);
#1430 = SURFACE_CURVE('',#1431,(#1435,#1442),.PCURVE_S1.);
#1431 = LINE('',#1432,#1433);
#1432 = CARTESIAN_POINT('',(-156.,488.,80.));
#1433 = VECTOR('',#1434,1.);
#1434 = DIRECTION('',(0.,-1.,0.));
#1435 = PCURVE('',#722,#1436);
#1436 = DEFINITIONAL_REPRESENTATION('',(#1437),#1441);
#1437 = LINE('',#1438,#1439);
#1438 = CARTESIAN_POINT('',(-1.570796326795,0.));
#1439 = VECTOR('',#1440,1.);
#1440 = DIRECTION('',(-0.,1.));
#1441 = ( GEOMETRIC_REPRESENTATION_CONTEXT(2) 
PARAMETRIC_REPRESENTATION_CONTEXT() REPRESENTATION_CONTEXT('2D SPACE',''
  ) );
#1442 = PCURVE('',#975,#1443);
#1443 = DEFINITIONAL_REPRESENTATION('',(#1444),#1448);
#1444 = LINE('',#1445,#1446);
#1445 = CARTESIAN_POINT('',(-156.,208.));
#1446 = VECTOR('',#1447,1.);
#1447 = DIRECTION('',(0.,-1.));
#1448 = ( GEOMETRIC_REPRESENTATION_CONTEXT(2) 
PARAMETRIC_REPRESENTATION_CONTEXT() REPRESENTATION_CONTEXT('2D SPACE',''
  ) );
#1449 = ORIENTED_EDGE('',*,*,#1358,.F.);
#1450 = ORIENTED_EDGE('',*,*,#708,.F.);
#1451 = ADVANCED_FACE('',(#1452),#756,.T.);
#1452 = FACE_BOUND('',#1453,.F.);
#1453 = EDGE_LOOP('',(#1454,#1455,#1478,#1498));
#1454 = ORIENTED_EDGE('',*,*,#1114,.T.);
#1455 = ORIENTED_EDGE('',*,*,#1456,.T.);
#1456 = EDGE_CURVE('',#1115,#1457,#1459,.T.);
#1457 = VERTEX_POINT('',#1458);
#1458 = CARTESIAN_POINT('',(156.,488.,80.));
#1459 = SURFACE_CURVE('',#1460,(#1464,#1471),.PCURVE_S1.);
#1460 = LINE('',#1461,#1462);
#1461 = CARTESIAN_POINT('',(156.,72.,80.));
#1462 = VECTOR('',#1463,1.);
#1463 = DIRECTION('',(0.,1.,0.));
#1464 = PCURVE('',#756,#1465);
#1465 = DEFINITIONAL_REPRESENTATION('',(#1466),#1470);
#1466 = LINE('',#1467,#1468);
#1467 = CARTESIAN_POINT('',(-1.570796326795,0.));
#1468 = VECTOR('',#1469,1.);
#1469 = DIRECTION('',(-0.,1.));
#1470 = ( GEOMETRIC_REPRESENTATION_CONTEXT(2) 
PARAMETRIC_REPRESENTATION_CONTEXT() REPRESENTATION_CONTEXT('2D SPACE',''
  ) );
#1471 = PCURVE('',#975,#1472);
#1472 = DEFINITIONAL_REPRESENTATION('',(#1473),#1477);
#1473 = LINE('',#1474,#1475);
#1474 = CARTESIAN_POINT('',(156.,-208.));
#1475 = VECTOR('',#1476,1.);
#1476 = DIRECTION('',(0.,1.));
#1477 = ( GEOMETRIC_REPRESENTATION_CONTEXT(2) 
PARAMETRIC_REPRESENTATION_CONTEXT() REPRESENTATION_CONTEXT('2D SPACE',''
  ) );
#1478 = ORIENTED_EDGE('',*,*,#1479,.F.);
#1479 = EDGE_CURVE('',#741,#1457,#1480,.T.);
#1480 = SURFACE_CURVE('',#1481,(#1486,#1492),.PCURVE_S1.);
#1481 = CIRCLE('',#1482,14.);
#1482 = AXIS2_PLACEMENT_3D('',#1483,#1484,#1485);
#1483 = CARTESIAN_POINT('',(156.,488.,66.));
#1484 = DIRECTION('',(0.,-1.,-0.));
#1485 = DIRECTION('',(1.,0.,-0.));
#1486 = PCURVE('',#756,#1487);
#1487 = DEFINITIONAL_REPRESENTATION('',(#1488),#1491);
#1488 = B_SPLINE_CURVE_WITH_KNOTS('',1,(#1489,#1490),.UNSPECIFIED.,.F.,
  .F.,(2,2),(0.,1.570796326795),.PIECEWISE_BEZIER_KNOTS.);
#1489 = CARTESIAN_POINT('',(0.,416.));
#1490 = CARTESIAN_POINT('',(-1.570796326795,416.));
#1491 = ( GEOMETRIC_REPRESENTATION_CONTEXT(2) 
PARAMETRIC_REPRESENTATION_CONTEXT() REPRESENTATION_CONTEXT('2D SPACE',''
  ) );
#1492 = PCURVE('',#888,#1493);
#1493 = DEFINITIONAL_REPRESENTATION('',(#1494),#1497);
#1494 = B_SPLINE_CURVE_WITH_KNOTS('',1,(#1495,#1496),.UNSPECIFIED.,.F.,
  .F.,(2,2),(0.,1.570796326795),.PIECEWISE_BEZIER_KNOTS.);
#1495 = CARTESIAN_POINT('',(0.,0.));
#1496 = CARTESIAN_POINT('',(0.,1.570796326795));
#1497 = ( GEOMETRIC_REPRESENTATION_CONTEXT(2) 
PARAMETRIC_REPRESENTATION_CONTEXT() REPRESENTATION_CONTEXT('2D SPACE',''
  ) );
#1498 = ORIENTED_EDGE('',*,*,#740,.F.);
#1499 = ADVANCED_FACE('',(#1500),#833,.T.);
#1500 = FACE_BOUND('',#1501,.T.);
#1501 = EDGE_LOOP('',(#1502,#1524,#1525,#1526));
#1502 = ORIENTED_EDGE('',*,*,#1503,.F.);
#1503 = EDGE_CURVE('',#794,#1504,#1506,.T.);
#1504 = VERTEX_POINT('',#1505);
#1505 = CARTESIAN_POINT('',(-98.,546.,80.));
#1506 = SURFACE_CURVE('',#1507,(#1512,#1518),.PCURVE_S1.);
#1507 = CIRCLE('',#1508,14.);
#1508 = AXIS2_PLACEMENT_3D('',#1509,#1510,#1511);
#1509 = CARTESIAN_POINT('',(-98.,546.,66.));
#1510 = DIRECTION('',(1.,0.,-0.));
#1511 = DIRECTION('',(0.,1.,0.));
#1512 = PCURVE('',#833,#1513);
#1513 = DEFINITIONAL_REPRESENTATION('',(#1514),#1517);
#1514 = B_SPLINE_CURVE_WITH_KNOTS('',1,(#1515,#1516),.UNSPECIFIED.,.F.,
  .F.,(2,2),(0.,1.570796326795),.PIECEWISE_BEZIER_KNOTS.);
#1515 = CARTESIAN_POINT('',(0.,0.));
#1516 = CARTESIAN_POINT('',(0.,1.570796326795));
#1517 = ( GEOMETRIC_REPRESENTATION_CONTEXT(2) 
PARAMETRIC_REPRESENTATION_CONTEXT() REPRESENTATION_CONTEXT('2D SPACE',''
  ) );
#1518 = PCURVE('',#918,#1519);
#1519 = DEFINITIONAL_REPRESENTATION('',(#1520),#1523);
#1520 = B_SPLINE_CURVE_WITH_KNOTS('',1,(#1521,#1522),.UNSPECIFIED.,.F.,
  .F.,(2,2),(0.,1.570796326795),.PIECEWISE_BEZIER_KNOTS.);
#1521 = CARTESIAN_POINT('',(0.,196.));
#1522 = CARTESIAN_POINT('',(-1.570796326795,196.));
#1523 = ( GEOMETRIC_REPRESENTATION_CONTEXT(2) 
PARAMETRIC_REPRESENTATION_CONTEXT() REPRESENTATION_CONTEXT('2D SPACE',''
  ) );
#1524 = ORIENTED_EDGE('',*,*,#818,.T.);
#1525 = ORIENTED_EDGE('',*,*,#1407,.T.);
#1526 = ORIENTED_EDGE('',*,*,#1527,.F.);
#1527 = EDGE_CURVE('',#1504,#1408,#1528,.T.);
#1528 = SURFACE_CURVE('',#1529,(#1534,#1541),.PCURVE_S1.);
#1529 = CIRCLE('',#1530,58.);
#1530 = AXIS2_PLACEMENT_3D('',#1531,#1532,#1533);
#1531 = CARTESIAN_POINT('',(-98.,488.,80.));
#1532 = DIRECTION('',(0.,0.,1.));
#1533 = DIRECTION('',(0.,1.,-0.));
#1534 = PCURVE('',#833,#1535);
#1535 = DEFINITIONAL_REPRESENTATION('',(#1536),#1540);
#1536 = LINE('',#1537,#1538);
#1537 = CARTESIAN_POINT('',(0.,1.570796326795));
#1538 = VECTOR('',#1539,1.);
#1539 = DIRECTION('',(1.,0.));
#1540 = ( GEOMETRIC_REPRESENTATION_CONTEXT(2) 
PARAMETRIC_REPRESENTATION_CONTEXT() REPRESENTATION_CONTEXT('2D SPACE',''
  ) );
#1541 = PCURVE('',#975,#1542);
#1542 = DEFINITIONAL_REPRESENTATION('',(#1543),#1547);
#1543 = CIRCLE('',#1544,58.);
#1544 = AXIS2_PLACEMENT_2D('',#1545,#1546);
#1545 = CARTESIAN_POINT('',(-98.,208.));
#1546 = DIRECTION('',(0.,1.));
#1547 = ( GEOMETRIC_REPRESENTATION_CONTEXT(2) 
PARAMETRIC_REPRESENTATION_CONTEXT() REPRESENTATION_CONTEXT('2D SPACE',''
  ) );
#1548 = ADVANCED_FACE('',(#1549),#888,.T.);
#1549 = FACE_BOUND('',#1550,.T.);
#1550 = EDGE_LOOP('',(#1551,#1552,#1553,#1575));
#1551 = ORIENTED_EDGE('',*,*,#1479,.F.);
#1552 = ORIENTED_EDGE('',*,*,#873,.T.);
#1553 = ORIENTED_EDGE('',*,*,#1554,.T.);
#1554 = EDGE_CURVE('',#851,#1555,#1557,.T.);
#1555 = VERTEX_POINT('',#1556);
#1556 = CARTESIAN_POINT('',(98.,546.,80.));
#1557 = SURFACE_CURVE('',#1558,(#1563,#1569),.PCURVE_S1.);
#1558 = CIRCLE('',#1559,14.);
#1559 = AXIS2_PLACEMENT_3D('',#1560,#1561,#1562);
#1560 = CARTESIAN_POINT('',(98.,546.,66.));
#1561 = DIRECTION('',(1.,-6.123233995737E-17,0.));
#1562 = DIRECTION('',(6.123233995737E-17,1.,0.));
#1563 = PCURVE('',#888,#1564);
#1564 = DEFINITIONAL_REPRESENTATION('',(#1565),#1568);
#1565 = B_SPLINE_CURVE_WITH_KNOTS('',1,(#1566,#1567),.UNSPECIFIED.,.F.,
  .F.,(2,2),(0.,1.570796326795),.PIECEWISE_BEZIER_KNOTS.);
#1566 = CARTESIAN_POINT('',(1.570796326795,0.));
#1567 = CARTESIAN_POINT('',(1.570796326795,1.570796326795));
#1568 = ( GEOMETRIC_REPRESENTATION_CONTEXT(2) 
PARAMETRIC_REPRESENTATION_CONTEXT() REPRESENTATION_CONTEXT('2D SPACE',''
  ) );
#1569 = PCURVE('',#918,#1570);
#1570 = DEFINITIONAL_REPRESENTATION('',(#1571),#1574);
#1571 = B_SPLINE_CURVE_WITH_KNOTS('',1,(#1572,#1573),.UNSPECIFIED.,.F.,
  .F.,(2,2),(0.,1.570796326795),.PIECEWISE_BEZIER_KNOTS.);
#1572 = CARTESIAN_POINT('',(0.,0.));
#1573 = CARTESIAN_POINT('',(-1.570796326795,0.));
#1574 = ( GEOMETRIC_REPRESENTATION_CONTEXT(2) 
PARAMETRIC_REPRESENTATION_CONTEXT() REPRESENTATION_CONTEXT('2D SPACE',''
  ) );
#1575 = ORIENTED_EDGE('',*,*,#1576,.F.);
#1576 = EDGE_CURVE('',#1457,#1555,#1577,.T.);
#1577 = SURFACE_CURVE('',#1578,(#1583,#1590),.PCURVE_S1.);
#1578 = CIRCLE('',#1579,58.);
#1579 = AXIS2_PLACEMENT_3D('',#1580,#1581,#1582);
#1580 = CARTESIAN_POINT('',(98.,488.,80.));
#1581 = DIRECTION('',(0.,0.,1.));
#1582 = DIRECTION('',(1.,0.,-0.));
#1583 = PCURVE('',#888,#1584);
#1584 = DEFINITIONAL_REPRESENTATION('',(#1585),#1589);
#1585 = LINE('',#1586,#1587);
#1586 = CARTESIAN_POINT('',(0.,1.570796326795));
#1587 = VECTOR('',#1588,1.);
#1588 = DIRECTION('',(1.,0.));
#1589 = ( GEOMETRIC_REPRESENTATION_CONTEXT(2) 
PARAMETRIC_REPRESENTATION_CONTEXT() REPRESENTATION_CONTEXT('2D SPACE',''
  ) );
#1590 = PCURVE('',#975,#1591);
#1591 = DEFINITIONAL_REPRESENTATION('',(#1592),#1596);
#1592 = CIRCLE('',#1593,58.);
#1593 = AXIS2_PLACEMENT_2D('',#1594,#1595);
#1594 = CARTESIAN_POINT('',(98.,208.));
#1595 = DIRECTION('',(1.,0.));
#1596 = ( GEOMETRIC_REPRESENTATION_CONTEXT(2) 
PARAMETRIC_REPRESENTATION_CONTEXT() REPRESENTATION_CONTEXT('2D SPACE',''
  ) );
#1597 = ADVANCED_FACE('',(#1598),#918,.T.);
#1598 = FACE_BOUND('',#1599,.F.);
#1599 = EDGE_LOOP('',(#1600,#1601,#1622,#1623));
#1600 = ORIENTED_EDGE('',*,*,#1554,.T.);
#1601 = ORIENTED_EDGE('',*,*,#1602,.T.);
#1602 = EDGE_CURVE('',#1555,#1504,#1603,.T.);
#1603 = SURFACE_CURVE('',#1604,(#1608,#1615),.PCURVE_S1.);
#1604 = LINE('',#1605,#1606);
#1605 = CARTESIAN_POINT('',(98.,546.,80.));
#1606 = VECTOR('',#1607,1.);
#1607 = DIRECTION('',(-1.,0.,0.));
#1608 = PCURVE('',#918,#1609);
#1609 = DEFINITIONAL_REPRESENTATION('',(#1610),#1614);
#1610 = LINE('',#1611,#1612);
#1611 = CARTESIAN_POINT('',(-1.570796326795,0.));
#1612 = VECTOR('',#1613,1.);
#1613 = DIRECTION('',(-0.,1.));
#1614 = ( GEOMETRIC_REPRESENTATION_CONTEXT(2) 
PARAMETRIC_REPRESENTATION_CONTEXT() REPRESENTATION_CONTEXT('2D SPACE',''
  ) );
#1615 = PCURVE('',#975,#1616);
#1616 = DEFINITIONAL_REPRESENTATION('',(#1617),#1621);
#1617 = LINE('',#1618,#1619);
#1618 = CARTESIAN_POINT('',(98.,266.));
#1619 = VECTOR('',#1620,1.);
#1620 = DIRECTION('',(-1.,0.));
#1621 = ( GEOMETRIC_REPRESENTATION_CONTEXT(2) 
PARAMETRIC_REPRESENTATION_CONTEXT() REPRESENTATION_CONTEXT('2D SPACE',''
  ) );
#1622 = ORIENTED_EDGE('',*,*,#1503,.F.);
#1623 = ORIENTED_EDGE('',*,*,#904,.F.);
#1624 = ADVANCED_FACE('',(#1625,#1637,#1859),#975,.T.);
#1625 = FACE_BOUND('',#1626,.T.);
#1626 = EDGE_LOOP('',(#1627,#1628,#1629,#1630,#1631,#1632,#1633,#1634,
    #1635,#1636));
#1627 = ORIENTED_EDGE('',*,*,#1382,.T.);
#1628 = ORIENTED_EDGE('',*,*,#1186,.T.);
#1629 = ORIENTED_EDGE('',*,*,#1336,.F.);
#1630 = ORIENTED_EDGE('',*,*,#960,.F.);
#1631 = ORIENTED_EDGE('',*,*,#1136,.T.);
#1632 = ORIENTED_EDGE('',*,*,#1456,.T.);
#1633 = ORIENTED_EDGE('',*,*,#1576,.T.);
#1634 = ORIENTED_EDGE('',*,*,#1602,.T.);
#1635 = ORIENTED_EDGE('',*,*,#1527,.T.);
#1636 = ORIENTED_EDGE('',*,*,#1429,.T.);
#1637 = FACE_BOUND('',#1638,.T.);
#1638 = EDGE_LOOP('',(#1639,#1670,#1696,#1725,#1751,#1780,#1806,#1835));
#1639 = ORIENTED_EDGE('',*,*,#1640,.F.);
#1640 = EDGE_CURVE('',#1641,#1643,#1645,.T.);
#1641 = VERTEX_POINT('',#1642);
#1642 = CARTESIAN_POINT('',(112.,160.,80.));
#1643 = VERTEX_POINT('',#1644);
#1644 = CARTESIAN_POINT('',(136.,184.,80.));
#1645 = SURFACE_CURVE('',#1646,(#1651,#1658),.PCURVE_S1.);
#1646 = CIRCLE('',#1647,24.);
#1647 = AXIS2_PLACEMENT_3D('',#1648,#1649,#1650);
#1648 = CARTESIAN_POINT('',(112.,184.,80.));
#1649 = DIRECTION('',(0.,0.,1.));
#1650 = DIRECTION('',(0.,-1.,0.));
#1651 = PCURVE('',#975,#1652);
#1652 = DEFINITIONAL_REPRESENTATION('',(#1653),#1657);
#1653 = CIRCLE('',#1654,24.);
#1654 = AXIS2_PLACEMENT_2D('',#1655,#1656);
#1655 = CARTESIAN_POINT('',(112.,-96.));
#1656 = DIRECTION('',(0.,-1.));
#1657 = ( GEOMETRIC_REPRESENTATION_CONTEXT(2) 
PARAMETRIC_REPRESENTATION_CONTEXT() REPRESENTATION_CONTEXT('2D SPACE',''
  ) );
#1658 = PCURVE('',#1659,#1664);
#1659 = CYLINDRICAL_SURFACE('',#1660,24.);
#1660 = AXIS2_PLACEMENT_3D('',#1661,#1662,#1663);
#1661 = CARTESIAN_POINT('',(112.,184.,30.));
#1662 = DIRECTION('',(0.,0.,1.));
#1663 = DIRECTION('',(0.,-1.,0.));
#1664 = DEFINITIONAL_REPRESENTATION('',(#1665),#1669);
#1665 = LINE('',#1666,#1667);
#1666 = CARTESIAN_POINT('',(0.,50.));
#1667 = VECTOR('',#1668,1.);
#1668 = DIRECTION('',(1.,0.));
#1669 = ( GEOMETRIC_REPRESENTATION_CONTEXT(2) 
PARAMETRIC_REPRESENTATION_CONTEXT() REPRESENTATION_CONTEXT('2D SPACE',''
  ) );
#1670 = ORIENTED_EDGE('',*,*,#1671,.T.);
#1671 = EDGE_CURVE('',#1641,#1672,#1674,.T.);
#1672 = VERTEX_POINT('',#1673);
#1673 = CARTESIAN_POINT('',(-112.,160.,80.));
#1674 = SURFACE_CURVE('',#1675,(#1679,#1685),.PCURVE_S1.);
#1675 = LINE('',#1676,#1677);
#1676 = CARTESIAN_POINT('',(-68.,160.,80.));
#1677 = VECTOR('',#1678,1.);
#1678 = DIRECTION('',(-1.,0.,0.));
#1679 = PCURVE('',#975,#1680);
#1680 = DEFINITIONAL_REPRESENTATION('',(#1681),#1684);
#1681 = B_SPLINE_CURVE_WITH_KNOTS('',1,(#1682,#1683),.UNSPECIFIED.,.F.,
  .F.,(2,2),(-180.,44.),.PIECEWISE_BEZIER_KNOTS.);
#1682 = CARTESIAN_POINT('',(112.,-120.));
#1683 = CARTESIAN_POINT('',(-112.,-120.));
#1684 = ( GEOMETRIC_REPRESENTATION_CONTEXT(2) 
PARAMETRIC_REPRESENTATION_CONTEXT() REPRESENTATION_CONTEXT('2D SPACE',''
  ) );
#1685 = PCURVE('',#1686,#1691);
#1686 = PLANE('',#1687);
#1687 = AXIS2_PLACEMENT_3D('',#1688,#1689,#1690);
#1688 = CARTESIAN_POINT('',(-136.,160.,30.));
#1689 = DIRECTION('',(0.,1.,0.));
#1690 = DIRECTION('',(1.,0.,0.));
#1691 = DEFINITIONAL_REPRESENTATION('',(#1692),#1695);
#1692 = B_SPLINE_CURVE_WITH_KNOTS('',1,(#1693,#1694),.UNSPECIFIED.,.F.,
  .F.,(2,2),(-180.,44.),.PIECEWISE_BEZIER_KNOTS.);
#1693 = CARTESIAN_POINT('',(248.,-50.));
#1694 = CARTESIAN_POINT('',(24.,-50.));
#1695 = ( GEOMETRIC_REPRESENTATION_CONTEXT(2) 
PARAMETRIC_REPRESENTATION_CONTEXT() REPRESENTATION_CONTEXT('2D SPACE',''
  ) );
#1696 = ORIENTED_EDGE('',*,*,#1697,.F.);
#1697 = EDGE_CURVE('',#1698,#1672,#1700,.T.);
#1698 = VERTEX_POINT('',#1699);
#1699 = CARTESIAN_POINT('',(-136.,184.,80.));
#1700 = SURFACE_CURVE('',#1701,(#1706,#1713),.PCURVE_S1.);
#1701 = CIRCLE('',#1702,24.);
#1702 = AXIS2_PLACEMENT_3D('',#1703,#1704,#1705);
#1703 = CARTESIAN_POINT('',(-112.,184.,80.));
#1704 = DIRECTION('',(0.,0.,1.));
#1705 = DIRECTION('',(0.,-1.,0.));
#1706 = PCURVE('',#975,#1707);
#1707 = DEFINITIONAL_REPRESENTATION('',(#1708),#1712);
#1708 = CIRCLE('',#1709,24.);
#1709 = AXIS2_PLACEMENT_2D('',#1710,#1711);
#1710 = CARTESIAN_POINT('',(-112.,-96.));
#1711 = DIRECTION('',(0.,-1.));
#1712 = ( GEOMETRIC_REPRESENTATION_CONTEXT(2) 
PARAMETRIC_REPRESENTATION_CONTEXT() REPRESENTATION_CONTEXT('2D SPACE',''
  ) );
#1713 = PCURVE('',#1714,#1719);
#1714 = CYLINDRICAL_SURFACE('',#1715,24.);
#1715 = AXIS2_PLACEMENT_3D('',#1716,#1717,#1718);
#1716 = CARTESIAN_POINT('',(-112.,184.,30.));
#1717 = DIRECTION('',(0.,0.,1.));
#1718 = DIRECTION('',(0.,-1.,0.));
#1719 = DEFINITIONAL_REPRESENTATION('',(#1720),#1724);
#1720 = LINE('',#1721,#1722);
#1721 = CARTESIAN_POINT('',(-6.28318530718,50.));
#1722 = VECTOR('',#1723,1.);
#1723 = DIRECTION('',(1.,-0.));
#1724 = ( GEOMETRIC_REPRESENTATION_CONTEXT(2) 
PARAMETRIC_REPRESENTATION_CONTEXT() REPRESENTATION_CONTEXT('2D SPACE',''
  ) );
#1725 = ORIENTED_EDGE('',*,*,#1726,.T.);
#1726 = EDGE_CURVE('',#1698,#1727,#1729,.T.);
#1727 = VERTEX_POINT('',#1728);
#1728 = CARTESIAN_POINT('',(-136.,426.,80.));
#1729 = SURFACE_CURVE('',#1730,(#1734,#1740),.PCURVE_S1.);
#1730 = LINE('',#1731,#1732);
#1731 = CARTESIAN_POINT('',(-136.,365.,80.));
#1732 = VECTOR('',#1733,1.);
#1733 = DIRECTION('',(-0.,1.,0.));
#1734 = PCURVE('',#975,#1735);
#1735 = DEFINITIONAL_REPRESENTATION('',(#1736),#1739);
#1736 = B_SPLINE_CURVE_WITH_KNOTS('',1,(#1737,#1738),.UNSPECIFIED.,.F.,
  .F.,(2,2),(-181.,61.),.PIECEWISE_BEZIER_KNOTS.);
#1737 = CARTESIAN_POINT('',(-136.,-96.));
#1738 = CARTESIAN_POINT('',(-136.,146.));
#1739 = ( GEOMETRIC_REPRESENTATION_CONTEXT(2) 
PARAMETRIC_REPRESENTATION_CONTEXT() REPRESENTATION_CONTEXT('2D SPACE',''
  ) );
#1740 = PCURVE('',#1741,#1746);
#1741 = PLANE('',#1742);
#1742 = AXIS2_PLACEMENT_3D('',#1743,#1744,#1745);
#1743 = CARTESIAN_POINT('',(-136.,450.,30.));
#1744 = DIRECTION('',(1.,0.,-0.));
#1745 = DIRECTION('',(0.,-1.,0.));
#1746 = DEFINITIONAL_REPRESENTATION('',(#1747),#1750);
#1747 = B_SPLINE_CURVE_WITH_KNOTS('',1,(#1748,#1749),.UNSPECIFIED.,.F.,
  .F.,(2,2),(-181.,61.),.PIECEWISE_BEZIER_KNOTS.);
#1748 = CARTESIAN_POINT('',(266.,-50.));
#1749 = CARTESIAN_POINT('',(24.,-50.));
#1750 = ( GEOMETRIC_REPRESENTATION_CONTEXT(2) 
PARAMETRIC_REPRESENTATION_CONTEXT() REPRESENTATION_CONTEXT('2D SPACE',''
  ) );
#1751 = ORIENTED_EDGE('',*,*,#1752,.F.);
#1752 = EDGE_CURVE('',#1753,#1727,#1755,.T.);
#1753 = VERTEX_POINT('',#1754);
#1754 = CARTESIAN_POINT('',(-112.,450.,80.));
#1755 = SURFACE_CURVE('',#1756,(#1761,#1768),.PCURVE_S1.);
#1756 = CIRCLE('',#1757,24.);
#1757 = AXIS2_PLACEMENT_3D('',#1758,#1759,#1760);
#1758 = CARTESIAN_POINT('',(-112.,426.,80.));
#1759 = DIRECTION('',(0.,0.,1.));
#1760 = DIRECTION('',(-0.,1.,0.));
#1761 = PCURVE('',#975,#1762);
#1762 = DEFINITIONAL_REPRESENTATION('',(#1763),#1767);
#1763 = CIRCLE('',#1764,24.);
#1764 = AXIS2_PLACEMENT_2D('',#1765,#1766);
#1765 = CARTESIAN_POINT('',(-112.,146.));
#1766 = DIRECTION('',(0.,1.));
#1767 = ( GEOMETRIC_REPRESENTATION_CONTEXT(2) 
PARAMETRIC_REPRESENTATION_CONTEXT() REPRESENTATION_CONTEXT('2D SPACE',''
  ) );
#1768 = PCURVE('',#1769,#1774);
#1769 = CYLINDRICAL_SURFACE('',#1770,24.);
#1770 = AXIS2_PLACEMENT_3D('',#1771,#1772,#1773);
#1771 = CARTESIAN_POINT('',(-112.,426.,30.));
#1772 = DIRECTION('',(0.,0.,1.));
#1773 = DIRECTION('',(-0.,1.,0.));
#1774 = DEFINITIONAL_REPRESENTATION('',(#1775),#1779);
#1775 = LINE('',#1776,#1777);
#1776 = CARTESIAN_POINT('',(0.,50.));
#1777 = VECTOR('',#1778,1.);
#1778 = DIRECTION('',(1.,0.));
#1779 = ( GEOMETRIC_REPRESENTATION_CONTEXT(2) 
PARAMETRIC_REPRESENTATION_CONTEXT() REPRESENTATION_CONTEXT('2D SPACE',''
  ) );
#1780 = ORIENTED_EDGE('',*,*,#1781,.T.);
#1781 = EDGE_CURVE('',#1753,#1782,#1784,.T.);
#1782 = VERTEX_POINT('',#1783);
#1783 = CARTESIAN_POINT('',(112.,450.,80.));
#1784 = SURFACE_CURVE('',#1785,(#1789,#1795),.PCURVE_S1.);
#1785 = LINE('',#1786,#1787);
#1786 = CARTESIAN_POINT('',(68.,450.,80.));
#1787 = VECTOR('',#1788,1.);
#1788 = DIRECTION('',(1.,0.,-0.));
#1789 = PCURVE('',#975,#1790);
#1790 = DEFINITIONAL_REPRESENTATION('',(#1791),#1794);
#1791 = B_SPLINE_CURVE_WITH_KNOTS('',1,(#1792,#1793),.UNSPECIFIED.,.F.,
  .F.,(2,2),(-180.,44.),.PIECEWISE_BEZIER_KNOTS.);
#1792 = CARTESIAN_POINT('',(-112.,170.));
#1793 = CARTESIAN_POINT('',(112.,170.));
#1794 = ( GEOMETRIC_REPRESENTATION_CONTEXT(2) 
PARAMETRIC_REPRESENTATION_CONTEXT() REPRESENTATION_CONTEXT('2D SPACE',''
  ) );
#1795 = PCURVE('',#1796,#1801);
#1796 = PLANE('',#1797);
#1797 = AXIS2_PLACEMENT_3D('',#1798,#1799,#1800);
#1798 = CARTESIAN_POINT('',(136.,450.,30.));
#1799 = DIRECTION('',(0.,-1.,0.));
#1800 = DIRECTION('',(-1.,0.,0.));
#1801 = DEFINITIONAL_REPRESENTATION('',(#1802),#1805);
#1802 = B_SPLINE_CURVE_WITH_KNOTS('',1,(#1803,#1804),.UNSPECIFIED.,.F.,
  .F.,(2,2),(-180.,44.),.PIECEWISE_BEZIER_KNOTS.);
#1803 = CARTESIAN_POINT('',(248.,-50.));
#1804 = CARTESIAN_POINT('',(24.,-50.));
#1805 = ( GEOMETRIC_REPRESENTATION_CONTEXT(2) 
PARAMETRIC_REPRESENTATION_CONTEXT() REPRESENTATION_CONTEXT('2D SPACE',''
  ) );
#1806 = ORIENTED_EDGE('',*,*,#1807,.F.);
#1807 = EDGE_CURVE('',#1808,#1782,#1810,.T.);
#1808 = VERTEX_POINT('',#1809);
#1809 = CARTESIAN_POINT('',(136.,426.,80.));
#1810 = SURFACE_CURVE('',#1811,(#1816,#1823),.PCURVE_S1.);
#1811 = CIRCLE('',#1812,24.);
#1812 = AXIS2_PLACEMENT_3D('',#1813,#1814,#1815);
#1813 = CARTESIAN_POINT('',(112.,426.,80.));
#1814 = DIRECTION('',(0.,0.,1.));
#1815 = DIRECTION('',(1.,0.,-0.));
#1816 = PCURVE('',#975,#1817);
#1817 = DEFINITIONAL_REPRESENTATION('',(#1818),#1822);
#1818 = CIRCLE('',#1819,24.);
#1819 = AXIS2_PLACEMENT_2D('',#1820,#1821);
#1820 = CARTESIAN_POINT('',(112.,146.));
#1821 = DIRECTION('',(1.,0.));
#1822 = ( GEOMETRIC_REPRESENTATION_CONTEXT(2) 
PARAMETRIC_REPRESENTATION_CONTEXT() REPRESENTATION_CONTEXT('2D SPACE',''
  ) );
#1823 = PCURVE('',#1824,#1829);
#1824 = CYLINDRICAL_SURFACE('',#1825,24.);
#1825 = AXIS2_PLACEMENT_3D('',#1826,#1827,#1828);
#1826 = CARTESIAN_POINT('',(112.,426.,30.));
#1827 = DIRECTION('',(0.,0.,1.));
#1828 = DIRECTION('',(1.,0.,-0.));
#1829 = DEFINITIONAL_REPRESENTATION('',(#1830),#1834);
#1830 = LINE('',#1831,#1832);
#1831 = CARTESIAN_POINT('',(0.,50.));
#1832 = VECTOR('',#1833,1.);
#1833 = DIRECTION('',(1.,0.));
#1834 = ( GEOMETRIC_REPRESENTATION_CONTEXT(2) 
PARAMETRIC_REPRESENTATION_CONTEXT() REPRESENTATION_CONTEXT('2D SPACE',''
  ) );
#1835 = ORIENTED_EDGE('',*,*,#1836,.T.);
#1836 = EDGE_CURVE('',#1808,#1643,#1837,.T.);
#1837 = SURFACE_CURVE('',#1838,(#1842,#1848),.PCURVE_S1.);
#1838 = LINE('',#1839,#1840);
#1839 = CARTESIAN_POINT('',(136.,220.,80.));
#1840 = VECTOR('',#1841,1.);
#1841 = DIRECTION('',(0.,-1.,0.));
#1842 = PCURVE('',#975,#1843);
#1843 = DEFINITIONAL_REPRESENTATION('',(#1844),#1847);
#1844 = B_SPLINE_CURVE_WITH_KNOTS('',1,(#1845,#1846),.UNSPECIFIED.,.F.,
  .F.,(2,2),(-206.,36.),.PIECEWISE_BEZIER_KNOTS.);
#1845 = CARTESIAN_POINT('',(136.,146.));
#1846 = CARTESIAN_POINT('',(136.,-96.));
#1847 = ( GEOMETRIC_REPRESENTATION_CONTEXT(2) 
PARAMETRIC_REPRESENTATION_CONTEXT() REPRESENTATION_CONTEXT('2D SPACE',''
  ) );
#1848 = PCURVE('',#1849,#1854);
#1849 = PLANE('',#1850);
#1850 = AXIS2_PLACEMENT_3D('',#1851,#1852,#1853);
#1851 = CARTESIAN_POINT('',(136.,160.,30.));
#1852 = DIRECTION('',(-1.,0.,0.));
#1853 = DIRECTION('',(0.,1.,0.));
#1854 = DEFINITIONAL_REPRESENTATION('',(#1855),#1858);
#1855 = B_SPLINE_CURVE_WITH_KNOTS('',1,(#1856,#1857),.UNSPECIFIED.,.F.,
  .F.,(2,2),(-206.,36.),.PIECEWISE_BEZIER_KNOTS.);
#1856 = CARTESIAN_POINT('',(266.,-50.));
#1857 = CARTESIAN_POINT('',(24.,-50.));
#1858 = ( GEOMETRIC_REPRESENTATION_CONTEXT(2) 
PARAMETRIC_REPRESENTATION_CONTEXT() REPRESENTATION_CONTEXT('2D SPACE',''
  ) );
#1859 = FACE_BOUND('',#1860,.T.);
#1860 = EDGE_LOOP('',(#1861,#1892,#1918,#1947,#1973,#2002,#2028,#2057));
#1861 = ORIENTED_EDGE('',*,*,#1862,.F.);
#1862 = EDGE_CURVE('',#1863,#1865,#1867,.T.);
#1863 = VERTEX_POINT('',#1864);
#1864 = CARTESIAN_POINT('',(115.1,495.,80.));
#1865 = VERTEX_POINT('',#1866);
#1866 = CARTESIAN_POINT('',(120.,499.9,80.));
#1867 = SURFACE_CURVE('',#1868,(#1873,#1880),.PCURVE_S1.);
#1868 = CIRCLE('',#1869,4.9);
#1869 = AXIS2_PLACEMENT_3D('',#1870,#1871,#1872);
#1870 = CARTESIAN_POINT('',(115.1,499.9,80.));
#1871 = DIRECTION('',(0.,0.,1.));
#1872 = DIRECTION('',(0.,-1.,0.));
#1873 = PCURVE('',#975,#1874);
#1874 = DEFINITIONAL_REPRESENTATION('',(#1875),#1879);
#1875 = CIRCLE('',#1876,4.9);
#1876 = AXIS2_PLACEMENT_2D('',#1877,#1878);
#1877 = CARTESIAN_POINT('',(115.1,219.9));
#1878 = DIRECTION('',(0.,-1.));
#1879 = ( GEOMETRIC_REPRESENTATION_CONTEXT(2) 
PARAMETRIC_REPRESENTATION_CONTEXT() REPRESENTATION_CONTEXT('2D SPACE',''
  ) );
#1880 = PCURVE('',#1881,#1886);
#1881 = CYLINDRICAL_SURFACE('',#1882,4.9);
#1882 = AXIS2_PLACEMENT_3D('',#1883,#1884,#1885);
#1883 = CARTESIAN_POINT('',(115.1,499.9,75.));
#1884 = DIRECTION('',(0.,0.,1.));
#1885 = DIRECTION('',(0.,-1.,0.));
#1886 = DEFINITIONAL_REPRESENTATION('',(#1887),#1891);
#1887 = LINE('',#1888,#1889);
#1888 = CARTESIAN_POINT('',(0.,5.));
#1889 = VECTOR('',#1890,1.);
#1890 = DIRECTION('',(1.,0.));
#1891 = ( GEOMETRIC_REPRESENTATION_CONTEXT(2) 
PARAMETRIC_REPRESENTATION_CONTEXT() REPRESENTATION_CONTEXT('2D SPACE',''
  ) );
#1892 = ORIENTED_EDGE('',*,*,#1893,.T.);
#1893 = EDGE_CURVE('',#1863,#1894,#1896,.T.);
#1894 = VERTEX_POINT('',#1895);
#1895 = CARTESIAN_POINT('',(-115.1,495.,80.));
#1896 = SURFACE_CURVE('',#1897,(#1901,#1907),.PCURVE_S1.);
#1897 = LINE('',#1898,#1899);
#1898 = CARTESIAN_POINT('',(-60.,495.,80.));
#1899 = VECTOR('',#1900,1.);
#1900 = DIRECTION('',(-1.,0.,0.));
#1901 = PCURVE('',#975,#1902);
#1902 = DEFINITIONAL_REPRESENTATION('',(#1903),#1906);
#1903 = B_SPLINE_CURVE_WITH_KNOTS('',1,(#1904,#1905),.UNSPECIFIED.,.F.,
  .F.,(2,2),(-175.1,55.1),.PIECEWISE_BEZIER_KNOTS.);
#1904 = CARTESIAN_POINT('',(115.1,215.));
#1905 = CARTESIAN_POINT('',(-115.1,215.));
#1906 = ( GEOMETRIC_REPRESENTATION_CONTEXT(2) 
PARAMETRIC_REPRESENTATION_CONTEXT() REPRESENTATION_CONTEXT('2D SPACE',''
  ) );
#1907 = PCURVE('',#1908,#1913);
#1908 = PLANE('',#1909);
#1909 = AXIS2_PLACEMENT_3D('',#1910,#1911,#1912);
#1910 = CARTESIAN_POINT('',(-120.,495.,75.));
#1911 = DIRECTION('',(0.,1.,0.));
#1912 = DIRECTION('',(1.,0.,0.));
#1913 = DEFINITIONAL_REPRESENTATION('',(#1914),#1917);
#1914 = B_SPLINE_CURVE_WITH_KNOTS('',1,(#1915,#1916),.UNSPECIFIED.,.F.,
  .F.,(2,2),(-175.1,55.1),.PIECEWISE_BEZIER_KNOTS.);
#1915 = CARTESIAN_POINT('',(235.1,-5.));
#1916 = CARTESIAN_POINT('',(4.9,-5.));
#1917 = ( GEOMETRIC_REPRESENTATION_CONTEXT(2) 
PARAMETRIC_REPRESENTATION_CONTEXT() REPRESENTATION_CONTEXT('2D SPACE',''
  ) );
#1918 = ORIENTED_EDGE('',*,*,#1919,.F.);
#1919 = EDGE_CURVE('',#1920,#1894,#1922,.T.);
#1920 = VERTEX_POINT('',#1921);
#1921 = CARTESIAN_POINT('',(-120.,499.9,80.));
#1922 = SURFACE_CURVE('',#1923,(#1928,#1935),.PCURVE_S1.);
#1923 = CIRCLE('',#1924,4.9);
#1924 = AXIS2_PLACEMENT_3D('',#1925,#1926,#1927);
#1925 = CARTESIAN_POINT('',(-115.1,499.9,80.));
#1926 = DIRECTION('',(0.,0.,1.));
#1927 = DIRECTION('',(0.,-1.,0.));
#1928 = PCURVE('',#975,#1929);
#1929 = DEFINITIONAL_REPRESENTATION('',(#1930),#1934);
#1930 = CIRCLE('',#1931,4.9);
#1931 = AXIS2_PLACEMENT_2D('',#1932,#1933);
#1932 = CARTESIAN_POINT('',(-115.1,219.9));
#1933 = DIRECTION('',(0.,-1.));
#1934 = ( GEOMETRIC_REPRESENTATION_CONTEXT(2) 
PARAMETRIC_REPRESENTATION_CONTEXT() REPRESENTATION_CONTEXT('2D SPACE',''
  ) );
#1935 = PCURVE('',#1936,#1941);
#1936 = CYLINDRICAL_SURFACE('',#1937,4.9);
#1937 = AXIS2_PLACEMENT_3D('',#1938,#1939,#1940);
#1938 = CARTESIAN_POINT('',(-115.1,499.9,75.));
#1939 = DIRECTION('',(0.,0.,1.));
#1940 = DIRECTION('',(0.,-1.,0.));
#1941 = DEFINITIONAL_REPRESENTATION('',(#1942),#1946);
#1942 = LINE('',#1943,#1944);
#1943 = CARTESIAN_POINT('',(-6.28318530718,5.));
#1944 = VECTOR('',#1945,1.);
#1945 = DIRECTION('',(1.,-0.));
#1946 = ( GEOMETRIC_REPRESENTATION_CONTEXT(2) 
PARAMETRIC_REPRESENTATION_CONTEXT() REPRESENTATION_CONTEXT('2D SPACE',''
  ) );
#1947 = ORIENTED_EDGE('',*,*,#1948,.T.);
#1948 = EDGE_CURVE('',#1920,#1949,#1951,.T.);
#1949 = VERTEX_POINT('',#1950);
#1950 = CARTESIAN_POINT('',(-120.,500.1,80.));
#1951 = SURFACE_CURVE('',#1952,(#1956,#1962),.PCURVE_S1.);
#1952 = LINE('',#1953,#1954);
#1953 = CARTESIAN_POINT('',(-120.,392.5,80.));
#1954 = VECTOR('',#1955,1.);
#1955 = DIRECTION('',(-0.,1.,0.));
#1956 = PCURVE('',#975,#1957);
#1957 = DEFINITIONAL_REPRESENTATION('',(#1958),#1961);
#1958 = B_SPLINE_CURVE_WITH_KNOTS('',1,(#1959,#1960),.UNSPECIFIED.,.F.,
  .F.,(2,2),(107.4,107.6),.PIECEWISE_BEZIER_KNOTS.);
#1959 = CARTESIAN_POINT('',(-120.,219.9));
#1960 = CARTESIAN_POINT('',(-120.,220.1));
#1961 = ( GEOMETRIC_REPRESENTATION_CONTEXT(2) 
PARAMETRIC_REPRESENTATION_CONTEXT() REPRESENTATION_CONTEXT('2D SPACE',''
  ) );
#1962 = PCURVE('',#1963,#1968);
#1963 = PLANE('',#1964);
#1964 = AXIS2_PLACEMENT_3D('',#1965,#1966,#1967);
#1965 = CARTESIAN_POINT('',(-120.,505.,75.));
#1966 = DIRECTION('',(1.,0.,-0.));
#1967 = DIRECTION('',(0.,-1.,0.));
#1968 = DEFINITIONAL_REPRESENTATION('',(#1969),#1972);
#1969 = B_SPLINE_CURVE_WITH_KNOTS('',1,(#1970,#1971),.UNSPECIFIED.,.F.,
  .F.,(2,2),(107.4,107.6),.PIECEWISE_BEZIER_KNOTS.);
#1970 = CARTESIAN_POINT('',(5.1,-5.));
#1971 = CARTESIAN_POINT('',(4.9,-5.));
#1972 = ( GEOMETRIC_REPRESENTATION_CONTEXT(2) 
PARAMETRIC_REPRESENTATION_CONTEXT() REPRESENTATION_CONTEXT('2D SPACE',''
  ) );
#1973 = ORIENTED_EDGE('',*,*,#1974,.F.);
#1974 = EDGE_CURVE('',#1975,#1949,#1977,.T.);
#1975 = VERTEX_POINT('',#1976);
#1976 = CARTESIAN_POINT('',(-115.1,505.,80.));
#1977 = SURFACE_CURVE('',#1978,(#1983,#1990),.PCURVE_S1.);
#1978 = CIRCLE('',#1979,4.9);
#1979 = AXIS2_PLACEMENT_3D('',#1980,#1981,#1982);
#1980 = CARTESIAN_POINT('',(-115.1,500.1,80.));
#1981 = DIRECTION('',(0.,0.,1.));
#1982 = DIRECTION('',(-0.,1.,0.));
#1983 = PCURVE('',#975,#1984);
#1984 = DEFINITIONAL_REPRESENTATION('',(#1985),#1989);
#1985 = CIRCLE('',#1986,4.9);
#1986 = AXIS2_PLACEMENT_2D('',#1987,#1988);
#1987 = CARTESIAN_POINT('',(-115.1,220.1));
#1988 = DIRECTION('',(0.,1.));
#1989 = ( GEOMETRIC_REPRESENTATION_CONTEXT(2) 
PARAMETRIC_REPRESENTATION_CONTEXT() REPRESENTATION_CONTEXT('2D SPACE',''
  ) );
#1990 = PCURVE('',#1991,#1996);
#1991 = CYLINDRICAL_SURFACE('',#1992,4.9);
#1992 = AXIS2_PLACEMENT_3D('',#1993,#1994,#1995);
#1993 = CARTESIAN_POINT('',(-115.1,500.1,75.));
#1994 = DIRECTION('',(0.,0.,1.));
#1995 = DIRECTION('',(-0.,1.,0.));
#1996 = DEFINITIONAL_REPRESENTATION('',(#1997),#2001);
#1997 = LINE('',#1998,#1999);
#1998 = CARTESIAN_POINT('',(0.,5.));
#1999 = VECTOR('',#2000,1.);
#2000 = DIRECTION('',(1.,0.));
#2001 = ( GEOMETRIC_REPRESENTATION_CONTEXT(2) 
PARAMETRIC_REPRESENTATION_CONTEXT() REPRESENTATION_CONTEXT('2D SPACE',''
  ) );
#2002 = ORIENTED_EDGE('',*,*,#2003,.T.);
#2003 = EDGE_CURVE('',#1975,#2004,#2006,.T.);
#2004 = VERTEX_POINT('',#2005);
#2005 = CARTESIAN_POINT('',(115.1,505.,80.));
#2006 = SURFACE_CURVE('',#2007,(#2011,#2017),.PCURVE_S1.);
#2007 = LINE('',#2008,#2009);
#2008 = CARTESIAN_POINT('',(60.,505.,80.));
#2009 = VECTOR('',#2010,1.);
#2010 = DIRECTION('',(1.,0.,-0.));
#2011 = PCURVE('',#975,#2012);
#2012 = DEFINITIONAL_REPRESENTATION('',(#2013),#2016);
#2013 = B_SPLINE_CURVE_WITH_KNOTS('',1,(#2014,#2015),.UNSPECIFIED.,.F.,
  .F.,(2,2),(-175.1,55.1),.PIECEWISE_BEZIER_KNOTS.);
#2014 = CARTESIAN_POINT('',(-115.1,225.));
#2015 = CARTESIAN_POINT('',(115.1,225.));
#2016 = ( GEOMETRIC_REPRESENTATION_CONTEXT(2) 
PARAMETRIC_REPRESENTATION_CONTEXT() REPRESENTATION_CONTEXT('2D SPACE',''
  ) );
#2017 = PCURVE('',#2018,#2023);
#2018 = PLANE('',#2019);
#2019 = AXIS2_PLACEMENT_3D('',#2020,#2021,#2022);
#2020 = CARTESIAN_POINT('',(120.,505.,75.));
#2021 = DIRECTION('',(0.,-1.,0.));
#2022 = DIRECTION('',(-1.,0.,0.));
#2023 = DEFINITIONAL_REPRESENTATION('',(#2024),#2027);
#2024 = B_SPLINE_CURVE_WITH_KNOTS('',1,(#2025,#2026),.UNSPECIFIED.,.F.,
  .F.,(2,2),(-175.1,55.1),.PIECEWISE_BEZIER_KNOTS.);
#2025 = CARTESIAN_POINT('',(235.1,-5.));
#2026 = CARTESIAN_POINT('',(4.9,-5.));
#2027 = ( GEOMETRIC_REPRESENTATION_CONTEXT(2) 
PARAMETRIC_REPRESENTATION_CONTEXT() REPRESENTATION_CONTEXT('2D SPACE',''
  ) );
#2028 = ORIENTED_EDGE('',*,*,#2029,.F.);
#2029 = EDGE_CURVE('',#2030,#2004,#2032,.T.);
#2030 = VERTEX_POINT('',#2031);
#2031 = CARTESIAN_POINT('',(120.,500.1,80.));
#2032 = SURFACE_CURVE('',#2033,(#2038,#2045),.PCURVE_S1.);
#2033 = CIRCLE('',#2034,4.9);
#2034 = AXIS2_PLACEMENT_3D('',#2035,#2036,#2037);
#2035 = CARTESIAN_POINT('',(115.1,500.1,80.));
#2036 = DIRECTION('',(0.,0.,1.));
#2037 = DIRECTION('',(1.,0.,-0.));
#2038 = PCURVE('',#975,#2039);
#2039 = DEFINITIONAL_REPRESENTATION('',(#2040),#2044);
#2040 = CIRCLE('',#2041,4.9);
#2041 = AXIS2_PLACEMENT_2D('',#2042,#2043);
#2042 = CARTESIAN_POINT('',(115.1,220.1));
#2043 = DIRECTION('',(1.,0.));
#2044 = ( GEOMETRIC_REPRESENTATION_CONTEXT(2) 
PARAMETRIC_REPRESENTATION_CONTEXT() REPRESENTATION_CONTEXT('2D SPACE',''
  ) );
#2045 = PCURVE('',#2046,#2051);
#2046 = CYLINDRICAL_SURFACE('',#2047,4.9);
#2047 = AXIS2_PLACEMENT_3D('',#2048,#2049,#2050);
#2048 = CARTESIAN_POINT('',(115.1,500.1,75.));
#2049 = DIRECTION('',(0.,0.,1.));
#2050 = DIRECTION('',(1.,0.,-0.));
#2051 = DEFINITIONAL_REPRESENTATION('',(#2052),#2056);
#2052 = LINE('',#2053,#2054);
#2053 = CARTESIAN_POINT('',(0.,5.));
#2054 = VECTOR('',#2055,1.);
#2055 = DIRECTION('',(1.,0.));
#2056 = ( GEOMETRIC_REPRESENTATION_CONTEXT(2) 
PARAMETRIC_REPRESENTATION_CONTEXT() REPRESENTATION_CONTEXT('2D SPACE',''
  ) );
#2057 = ORIENTED_EDGE('',*,*,#2058,.T.);
#2058 = EDGE_CURVE('',#2030,#1865,#2059,.T.);
#2059 = SURFACE_CURVE('',#2060,(#2064,#2070),.PCURVE_S1.);
#2060 = LINE('',#2061,#2062);
#2061 = CARTESIAN_POINT('',(120.,387.5,80.));
#2062 = VECTOR('',#2063,1.);
#2063 = DIRECTION('',(0.,-1.,0.));
#2064 = PCURVE('',#975,#2065);
#2065 = DEFINITIONAL_REPRESENTATION('',(#2066),#2069);
#2066 = B_SPLINE_CURVE_WITH_KNOTS('',1,(#2067,#2068),.UNSPECIFIED.,.F.,
  .F.,(2,2),(-112.6,-112.4),.PIECEWISE_BEZIER_KNOTS.);
#2067 = CARTESIAN_POINT('',(120.,220.1));
#2068 = CARTESIAN_POINT('',(120.,219.9));
#2069 = ( GEOMETRIC_REPRESENTATION_CONTEXT(2) 
PARAMETRIC_REPRESENTATION_CONTEXT() REPRESENTATION_CONTEXT('2D SPACE',''
  ) );
#2070 = PCURVE('',#2071,#2076);
#2071 = PLANE('',#2072);
#2072 = AXIS2_PLACEMENT_3D('',#2073,#2074,#2075);
#2073 = CARTESIAN_POINT('',(120.,495.,75.));
#2074 = DIRECTION('',(-1.,0.,0.));
#2075 = DIRECTION('',(0.,1.,0.));
#2076 = DEFINITIONAL_REPRESENTATION('',(#2077),#2080);
#2077 = B_SPLINE_CURVE_WITH_KNOTS('',1,(#2078,#2079),.UNSPECIFIED.,.F.,
  .F.,(2,2),(-112.6,-112.4),.PIECEWISE_BEZIER_KNOTS.);
#2078 = CARTESIAN_POINT('',(5.1,-5.));
#2079 = CARTESIAN_POINT('',(4.9,-5.));
#2080 = ( GEOMETRIC_REPRESENTATION_CONTEXT(2) 
PARAMETRIC_REPRESENTATION_CONTEXT() REPRESENTATION_CONTEXT('2D SPACE',''
  ) );
#2081 = ADVANCED_FACE('',(#2082),#1659,.F.);
#2082 = FACE_BOUND('',#2083,.F.);
#2083 = EDGE_LOOP('',(#2084,#2107,#2136,#2157));
#2084 = ORIENTED_EDGE('',*,*,#2085,.F.);
#2085 = EDGE_CURVE('',#2086,#1641,#2088,.T.);
#2086 = VERTEX_POINT('',#2087);
#2087 = CARTESIAN_POINT('',(112.,160.,30.));
#2088 = SURFACE_CURVE('',#2089,(#2093,#2100),.PCURVE_S1.);
#2089 = LINE('',#2090,#2091);
#2090 = CARTESIAN_POINT('',(112.,160.,30.));
#2091 = VECTOR('',#2092,1.);
#2092 = DIRECTION('',(0.,0.,1.));
#2093 = PCURVE('',#1659,#2094);
#2094 = DEFINITIONAL_REPRESENTATION('',(#2095),#2099);
#2095 = LINE('',#2096,#2097);
#2096 = CARTESIAN_POINT('',(0.,0.));
#2097 = VECTOR('',#2098,1.);
#2098 = DIRECTION('',(0.,1.));
#2099 = ( GEOMETRIC_REPRESENTATION_CONTEXT(2) 
PARAMETRIC_REPRESENTATION_CONTEXT() REPRESENTATION_CONTEXT('2D SPACE',''
  ) );
#2100 = PCURVE('',#1686,#2101);
#2101 = DEFINITIONAL_REPRESENTATION('',(#2102),#2106);
#2102 = LINE('',#2103,#2104);
#2103 = CARTESIAN_POINT('',(248.,0.));
#2104 = VECTOR('',#2105,1.);
#2105 = DIRECTION('',(0.,-1.));
#2106 = ( GEOMETRIC_REPRESENTATION_CONTEXT(2) 
PARAMETRIC_REPRESENTATION_CONTEXT() REPRESENTATION_CONTEXT('2D SPACE',''
  ) );
#2107 = ORIENTED_EDGE('',*,*,#2108,.T.);
#2108 = EDGE_CURVE('',#2086,#2109,#2111,.T.);
#2109 = VERTEX_POINT('',#2110);
#2110 = CARTESIAN_POINT('',(136.,184.,30.));
#2111 = SURFACE_CURVE('',#2112,(#2117,#2124),.PCURVE_S1.);
#2112 = CIRCLE('',#2113,24.);
#2113 = AXIS2_PLACEMENT_3D('',#2114,#2115,#2116);
#2114 = CARTESIAN_POINT('',(112.,184.,30.));
#2115 = DIRECTION('',(0.,0.,1.));
#2116 = DIRECTION('',(0.,-1.,0.));
#2117 = PCURVE('',#1659,#2118);
#2118 = DEFINITIONAL_REPRESENTATION('',(#2119),#2123);
#2119 = LINE('',#2120,#2121);
#2120 = CARTESIAN_POINT('',(0.,0.));
#2121 = VECTOR('',#2122,1.);
#2122 = DIRECTION('',(1.,0.));
#2123 = ( GEOMETRIC_REPRESENTATION_CONTEXT(2) 
PARAMETRIC_REPRESENTATION_CONTEXT() REPRESENTATION_CONTEXT('2D SPACE',''
  ) );
#2124 = PCURVE('',#2125,#2130);
#2125 = PLANE('',#2126);
#2126 = AXIS2_PLACEMENT_3D('',#2127,#2128,#2129);
#2127 = CARTESIAN_POINT('',(0.,305.,30.));
#2128 = DIRECTION('',(0.,0.,1.));
#2129 = DIRECTION('',(1.,0.,-0.));
#2130 = DEFINITIONAL_REPRESENTATION('',(#2131),#2135);
#2131 = CIRCLE('',#2132,24.);
#2132 = AXIS2_PLACEMENT_2D('',#2133,#2134);
#2133 = CARTESIAN_POINT('',(112.,-121.));
#2134 = DIRECTION('',(0.,-1.));
#2135 = ( GEOMETRIC_REPRESENTATION_CONTEXT(2) 
PARAMETRIC_REPRESENTATION_CONTEXT() REPRESENTATION_CONTEXT('2D SPACE',''
  ) );
#2136 = ORIENTED_EDGE('',*,*,#2137,.T.);
#2137 = EDGE_CURVE('',#2109,#1643,#2138,.T.);
#2138 = SURFACE_CURVE('',#2139,(#2143,#2150),.PCURVE_S1.);
#2139 = LINE('',#2140,#2141);
#2140 = CARTESIAN_POINT('',(136.,184.,30.));
#2141 = VECTOR('',#2142,1.);
#2142 = DIRECTION('',(0.,0.,1.));
#2143 = PCURVE('',#1659,#2144);
#2144 = DEFINITIONAL_REPRESENTATION('',(#2145),#2149);
#2145 = LINE('',#2146,#2147);
#2146 = CARTESIAN_POINT('',(1.570796326795,0.));
#2147 = VECTOR('',#2148,1.);
#2148 = DIRECTION('',(0.,1.));
#2149 = ( GEOMETRIC_REPRESENTATION_CONTEXT(2) 
PARAMETRIC_REPRESENTATION_CONTEXT() REPRESENTATION_CONTEXT('2D SPACE',''
  ) );
#2150 = PCURVE('',#1849,#2151);
#2151 = DEFINITIONAL_REPRESENTATION('',(#2152),#2156);
#2152 = LINE('',#2153,#2154);
#2153 = CARTESIAN_POINT('',(24.,0.));
#2154 = VECTOR('',#2155,1.);
#2155 = DIRECTION('',(0.,-1.));
#2156 = ( GEOMETRIC_REPRESENTATION_CONTEXT(2) 
PARAMETRIC_REPRESENTATION_CONTEXT() REPRESENTATION_CONTEXT('2D SPACE',''
  ) );
#2157 = ORIENTED_EDGE('',*,*,#1640,.F.);
#2158 = ADVANCED_FACE('',(#2159),#1686,.T.);
#2159 = FACE_BOUND('',#2160,.T.);
#2160 = EDGE_LOOP('',(#2161,#2184,#2205,#2206));
#2161 = ORIENTED_EDGE('',*,*,#2162,.F.);
#2162 = EDGE_CURVE('',#2163,#2086,#2165,.T.);
#2163 = VERTEX_POINT('',#2164);
#2164 = CARTESIAN_POINT('',(-112.,160.,30.));
#2165 = SURFACE_CURVE('',#2166,(#2170,#2177),.PCURVE_S1.);
#2166 = LINE('',#2167,#2168);
#2167 = CARTESIAN_POINT('',(-136.,160.,30.));
#2168 = VECTOR('',#2169,1.);
#2169 = DIRECTION('',(1.,0.,0.));
#2170 = PCURVE('',#1686,#2171);
#2171 = DEFINITIONAL_REPRESENTATION('',(#2172),#2176);
#2172 = LINE('',#2173,#2174);
#2173 = CARTESIAN_POINT('',(0.,0.));
#2174 = VECTOR('',#2175,1.);
#2175 = DIRECTION('',(1.,0.));
#2176 = ( GEOMETRIC_REPRESENTATION_CONTEXT(2) 
PARAMETRIC_REPRESENTATION_CONTEXT() REPRESENTATION_CONTEXT('2D SPACE',''
  ) );
#2177 = PCURVE('',#2125,#2178);
#2178 = DEFINITIONAL_REPRESENTATION('',(#2179),#2183);
#2179 = LINE('',#2180,#2181);
#2180 = CARTESIAN_POINT('',(-136.,-145.));
#2181 = VECTOR('',#2182,1.);
#2182 = DIRECTION('',(1.,0.));
#2183 = ( GEOMETRIC_REPRESENTATION_CONTEXT(2) 
PARAMETRIC_REPRESENTATION_CONTEXT() REPRESENTATION_CONTEXT('2D SPACE',''
  ) );
#2184 = ORIENTED_EDGE('',*,*,#2185,.T.);
#2185 = EDGE_CURVE('',#2163,#1672,#2186,.T.);
#2186 = SURFACE_CURVE('',#2187,(#2191,#2198),.PCURVE_S1.);
#2187 = LINE('',#2188,#2189);
#2188 = CARTESIAN_POINT('',(-112.,160.,30.));
#2189 = VECTOR('',#2190,1.);
#2190 = DIRECTION('',(0.,0.,1.));
#2191 = PCURVE('',#1686,#2192);
#2192 = DEFINITIONAL_REPRESENTATION('',(#2193),#2197);
#2193 = LINE('',#2194,#2195);
#2194 = CARTESIAN_POINT('',(24.,0.));
#2195 = VECTOR('',#2196,1.);
#2196 = DIRECTION('',(0.,-1.));
#2197 = ( GEOMETRIC_REPRESENTATION_CONTEXT(2) 
PARAMETRIC_REPRESENTATION_CONTEXT() REPRESENTATION_CONTEXT('2D SPACE',''
  ) );
#2198 = PCURVE('',#1714,#2199);
#2199 = DEFINITIONAL_REPRESENTATION('',(#2200),#2204);
#2200 = LINE('',#2201,#2202);
#2201 = CARTESIAN_POINT('',(-0.,0.));
#2202 = VECTOR('',#2203,1.);
#2203 = DIRECTION('',(-0.,1.));
#2204 = ( GEOMETRIC_REPRESENTATION_CONTEXT(2) 
PARAMETRIC_REPRESENTATION_CONTEXT() REPRESENTATION_CONTEXT('2D SPACE',''
  ) );
#2205 = ORIENTED_EDGE('',*,*,#1671,.F.);
#2206 = ORIENTED_EDGE('',*,*,#2085,.F.);
#2207 = ADVANCED_FACE('',(#2208),#1849,.T.);
#2208 = FACE_BOUND('',#2209,.T.);
#2209 = EDGE_LOOP('',(#2210,#2233,#2234,#2235));
#2210 = ORIENTED_EDGE('',*,*,#2211,.F.);
#2211 = EDGE_CURVE('',#2109,#2212,#2214,.T.);
#2212 = VERTEX_POINT('',#2213);
#2213 = CARTESIAN_POINT('',(136.,426.,30.));
#2214 = SURFACE_CURVE('',#2215,(#2219,#2226),.PCURVE_S1.);
#2215 = LINE('',#2216,#2217);
#2216 = CARTESIAN_POINT('',(136.,160.,30.));
#2217 = VECTOR('',#2218,1.);
#2218 = DIRECTION('',(0.,1.,0.));
#2219 = PCURVE('',#1849,#2220);
#2220 = DEFINITIONAL_REPRESENTATION('',(#2221),#2225);
#2221 = LINE('',#2222,#2223);
#2222 = CARTESIAN_POINT('',(0.,0.));
#2223 = VECTOR('',#2224,1.);
#2224 = DIRECTION('',(1.,0.));
#2225 = ( GEOMETRIC_REPRESENTATION_CONTEXT(2) 
PARAMETRIC_REPRESENTATION_CONTEXT() REPRESENTATION_CONTEXT('2D SPACE',''
  ) );
#2226 = PCURVE('',#2125,#2227);
#2227 = DEFINITIONAL_REPRESENTATION('',(#2228),#2232);
#2228 = LINE('',#2229,#2230);
#2229 = CARTESIAN_POINT('',(136.,-145.));
#2230 = VECTOR('',#2231,1.);
#2231 = DIRECTION('',(0.,1.));
#2232 = ( GEOMETRIC_REPRESENTATION_CONTEXT(2) 
PARAMETRIC_REPRESENTATION_CONTEXT() REPRESENTATION_CONTEXT('2D SPACE',''
  ) );
#2233 = ORIENTED_EDGE('',*,*,#2137,.T.);
#2234 = ORIENTED_EDGE('',*,*,#1836,.F.);
#2235 = ORIENTED_EDGE('',*,*,#2236,.F.);
#2236 = EDGE_CURVE('',#2212,#1808,#2237,.T.);
#2237 = SURFACE_CURVE('',#2238,(#2242,#2249),.PCURVE_S1.);
#2238 = LINE('',#2239,#2240);
#2239 = CARTESIAN_POINT('',(136.,426.,30.));
#2240 = VECTOR('',#2241,1.);
#2241 = DIRECTION('',(0.,0.,1.));
#2242 = PCURVE('',#1849,#2243);
#2243 = DEFINITIONAL_REPRESENTATION('',(#2244),#2248);
#2244 = LINE('',#2245,#2246);
#2245 = CARTESIAN_POINT('',(266.,0.));
#2246 = VECTOR('',#2247,1.);
#2247 = DIRECTION('',(0.,-1.));
#2248 = ( GEOMETRIC_REPRESENTATION_CONTEXT(2) 
PARAMETRIC_REPRESENTATION_CONTEXT() REPRESENTATION_CONTEXT('2D SPACE',''
  ) );
#2249 = PCURVE('',#1824,#2250);
#2250 = DEFINITIONAL_REPRESENTATION('',(#2251),#2255);
#2251 = LINE('',#2252,#2253);
#2252 = CARTESIAN_POINT('',(0.,0.));
#2253 = VECTOR('',#2254,1.);
#2254 = DIRECTION('',(0.,1.));
#2255 = ( GEOMETRIC_REPRESENTATION_CONTEXT(2) 
PARAMETRIC_REPRESENTATION_CONTEXT() REPRESENTATION_CONTEXT('2D SPACE',''
  ) );
#2256 = ADVANCED_FACE('',(#2257),#1714,.F.);
#2257 = FACE_BOUND('',#2258,.T.);
#2258 = EDGE_LOOP('',(#2259,#2260,#2288,#2309));
#2259 = ORIENTED_EDGE('',*,*,#2185,.F.);
#2260 = ORIENTED_EDGE('',*,*,#2261,.T.);
#2261 = EDGE_CURVE('',#2163,#2262,#2264,.T.);
#2262 = VERTEX_POINT('',#2263);
#2263 = CARTESIAN_POINT('',(-136.,184.,30.));
#2264 = SURFACE_CURVE('',#2265,(#2270,#2277),.PCURVE_S1.);
#2265 = CIRCLE('',#2266,24.);
#2266 = AXIS2_PLACEMENT_3D('',#2267,#2268,#2269);
#2267 = CARTESIAN_POINT('',(-112.,184.,30.));
#2268 = DIRECTION('',(-0.,-0.,-1.));
#2269 = DIRECTION('',(0.,-1.,0.));
#2270 = PCURVE('',#1714,#2271);
#2271 = DEFINITIONAL_REPRESENTATION('',(#2272),#2276);
#2272 = LINE('',#2273,#2274);
#2273 = CARTESIAN_POINT('',(-0.,0.));
#2274 = VECTOR('',#2275,1.);
#2275 = DIRECTION('',(-1.,0.));
#2276 = ( GEOMETRIC_REPRESENTATION_CONTEXT(2) 
PARAMETRIC_REPRESENTATION_CONTEXT() REPRESENTATION_CONTEXT('2D SPACE',''
  ) );
#2277 = PCURVE('',#2125,#2278);
#2278 = DEFINITIONAL_REPRESENTATION('',(#2279),#2287);
#2279 = ( BOUNDED_CURVE() B_SPLINE_CURVE(2,(#2280,#2281,#2282,#2283,
#2284,#2285,#2286),.UNSPECIFIED.,.T.,.F.) B_SPLINE_CURVE_WITH_KNOTS((1,2
    ,2,2,2,1),(-2.094395102393,0.,2.094395102393,4.188790204786,
6.28318530718,8.377580409573),.UNSPECIFIED.) CURVE() 
GEOMETRIC_REPRESENTATION_ITEM() RATIONAL_B_SPLINE_CURVE((1.,0.5,1.,0.5,
1.,0.5,1.)) REPRESENTATION_ITEM('') );
#2280 = CARTESIAN_POINT('',(-112.,-145.));
#2281 = CARTESIAN_POINT('',(-153.5692193816,-145.));
#2282 = CARTESIAN_POINT('',(-132.7846096908,-109.));
#2283 = CARTESIAN_POINT('',(-112.,-73.));
#2284 = CARTESIAN_POINT('',(-91.21539030917,-109.));
#2285 = CARTESIAN_POINT('',(-70.43078061834,-145.));
#2286 = CARTESIAN_POINT('',(-112.,-145.));
#2287 = ( GEOMETRIC_REPRESENTATION_CONTEXT(2) 
PARAMETRIC_REPRESENTATION_CONTEXT() REPRESENTATION_CONTEXT('2D SPACE',''
  ) );
#2288 = ORIENTED_EDGE('',*,*,#2289,.T.);
#2289 = EDGE_CURVE('',#2262,#1698,#2290,.T.);
#2290 = SURFACE_CURVE('',#2291,(#2295,#2302),.PCURVE_S1.);
#2291 = LINE('',#2292,#2293);
#2292 = CARTESIAN_POINT('',(-136.,184.,30.));
#2293 = VECTOR('',#2294,1.);
#2294 = DIRECTION('',(0.,0.,1.));
#2295 = PCURVE('',#1714,#2296);
#2296 = DEFINITIONAL_REPRESENTATION('',(#2297),#2301);
#2297 = LINE('',#2298,#2299);
#2298 = CARTESIAN_POINT('',(-1.570796326795,0.));
#2299 = VECTOR('',#2300,1.);
#2300 = DIRECTION('',(-0.,1.));
#2301 = ( GEOMETRIC_REPRESENTATION_CONTEXT(2) 
PARAMETRIC_REPRESENTATION_CONTEXT() REPRESENTATION_CONTEXT('2D SPACE',''
  ) );
#2302 = PCURVE('',#1741,#2303);
#2303 = DEFINITIONAL_REPRESENTATION('',(#2304),#2308);
#2304 = LINE('',#2305,#2306);
#2305 = CARTESIAN_POINT('',(266.,0.));
#2306 = VECTOR('',#2307,1.);
#2307 = DIRECTION('',(0.,-1.));
#2308 = ( GEOMETRIC_REPRESENTATION_CONTEXT(2) 
PARAMETRIC_REPRESENTATION_CONTEXT() REPRESENTATION_CONTEXT('2D SPACE',''
  ) );
#2309 = ORIENTED_EDGE('',*,*,#1697,.T.);
#2310 = ADVANCED_FACE('',(#2311),#1824,.F.);
#2311 = FACE_BOUND('',#2312,.F.);
#2312 = EDGE_LOOP('',(#2313,#2314,#2338,#2359));
#2313 = ORIENTED_EDGE('',*,*,#2236,.F.);
#2314 = ORIENTED_EDGE('',*,*,#2315,.T.);
#2315 = EDGE_CURVE('',#2212,#2316,#2318,.T.);
#2316 = VERTEX_POINT('',#2317);
#2317 = CARTESIAN_POINT('',(112.,450.,30.));
#2318 = SURFACE_CURVE('',#2319,(#2324,#2331),.PCURVE_S1.);
#2319 = CIRCLE('',#2320,24.);
#2320 = AXIS2_PLACEMENT_3D('',#2321,#2322,#2323);
#2321 = CARTESIAN_POINT('',(112.,426.,30.));
#2322 = DIRECTION('',(0.,0.,1.));
#2323 = DIRECTION('',(0.,-1.,0.));
#2324 = PCURVE('',#1824,#2325);
#2325 = DEFINITIONAL_REPRESENTATION('',(#2326),#2330);
#2326 = LINE('',#2327,#2328);
#2327 = CARTESIAN_POINT('',(-1.570796326795,0.));
#2328 = VECTOR('',#2329,1.);
#2329 = DIRECTION('',(1.,0.));
#2330 = ( GEOMETRIC_REPRESENTATION_CONTEXT(2) 
PARAMETRIC_REPRESENTATION_CONTEXT() REPRESENTATION_CONTEXT('2D SPACE',''
  ) );
#2331 = PCURVE('',#2125,#2332);
#2332 = DEFINITIONAL_REPRESENTATION('',(#2333),#2337);
#2333 = CIRCLE('',#2334,24.);
#2334 = AXIS2_PLACEMENT_2D('',#2335,#2336);
#2335 = CARTESIAN_POINT('',(112.,121.));
#2336 = DIRECTION('',(0.,-1.));
#2337 = ( GEOMETRIC_REPRESENTATION_CONTEXT(2) 
PARAMETRIC_REPRESENTATION_CONTEXT() REPRESENTATION_CONTEXT('2D SPACE',''
  ) );
#2338 = ORIENTED_EDGE('',*,*,#2339,.T.);
#2339 = EDGE_CURVE('',#2316,#1782,#2340,.T.);
#2340 = SURFACE_CURVE('',#2341,(#2345,#2352),.PCURVE_S1.);
#2341 = LINE('',#2342,#2343);
#2342 = CARTESIAN_POINT('',(112.,450.,30.));
#2343 = VECTOR('',#2344,1.);
#2344 = DIRECTION('',(0.,0.,1.));
#2345 = PCURVE('',#1824,#2346);
#2346 = DEFINITIONAL_REPRESENTATION('',(#2347),#2351);
#2347 = LINE('',#2348,#2349);
#2348 = CARTESIAN_POINT('',(1.570796326795,0.));
#2349 = VECTOR('',#2350,1.);
#2350 = DIRECTION('',(0.,1.));
#2351 = ( GEOMETRIC_REPRESENTATION_CONTEXT(2) 
PARAMETRIC_REPRESENTATION_CONTEXT() REPRESENTATION_CONTEXT('2D SPACE',''
  ) );
#2352 = PCURVE('',#1796,#2353);
#2353 = DEFINITIONAL_REPRESENTATION('',(#2354),#2358);
#2354 = LINE('',#2355,#2356);
#2355 = CARTESIAN_POINT('',(24.,0.));
#2356 = VECTOR('',#2357,1.);
#2357 = DIRECTION('',(0.,-1.));
#2358 = ( GEOMETRIC_REPRESENTATION_CONTEXT(2) 
PARAMETRIC_REPRESENTATION_CONTEXT() REPRESENTATION_CONTEXT('2D SPACE',''
  ) );
#2359 = ORIENTED_EDGE('',*,*,#1807,.F.);
#2360 = ADVANCED_FACE('',(#2361),#1741,.T.);
#2361 = FACE_BOUND('',#2362,.T.);
#2362 = EDGE_LOOP('',(#2363,#2386,#2407,#2408));
#2363 = ORIENTED_EDGE('',*,*,#2364,.F.);
#2364 = EDGE_CURVE('',#2365,#2262,#2367,.T.);
#2365 = VERTEX_POINT('',#2366);
#2366 = CARTESIAN_POINT('',(-136.,426.,30.));
#2367 = SURFACE_CURVE('',#2368,(#2372,#2379),.PCURVE_S1.);
#2368 = LINE('',#2369,#2370);
#2369 = CARTESIAN_POINT('',(-136.,450.,30.));
#2370 = VECTOR('',#2371,1.);
#2371 = DIRECTION('',(0.,-1.,0.));
#2372 = PCURVE('',#1741,#2373);
#2373 = DEFINITIONAL_REPRESENTATION('',(#2374),#2378);
#2374 = LINE('',#2375,#2376);
#2375 = CARTESIAN_POINT('',(0.,0.));
#2376 = VECTOR('',#2377,1.);
#2377 = DIRECTION('',(1.,0.));
#2378 = ( GEOMETRIC_REPRESENTATION_CONTEXT(2) 
PARAMETRIC_REPRESENTATION_CONTEXT() REPRESENTATION_CONTEXT('2D SPACE',''
  ) );
#2379 = PCURVE('',#2125,#2380);
#2380 = DEFINITIONAL_REPRESENTATION('',(#2381),#2385);
#2381 = LINE('',#2382,#2383);
#2382 = CARTESIAN_POINT('',(-136.,145.));
#2383 = VECTOR('',#2384,1.);
#2384 = DIRECTION('',(0.,-1.));
#2385 = ( GEOMETRIC_REPRESENTATION_CONTEXT(2) 
PARAMETRIC_REPRESENTATION_CONTEXT() REPRESENTATION_CONTEXT('2D SPACE',''
  ) );
#2386 = ORIENTED_EDGE('',*,*,#2387,.T.);
#2387 = EDGE_CURVE('',#2365,#1727,#2388,.T.);
#2388 = SURFACE_CURVE('',#2389,(#2393,#2400),.PCURVE_S1.);
#2389 = LINE('',#2390,#2391);
#2390 = CARTESIAN_POINT('',(-136.,426.,30.));
#2391 = VECTOR('',#2392,1.);
#2392 = DIRECTION('',(0.,0.,1.));
#2393 = PCURVE('',#1741,#2394);
#2394 = DEFINITIONAL_REPRESENTATION('',(#2395),#2399);
#2395 = LINE('',#2396,#2397);
#2396 = CARTESIAN_POINT('',(24.,0.));
#2397 = VECTOR('',#2398,1.);
#2398 = DIRECTION('',(0.,-1.));
#2399 = ( GEOMETRIC_REPRESENTATION_CONTEXT(2) 
PARAMETRIC_REPRESENTATION_CONTEXT() REPRESENTATION_CONTEXT('2D SPACE',''
  ) );
#2400 = PCURVE('',#1769,#2401);
#2401 = DEFINITIONAL_REPRESENTATION('',(#2402),#2406);
#2402 = LINE('',#2403,#2404);
#2403 = CARTESIAN_POINT('',(1.570796326795,0.));
#2404 = VECTOR('',#2405,1.);
#2405 = DIRECTION('',(0.,1.));
#2406 = ( GEOMETRIC_REPRESENTATION_CONTEXT(2) 
PARAMETRIC_REPRESENTATION_CONTEXT() REPRESENTATION_CONTEXT('2D SPACE',''
  ) );
#2407 = ORIENTED_EDGE('',*,*,#1726,.F.);
#2408 = ORIENTED_EDGE('',*,*,#2289,.F.);
#2409 = ADVANCED_FACE('',(#2410),#1796,.T.);
#2410 = FACE_BOUND('',#2411,.T.);
#2411 = EDGE_LOOP('',(#2412,#2435,#2436,#2437));
#2412 = ORIENTED_EDGE('',*,*,#2413,.F.);
#2413 = EDGE_CURVE('',#2316,#2414,#2416,.T.);
#2414 = VERTEX_POINT('',#2415);
#2415 = CARTESIAN_POINT('',(-112.,450.,30.));
#2416 = SURFACE_CURVE('',#2417,(#2421,#2428),.PCURVE_S1.);
#2417 = LINE('',#2418,#2419);
#2418 = CARTESIAN_POINT('',(136.,450.,30.));
#2419 = VECTOR('',#2420,1.);
#2420 = DIRECTION('',(-1.,0.,0.));
#2421 = PCURVE('',#1796,#2422);
#2422 = DEFINITIONAL_REPRESENTATION('',(#2423),#2427);
#2423 = LINE('',#2424,#2425);
#2424 = CARTESIAN_POINT('',(0.,-0.));
#2425 = VECTOR('',#2426,1.);
#2426 = DIRECTION('',(1.,0.));
#2427 = ( GEOMETRIC_REPRESENTATION_CONTEXT(2) 
PARAMETRIC_REPRESENTATION_CONTEXT() REPRESENTATION_CONTEXT('2D SPACE',''
  ) );
#2428 = PCURVE('',#2125,#2429);
#2429 = DEFINITIONAL_REPRESENTATION('',(#2430),#2434);
#2430 = LINE('',#2431,#2432);
#2431 = CARTESIAN_POINT('',(136.,145.));
#2432 = VECTOR('',#2433,1.);
#2433 = DIRECTION('',(-1.,0.));
#2434 = ( GEOMETRIC_REPRESENTATION_CONTEXT(2) 
PARAMETRIC_REPRESENTATION_CONTEXT() REPRESENTATION_CONTEXT('2D SPACE',''
  ) );
#2435 = ORIENTED_EDGE('',*,*,#2339,.T.);
#2436 = ORIENTED_EDGE('',*,*,#1781,.F.);
#2437 = ORIENTED_EDGE('',*,*,#2438,.F.);
#2438 = EDGE_CURVE('',#2414,#1753,#2439,.T.);
#2439 = SURFACE_CURVE('',#2440,(#2444,#2451),.PCURVE_S1.);
#2440 = LINE('',#2441,#2442);
#2441 = CARTESIAN_POINT('',(-112.,450.,30.));
#2442 = VECTOR('',#2443,1.);
#2443 = DIRECTION('',(0.,0.,1.));
#2444 = PCURVE('',#1796,#2445);
#2445 = DEFINITIONAL_REPRESENTATION('',(#2446),#2450);
#2446 = LINE('',#2447,#2448);
#2447 = CARTESIAN_POINT('',(248.,0.));
#2448 = VECTOR('',#2449,1.);
#2449 = DIRECTION('',(0.,-1.));
#2450 = ( GEOMETRIC_REPRESENTATION_CONTEXT(2) 
PARAMETRIC_REPRESENTATION_CONTEXT() REPRESENTATION_CONTEXT('2D SPACE',''
  ) );
#2451 = PCURVE('',#1769,#2452);
#2452 = DEFINITIONAL_REPRESENTATION('',(#2453),#2457);
#2453 = LINE('',#2454,#2455);
#2454 = CARTESIAN_POINT('',(0.,0.));
#2455 = VECTOR('',#2456,1.);
#2456 = DIRECTION('',(0.,1.));
#2457 = ( GEOMETRIC_REPRESENTATION_CONTEXT(2) 
PARAMETRIC_REPRESENTATION_CONTEXT() REPRESENTATION_CONTEXT('2D SPACE',''
  ) );
#2458 = ADVANCED_FACE('',(#2459),#1769,.F.);
#2459 = FACE_BOUND('',#2460,.F.);
#2460 = EDGE_LOOP('',(#2461,#2462,#2484,#2485));
#2461 = ORIENTED_EDGE('',*,*,#2438,.F.);
#2462 = ORIENTED_EDGE('',*,*,#2463,.T.);
#2463 = EDGE_CURVE('',#2414,#2365,#2464,.T.);
#2464 = SURFACE_CURVE('',#2465,(#2470,#2477),.PCURVE_S1.);
#2465 = CIRCLE('',#2466,24.);
#2466 = AXIS2_PLACEMENT_3D('',#2467,#2468,#2469);
#2467 = CARTESIAN_POINT('',(-112.,426.,30.));
#2468 = DIRECTION('',(0.,0.,1.));
#2469 = DIRECTION('',(0.,-1.,0.));
#2470 = PCURVE('',#1769,#2471);
#2471 = DEFINITIONAL_REPRESENTATION('',(#2472),#2476);
#2472 = LINE('',#2473,#2474);
#2473 = CARTESIAN_POINT('',(-3.14159265359,0.));
#2474 = VECTOR('',#2475,1.);
#2475 = DIRECTION('',(1.,0.));
#2476 = ( GEOMETRIC_REPRESENTATION_CONTEXT(2) 
PARAMETRIC_REPRESENTATION_CONTEXT() REPRESENTATION_CONTEXT('2D SPACE',''
  ) );
#2477 = PCURVE('',#2125,#2478);
#2478 = DEFINITIONAL_REPRESENTATION('',(#2479),#2483);
#2479 = CIRCLE('',#2480,24.);
#2480 = AXIS2_PLACEMENT_2D('',#2481,#2482);
#2481 = CARTESIAN_POINT('',(-112.,121.));
#2482 = DIRECTION('',(0.,-1.));
#2483 = ( GEOMETRIC_REPRESENTATION_CONTEXT(2) 
PARAMETRIC_REPRESENTATION_CONTEXT() REPRESENTATION_CONTEXT('2D SPACE',''
  ) );
#2484 = ORIENTED_EDGE('',*,*,#2387,.T.);
#2485 = ORIENTED_EDGE('',*,*,#1752,.F.);
#2486 = ADVANCED_FACE('',(#2487),#1881,.F.);
#2487 = FACE_BOUND('',#2488,.F.);
#2488 = EDGE_LOOP('',(#2489,#2512,#2541,#2562));
#2489 = ORIENTED_EDGE('',*,*,#2490,.F.);
#2490 = EDGE_CURVE('',#2491,#1863,#2493,.T.);
#2491 = VERTEX_POINT('',#2492);
#2492 = CARTESIAN_POINT('',(115.1,495.,75.));
#2493 = SURFACE_CURVE('',#2494,(#2498,#2505),.PCURVE_S1.);
#2494 = LINE('',#2495,#2496);
#2495 = CARTESIAN_POINT('',(115.1,495.,75.));
#2496 = VECTOR('',#2497,1.);
#2497 = DIRECTION('',(0.,0.,1.));
#2498 = PCURVE('',#1881,#2499);
#2499 = DEFINITIONAL_REPRESENTATION('',(#2500),#2504);
#2500 = LINE('',#2501,#2502);
#2501 = CARTESIAN_POINT('',(0.,0.));
#2502 = VECTOR('',#2503,1.);
#2503 = DIRECTION('',(0.,1.));
#2504 = ( GEOMETRIC_REPRESENTATION_CONTEXT(2) 
PARAMETRIC_REPRESENTATION_CONTEXT() REPRESENTATION_CONTEXT('2D SPACE',''
  ) );
#2505 = PCURVE('',#1908,#2506);
#2506 = DEFINITIONAL_REPRESENTATION('',(#2507),#2511);
#2507 = LINE('',#2508,#2509);
#2508 = CARTESIAN_POINT('',(235.1,0.));
#2509 = VECTOR('',#2510,1.);
#2510 = DIRECTION('',(0.,-1.));
#2511 = ( GEOMETRIC_REPRESENTATION_CONTEXT(2) 
PARAMETRIC_REPRESENTATION_CONTEXT() REPRESENTATION_CONTEXT('2D SPACE',''
  ) );
#2512 = ORIENTED_EDGE('',*,*,#2513,.T.);
#2513 = EDGE_CURVE('',#2491,#2514,#2516,.T.);
#2514 = VERTEX_POINT('',#2515);
#2515 = CARTESIAN_POINT('',(120.,499.9,75.));
#2516 = SURFACE_CURVE('',#2517,(#2522,#2529),.PCURVE_S1.);
#2517 = CIRCLE('',#2518,4.9);
#2518 = AXIS2_PLACEMENT_3D('',#2519,#2520,#2521);
#2519 = CARTESIAN_POINT('',(115.1,499.9,75.));
#2520 = DIRECTION('',(0.,0.,1.));
#2521 = DIRECTION('',(0.,-1.,0.));
#2522 = PCURVE('',#1881,#2523);
#2523 = DEFINITIONAL_REPRESENTATION('',(#2524),#2528);
#2524 = LINE('',#2525,#2526);
#2525 = CARTESIAN_POINT('',(0.,0.));
#2526 = VECTOR('',#2527,1.);
#2527 = DIRECTION('',(1.,0.));
#2528 = ( GEOMETRIC_REPRESENTATION_CONTEXT(2) 
PARAMETRIC_REPRESENTATION_CONTEXT() REPRESENTATION_CONTEXT('2D SPACE',''
  ) );
#2529 = PCURVE('',#2530,#2535);
#2530 = PLANE('',#2531);
#2531 = AXIS2_PLACEMENT_3D('',#2532,#2533,#2534);
#2532 = CARTESIAN_POINT('',(0.,500.,75.));
#2533 = DIRECTION('',(0.,0.,1.));
#2534 = DIRECTION('',(1.,0.,-0.));
#2535 = DEFINITIONAL_REPRESENTATION('',(#2536),#2540);
#2536 = CIRCLE('',#2537,4.9);
#2537 = AXIS2_PLACEMENT_2D('',#2538,#2539);
#2538 = CARTESIAN_POINT('',(115.1,-0.1));
#2539 = DIRECTION('',(0.,-1.));
#2540 = ( GEOMETRIC_REPRESENTATION_CONTEXT(2) 
PARAMETRIC_REPRESENTATION_CONTEXT() REPRESENTATION_CONTEXT('2D SPACE',''
  ) );
#2541 = ORIENTED_EDGE('',*,*,#2542,.T.);
#2542 = EDGE_CURVE('',#2514,#1865,#2543,.T.);
#2543 = SURFACE_CURVE('',#2544,(#2548,#2555),.PCURVE_S1.);
#2544 = LINE('',#2545,#2546);
#2545 = CARTESIAN_POINT('',(120.,499.9,75.));
#2546 = VECTOR('',#2547,1.);
#2547 = DIRECTION('',(0.,0.,1.));
#2548 = PCURVE('',#1881,#2549);
#2549 = DEFINITIONAL_REPRESENTATION('',(#2550),#2554);
#2550 = LINE('',#2551,#2552);
#2551 = CARTESIAN_POINT('',(1.570796326795,0.));
#2552 = VECTOR('',#2553,1.);
#2553 = DIRECTION('',(0.,1.));
#2554 = ( GEOMETRIC_REPRESENTATION_CONTEXT(2) 
PARAMETRIC_REPRESENTATION_CONTEXT() REPRESENTATION_CONTEXT('2D SPACE',''
  ) );
#2555 = PCURVE('',#2071,#2556);
#2556 = DEFINITIONAL_REPRESENTATION('',(#2557),#2561);
#2557 = LINE('',#2558,#2559);
#2558 = CARTESIAN_POINT('',(4.9,0.));
#2559 = VECTOR('',#2560,1.);
#2560 = DIRECTION('',(0.,-1.));
#2561 = ( GEOMETRIC_REPRESENTATION_CONTEXT(2) 
PARAMETRIC_REPRESENTATION_CONTEXT() REPRESENTATION_CONTEXT('2D SPACE',''
  ) );
#2562 = ORIENTED_EDGE('',*,*,#1862,.F.);
#2563 = ADVANCED_FACE('',(#2564),#2071,.T.);
#2564 = FACE_BOUND('',#2565,.T.);
#2565 = EDGE_LOOP('',(#2566,#2589,#2590,#2591));
#2566 = ORIENTED_EDGE('',*,*,#2567,.F.);
#2567 = EDGE_CURVE('',#2514,#2568,#2570,.T.);
#2568 = VERTEX_POINT('',#2569);
#2569 = CARTESIAN_POINT('',(120.,500.1,75.));
#2570 = SURFACE_CURVE('',#2571,(#2575,#2582),.PCURVE_S1.);
#2571 = LINE('',#2572,#2573);
#2572 = CARTESIAN_POINT('',(120.,495.,75.));
#2573 = VECTOR('',#2574,1.);
#2574 = DIRECTION('',(0.,1.,0.));
#2575 = PCURVE('',#2071,#2576);
#2576 = DEFINITIONAL_REPRESENTATION('',(#2577),#2581);
#2577 = LINE('',#2578,#2579);
#2578 = CARTESIAN_POINT('',(0.,0.));
#2579 = VECTOR('',#2580,1.);
#2580 = DIRECTION('',(1.,0.));
#2581 = ( GEOMETRIC_REPRESENTATION_CONTEXT(2) 
PARAMETRIC_REPRESENTATION_CONTEXT() REPRESENTATION_CONTEXT('2D SPACE',''
  ) );
#2582 = PCURVE('',#2530,#2583);
#2583 = DEFINITIONAL_REPRESENTATION('',(#2584),#2588);
#2584 = LINE('',#2585,#2586);
#2585 = CARTESIAN_POINT('',(120.,-5.));
#2586 = VECTOR('',#2587,1.);
#2587 = DIRECTION('',(0.,1.));
#2588 = ( GEOMETRIC_REPRESENTATION_CONTEXT(2) 
PARAMETRIC_REPRESENTATION_CONTEXT() REPRESENTATION_CONTEXT('2D SPACE',''
  ) );
#2589 = ORIENTED_EDGE('',*,*,#2542,.T.);
#2590 = ORIENTED_EDGE('',*,*,#2058,.F.);
#2591 = ORIENTED_EDGE('',*,*,#2592,.F.);
#2592 = EDGE_CURVE('',#2568,#2030,#2593,.T.);
#2593 = SURFACE_CURVE('',#2594,(#2598,#2605),.PCURVE_S1.);
#2594 = LINE('',#2595,#2596);
#2595 = CARTESIAN_POINT('',(120.,500.1,75.));
#2596 = VECTOR('',#2597,1.);
#2597 = DIRECTION('',(0.,0.,1.));
#2598 = PCURVE('',#2071,#2599);
#2599 = DEFINITIONAL_REPRESENTATION('',(#2600),#2604);
#2600 = LINE('',#2601,#2602);
#2601 = CARTESIAN_POINT('',(5.1,0.));
#2602 = VECTOR('',#2603,1.);
#2603 = DIRECTION('',(0.,-1.));
#2604 = ( GEOMETRIC_REPRESENTATION_CONTEXT(2) 
PARAMETRIC_REPRESENTATION_CONTEXT() REPRESENTATION_CONTEXT('2D SPACE',''
  ) );
#2605 = PCURVE('',#2046,#2606);
#2606 = DEFINITIONAL_REPRESENTATION('',(#2607),#2611);
#2607 = LINE('',#2608,#2609);
#2608 = CARTESIAN_POINT('',(0.,0.));
#2609 = VECTOR('',#2610,1.);
#2610 = DIRECTION('',(0.,1.));
#2611 = ( GEOMETRIC_REPRESENTATION_CONTEXT(2) 
PARAMETRIC_REPRESENTATION_CONTEXT() REPRESENTATION_CONTEXT('2D SPACE',''
  ) );
#2612 = ADVANCED_FACE('',(#2613),#2046,.F.);
#2613 = FACE_BOUND('',#2614,.F.);
#2614 = EDGE_LOOP('',(#2615,#2616,#2640,#2661));
#2615 = ORIENTED_EDGE('',*,*,#2592,.F.);
#2616 = ORIENTED_EDGE('',*,*,#2617,.T.);
#2617 = EDGE_CURVE('',#2568,#2618,#2620,.T.);
#2618 = VERTEX_POINT('',#2619);
#2619 = CARTESIAN_POINT('',(115.1,505.,75.));
#2620 = SURFACE_CURVE('',#2621,(#2626,#2633),.PCURVE_S1.);
#2621 = CIRCLE('',#2622,4.9);
#2622 = AXIS2_PLACEMENT_3D('',#2623,#2624,#2625);
#2623 = CARTESIAN_POINT('',(115.1,500.1,75.));
#2624 = DIRECTION('',(0.,0.,1.));
#2625 = DIRECTION('',(0.,-1.,0.));
#2626 = PCURVE('',#2046,#2627);
#2627 = DEFINITIONAL_REPRESENTATION('',(#2628),#2632);
#2628 = LINE('',#2629,#2630);
#2629 = CARTESIAN_POINT('',(-1.570796326795,0.));
#2630 = VECTOR('',#2631,1.);
#2631 = DIRECTION('',(1.,0.));
#2632 = ( GEOMETRIC_REPRESENTATION_CONTEXT(2) 
PARAMETRIC_REPRESENTATION_CONTEXT() REPRESENTATION_CONTEXT('2D SPACE',''
  ) );
#2633 = PCURVE('',#2530,#2634);
#2634 = DEFINITIONAL_REPRESENTATION('',(#2635),#2639);
#2635 = CIRCLE('',#2636,4.9);
#2636 = AXIS2_PLACEMENT_2D('',#2637,#2638);
#2637 = CARTESIAN_POINT('',(115.1,0.1));
#2638 = DIRECTION('',(0.,-1.));
#2639 = ( GEOMETRIC_REPRESENTATION_CONTEXT(2) 
PARAMETRIC_REPRESENTATION_CONTEXT() REPRESENTATION_CONTEXT('2D SPACE',''
  ) );
#2640 = ORIENTED_EDGE('',*,*,#2641,.T.);
#2641 = EDGE_CURVE('',#2618,#2004,#2642,.T.);
#2642 = SURFACE_CURVE('',#2643,(#2647,#2654),.PCURVE_S1.);
#2643 = LINE('',#2644,#2645);
#2644 = CARTESIAN_POINT('',(115.1,505.,75.));
#2645 = VECTOR('',#2646,1.);
#2646 = DIRECTION('',(0.,0.,1.));
#2647 = PCURVE('',#2046,#2648);
#2648 = DEFINITIONAL_REPRESENTATION('',(#2649),#2653);
#2649 = LINE('',#2650,#2651);
#2650 = CARTESIAN_POINT('',(1.570796326795,0.));
#2651 = VECTOR('',#2652,1.);
#2652 = DIRECTION('',(0.,1.));
#2653 = ( GEOMETRIC_REPRESENTATION_CONTEXT(2) 
PARAMETRIC_REPRESENTATION_CONTEXT() REPRESENTATION_CONTEXT('2D SPACE',''
  ) );
#2654 = PCURVE('',#2018,#2655);
#2655 = DEFINITIONAL_REPRESENTATION('',(#2656),#2660);
#2656 = LINE('',#2657,#2658);
#2657 = CARTESIAN_POINT('',(4.9,0.));
#2658 = VECTOR('',#2659,1.);
#2659 = DIRECTION('',(0.,-1.));
#2660 = ( GEOMETRIC_REPRESENTATION_CONTEXT(2) 
PARAMETRIC_REPRESENTATION_CONTEXT() REPRESENTATION_CONTEXT('2D SPACE',''
  ) );
#2661 = ORIENTED_EDGE('',*,*,#2029,.F.);
#2662 = ADVANCED_FACE('',(#2663),#2018,.T.);
#2663 = FACE_BOUND('',#2664,.T.);
#2664 = EDGE_LOOP('',(#2665,#2688,#2689,#2690));
#2665 = ORIENTED_EDGE('',*,*,#2666,.F.);
#2666 = EDGE_CURVE('',#2618,#2667,#2669,.T.);
#2667 = VERTEX_POINT('',#2668);
#2668 = CARTESIAN_POINT('',(-115.1,505.,75.));
#2669 = SURFACE_CURVE('',#2670,(#2674,#2681),.PCURVE_S1.);
#2670 = LINE('',#2671,#2672);
#2671 = CARTESIAN_POINT('',(120.,505.,75.));
#2672 = VECTOR('',#2673,1.);
#2673 = DIRECTION('',(-1.,0.,0.));
#2674 = PCURVE('',#2018,#2675);
#2675 = DEFINITIONAL_REPRESENTATION('',(#2676),#2680);
#2676 = LINE('',#2677,#2678);
#2677 = CARTESIAN_POINT('',(0.,-0.));
#2678 = VECTOR('',#2679,1.);
#2679 = DIRECTION('',(1.,0.));
#2680 = ( GEOMETRIC_REPRESENTATION_CONTEXT(2) 
PARAMETRIC_REPRESENTATION_CONTEXT() REPRESENTATION_CONTEXT('2D SPACE',''
  ) );
#2681 = PCURVE('',#2530,#2682);
#2682 = DEFINITIONAL_REPRESENTATION('',(#2683),#2687);
#2683 = LINE('',#2684,#2685);
#2684 = CARTESIAN_POINT('',(120.,5.));
#2685 = VECTOR('',#2686,1.);
#2686 = DIRECTION('',(-1.,0.));
#2687 = ( GEOMETRIC_REPRESENTATION_CONTEXT(2) 
PARAMETRIC_REPRESENTATION_CONTEXT() REPRESENTATION_CONTEXT('2D SPACE',''
  ) );
#2688 = ORIENTED_EDGE('',*,*,#2641,.T.);
#2689 = ORIENTED_EDGE('',*,*,#2003,.F.);
#2690 = ORIENTED_EDGE('',*,*,#2691,.F.);
#2691 = EDGE_CURVE('',#2667,#1975,#2692,.T.);
#2692 = SURFACE_CURVE('',#2693,(#2697,#2704),.PCURVE_S1.);
#2693 = LINE('',#2694,#2695);
#2694 = CARTESIAN_POINT('',(-115.1,505.,75.));
#2695 = VECTOR('',#2696,1.);
#2696 = DIRECTION('',(0.,0.,1.));
#2697 = PCURVE('',#2018,#2698);
#2698 = DEFINITIONAL_REPRESENTATION('',(#2699),#2703);
#2699 = LINE('',#2700,#2701);
#2700 = CARTESIAN_POINT('',(235.1,0.));
#2701 = VECTOR('',#2702,1.);
#2702 = DIRECTION('',(0.,-1.));
#2703 = ( GEOMETRIC_REPRESENTATION_CONTEXT(2) 
PARAMETRIC_REPRESENTATION_CONTEXT() REPRESENTATION_CONTEXT('2D SPACE',''
  ) );
#2704 = PCURVE('',#1991,#2705);
#2705 = DEFINITIONAL_REPRESENTATION('',(#2706),#2710);
#2706 = LINE('',#2707,#2708);
#2707 = CARTESIAN_POINT('',(0.,0.));
#2708 = VECTOR('',#2709,1.);
#2709 = DIRECTION('',(0.,1.));
#2710 = ( GEOMETRIC_REPRESENTATION_CONTEXT(2) 
PARAMETRIC_REPRESENTATION_CONTEXT() REPRESENTATION_CONTEXT('2D SPACE',''
  ) );
#2711 = ADVANCED_FACE('',(#2712),#1991,.F.);
#2712 = FACE_BOUND('',#2713,.F.);
#2713 = EDGE_LOOP('',(#2714,#2715,#2739,#2760));
#2714 = ORIENTED_EDGE('',*,*,#2691,.F.);
#2715 = ORIENTED_EDGE('',*,*,#2716,.T.);
#2716 = EDGE_CURVE('',#2667,#2717,#2719,.T.);
#2717 = VERTEX_POINT('',#2718);
#2718 = CARTESIAN_POINT('',(-120.,500.1,75.));
#2719 = SURFACE_CURVE('',#2720,(#2725,#2732),.PCURVE_S1.);
#2720 = CIRCLE('',#2721,4.9);
#2721 = AXIS2_PLACEMENT_3D('',#2722,#2723,#2724);
#2722 = CARTESIAN_POINT('',(-115.1,500.1,75.));
#2723 = DIRECTION('',(0.,0.,1.));
#2724 = DIRECTION('',(0.,-1.,0.));
#2725 = PCURVE('',#1991,#2726);
#2726 = DEFINITIONAL_REPRESENTATION('',(#2727),#2731);
#2727 = LINE('',#2728,#2729);
#2728 = CARTESIAN_POINT('',(-3.14159265359,0.));
#2729 = VECTOR('',#2730,1.);
#2730 = DIRECTION('',(1.,0.));
#2731 = ( GEOMETRIC_REPRESENTATION_CONTEXT(2) 
PARAMETRIC_REPRESENTATION_CONTEXT() REPRESENTATION_CONTEXT('2D SPACE',''
  ) );
#2732 = PCURVE('',#2530,#2733);
#2733 = DEFINITIONAL_REPRESENTATION('',(#2734),#2738);
#2734 = CIRCLE('',#2735,4.9);
#2735 = AXIS2_PLACEMENT_2D('',#2736,#2737);
#2736 = CARTESIAN_POINT('',(-115.1,0.1));
#2737 = DIRECTION('',(0.,-1.));
#2738 = ( GEOMETRIC_REPRESENTATION_CONTEXT(2) 
PARAMETRIC_REPRESENTATION_CONTEXT() REPRESENTATION_CONTEXT('2D SPACE',''
  ) );
#2739 = ORIENTED_EDGE('',*,*,#2740,.T.);
#2740 = EDGE_CURVE('',#2717,#1949,#2741,.T.);
#2741 = SURFACE_CURVE('',#2742,(#2746,#2753),.PCURVE_S1.);
#2742 = LINE('',#2743,#2744);
#2743 = CARTESIAN_POINT('',(-120.,500.1,75.));
#2744 = VECTOR('',#2745,1.);
#2745 = DIRECTION('',(0.,0.,1.));
#2746 = PCURVE('',#1991,#2747);
#2747 = DEFINITIONAL_REPRESENTATION('',(#2748),#2752);
#2748 = LINE('',#2749,#2750);
#2749 = CARTESIAN_POINT('',(1.570796326795,0.));
#2750 = VECTOR('',#2751,1.);
#2751 = DIRECTION('',(0.,1.));
#2752 = ( GEOMETRIC_REPRESENTATION_CONTEXT(2) 
PARAMETRIC_REPRESENTATION_CONTEXT() REPRESENTATION_CONTEXT('2D SPACE',''
  ) );
#2753 = PCURVE('',#1963,#2754);
#2754 = DEFINITIONAL_REPRESENTATION('',(#2755),#2759);
#2755 = LINE('',#2756,#2757);
#2756 = CARTESIAN_POINT('',(4.9,0.));
#2757 = VECTOR('',#2758,1.);
#2758 = DIRECTION('',(0.,-1.));
#2759 = ( GEOMETRIC_REPRESENTATION_CONTEXT(2) 
PARAMETRIC_REPRESENTATION_CONTEXT() REPRESENTATION_CONTEXT('2D SPACE',''
  ) );
#2760 = ORIENTED_EDGE('',*,*,#1974,.F.);
#2761 = ADVANCED_FACE('',(#2762),#1963,.T.);
#2762 = FACE_BOUND('',#2763,.T.);
#2763 = EDGE_LOOP('',(#2764,#2787,#2788,#2789));
#2764 = ORIENTED_EDGE('',*,*,#2765,.F.);
#2765 = EDGE_CURVE('',#2717,#2766,#2768,.T.);
#2766 = VERTEX_POINT('',#2767);
#2767 = CARTESIAN_POINT('',(-120.,499.9,75.));
#2768 = SURFACE_CURVE('',#2769,(#2773,#2780),.PCURVE_S1.);
#2769 = LINE('',#2770,#2771);
#2770 = CARTESIAN_POINT('',(-120.,505.,75.));
#2771 = VECTOR('',#2772,1.);
#2772 = DIRECTION('',(0.,-1.,0.));
#2773 = PCURVE('',#1963,#2774);
#2774 = DEFINITIONAL_REPRESENTATION('',(#2775),#2779);
#2775 = LINE('',#2776,#2777);
#2776 = CARTESIAN_POINT('',(0.,0.));
#2777 = VECTOR('',#2778,1.);
#2778 = DIRECTION('',(1.,0.));
#2779 = ( GEOMETRIC_REPRESENTATION_CONTEXT(2) 
PARAMETRIC_REPRESENTATION_CONTEXT() REPRESENTATION_CONTEXT('2D SPACE',''
  ) );
#2780 = PCURVE('',#2530,#2781);
#2781 = DEFINITIONAL_REPRESENTATION('',(#2782),#2786);
#2782 = LINE('',#2783,#2784);
#2783 = CARTESIAN_POINT('',(-120.,5.));
#2784 = VECTOR('',#2785,1.);
#2785 = DIRECTION('',(0.,-1.));
#2786 = ( GEOMETRIC_REPRESENTATION_CONTEXT(2) 
PARAMETRIC_REPRESENTATION_CONTEXT() REPRESENTATION_CONTEXT('2D SPACE',''
  ) );
#2787 = ORIENTED_EDGE('',*,*,#2740,.T.);
#2788 = ORIENTED_EDGE('',*,*,#1948,.F.);
#2789 = ORIENTED_EDGE('',*,*,#2790,.F.);
#2790 = EDGE_CURVE('',#2766,#1920,#2791,.T.);
#2791 = SURFACE_CURVE('',#2792,(#2796,#2803),.PCURVE_S1.);
#2792 = LINE('',#2793,#2794);
#2793 = CARTESIAN_POINT('',(-120.,499.9,75.));
#2794 = VECTOR('',#2795,1.);
#2795 = DIRECTION('',(0.,0.,1.));
#2796 = PCURVE('',#1963,#2797);
#2797 = DEFINITIONAL_REPRESENTATION('',(#2798),#2802);
#2798 = LINE('',#2799,#2800);
#2799 = CARTESIAN_POINT('',(5.1,0.));
#2800 = VECTOR('',#2801,1.);
#2801 = DIRECTION('',(0.,-1.));
#2802 = ( GEOMETRIC_REPRESENTATION_CONTEXT(2) 
PARAMETRIC_REPRESENTATION_CONTEXT() REPRESENTATION_CONTEXT('2D SPACE',''
  ) );
#2803 = PCURVE('',#1936,#2804);
#2804 = DEFINITIONAL_REPRESENTATION('',(#2805),#2809);
#2805 = LINE('',#2806,#2807);
#2806 = CARTESIAN_POINT('',(-1.570796326795,0.));
#2807 = VECTOR('',#2808,1.);
#2808 = DIRECTION('',(-0.,1.));
#2809 = ( GEOMETRIC_REPRESENTATION_CONTEXT(2) 
PARAMETRIC_REPRESENTATION_CONTEXT() REPRESENTATION_CONTEXT('2D SPACE',''
  ) );
#2810 = ADVANCED_FACE('',(#2811),#1936,.F.);
#2811 = FACE_BOUND('',#2812,.T.);
#2812 = EDGE_LOOP('',(#2813,#2836,#2862,#2863));
#2813 = ORIENTED_EDGE('',*,*,#2814,.F.);
#2814 = EDGE_CURVE('',#2815,#1894,#2817,.T.);
#2815 = VERTEX_POINT('',#2816);
#2816 = CARTESIAN_POINT('',(-115.1,495.,75.));
#2817 = SURFACE_CURVE('',#2818,(#2822,#2829),.PCURVE_S1.);
#2818 = LINE('',#2819,#2820);
#2819 = CARTESIAN_POINT('',(-115.1,495.,75.));
#2820 = VECTOR('',#2821,1.);
#2821 = DIRECTION('',(0.,0.,1.));
#2822 = PCURVE('',#1936,#2823);
#2823 = DEFINITIONAL_REPRESENTATION('',(#2824),#2828);
#2824 = LINE('',#2825,#2826);
#2825 = CARTESIAN_POINT('',(-0.,0.));
#2826 = VECTOR('',#2827,1.);
#2827 = DIRECTION('',(-0.,1.));
#2828 = ( GEOMETRIC_REPRESENTATION_CONTEXT(2) 
PARAMETRIC_REPRESENTATION_CONTEXT() REPRESENTATION_CONTEXT('2D SPACE',''
  ) );
#2829 = PCURVE('',#1908,#2830);
#2830 = DEFINITIONAL_REPRESENTATION('',(#2831),#2835);
#2831 = LINE('',#2832,#2833);
#2832 = CARTESIAN_POINT('',(4.9,0.));
#2833 = VECTOR('',#2834,1.);
#2834 = DIRECTION('',(0.,-1.));
#2835 = ( GEOMETRIC_REPRESENTATION_CONTEXT(2) 
PARAMETRIC_REPRESENTATION_CONTEXT() REPRESENTATION_CONTEXT('2D SPACE',''
  ) );
#2836 = ORIENTED_EDGE('',*,*,#2837,.T.);
#2837 = EDGE_CURVE('',#2815,#2766,#2838,.T.);
#2838 = SURFACE_CURVE('',#2839,(#2844,#2851),.PCURVE_S1.);
#2839 = CIRCLE('',#2840,4.9);
#2840 = AXIS2_PLACEMENT_3D('',#2841,#2842,#2843);
#2841 = CARTESIAN_POINT('',(-115.1,499.9,75.));
#2842 = DIRECTION('',(-0.,-0.,-1.));
#2843 = DIRECTION('',(0.,-1.,0.));
#2844 = PCURVE('',#1936,#2845);
#2845 = DEFINITIONAL_REPRESENTATION('',(#2846),#2850);
#2846 = LINE('',#2847,#2848);
#2847 = CARTESIAN_POINT('',(-0.,0.));
#2848 = VECTOR('',#2849,1.);
#2849 = DIRECTION('',(-1.,0.));
#2850 = ( GEOMETRIC_REPRESENTATION_CONTEXT(2) 
PARAMETRIC_REPRESENTATION_CONTEXT() REPRESENTATION_CONTEXT('2D SPACE',''
  ) );
#2851 = PCURVE('',#2530,#2852);
#2852 = DEFINITIONAL_REPRESENTATION('',(#2853),#2861);
#2853 = ( BOUNDED_CURVE() B_SPLINE_CURVE(2,(#2854,#2855,#2856,#2857,
#2858,#2859,#2860),.UNSPECIFIED.,.T.,.F.) B_SPLINE_CURVE_WITH_KNOTS((1,2
    ,2,2,2,1),(-2.094395102393,0.,2.094395102393,4.188790204786,
6.28318530718,8.377580409573),.UNSPECIFIED.) CURVE() 
GEOMETRIC_REPRESENTATION_ITEM() RATIONAL_B_SPLINE_CURVE((1.,0.5,1.,0.5,
1.,0.5,1.)) REPRESENTATION_ITEM('') );
#2854 = CARTESIAN_POINT('',(-115.1,-5.));
#2855 = CARTESIAN_POINT('',(-123.587048957,-5.));
#2856 = CARTESIAN_POINT('',(-119.3435244785,2.35));
#2857 = CARTESIAN_POINT('',(-115.1,9.7));
#2858 = CARTESIAN_POINT('',(-110.8564755214,2.35));
#2859 = CARTESIAN_POINT('',(-106.6129510429,-5.));
#2860 = CARTESIAN_POINT('',(-115.1,-5.));
#2861 = ( GEOMETRIC_REPRESENTATION_CONTEXT(2) 
PARAMETRIC_REPRESENTATION_CONTEXT() REPRESENTATION_CONTEXT('2D SPACE',''
  ) );
#2862 = ORIENTED_EDGE('',*,*,#2790,.T.);
#2863 = ORIENTED_EDGE('',*,*,#1919,.T.);
#2864 = ADVANCED_FACE('',(#2865),#1908,.T.);
#2865 = FACE_BOUND('',#2866,.T.);
#2866 = EDGE_LOOP('',(#2867,#2888,#2889,#2890));
#2867 = ORIENTED_EDGE('',*,*,#2868,.F.);
#2868 = EDGE_CURVE('',#2815,#2491,#2869,.T.);
#2869 = SURFACE_CURVE('',#2870,(#2874,#2881),.PCURVE_S1.);
#2870 = LINE('',#2871,#2872);
#2871 = CARTESIAN_POINT('',(-120.,495.,75.));
#2872 = VECTOR('',#2873,1.);
#2873 = DIRECTION('',(1.,0.,0.));
#2874 = PCURVE('',#1908,#2875);
#2875 = DEFINITIONAL_REPRESENTATION('',(#2876),#2880);
#2876 = LINE('',#2877,#2878);
#2877 = CARTESIAN_POINT('',(0.,0.));
#2878 = VECTOR('',#2879,1.);
#2879 = DIRECTION('',(1.,0.));
#2880 = ( GEOMETRIC_REPRESENTATION_CONTEXT(2) 
PARAMETRIC_REPRESENTATION_CONTEXT() REPRESENTATION_CONTEXT('2D SPACE',''
  ) );
#2881 = PCURVE('',#2530,#2882);
#2882 = DEFINITIONAL_REPRESENTATION('',(#2883),#2887);
#2883 = LINE('',#2884,#2885);
#2884 = CARTESIAN_POINT('',(-120.,-5.));
#2885 = VECTOR('',#2886,1.);
#2886 = DIRECTION('',(1.,0.));
#2887 = ( GEOMETRIC_REPRESENTATION_CONTEXT(2) 
PARAMETRIC_REPRESENTATION_CONTEXT() REPRESENTATION_CONTEXT('2D SPACE',''
  ) );
#2888 = ORIENTED_EDGE('',*,*,#2814,.T.);
#2889 = ORIENTED_EDGE('',*,*,#1893,.F.);
#2890 = ORIENTED_EDGE('',*,*,#2490,.F.);
#2891 = ADVANCED_FACE('',(#2892),#2125,.T.);
#2892 = FACE_BOUND('',#2893,.T.);
#2893 = EDGE_LOOP('',(#2894,#2895,#2896,#2897,#2898,#2899,#2900,#2901));
#2894 = ORIENTED_EDGE('',*,*,#2162,.T.);
#2895 = ORIENTED_EDGE('',*,*,#2108,.T.);
#2896 = ORIENTED_EDGE('',*,*,#2211,.T.);
#2897 = ORIENTED_EDGE('',*,*,#2315,.T.);
#2898 = ORIENTED_EDGE('',*,*,#2413,.T.);
#2899 = ORIENTED_EDGE('',*,*,#2463,.T.);
#2900 = ORIENTED_EDGE('',*,*,#2364,.T.);
#2901 = ORIENTED_EDGE('',*,*,#2261,.F.);
#2902 = ADVANCED_FACE('',(#2903),#2530,.T.);
#2903 = FACE_BOUND('',#2904,.T.);
#2904 = EDGE_LOOP('',(#2905,#2906,#2907,#2908,#2909,#2910,#2911,#2912));
#2905 = ORIENTED_EDGE('',*,*,#2868,.T.);
#2906 = ORIENTED_EDGE('',*,*,#2513,.T.);
#2907 = ORIENTED_EDGE('',*,*,#2567,.T.);
#2908 = ORIENTED_EDGE('',*,*,#2617,.T.);
#2909 = ORIENTED_EDGE('',*,*,#2666,.T.);
#2910 = ORIENTED_EDGE('',*,*,#2716,.T.);
#2911 = ORIENTED_EDGE('',*,*,#2765,.T.);
#2912 = ORIENTED_EDGE('',*,*,#2837,.F.);
#2913 = ( GEOMETRIC_REPRESENTATION_CONTEXT(3) 
GLOBAL_UNCERTAINTY_ASSIGNED_CONTEXT((#2917)) 
GLOBAL_UNIT_ASSIGNED_CONTEXT((#2914,#2915,#2916)) REPRESENTATION_CONTEXT
('Context #1','3D Context with UNIT and UNCERTAINTY') );
#2914 = ( LENGTH_UNIT() NAMED_UNIT(*) SI_UNIT(.MILLI.,.METRE.) );
#2915 = ( NAMED_UNIT(*) PLANE_ANGLE_UNIT() SI_UNIT($,.RADIAN.) );
#2916 = ( NAMED_UNIT(*) SI_UNIT($,.STERADIAN.) SOLID_ANGLE_UNIT() );
#2917 = UNCERTAINTY_MEASURE_WITH_UNIT(LENGTH_MEASURE(2.E-07),#2914,
  'distance_accuracy_value','confusion accuracy');
#2918 = CONTEXT_DEPENDENT_SHAPE_REPRESENTATION(#2919,#2921);
#2919 = ( REPRESENTATION_RELATIONSHIP('','',#76,#10) 
REPRESENTATION_RELATIONSHIP_WITH_TRANSFORMATION(#2920) 
SHAPE_REPRESENTATION_RELATIONSHIP() );
#2920 = ITEM_DEFINED_TRANSFORMATION('','',#11,#15);
#2921 = PRODUCT_DEFINITION_SHAPE('Placement','Placement of an item',
  #2922);
#2922 = NEXT_ASSEMBLY_USAGE_OCCURRENCE('23','body','',#5,#71,$);
#2923 = PRODUCT_RELATED_PRODUCT_CATEGORY('part',$,(#73));
#2924 = SHAPE_DEFINITION_REPRESENTATION(#2925,#2931);
#2925 = PRODUCT_DEFINITION_SHAPE('','',#2926);
#2926 = PRODUCT_DEFINITION('design','',#2927,#2930);
#2927 = PRODUCT_DEFINITION_FORMATION('','',#2928);
#2928 = PRODUCT('film','film','',(#2929));
#2929 = PRODUCT_CONTEXT('',#2,'mechanical');
#2930 = PRODUCT_DEFINITION_CONTEXT('part definition',#2,'design');
#2931 = ADVANCED_BREP_SHAPE_REPRESENTATION('',(#11,#2932),#3262);
#2932 = MANIFOLD_SOLID_BREP('',#2933);
#2933 = CLOSED_SHELL('',(#2934,#3054,#3154,#3201,#3248,#3255));
#2934 = ADVANCED_FACE('',(#2935),#2949,.F.);
#2935 = FACE_BOUND('',#2936,.F.);
#2936 = EDGE_LOOP('',(#2937,#2972,#3000,#3028));
#2937 = ORIENTED_EDGE('',*,*,#2938,.F.);
#2938 = EDGE_CURVE('',#2939,#2941,#2943,.T.);
#2939 = VERTEX_POINT('',#2940);
#2940 = CARTESIAN_POINT('',(-132.,162.,30.));
#2941 = VERTEX_POINT('',#2942);
#2942 = CARTESIAN_POINT('',(-132.,162.,30.8));
#2943 = SURFACE_CURVE('',#2944,(#2948,#2960),.PCURVE_S1.);
#2944 = LINE('',#2945,#2946);
#2945 = CARTESIAN_POINT('',(-132.,162.,30.));
#2946 = VECTOR('',#2947,1.);
#2947 = DIRECTION('',(0.,0.,1.));
#2948 = PCURVE('',#2949,#2954);
#2949 = PLANE('',#2950);
#2950 = AXIS2_PLACEMENT_3D('',#2951,#2952,#2953);
#2951 = CARTESIAN_POINT('',(-132.,162.,30.));
#2952 = DIRECTION('',(1.,0.,0.));
#2953 = DIRECTION('',(0.,0.,1.));
#2954 = DEFINITIONAL_REPRESENTATION('',(#2955),#2959);
#2955 = LINE('',#2956,#2957);
#2956 = CARTESIAN_POINT('',(0.,0.));
#2957 = VECTOR('',#2958,1.);
#2958 = DIRECTION('',(1.,0.));
#2959 = ( GEOMETRIC_REPRESENTATION_CONTEXT(2) 
PARAMETRIC_REPRESENTATION_CONTEXT() REPRESENTATION_CONTEXT('2D SPACE',''
  ) );
#2960 = PCURVE('',#2961,#2966);
#2961 = PLANE('',#2962);
#2962 = AXIS2_PLACEMENT_3D('',#2963,#2964,#2965);
#2963 = CARTESIAN_POINT('',(-132.,162.,30.));
#2964 = DIRECTION('',(0.,1.,0.));
#2965 = DIRECTION('',(0.,0.,1.));
#2966 = DEFINITIONAL_REPRESENTATION('',(#2967),#2971);
#2967 = LINE('',#2968,#2969);
#2968 = CARTESIAN_POINT('',(0.,0.));
#2969 = VECTOR('',#2970,1.);
#2970 = DIRECTION('',(1.,0.));
#2971 = ( GEOMETRIC_REPRESENTATION_CONTEXT(2) 
PARAMETRIC_REPRESENTATION_CONTEXT() REPRESENTATION_CONTEXT('2D SPACE',''
  ) );
#2972 = ORIENTED_EDGE('',*,*,#2973,.T.);
#2973 = EDGE_CURVE('',#2939,#2974,#2976,.T.);
#2974 = VERTEX_POINT('',#2975);
#2975 = CARTESIAN_POINT('',(-132.,448.,30.));
#2976 = SURFACE_CURVE('',#2977,(#2981,#2988),.PCURVE_S1.);
#2977 = LINE('',#2978,#2979);
#2978 = CARTESIAN_POINT('',(-132.,162.,30.));
#2979 = VECTOR('',#2980,1.);
#2980 = DIRECTION('',(0.,1.,0.));
#2981 = PCURVE('',#2949,#2982);
#2982 = DEFINITIONAL_REPRESENTATION('',(#2983),#2987);
#2983 = LINE('',#2984,#2985);
#2984 = CARTESIAN_POINT('',(0.,0.));
#2985 = VECTOR('',#2986,1.);
#2986 = DIRECTION('',(0.,-1.));
#2987 = ( GEOMETRIC_REPRESENTATION_CONTEXT(2) 
PARAMETRIC_REPRESENTATION_CONTEXT() REPRESENTATION_CONTEXT('2D SPACE',''
  ) );
#2988 = PCURVE('',#2989,#2994);
#2989 = PLANE('',#2990);
#2990 = AXIS2_PLACEMENT_3D('',#2991,#2992,#2993);
#2991 = CARTESIAN_POINT('',(-132.,162.,30.));
#2992 = DIRECTION('',(0.,0.,1.));
#2993 = DIRECTION('',(1.,0.,0.));
#2994 = DEFINITIONAL_REPRESENTATION('',(#2995),#2999);
#2995 = LINE('',#2996,#2997);
#2996 = CARTESIAN_POINT('',(0.,0.));
#2997 = VECTOR('',#2998,1.);
#2998 = DIRECTION('',(0.,1.));
#2999 = ( GEOMETRIC_REPRESENTATION_CONTEXT(2) 
PARAMETRIC_REPRESENTATION_CONTEXT() REPRESENTATION_CONTEXT('2D SPACE',''
  ) );
#3000 = ORIENTED_EDGE('',*,*,#3001,.T.);
#3001 = EDGE_CURVE('',#2974,#3002,#3004,.T.);
#3002 = VERTEX_POINT('',#3003);
#3003 = CARTESIAN_POINT('',(-132.,448.,30.8));
#3004 = SURFACE_CURVE('',#3005,(#3009,#3016),.PCURVE_S1.);
#3005 = LINE('',#3006,#3007);
#3006 = CARTESIAN_POINT('',(-132.,448.,30.));
#3007 = VECTOR('',#3008,1.);
#3008 = DIRECTION('',(0.,0.,1.));
#3009 = PCURVE('',#2949,#3010);
#3010 = DEFINITIONAL_REPRESENTATION('',(#3011),#3015);
#3011 = LINE('',#3012,#3013);
#3012 = CARTESIAN_POINT('',(0.,-286.));
#3013 = VECTOR('',#3014,1.);
#3014 = DIRECTION('',(1.,0.));
#3015 = ( GEOMETRIC_REPRESENTATION_CONTEXT(2) 
PARAMETRIC_REPRESENTATION_CONTEXT() REPRESENTATION_CONTEXT('2D SPACE',''
  ) );
#3016 = PCURVE('',#3017,#3022);
#3017 = PLANE('',#3018);
#3018 = AXIS2_PLACEMENT_3D('',#3019,#3020,#3021);
#3019 = CARTESIAN_POINT('',(-132.,448.,30.));
#3020 = DIRECTION('',(0.,1.,0.));
#3021 = DIRECTION('',(0.,0.,1.));
#3022 = DEFINITIONAL_REPRESENTATION('',(#3023),#3027);
#3023 = LINE('',#3024,#3025);
#3024 = CARTESIAN_POINT('',(0.,0.));
#3025 = VECTOR('',#3026,1.);
#3026 = DIRECTION('',(1.,0.));
#3027 = ( GEOMETRIC_REPRESENTATION_CONTEXT(2) 
PARAMETRIC_REPRESENTATION_CONTEXT() REPRESENTATION_CONTEXT('2D SPACE',''
  ) );
#3028 = ORIENTED_EDGE('',*,*,#3029,.F.);
#3029 = EDGE_CURVE('',#2941,#3002,#3030,.T.);
#3030 = SURFACE_CURVE('',#3031,(#3035,#3042),.PCURVE_S1.);
#3031 = LINE('',#3032,#3033);
#3032 = CARTESIAN_POINT('',(-132.,162.,30.8));
#3033 = VECTOR('',#3034,1.);
#3034 = DIRECTION('',(0.,1.,0.));
#3035 = PCURVE('',#2949,#3036);
#3036 = DEFINITIONAL_REPRESENTATION('',(#3037),#3041);
#3037 = LINE('',#3038,#3039);
#3038 = CARTESIAN_POINT('',(0.8,0.));
#3039 = VECTOR('',#3040,1.);
#3040 = DIRECTION('',(0.,-1.));
#3041 = ( GEOMETRIC_REPRESENTATION_CONTEXT(2) 
PARAMETRIC_REPRESENTATION_CONTEXT() REPRESENTATION_CONTEXT('2D SPACE',''
  ) );
#3042 = PCURVE('',#3043,#3048);
#3043 = PLANE('',#3044);
#3044 = AXIS2_PLACEMENT_3D('',#3045,#3046,#3047);
#3045 = CARTESIAN_POINT('',(-132.,162.,30.8));
#3046 = DIRECTION('',(0.,0.,1.));
#3047 = DIRECTION('',(1.,0.,0.));
#3048 = DEFINITIONAL_REPRESENTATION('',(#3049),#3053);
#3049 = LINE('',#3050,#3051);
#3050 = CARTESIAN_POINT('',(0.,0.));
#3051 = VECTOR('',#3052,1.);
#3052 = DIRECTION('',(0.,1.));
#3053 = ( GEOMETRIC_REPRESENTATION_CONTEXT(2) 
PARAMETRIC_REPRESENTATION_CONTEXT() REPRESENTATION_CONTEXT('2D SPACE',''
  ) );
#3054 = ADVANCED_FACE('',(#3055),#3069,.T.);
#3055 = FACE_BOUND('',#3056,.T.);
#3056 = EDGE_LOOP('',(#3057,#3087,#3110,#3133));
#3057 = ORIENTED_EDGE('',*,*,#3058,.F.);
#3058 = EDGE_CURVE('',#3059,#3061,#3063,.T.);
#3059 = VERTEX_POINT('',#3060);
#3060 = CARTESIAN_POINT('',(132.,162.,30.));
#3061 = VERTEX_POINT('',#3062);
#3062 = CARTESIAN_POINT('',(132.,162.,30.8));
#3063 = SURFACE_CURVE('',#3064,(#3068,#3080),.PCURVE_S1.);
#3064 = LINE('',#3065,#3066);
#3065 = CARTESIAN_POINT('',(132.,162.,30.));
#3066 = VECTOR('',#3067,1.);
#3067 = DIRECTION('',(0.,0.,1.));
#3068 = PCURVE('',#3069,#3074);
#3069 = PLANE('',#3070);
#3070 = AXIS2_PLACEMENT_3D('',#3071,#3072,#3073);
#3071 = CARTESIAN_POINT('',(132.,162.,30.));
#3072 = DIRECTION('',(1.,0.,0.));
#3073 = DIRECTION('',(0.,0.,1.));
#3074 = DEFINITIONAL_REPRESENTATION('',(#3075),#3079);
#3075 = LINE('',#3076,#3077);
#3076 = CARTESIAN_POINT('',(0.,0.));
#3077 = VECTOR('',#3078,1.);
#3078 = DIRECTION('',(1.,0.));
#3079 = ( GEOMETRIC_REPRESENTATION_CONTEXT(2) 
PARAMETRIC_REPRESENTATION_CONTEXT() REPRESENTATION_CONTEXT('2D SPACE',''
  ) );
#3080 = PCURVE('',#2961,#3081);
#3081 = DEFINITIONAL_REPRESENTATION('',(#3082),#3086);
#3082 = LINE('',#3083,#3084);
#3083 = CARTESIAN_POINT('',(0.,264.));
#3084 = VECTOR('',#3085,1.);
#3085 = DIRECTION('',(1.,0.));
#3086 = ( GEOMETRIC_REPRESENTATION_CONTEXT(2) 
PARAMETRIC_REPRESENTATION_CONTEXT() REPRESENTATION_CONTEXT('2D SPACE',''
  ) );
#3087 = ORIENTED_EDGE('',*,*,#3088,.T.);
#3088 = EDGE_CURVE('',#3059,#3089,#3091,.T.);
#3089 = VERTEX_POINT('',#3090);
#3090 = CARTESIAN_POINT('',(132.,448.,30.));
#3091 = SURFACE_CURVE('',#3092,(#3096,#3103),.PCURVE_S1.);
#3092 = LINE('',#3093,#3094);
#3093 = CARTESIAN_POINT('',(132.,162.,30.));
#3094 = VECTOR('',#3095,1.);
#3095 = DIRECTION('',(0.,1.,0.));
#3096 = PCURVE('',#3069,#3097);
#3097 = DEFINITIONAL_REPRESENTATION('',(#3098),#3102);
#3098 = LINE('',#3099,#3100);
#3099 = CARTESIAN_POINT('',(0.,0.));
#3100 = VECTOR('',#3101,1.);
#3101 = DIRECTION('',(0.,-1.));
#3102 = ( GEOMETRIC_REPRESENTATION_CONTEXT(2) 
PARAMETRIC_REPRESENTATION_CONTEXT() REPRESENTATION_CONTEXT('2D SPACE',''
  ) );
#3103 = PCURVE('',#2989,#3104);
#3104 = DEFINITIONAL_REPRESENTATION('',(#3105),#3109);
#3105 = LINE('',#3106,#3107);
#3106 = CARTESIAN_POINT('',(264.,0.));
#3107 = VECTOR('',#3108,1.);
#3108 = DIRECTION('',(0.,1.));
#3109 = ( GEOMETRIC_REPRESENTATION_CONTEXT(2) 
PARAMETRIC_REPRESENTATION_CONTEXT() REPRESENTATION_CONTEXT('2D SPACE',''
  ) );
#3110 = ORIENTED_EDGE('',*,*,#3111,.T.);
#3111 = EDGE_CURVE('',#3089,#3112,#3114,.T.);
#3112 = VERTEX_POINT('',#3113);
#3113 = CARTESIAN_POINT('',(132.,448.,30.8));
#3114 = SURFACE_CURVE('',#3115,(#3119,#3126),.PCURVE_S1.);
#3115 = LINE('',#3116,#3117);
#3116 = CARTESIAN_POINT('',(132.,448.,30.));
#3117 = VECTOR('',#3118,1.);
#3118 = DIRECTION('',(0.,0.,1.));
#3119 = PCURVE('',#3069,#3120);
#3120 = DEFINITIONAL_REPRESENTATION('',(#3121),#3125);
#3121 = LINE('',#3122,#3123);
#3122 = CARTESIAN_POINT('',(0.,-286.));
#3123 = VECTOR('',#3124,1.);
#3124 = DIRECTION('',(1.,0.));
#3125 = ( GEOMETRIC_REPRESENTATION_CONTEXT(2) 
PARAMETRIC_REPRESENTATION_CONTEXT() REPRESENTATION_CONTEXT('2D SPACE',''
  ) );
#3126 = PCURVE('',#3017,#3127);
#3127 = DEFINITIONAL_REPRESENTATION('',(#3128),#3132);
#3128 = LINE('',#3129,#3130);
#3129 = CARTESIAN_POINT('',(0.,264.));
#3130 = VECTOR('',#3131,1.);
#3131 = DIRECTION('',(1.,0.));
#3132 = ( GEOMETRIC_REPRESENTATION_CONTEXT(2) 
PARAMETRIC_REPRESENTATION_CONTEXT() REPRESENTATION_CONTEXT('2D SPACE',''
  ) );
#3133 = ORIENTED_EDGE('',*,*,#3134,.F.);
#3134 = EDGE_CURVE('',#3061,#3112,#3135,.T.);
#3135 = SURFACE_CURVE('',#3136,(#3140,#3147),.PCURVE_S1.);
#3136 = LINE('',#3137,#3138);
#3137 = CARTESIAN_POINT('',(132.,162.,30.8));
#3138 = VECTOR('',#3139,1.);
#3139 = DIRECTION('',(0.,1.,0.));
#3140 = PCURVE('',#3069,#3141);
#3141 = DEFINITIONAL_REPRESENTATION('',(#3142),#3146);
#3142 = LINE('',#3143,#3144);
#3143 = CARTESIAN_POINT('',(0.8,0.));
#3144 = VECTOR('',#3145,1.);
#3145 = DIRECTION('',(0.,-1.));
#3146 = ( GEOMETRIC_REPRESENTATION_CONTEXT(2) 
PARAMETRIC_REPRESENTATION_CONTEXT() REPRESENTATION_CONTEXT('2D SPACE',''
  ) );
#3147 = PCURVE('',#3043,#3148);
#3148 = DEFINITIONAL_REPRESENTATION('',(#3149),#3153);
#3149 = LINE('',#3150,#3151);
#3150 = CARTESIAN_POINT('',(264.,0.));
#3151 = VECTOR('',#3152,1.);
#3152 = DIRECTION('',(0.,1.));
#3153 = ( GEOMETRIC_REPRESENTATION_CONTEXT(2) 
PARAMETRIC_REPRESENTATION_CONTEXT() REPRESENTATION_CONTEXT('2D SPACE',''
  ) );
#3154 = ADVANCED_FACE('',(#3155),#2961,.F.);
#3155 = FACE_BOUND('',#3156,.F.);
#3156 = EDGE_LOOP('',(#3157,#3178,#3179,#3200));
#3157 = ORIENTED_EDGE('',*,*,#3158,.F.);
#3158 = EDGE_CURVE('',#2939,#3059,#3159,.T.);
#3159 = SURFACE_CURVE('',#3160,(#3164,#3171),.PCURVE_S1.);
#3160 = LINE('',#3161,#3162);
#3161 = CARTESIAN_POINT('',(-132.,162.,30.));
#3162 = VECTOR('',#3163,1.);
#3163 = DIRECTION('',(1.,0.,0.));
#3164 = PCURVE('',#2961,#3165);
#3165 = DEFINITIONAL_REPRESENTATION('',(#3166),#3170);
#3166 = LINE('',#3167,#3168);
#3167 = CARTESIAN_POINT('',(0.,0.));
#3168 = VECTOR('',#3169,1.);
#3169 = DIRECTION('',(0.,1.));
#3170 = ( GEOMETRIC_REPRESENTATION_CONTEXT(2) 
PARAMETRIC_REPRESENTATION_CONTEXT() REPRESENTATION_CONTEXT('2D SPACE',''
  ) );
#3171 = PCURVE('',#2989,#3172);
#3172 = DEFINITIONAL_REPRESENTATION('',(#3173),#3177);
#3173 = LINE('',#3174,#3175);
#3174 = CARTESIAN_POINT('',(0.,0.));
#3175 = VECTOR('',#3176,1.);
#3176 = DIRECTION('',(1.,0.));
#3177 = ( GEOMETRIC_REPRESENTATION_CONTEXT(2) 
PARAMETRIC_REPRESENTATION_CONTEXT() REPRESENTATION_CONTEXT('2D SPACE',''
  ) );
#3178 = ORIENTED_EDGE('',*,*,#2938,.T.);
#3179 = ORIENTED_EDGE('',*,*,#3180,.T.);
#3180 = EDGE_CURVE('',#2941,#3061,#3181,.T.);
#3181 = SURFACE_CURVE('',#3182,(#3186,#3193),.PCURVE_S1.);
#3182 = LINE('',#3183,#3184);
#3183 = CARTESIAN_POINT('',(-132.,162.,30.8));
#3184 = VECTOR('',#3185,1.);
#3185 = DIRECTION('',(1.,0.,0.));
#3186 = PCURVE('',#2961,#3187);
#3187 = DEFINITIONAL_REPRESENTATION('',(#3188),#3192);
#3188 = LINE('',#3189,#3190);
#3189 = CARTESIAN_POINT('',(0.8,0.));
#3190 = VECTOR('',#3191,1.);
#3191 = DIRECTION('',(0.,1.));
#3192 = ( GEOMETRIC_REPRESENTATION_CONTEXT(2) 
PARAMETRIC_REPRESENTATION_CONTEXT() REPRESENTATION_CONTEXT('2D SPACE',''
  ) );
#3193 = PCURVE('',#3043,#3194);
#3194 = DEFINITIONAL_REPRESENTATION('',(#3195),#3199);
#3195 = LINE('',#3196,#3197);
#3196 = CARTESIAN_POINT('',(0.,0.));
#3197 = VECTOR('',#3198,1.);
#3198 = DIRECTION('',(1.,0.));
#3199 = ( GEOMETRIC_REPRESENTATION_CONTEXT(2) 
PARAMETRIC_REPRESENTATION_CONTEXT() REPRESENTATION_CONTEXT('2D SPACE',''
  ) );
#3200 = ORIENTED_EDGE('',*,*,#3058,.F.);
#3201 = ADVANCED_FACE('',(#3202),#3017,.T.);
#3202 = FACE_BOUND('',#3203,.T.);
#3203 = EDGE_LOOP('',(#3204,#3225,#3226,#3247));
#3204 = ORIENTED_EDGE('',*,*,#3205,.F.);
#3205 = EDGE_CURVE('',#2974,#3089,#3206,.T.);
#3206 = SURFACE_CURVE('',#3207,(#3211,#3218),.PCURVE_S1.);
#3207 = LINE('',#3208,#3209);
#3208 = CARTESIAN_POINT('',(-132.,448.,30.));
#3209 = VECTOR('',#3210,1.);
#3210 = DIRECTION('',(1.,0.,0.));
#3211 = PCURVE('',#3017,#3212);
#3212 = DEFINITIONAL_REPRESENTATION('',(#3213),#3217);
#3213 = LINE('',#3214,#3215);
#3214 = CARTESIAN_POINT('',(0.,0.));
#3215 = VECTOR('',#3216,1.);
#3216 = DIRECTION('',(0.,1.));
#3217 = ( GEOMETRIC_REPRESENTATION_CONTEXT(2) 
PARAMETRIC_REPRESENTATION_CONTEXT() REPRESENTATION_CONTEXT('2D SPACE',''
  ) );
#3218 = PCURVE('',#2989,#3219);
#3219 = DEFINITIONAL_REPRESENTATION('',(#3220),#3224);
#3220 = LINE('',#3221,#3222);
#3221 = CARTESIAN_POINT('',(0.,286.));
#3222 = VECTOR('',#3223,1.);
#3223 = DIRECTION('',(1.,0.));
#3224 = ( GEOMETRIC_REPRESENTATION_CONTEXT(2) 
PARAMETRIC_REPRESENTATION_CONTEXT() REPRESENTATION_CONTEXT('2D SPACE',''
  ) );
#3225 = ORIENTED_EDGE('',*,*,#3001,.T.);
#3226 = ORIENTED_EDGE('',*,*,#3227,.T.);
#3227 = EDGE_CURVE('',#3002,#3112,#3228,.T.);
#3228 = SURFACE_CURVE('',#3229,(#3233,#3240),.PCURVE_S1.);
#3229 = LINE('',#3230,#3231);
#3230 = CARTESIAN_POINT('',(-132.,448.,30.8));
#3231 = VECTOR('',#3232,1.);
#3232 = DIRECTION('',(1.,0.,0.));
#3233 = PCURVE('',#3017,#3234);
#3234 = DEFINITIONAL_REPRESENTATION('',(#3235),#3239);
#3235 = LINE('',#3236,#3237);
#3236 = CARTESIAN_POINT('',(0.8,0.));
#3237 = VECTOR('',#3238,1.);
#3238 = DIRECTION('',(0.,1.));
#3239 = ( GEOMETRIC_REPRESENTATION_CONTEXT(2) 
PARAMETRIC_REPRESENTATION_CONTEXT() REPRESENTATION_CONTEXT('2D SPACE',''
  ) );
#3240 = PCURVE('',#3043,#3241);
#3241 = DEFINITIONAL_REPRESENTATION('',(#3242),#3246);
#3242 = LINE('',#3243,#3244);
#3243 = CARTESIAN_POINT('',(0.,286.));
#3244 = VECTOR('',#3245,1.);
#3245 = DIRECTION('',(1.,0.));
#3246 = ( GEOMETRIC_REPRESENTATION_CONTEXT(2) 
PARAMETRIC_REPRESENTATION_CONTEXT() REPRESENTATION_CONTEXT('2D SPACE',''
  ) );
#3247 = ORIENTED_EDGE('',*,*,#3111,.F.);
#3248 = ADVANCED_FACE('',(#3249),#2989,.F.);
#3249 = FACE_BOUND('',#3250,.F.);
#3250 = EDGE_LOOP('',(#3251,#3252,#3253,#3254));
#3251 = ORIENTED_EDGE('',*,*,#2973,.F.);
#3252 = ORIENTED_EDGE('',*,*,#3158,.T.);
#3253 = ORIENTED_EDGE('',*,*,#3088,.T.);
#3254 = ORIENTED_EDGE('',*,*,#3205,.F.);
#3255 = ADVANCED_FACE('',(#3256),#3043,.T.);
#3256 = FACE_BOUND('',#3257,.T.);
#3257 = EDGE_LOOP('',(#3258,#3259,#3260,#3261));
#3258 = ORIENTED_EDGE('',*,*,#3029,.F.);
#3259 = ORIENTED_EDGE('',*,*,#3180,.T.);
#3260 = ORIENTED_EDGE('',*,*,#3134,.T.);
#3261 = ORIENTED_EDGE('',*,*,#3227,.F.);
#3262 = ( GEOMETRIC_REPRESENTATION_CONTEXT(3) 
GLOBAL_UNCERTAINTY_ASSIGNED_CONTEXT((#3266)) 
GLOBAL_UNIT_ASSIGNED_CONTEXT((#3263,#3264,#3265)) REPRESENTATION_CONTEXT
('Context #1','3D Context with UNIT and UNCERTAINTY') );
#3263 = ( LENGTH_UNIT() NAMED_UNIT(*) SI_UNIT(.MILLI.,.METRE.) );
#3264 = ( NAMED_UNIT(*) PLANE_ANGLE_UNIT() SI_UNIT($,.RADIAN.) );
#3265 = ( NAMED_UNIT(*) SI_UNIT($,.STERADIAN.) SOLID_ANGLE_UNIT() );
#3266 = UNCERTAINTY_MEASURE_WITH_UNIT(LENGTH_MEASURE(1.E-07),#3263,
  'distance_accuracy_value','confusion accuracy');
#3267 = CONTEXT_DEPENDENT_SHAPE_REPRESENTATION(#3268,#3270);
#3268 = ( REPRESENTATION_RELATIONSHIP('','',#2931,#10) 
REPRESENTATION_RELATIONSHIP_WITH_TRANSFORMATION(#3269) 
SHAPE_REPRESENTATION_RELATIONSHIP() );
#3269 = ITEM_DEFINED_TRANSFORMATION('','',#11,#19);
#3270 = PRODUCT_DEFINITION_SHAPE('Placement','Placement of an item',
  #3271);
#3271 = NEXT_ASSEMBLY_USAGE_OCCURRENCE('24','film','',#5,#2926,$);
#3272 = PRODUCT_RELATED_PRODUCT_CATEGORY('part',$,(#2928));
#3273 = SHAPE_DEFINITION_REPRESENTATION(#3274,#3280);
#3274 = PRODUCT_DEFINITION_SHAPE('','',#3275);
#3275 = PRODUCT_DEFINITION('design','',#3276,#3279);
#3276 = PRODUCT_DEFINITION_FORMATION('','',#3277);
#3277 = PRODUCT('flies','flies','',(#3278));
#3278 = PRODUCT_CONTEXT('',#2,'mechanical');
#3279 = PRODUCT_DEFINITION_CONTEXT('part definition',#2,'design');
#3280 = SHAPE_REPRESENTATION('',(#11,#3281,#3662,#4043,#4424,#4805,#5186
    ,#5567,#5948,#6329,#6710,#7091,#7472),#7853);
#3281 = MANIFOLD_SOLID_BREP('',#3282);
#3282 = CLOSED_SHELL('',(#3283,#3356,#3620,#3624,#3655));
#3283 = ADVANCED_FACE('',(#3284),#3299,.F.);
#3284 = FACE_BOUND('',#3285,.F.);
#3285 = EDGE_LOOP('',(#3286,#3326));
#3286 = ORIENTED_EDGE('',*,*,#3287,.F.);
#3287 = EDGE_CURVE('',#3288,#3290,#3292,.T.);
#3288 = VERTEX_POINT('',#3289);
#3289 = CARTESIAN_POINT('',(53.999763812764,377.33251135208,30.8));
#3290 = VERTEX_POINT('',#3291);
#3291 = CARTESIAN_POINT('',(51.152247066068,380.25611924468,30.8));
#3292 = SURFACE_CURVE('',#3293,(#3298,#3314),.PCURVE_S1.);
#3293 = CIRCLE('',#3294,2.4);
#3294 = AXIS2_PLACEMENT_3D('',#3295,#3296,#3297);
#3295 = CARTESIAN_POINT('',(51.670985830524,377.91285014058,30.8));
#3296 = DIRECTION('',(0.,-0.,-1.));
#3297 = DIRECTION('',(0.970324159267,-0.24180782854,0.));
#3298 = PCURVE('',#3299,#3304);
#3299 = PLANE('',#3300);
#3300 = AXIS2_PLACEMENT_3D('',#3301,#3302,#3303);
#3301 = CARTESIAN_POINT('',(55.33969991147,381.48608060379,30.8));
#3302 = DIRECTION('',(0.,0.,1.));
#3303 = DIRECTION('',(-0.716367581717,-0.697723073909,0.));
#3304 = DEFINITIONAL_REPRESENTATION('',(#3305),#3313);
#3305 = ( BOUNDED_CURVE() B_SPLINE_CURVE(2,(#3306,#3307,#3308,#3309,
#3310,#3311,#3312),.UNSPECIFIED.,.T.,.F.) B_SPLINE_CURVE_WITH_KNOTS((1,2
    ,2,2,2,1),(-2.094395102393,0.,2.094395102393,4.188790204786,
6.28318530718,8.377580409573),.UNSPECIFIED.) CURVE() 
GEOMETRIC_REPRESENTATION_ITEM() RATIONAL_B_SPLINE_CURVE((1.,0.5,1.,0.5,
1.,0.5,1.)) REPRESENTATION_ITEM('') );
#3306 = CARTESIAN_POINT('',(3.857927888683,2.040578026712));
#3307 = CARTESIAN_POINT('',(7.392312707756,4.228756253161));
#3308 = CARTESIAN_POINT('',(7.520138230332,7.380009986871E-02));
#3309 = CARTESIAN_POINT('',(7.647963752908,-4.081156053423));
#3310 = CARTESIAN_POINT('',(3.985753411259,-2.11437812658));
#3311 = CARTESIAN_POINT('',(0.32354306961,-0.147600199737));
#3312 = CARTESIAN_POINT('',(3.857927888683,2.040578026712));
#3313 = ( GEOMETRIC_REPRESENTATION_CONTEXT(2) 
PARAMETRIC_REPRESENTATION_CONTEXT() REPRESENTATION_CONTEXT('2D SPACE',''
  ) );
#3314 = PCURVE('',#3315,#3320);
#3315 = CYLINDRICAL_SURFACE('',#3316,2.4);
#3316 = AXIS2_PLACEMENT_3D('',#3317,#3318,#3319);
#3317 = CARTESIAN_POINT('',(51.670985830524,377.91285014058,30.8));
#3318 = DIRECTION('',(0.,0.,-1.));
#3319 = DIRECTION('',(-0.716367581717,-0.697723073909,0.));
#3320 = DEFINITIONAL_REPRESENTATION('',(#3321),#3325);
#3321 = LINE('',#3322,#3323);
#3322 = CARTESIAN_POINT('',(-8.408335299275,0.));
#3323 = VECTOR('',#3324,1.);
#3324 = DIRECTION('',(1.,-0.));
#3325 = ( GEOMETRIC_REPRESENTATION_CONTEXT(2) 
PARAMETRIC_REPRESENTATION_CONTEXT() REPRESENTATION_CONTEXT('2D SPACE',''
  ) );
#3326 = ORIENTED_EDGE('',*,*,#3327,.T.);
#3327 = EDGE_CURVE('',#3288,#3290,#3328,.T.);
#3328 = SURFACE_CURVE('',#3329,(#3334,#3341),.PCURVE_S1.);
#3329 = ELLIPSE('',#3330,5.5,3.2);
#3330 = AXIS2_PLACEMENT_3D('',#3331,#3332,#3333);
#3331 = CARTESIAN_POINT('',(55.611007529968,381.75032704708,30.8));
#3332 = DIRECTION('',(0.,0.,1.));
#3333 = DIRECTION('',(-0.716367581717,-0.697723073909,0.));
#3334 = PCURVE('',#3299,#3335);
#3335 = DEFINITIONAL_REPRESENTATION('',(#3336),#3340);
#3336 = ELLIPSE('',#3337,5.5,3.2);
#3337 = AXIS2_PLACEMENT_2D('',#3338,#3339);
#3338 = CARTESIAN_POINT('',(-0.378726823242,1.751376821346E-14));
#3339 = DIRECTION('',(1.,0.));
#3340 = ( GEOMETRIC_REPRESENTATION_CONTEXT(2) 
PARAMETRIC_REPRESENTATION_CONTEXT() REPRESENTATION_CONTEXT('2D SPACE',''
  ) );
#3341 = PCURVE('',#3342,#3350);
#3342 = SURFACE_OF_LINEAR_EXTRUSION('',#3343,#3348);
#3343 = ELLIPSE('',#3344,5.5,3.2);
#3344 = AXIS2_PLACEMENT_3D('',#3345,#3346,#3347);
#3345 = CARTESIAN_POINT('',(55.611007529968,381.75032704708,30.8));
#3346 = DIRECTION('',(0.,0.,1.));
#3347 = DIRECTION('',(-0.716367581717,-0.697723073909,0.));
#3348 = VECTOR('',#3349,1.);
#3349 = DIRECTION('',(0.,0.,-1.));
#3350 = DEFINITIONAL_REPRESENTATION('',(#3351),#3355);
#3351 = LINE('',#3352,#3353);
#3352 = CARTESIAN_POINT('',(0.,0.));
#3353 = VECTOR('',#3354,1.);
#3354 = DIRECTION('',(1.,0.));
#3355 = ( GEOMETRIC_REPRESENTATION_CONTEXT(2) 
PARAMETRIC_REPRESENTATION_CONTEXT() REPRESENTATION_CONTEXT('2D SPACE',''
  ) );
#3356 = ADVANCED_FACE('',(#3357),#3342,.F.);
#3357 = FACE_BOUND('',#3358,.F.);
#3358 = EDGE_LOOP('',(#3359,#3440,#3463,#3490,#3491,#3565,#3592,#3593));
#3359 = ORIENTED_EDGE('',*,*,#3360,.T.);
#3360 = EDGE_CURVE('',#3361,#3363,#3365,.T.);
#3361 = VERTEX_POINT('',#3362);
#3362 = CARTESIAN_POINT('',(53.999763812764,377.33251135208,33.2));
#3363 = VERTEX_POINT('',#3364);
#3364 = CARTESIAN_POINT('',(51.670985830524,377.91285014058,33.2));
#3365 = SURFACE_CURVE('',#3366,(#3387,#3411),.PCURVE_S1.);
#3366 = B_SPLINE_CURVE_WITH_KNOTS('',7,(#3367,#3368,#3369,#3370,#3371,
    #3372,#3373,#3374,#3375,#3376,#3377,#3378,#3379,#3380,#3381,#3382,
    #3383,#3384,#3385,#3386),.UNSPECIFIED.,.F.,.F.,(8,6,6,8),(0.,
    0.552559536359,0.720455681449,1.),.UNSPECIFIED.);
#3367 = CARTESIAN_POINT('',(54.679463513117,377.49279246182,33.2));
#3368 = CARTESIAN_POINT('',(54.435557775192,377.41784321494,33.2));
#3369 = CARTESIAN_POINT('',(54.188342642467,377.35590993902,33.2));
#3370 = CARTESIAN_POINT('',(53.937790371592,377.30835372695,33.2));
#3371 = CARTESIAN_POINT('',(53.68459000354,377.27723385193,33.2));
#3372 = CARTESIAN_POINT('',(53.430182242486,377.26519396424,33.2));
#3373 = CARTESIAN_POINT('',(53.176775899415,377.27528848774,33.2));
#3374 = CARTESIAN_POINT('',(52.851599741964,377.32200318796,33.2));
#3375 = CARTESIAN_POINT('',(52.776231757656,377.33525975364,33.2));
#3376 = CARTESIAN_POINT('',(52.701380307628,377.35097933655,33.2));
#3377 = CARTESIAN_POINT('',(52.627168163505,377.36925431251,33.2));
#3378 = CARTESIAN_POINT('',(52.553734418736,377.39017140405,33.2));
#3379 = CARTESIAN_POINT('',(52.481232985195,377.41380657131,33.2));
#3380 = CARTESIAN_POINT('',(52.290948108969,377.4841976654,33.2));
#3381 = CARTESIAN_POINT('',(52.175045553949,377.53590146035,33.2));
#3382 = CARTESIAN_POINT('',(52.06300519511,377.59558439509,33.2));
#3383 = CARTESIAN_POINT('',(51.955728212418,377.66335204838,33.2));
#3384 = CARTESIAN_POINT('',(51.854104790904,377.73911668664,33.2));
#3385 = CARTESIAN_POINT('',(51.758961410537,377.82252368319,33.2));
#3386 = CARTESIAN_POINT('',(51.670985830524,377.91285014058,33.2));
#3387 = PCURVE('',#3342,#3388);
#3388 = DEFINITIONAL_REPRESENTATION('',(#3389),#3410);
#3389 = B_SPLINE_CURVE_WITH_KNOTS('',7,(#3390,#3391,#3392,#3393,#3394,
    #3395,#3396,#3397,#3398,#3399,#3400,#3401,#3402,#3403,#3404,#3405,
    #3406,#3407,#3408,#3409),.UNSPECIFIED.,.F.,.F.,(8,6,6,8),(0.,
    0.552559536359,0.720455681449,1.),.UNSPECIFIED.);
#3390 = CARTESIAN_POINT('',(0.848062078981,-2.4));
#3391 = CARTESIAN_POINT('',(0.793026931694,-2.4));
#3392 = CARTESIAN_POINT('',(0.736502369158,-2.4));
#3393 = CARTESIAN_POINT('',(0.678136931915,-2.4));
#3394 = CARTESIAN_POINT('',(0.617651192439,-2.4));
#3395 = CARTESIAN_POINT('',(0.554796617121,-2.4));
#3396 = CARTESIAN_POINT('',(0.489341230955,-2.4));
#3397 = CARTESIAN_POINT('',(0.400199739816,-2.4));
#3398 = CARTESIAN_POINT('',(0.379168469842,-2.4));
#3399 = CARTESIAN_POINT('',(0.357877333988,-2.4));
#3400 = CARTESIAN_POINT('',(0.336326859425,-2.4));
#3401 = CARTESIAN_POINT('',(0.314520863137,-2.4));
#3402 = CARTESIAN_POINT('',(0.292466942891,-2.4));
#3403 = CARTESIAN_POINT('',(0.233064527184,-2.4));
#3404 = CARTESIAN_POINT('',(0.1952767556,-2.4));
#3405 = CARTESIAN_POINT('',(0.156899874792,-2.4));
#3406 = CARTESIAN_POINT('',(0.11803864707,-2.4));
#3407 = CARTESIAN_POINT('',(7.881976378659E-02,-2.4));
#3408 = CARTESIAN_POINT('',(3.94029806125E-02,-2.4));
#3409 = CARTESIAN_POINT('',(0.,-2.4));
#3410 = ( GEOMETRIC_REPRESENTATION_CONTEXT(2) 
PARAMETRIC_REPRESENTATION_CONTEXT() REPRESENTATION_CONTEXT('2D SPACE',''
  ) );
#3411 = PCURVE('',#3412,#3417);
#3412 = PLANE('',#3413);
#3413 = AXIS2_PLACEMENT_3D('',#3414,#3415,#3416);
#3414 = CARTESIAN_POINT('',(51.670985830524,377.91285014058,33.2));
#3415 = DIRECTION('',(0.,0.,1.));
#3416 = DIRECTION('',(-0.716367581717,-0.697723073909,0.));
#3417 = DEFINITIONAL_REPRESENTATION('',(#3418),#3439);
#3418 = B_SPLINE_CURVE_WITH_KNOTS('',7,(#3419,#3420,#3421,#3422,#3423,
    #3424,#3425,#3426,#3427,#3428,#3429,#3430,#3431,#3432,#3433,#3434,
    #3435,#3436,#3437,#3438),.UNSPECIFIED.,.F.,.F.,(8,6,6,8),(0.,
    0.552559536359,0.720455681449,1.),.UNSPECIFIED.);
#3419 = CARTESIAN_POINT('',(-1.862091947286,2.4));
#3420 = CARTESIAN_POINT('',(-1.635071964724,2.283512549527));
#3421 = CARTESIAN_POINT('',(-1.414762782279,2.155391838303));
#3422 = CARTESIAN_POINT('',(-1.202094191427,2.014643466332));
#3423 = CARTESIAN_POINT('',(-0.998996601215,1.860272996834));
#3424 = CARTESIAN_POINT('',(-0.808346621214,1.691391816989));
#3425 = CARTESIAN_POINT('',(-0.633857714,1.507352974968));
#3426 = CARTESIAN_POINT('',(-0.433505980689,1.247005170003));
#3427 = CARTESIAN_POINT('',(-0.38876421179,1.184922614416));
#3428 = CARTESIAN_POINT('',(-0.346110975252,1.121436031022));
#3429 = CARTESIAN_POINT('',(-0.305698673436,1.056564905368));
#3430 = CARTESIAN_POINT('',(-0.267687456687,0.990344160955));
#3431 = CARTESIAN_POINT('',(-0.23224058162,0.922826770272));
#3432 = CARTESIAN_POINT('',(-0.145040155545,0.739634723665));
#3433 = CARTESIAN_POINT('',(-9.80862532378E-02,0.621727914147));
#3434 = CARTESIAN_POINT('',(-5.946633300658E-02,0.500799850948));
#3435 = CARTESIAN_POINT('',(-2.989963570752E-02,0.377403674918));
#3436 = CARTESIAN_POINT('',(-9.962647291275E-03,0.252223338189));
#3437 = CARTESIAN_POINT('',(0.,0.12608953796));
#3438 = CARTESIAN_POINT('',(0.,0.));
#3439 = ( GEOMETRIC_REPRESENTATION_CONTEXT(2) 
PARAMETRIC_REPRESENTATION_CONTEXT() REPRESENTATION_CONTEXT('2D SPACE',''
  ) );
#3440 = ORIENTED_EDGE('',*,*,#3441,.T.);
#3441 = EDGE_CURVE('',#3363,#3442,#3444,.T.);
#3442 = VERTEX_POINT('',#3443);
#3443 = CARTESIAN_POINT('',(51.670985830524,377.91285014058,33.4));
#3444 = SEAM_CURVE('',#3445,(#3449,#3456),.PCURVE_S1.);
#3445 = LINE('',#3446,#3447);
#3446 = CARTESIAN_POINT('',(51.670985830524,377.91285014058,30.8));
#3447 = VECTOR('',#3448,1.);
#3448 = DIRECTION('',(0.,0.,1.));
#3449 = PCURVE('',#3342,#3450);
#3450 = DEFINITIONAL_REPRESENTATION('',(#3451),#3455);
#3451 = LINE('',#3452,#3453);
#3452 = CARTESIAN_POINT('',(6.28318530718,0.));
#3453 = VECTOR('',#3454,1.);
#3454 = DIRECTION('',(0.,-1.));
#3455 = ( GEOMETRIC_REPRESENTATION_CONTEXT(2) 
PARAMETRIC_REPRESENTATION_CONTEXT() REPRESENTATION_CONTEXT('2D SPACE',''
  ) );
#3456 = PCURVE('',#3342,#3457);
#3457 = DEFINITIONAL_REPRESENTATION('',(#3458),#3462);
#3458 = LINE('',#3459,#3460);
#3459 = CARTESIAN_POINT('',(0.,0.));
#3460 = VECTOR('',#3461,1.);
#3461 = DIRECTION('',(0.,-1.));
#3462 = ( GEOMETRIC_REPRESENTATION_CONTEXT(2) 
PARAMETRIC_REPRESENTATION_CONTEXT() REPRESENTATION_CONTEXT('2D SPACE',''
  ) );
#3463 = ORIENTED_EDGE('',*,*,#3464,.T.);
#3464 = EDGE_CURVE('',#3442,#3442,#3465,.T.);
#3465 = SURFACE_CURVE('',#3466,(#3471,#3478),.PCURVE_S1.);
#3466 = ELLIPSE('',#3467,5.5,3.2);
#3467 = AXIS2_PLACEMENT_3D('',#3468,#3469,#3470);
#3468 = CARTESIAN_POINT('',(55.611007529968,381.75032704708,33.4));
#3469 = DIRECTION('',(0.,0.,1.));
#3470 = DIRECTION('',(-0.716367581717,-0.697723073909,0.));
#3471 = PCURVE('',#3342,#3472);
#3472 = DEFINITIONAL_REPRESENTATION('',(#3473),#3477);
#3473 = LINE('',#3474,#3475);
#3474 = CARTESIAN_POINT('',(0.,-2.6));
#3475 = VECTOR('',#3476,1.);
#3476 = DIRECTION('',(1.,0.));
#3477 = ( GEOMETRIC_REPRESENTATION_CONTEXT(2) 
PARAMETRIC_REPRESENTATION_CONTEXT() REPRESENTATION_CONTEXT('2D SPACE',''
  ) );
#3478 = PCURVE('',#3479,#3484);
#3479 = PLANE('',#3480);
#3480 = AXIS2_PLACEMENT_3D('',#3481,#3482,#3483);
#3481 = CARTESIAN_POINT('',(55.33969991147,381.48608060379,33.4));
#3482 = DIRECTION('',(0.,0.,1.));
#3483 = DIRECTION('',(-0.716367581717,-0.697723073909,0.));
#3484 = DEFINITIONAL_REPRESENTATION('',(#3485),#3489);
#3485 = ELLIPSE('',#3486,5.5,3.2);
#3486 = AXIS2_PLACEMENT_2D('',#3487,#3488);
#3487 = CARTESIAN_POINT('',(-0.378726823242,1.751376821346E-14));
#3488 = DIRECTION('',(1.,0.));
#3489 = ( GEOMETRIC_REPRESENTATION_CONTEXT(2) 
PARAMETRIC_REPRESENTATION_CONTEXT() REPRESENTATION_CONTEXT('2D SPACE',''
  ) );
#3490 = ORIENTED_EDGE('',*,*,#3441,.F.);
#3491 = ORIENTED_EDGE('',*,*,#3492,.T.);
#3492 = EDGE_CURVE('',#3363,#3493,#3495,.T.);
#3493 = VERTEX_POINT('',#3494);
#3494 = CARTESIAN_POINT('',(51.152247066068,380.25611924468,33.2));
#3495 = SURFACE_CURVE('',#3496,(#3517,#3541),.PCURVE_S1.);
#3496 = B_SPLINE_CURVE_WITH_KNOTS('',7,(#3497,#3498,#3499,#3500,#3501,
    #3502,#3503,#3504,#3505,#3506,#3507,#3508,#3509,#3510,#3511,#3512,
    #3513,#3514,#3515,#3516),.UNSPECIFIED.,.F.,.F.,(8,6,6,8),(0.,
    0.279544318551,0.44744046364,1.),.UNSPECIFIED.);
#3497 = CARTESIAN_POINT('',(51.670985830524,377.91285014058,33.2));
#3498 = CARTESIAN_POINT('',(51.583010250511,378.00317659797,33.2));
#3499 = CARTESIAN_POINT('',(51.502140705239,378.1004859323,33.2));
#3500 = CARTESIAN_POINT('',(51.429081708081,378.20407156424,33.2));
#3501 = CARTESIAN_POINT('',(51.364165972277,378.31309795138,33.2));
#3502 = CARTESIAN_POINT('',(51.307457731162,378.42667290504,33.2));
#3503 = CARTESIAN_POINT('',(51.258827683038,378.54389834209,33.2));
#3504 = CARTESIAN_POINT('',(51.193477923516,378.73597293484,33.2));
#3505 = CARTESIAN_POINT('',(51.171762474318,378.80907230736,33.2));
#3506 = CARTESIAN_POINT('',(51.15278873639,378.88303200488,33.2));
#3507 = CARTESIAN_POINT('',(51.136476718114,378.95770017174,33.2));
#3508 = CARTESIAN_POINT('',(51.122736059908,379.03294004926,33.2));
#3509 = CARTESIAN_POINT('',(51.111471181175,379.108631344,33.2));
#3510 = CARTESIAN_POINT('',(51.073345997094,379.43492609868,33.2));
#3511 = CARTESIAN_POINT('',(51.069936047018,379.68851049559,33.2));
#3512 = CARTESIAN_POINT('',(51.08867921622,379.94251238808,33.2));
#3513 = CARTESIAN_POINT('',(51.126463907273,380.19480426295,33.2));
#3514 = CARTESIAN_POINT('',(51.180609404669,380.44401561674,33.2));
#3515 = CARTESIAN_POINT('',(51.249038984461,380.68951194079,33.2));
#3516 = CARTESIAN_POINT('',(51.330392758355,380.93135685406,33.2));
#3517 = PCURVE('',#3342,#3518);
#3518 = DEFINITIONAL_REPRESENTATION('',(#3519),#3540);
#3519 = B_SPLINE_CURVE_WITH_KNOTS('',7,(#3520,#3521,#3522,#3523,#3524,
    #3525,#3526,#3527,#3528,#3529,#3530,#3531,#3532,#3533,#3534,#3535,
    #3536,#3537,#3538,#3539),.UNSPECIFIED.,.F.,.F.,(8,6,6,8),(0.,
    0.279544318551,0.44744046364,1.),.UNSPECIFIED.);
#3520 = CARTESIAN_POINT('',(6.28318530718,-2.4));
#3521 = CARTESIAN_POINT('',(6.243782326567,-2.4));
#3522 = CARTESIAN_POINT('',(6.204365543393,-2.4));
#3523 = CARTESIAN_POINT('',(6.16514666011,-2.4));
#3524 = CARTESIAN_POINT('',(6.126285432387,-2.4));
#3525 = CARTESIAN_POINT('',(6.08790855158,-2.4));
#3526 = CARTESIAN_POINT('',(6.050120779996,-2.4));
#3527 = CARTESIAN_POINT('',(5.990718364289,-2.4));
#3528 = CARTESIAN_POINT('',(5.968664444043,-2.4));
#3529 = CARTESIAN_POINT('',(5.946858447755,-2.4));
#3530 = CARTESIAN_POINT('',(5.925307973192,-2.4));
#3531 = CARTESIAN_POINT('',(5.904016837338,-2.4));
#3532 = CARTESIAN_POINT('',(5.882985567364,-2.4));
#3533 = CARTESIAN_POINT('',(5.793844076225,-2.4));
#3534 = CARTESIAN_POINT('',(5.728388690059,-2.4));
#3535 = CARTESIAN_POINT('',(5.66553411474,-2.4));
#3536 = CARTESIAN_POINT('',(5.605048375265,-2.4));
#3537 = CARTESIAN_POINT('',(5.546682938022,-2.4));
#3538 = CARTESIAN_POINT('',(5.490158375486,-2.4));
#3539 = CARTESIAN_POINT('',(5.435123228198,-2.4));
#3540 = ( GEOMETRIC_REPRESENTATION_CONTEXT(2) 
PARAMETRIC_REPRESENTATION_CONTEXT() REPRESENTATION_CONTEXT('2D SPACE',''
  ) );
#3541 = PCURVE('',#3412,#3542);
#3542 = DEFINITIONAL_REPRESENTATION('',(#3543),#3564);
#3543 = B_SPLINE_CURVE_WITH_KNOTS('',7,(#3544,#3545,#3546,#3547,#3548,
    #3549,#3550,#3551,#3552,#3553,#3554,#3555,#3556,#3557,#3558,#3559,
    #3560,#3561,#3562,#3563),.UNSPECIFIED.,.F.,.F.,(8,6,6,8),(0.,
    0.279544318551,0.44744046364,1.),.UNSPECIFIED.);
#3544 = CARTESIAN_POINT('',(0.,0.));
#3545 = CARTESIAN_POINT('',(0.,-0.12608953796));
#3546 = CARTESIAN_POINT('',(-9.962647291161E-03,-0.252223338188));
#3547 = CARTESIAN_POINT('',(-2.989963570752E-02,-0.377403674918));
#3548 = CARTESIAN_POINT('',(-5.946633300653E-02,-0.500799850948));
#3549 = CARTESIAN_POINT('',(-9.808625323762E-02,-0.621727914147));
#3550 = CARTESIAN_POINT('',(-0.145040155545,-0.739634723665));
#3551 = CARTESIAN_POINT('',(-0.23224058162,-0.922826770271));
#3552 = CARTESIAN_POINT('',(-0.267687456687,-0.990344160955));
#3553 = CARTESIAN_POINT('',(-0.305698673436,-1.056564905368));
#3554 = CARTESIAN_POINT('',(-0.346110975252,-1.121436031021));
#3555 = CARTESIAN_POINT('',(-0.38876421179,-1.184922614415));
#3556 = CARTESIAN_POINT('',(-0.433505980688,-1.247005170002));
#3557 = CARTESIAN_POINT('',(-0.633857714,-1.507352974968));
#3558 = CARTESIAN_POINT('',(-0.808346621214,-1.691391816989));
#3559 = CARTESIAN_POINT('',(-0.998996601215,-1.860272996833));
#3560 = CARTESIAN_POINT('',(-1.202094191427,-2.014643466332));
#3561 = CARTESIAN_POINT('',(-1.414762782279,-2.155391838303));
#3562 = CARTESIAN_POINT('',(-1.635071964724,-2.283512549527));
#3563 = CARTESIAN_POINT('',(-1.862091947286,-2.4));
#3564 = ( GEOMETRIC_REPRESENTATION_CONTEXT(2) 
PARAMETRIC_REPRESENTATION_CONTEXT() REPRESENTATION_CONTEXT('2D SPACE',''
  ) );
#3565 = ORIENTED_EDGE('',*,*,#3566,.T.);
#3566 = EDGE_CURVE('',#3493,#3290,#3567,.T.);
#3567 = SURFACE_CURVE('',#3568,(#3574,#3583),.PCURVE_S1.);
#3568 = B_SPLINE_CURVE_WITH_KNOTS('',4,(#3569,#3570,#3571,#3572,#3573),
  .UNSPECIFIED.,.F.,.F.,(5,5),(0.,1.),.PIECEWISE_BEZIER_KNOTS.);
#3569 = CARTESIAN_POINT('',(51.152247066068,380.25611924468,33.2000006)
  );
#3570 = CARTESIAN_POINT('',(51.152247066068,380.25611924468,32.6000003)
  );
#3571 = CARTESIAN_POINT('',(51.152247066068,380.25611924468,32.));
#3572 = CARTESIAN_POINT('',(51.152247066068,380.25611924468,31.3999997)
  );
#3573 = CARTESIAN_POINT('',(51.152247066068,380.25611924468,30.7999994)
  );
#3574 = PCURVE('',#3342,#3575);
#3575 = DEFINITIONAL_REPRESENTATION('',(#3576),#3582);
#3576 = B_SPLINE_CURVE_WITH_KNOTS('',4,(#3577,#3578,#3579,#3580,#3581),
  .UNSPECIFIED.,.F.,.F.,(5,5),(0.,1.),.PIECEWISE_BEZIER_KNOTS.);
#3577 = CARTESIAN_POINT('',(5.591701796121,-2.4000006));
#3578 = CARTESIAN_POINT('',(5.591701796121,-1.8000003));
#3579 = CARTESIAN_POINT('',(5.591701796121,-1.2));
#3580 = CARTESIAN_POINT('',(5.591701796121,-0.5999997));
#3581 = CARTESIAN_POINT('',(5.591701796121,5.999999999062E-07));
#3582 = ( GEOMETRIC_REPRESENTATION_CONTEXT(2) 
PARAMETRIC_REPRESENTATION_CONTEXT() REPRESENTATION_CONTEXT('2D SPACE',''
  ) );
#3583 = PCURVE('',#3315,#3584);
#3584 = DEFINITIONAL_REPRESENTATION('',(#3585),#3591);
#3585 = B_SPLINE_CURVE_WITH_KNOTS('',4,(#3586,#3587,#3588,#3589,#3590),
  .UNSPECIFIED.,.F.,.F.,(5,5),(0.,1.),.PIECEWISE_BEZIER_KNOTS.);
#3586 = CARTESIAN_POINT('',(-4.158035315084,-2.4000006));
#3587 = CARTESIAN_POINT('',(-4.158035315084,-1.8000003));
#3588 = CARTESIAN_POINT('',(-4.158035315084,-1.2));
#3589 = CARTESIAN_POINT('',(-4.158035315084,-0.5999997));
#3590 = CARTESIAN_POINT('',(-4.158035315084,5.999999999062E-07));
#3591 = ( GEOMETRIC_REPRESENTATION_CONTEXT(2) 
PARAMETRIC_REPRESENTATION_CONTEXT() REPRESENTATION_CONTEXT('2D SPACE',''
  ) );
#3592 = ORIENTED_EDGE('',*,*,#3327,.F.);
#3593 = ORIENTED_EDGE('',*,*,#3594,.F.);
#3594 = EDGE_CURVE('',#3361,#3288,#3595,.T.);
#3595 = SURFACE_CURVE('',#3596,(#3602,#3611),.PCURVE_S1.);
#3596 = B_SPLINE_CURVE_WITH_KNOTS('',4,(#3597,#3598,#3599,#3600,#3601),
  .UNSPECIFIED.,.F.,.F.,(5,5),(0.,1.),.PIECEWISE_BEZIER_KNOTS.);
#3597 = CARTESIAN_POINT('',(53.999763812764,377.33251135208,33.2000006)
  );
#3598 = CARTESIAN_POINT('',(53.999763812764,377.33251135208,32.6000003)
  );
#3599 = CARTESIAN_POINT('',(53.999763812764,377.33251135208,32.));
#3600 = CARTESIAN_POINT('',(53.999763812764,377.33251135208,31.3999997)
  );
#3601 = CARTESIAN_POINT('',(53.999763812764,377.33251135208,30.7999994)
  );
#3602 = PCURVE('',#3342,#3603);
#3603 = DEFINITIONAL_REPRESENTATION('',(#3604),#3610);
#3604 = B_SPLINE_CURVE_WITH_KNOTS('',4,(#3605,#3606,#3607,#3608,#3609),
  .UNSPECIFIED.,.F.,.F.,(5,5),(0.,1.),.PIECEWISE_BEZIER_KNOTS.);
#3605 = CARTESIAN_POINT('',(0.691483511059,-2.4000006));
#3606 = CARTESIAN_POINT('',(0.691483511059,-1.8000003));
#3607 = CARTESIAN_POINT('',(0.691483511059,-1.2));
#3608 = CARTESIAN_POINT('',(0.691483511059,-0.5999997));
#3609 = CARTESIAN_POINT('',(0.691483511059,5.999999999062E-07));
#3610 = ( GEOMETRIC_REPRESENTATION_CONTEXT(2) 
PARAMETRIC_REPRESENTATION_CONTEXT() REPRESENTATION_CONTEXT('2D SPACE',''
  ) );
#3611 = PCURVE('',#3315,#3612);
#3612 = DEFINITIONAL_REPRESENTATION('',(#3613),#3619);
#3613 = B_SPLINE_CURVE_WITH_KNOTS('',4,(#3614,#3615,#3616,#3617,#3618),
  .UNSPECIFIED.,.F.,.F.,(5,5),(0.,1.),.PIECEWISE_BEZIER_KNOTS.);
#3614 = CARTESIAN_POINT('',(-8.408335299275,-2.4000006));
#3615 = CARTESIAN_POINT('',(-8.408335299275,-1.8000003));
#3616 = CARTESIAN_POINT('',(-8.408335299275,-1.2));
#3617 = CARTESIAN_POINT('',(-8.408335299275,-0.5999997));
#3618 = CARTESIAN_POINT('',(-8.408335299275,5.999999999062E-07));
#3619 = ( GEOMETRIC_REPRESENTATION_CONTEXT(2) 
PARAMETRIC_REPRESENTATION_CONTEXT() REPRESENTATION_CONTEXT('2D SPACE',''
  ) );
#3620 = ADVANCED_FACE('',(#3621),#3479,.T.);
#3621 = FACE_BOUND('',#3622,.T.);
#3622 = EDGE_LOOP('',(#3623));
#3623 = ORIENTED_EDGE('',*,*,#3464,.T.);
#3624 = ADVANCED_FACE('',(#3625),#3412,.T.);
#3625 = FACE_BOUND('',#3626,.T.);
#3626 = EDGE_LOOP('',(#3627,#3628,#3654));
#3627 = ORIENTED_EDGE('',*,*,#3492,.T.);
#3628 = ORIENTED_EDGE('',*,*,#3629,.F.);
#3629 = EDGE_CURVE('',#3361,#3493,#3630,.T.);
#3630 = SURFACE_CURVE('',#3631,(#3636,#3647),.PCURVE_S1.);
#3631 = CIRCLE('',#3632,2.4);
#3632 = AXIS2_PLACEMENT_3D('',#3633,#3634,#3635);
#3633 = CARTESIAN_POINT('',(51.670985830524,377.91285014058,33.2));
#3634 = DIRECTION('',(0.,-0.,-1.));
#3635 = DIRECTION('',(0.970324159267,-0.24180782854,0.));
#3636 = PCURVE('',#3412,#3637);
#3637 = DEFINITIONAL_REPRESENTATION('',(#3638),#3646);
#3638 = ( BOUNDED_CURVE() B_SPLINE_CURVE(2,(#3639,#3640,#3641,#3642,
#3643,#3644,#3645),.UNSPECIFIED.,.T.,.F.) B_SPLINE_CURVE_WITH_KNOTS((1,2
    ,2,2,2,1),(-2.094395102393,0.,2.094395102393,4.188790204786,
6.28318530718,8.377580409573),.UNSPECIFIED.) CURVE() 
GEOMETRIC_REPRESENTATION_ITEM() RATIONAL_B_SPLINE_CURVE((1.,0.5,1.,0.5,
1.,0.5,1.)) REPRESENTATION_ITEM('') );
#3639 = CARTESIAN_POINT('',(-1.263345288075,2.040578026712));
#3640 = CARTESIAN_POINT('',(2.271039530998,4.228756253161));
#3641 = CARTESIAN_POINT('',(2.398865053574,7.380009986873E-02));
#3642 = CARTESIAN_POINT('',(2.52669057615,-4.081156053423));
#3643 = CARTESIAN_POINT('',(-1.135519765499,-2.11437812658));
#3644 = CARTESIAN_POINT('',(-4.797730107148,-0.147600199737));
#3645 = CARTESIAN_POINT('',(-1.263345288075,2.040578026712));
#3646 = ( GEOMETRIC_REPRESENTATION_CONTEXT(2) 
PARAMETRIC_REPRESENTATION_CONTEXT() REPRESENTATION_CONTEXT('2D SPACE',''
  ) );
#3647 = PCURVE('',#3315,#3648);
#3648 = DEFINITIONAL_REPRESENTATION('',(#3649),#3653);
#3649 = LINE('',#3650,#3651);
#3650 = CARTESIAN_POINT('',(-8.408335299275,-2.4));
#3651 = VECTOR('',#3652,1.);
#3652 = DIRECTION('',(1.,-0.));
#3653 = ( GEOMETRIC_REPRESENTATION_CONTEXT(2) 
PARAMETRIC_REPRESENTATION_CONTEXT() REPRESENTATION_CONTEXT('2D SPACE',''
  ) );
#3654 = ORIENTED_EDGE('',*,*,#3360,.T.);
#3655 = ADVANCED_FACE('',(#3656),#3315,.T.);
#3656 = FACE_BOUND('',#3657,.F.);
#3657 = EDGE_LOOP('',(#3658,#3659,#3660,#3661));
#3658 = ORIENTED_EDGE('',*,*,#3287,.T.);
#3659 = ORIENTED_EDGE('',*,*,#3566,.F.);
#3660 = ORIENTED_EDGE('',*,*,#3629,.F.);
#3661 = ORIENTED_EDGE('',*,*,#3594,.T.);
#3662 = MANIFOLD_SOLID_BREP('',#3663);
#3663 = CLOSED_SHELL('',(#3664,#3737,#4001,#4005,#4036));
#3664 = ADVANCED_FACE('',(#3665),#3680,.F.);
#3665 = FACE_BOUND('',#3666,.F.);
#3666 = EDGE_LOOP('',(#3667,#3707));
#3667 = ORIENTED_EDGE('',*,*,#3668,.F.);
#3668 = EDGE_CURVE('',#3669,#3671,#3673,.T.);
#3669 = VERTEX_POINT('',#3670);
#3670 = CARTESIAN_POINT('',(59.861246800795,415.2143314753,30.8));
#3671 = VERTEX_POINT('',#3672);
#3672 = CARTESIAN_POINT('',(58.417468316163,411.39708922209,30.8));
#3673 = SURFACE_CURVE('',#3674,(#3679,#3695),.PCURVE_S1.);
#3674 = CIRCLE('',#3675,2.4);
#3675 = AXIS2_PLACEMENT_3D('',#3676,#3677,#3678);
#3676 = CARTESIAN_POINT('',(60.321006814452,412.8587804294,30.8));
#3677 = DIRECTION('',(0.,0.,-1.));
#3678 = DIRECTION('',(-0.191566672357,0.981479602459,0.));
#3679 = PCURVE('',#3680,#3685);
#3680 = PLANE('',#3681);
#3681 = AXIS2_PLACEMENT_3D('',#3682,#3683,#3684);
#3682 = CARTESIAN_POINT('',(55.530908101083,414.67051806691,30.8));
#3683 = DIRECTION('',(0.,0.,1.));
#3684 = DIRECTION('',(0.935333568049,-0.353767037019,0.));
#3685 = DEFINITIONAL_REPRESENTATION('',(#3686),#3694);
#3686 = ( BOUNDED_CURVE() B_SPLINE_CURVE(2,(#3687,#3688,#3689,#3690,
#3691,#3692,#3693),.UNSPECIFIED.,.T.,.F.) B_SPLINE_CURVE_WITH_KNOTS((1,2
    ,2,2,2,1),(-2.094395102393,0.,2.094395102393,4.188790204786,
6.28318530718,8.377580409573),.UNSPECIFIED.) CURVE() 
GEOMETRIC_REPRESENTATION_ITEM() RATIONAL_B_SPLINE_CURVE((1.,0.5,1.,0.5,
1.,0.5,1.)) REPRESENTATION_ITEM('') );
#3687 = CARTESIAN_POINT('',(3.857927888683,2.040578026712));
#3688 = CARTESIAN_POINT('',(7.392312707756,4.228756253161));
#3689 = CARTESIAN_POINT('',(7.520138230332,7.380009986871E-02));
#3690 = CARTESIAN_POINT('',(7.647963752908,-4.081156053423));
#3691 = CARTESIAN_POINT('',(3.985753411259,-2.11437812658));
#3692 = CARTESIAN_POINT('',(0.323543069609,-0.147600199737));
#3693 = CARTESIAN_POINT('',(3.857927888683,2.040578026712));
#3694 = ( GEOMETRIC_REPRESENTATION_CONTEXT(2) 
PARAMETRIC_REPRESENTATION_CONTEXT() REPRESENTATION_CONTEXT('2D SPACE',''
  ) );
#3695 = PCURVE('',#3696,#3701);
#3696 = CYLINDRICAL_SURFACE('',#3697,2.4);
#3697 = AXIS2_PLACEMENT_3D('',#3698,#3699,#3700);
#3698 = CARTESIAN_POINT('',(60.321006814452,412.8587804294,30.8));
#3699 = DIRECTION('',(-0.,0.,-1.));
#3700 = DIRECTION('',(0.935333568049,-0.353767037019,0.));
#3701 = DEFINITIONAL_REPRESENTATION('',(#3702),#3706);
#3702 = LINE('',#3703,#3704);
#3703 = CARTESIAN_POINT('',(-8.408335299275,0.));
#3704 = VECTOR('',#3705,1.);
#3705 = DIRECTION('',(1.,-0.));
#3706 = ( GEOMETRIC_REPRESENTATION_CONTEXT(2) 
PARAMETRIC_REPRESENTATION_CONTEXT() REPRESENTATION_CONTEXT('2D SPACE',''
  ) );
#3707 = ORIENTED_EDGE('',*,*,#3708,.T.);
#3708 = EDGE_CURVE('',#3669,#3671,#3709,.T.);
#3709 = SURFACE_CURVE('',#3710,(#3715,#3722),.PCURVE_S1.);
#3710 = ELLIPSE('',#3711,5.5,3.2);
#3711 = AXIS2_PLACEMENT_3D('',#3712,#3713,#3714);
#3712 = CARTESIAN_POINT('',(55.176672190184,414.804499133,30.8));
#3713 = DIRECTION('',(-0.,0.,1.));
#3714 = DIRECTION('',(0.935333568049,-0.353767037019,0.));
#3715 = PCURVE('',#3680,#3716);
#3716 = DEFINITIONAL_REPRESENTATION('',(#3717),#3721);
#3717 = ELLIPSE('',#3718,5.5,3.2);
#3718 = AXIS2_PLACEMENT_2D('',#3719,#3720);
#3719 = CARTESIAN_POINT('',(-0.378726823242,-1.959543638463E-14));
#3720 = DIRECTION('',(1.,0.));
#3721 = ( GEOMETRIC_REPRESENTATION_CONTEXT(2) 
PARAMETRIC_REPRESENTATION_CONTEXT() REPRESENTATION_CONTEXT('2D SPACE',''
  ) );
#3722 = PCURVE('',#3723,#3731);
#3723 = SURFACE_OF_LINEAR_EXTRUSION('',#3724,#3729);
#3724 = ELLIPSE('',#3725,5.5,3.2);
#3725 = AXIS2_PLACEMENT_3D('',#3726,#3727,#3728);
#3726 = CARTESIAN_POINT('',(55.176672190184,414.804499133,30.8));
#3727 = DIRECTION('',(-0.,0.,1.));
#3728 = DIRECTION('',(0.935333568049,-0.353767037019,0.));
#3729 = VECTOR('',#3730,1.);
#3730 = DIRECTION('',(-0.,0.,-1.));
#3731 = DEFINITIONAL_REPRESENTATION('',(#3732),#3736);
#3732 = LINE('',#3733,#3734);
#3733 = CARTESIAN_POINT('',(0.,0.));
#3734 = VECTOR('',#3735,1.);
#3735 = DIRECTION('',(1.,0.));
#3736 = ( GEOMETRIC_REPRESENTATION_CONTEXT(2) 
PARAMETRIC_REPRESENTATION_CONTEXT() REPRESENTATION_CONTEXT('2D SPACE',''
  ) );
#3737 = ADVANCED_FACE('',(#3738),#3723,.F.);
#3738 = FACE_BOUND('',#3739,.F.);
#3739 = EDGE_LOOP('',(#3740,#3821,#3844,#3871,#3872,#3946,#3973,#3974));
#3740 = ORIENTED_EDGE('',*,*,#3741,.T.);
#3741 = EDGE_CURVE('',#3742,#3744,#3746,.T.);
#3742 = VERTEX_POINT('',#3743);
#3743 = CARTESIAN_POINT('',(59.861246800795,415.2143314753,33.2));
#3744 = VERTEX_POINT('',#3745);
#3745 = CARTESIAN_POINT('',(60.321006814452,412.8587804294,33.2));
#3746 = SURFACE_CURVE('',#3747,(#3768,#3792),.PCURVE_S1.);
#3747 = B_SPLINE_CURVE_WITH_KNOTS('',7,(#3748,#3749,#3750,#3751,#3752,
    #3753,#3754,#3755,#3756,#3757,#3758,#3759,#3760,#3761,#3762,#3763,
    #3764,#3765,#3766,#3767),.UNSPECIFIED.,.F.,.F.,(8,6,6,8),(0.,
    0.552559536359,0.720455681449,1.),.UNSPECIFIED.);
#3748 = CARTESIAN_POINT('',(59.428370598208,415.76232774356,33.2));
#3749 = CARTESIAN_POINT('',(59.599500588312,415.5730609343,33.2));
#3750 = CARTESIAN_POINT('',(59.760238277612,415.37528720563,33.2));
#3751 = CARTESIAN_POINT('',(59.909362214989,415.16840539143,33.2));
#3752 = CARTESIAN_POINT('',(60.044715025105,414.95216827668,33.2));
#3753 = CARTESIAN_POINT('',(60.163291756547,414.72676236162,33.2));
#3754 = CARTESIAN_POINT('',(60.261390212878,414.49289623116,33.2));
#3755 = CARTESIAN_POINT('',(60.356683442903,414.17850635075,33.2));
#3756 = CARTESIAN_POINT('',(60.376569159507,414.10461028951,33.2));
#3757 = CARTESIAN_POINT('',(60.39400470293,414.03013984783,33.2));
#3758 = CARTESIAN_POINT('',(60.408854419469,413.95516716613,33.2));
#3759 = CARTESIAN_POINT('',(60.420980869917,413.87978156546,33.2));
#3760 = CARTESIAN_POINT('',(60.430250094801,413.80409034756,33.2));
#3761 = CARTESIAN_POINT('',(60.447004272923,413.60189604061,33.2));
#3762 = CARTESIAN_POINT('',(60.449210291254,413.47500310087,33.2));
#3763 = CARTESIAN_POINT('',(60.442552436431,413.34823256929,33.2));
#3764 = CARTESIAN_POINT('',(60.426553661338,413.22235626079,33.2));
#3765 = CARTESIAN_POINT('',(60.400916719032,413.09821784046,33.2));
#3766 = CARTESIAN_POINT('',(60.365613136695,412.97671620683,33.2));
#3767 = CARTESIAN_POINT('',(60.321006814452,412.8587804294,33.2));
#3768 = PCURVE('',#3723,#3769);
#3769 = DEFINITIONAL_REPRESENTATION('',(#3770),#3791);
#3770 = B_SPLINE_CURVE_WITH_KNOTS('',7,(#3771,#3772,#3773,#3774,#3775,
    #3776,#3777,#3778,#3779,#3780,#3781,#3782,#3783,#3784,#3785,#3786,
    #3787,#3788,#3789,#3790),.UNSPECIFIED.,.F.,.F.,(8,6,6,8),(0.,
    0.552559536359,0.720455681449,1.),.UNSPECIFIED.);
#3771 = CARTESIAN_POINT('',(0.848062078981,-2.4));
#3772 = CARTESIAN_POINT('',(0.793026931694,-2.4));
#3773 = CARTESIAN_POINT('',(0.736502369158,-2.4));
#3774 = CARTESIAN_POINT('',(0.678136931915,-2.4));
#3775 = CARTESIAN_POINT('',(0.617651192439,-2.4));
#3776 = CARTESIAN_POINT('',(0.554796617121,-2.4));
#3777 = CARTESIAN_POINT('',(0.489341230955,-2.4));
#3778 = CARTESIAN_POINT('',(0.400199739816,-2.4));
#3779 = CARTESIAN_POINT('',(0.379168469842,-2.4));
#3780 = CARTESIAN_POINT('',(0.357877333988,-2.4));
#3781 = CARTESIAN_POINT('',(0.336326859425,-2.4));
#3782 = CARTESIAN_POINT('',(0.314520863137,-2.4));
#3783 = CARTESIAN_POINT('',(0.292466942891,-2.4));
#3784 = CARTESIAN_POINT('',(0.233064527184,-2.4));
#3785 = CARTESIAN_POINT('',(0.1952767556,-2.4));
#3786 = CARTESIAN_POINT('',(0.156899874792,-2.4));
#3787 = CARTESIAN_POINT('',(0.11803864707,-2.4));
#3788 = CARTESIAN_POINT('',(7.881976378659E-02,-2.4));
#3789 = CARTESIAN_POINT('',(3.94029806125E-02,-2.4));
#3790 = CARTESIAN_POINT('',(0.,-2.4));
#3791 = ( GEOMETRIC_REPRESENTATION_CONTEXT(2) 
PARAMETRIC_REPRESENTATION_CONTEXT() REPRESENTATION_CONTEXT('2D SPACE',''
  ) );
#3792 = PCURVE('',#3793,#3798);
#3793 = PLANE('',#3794);
#3794 = AXIS2_PLACEMENT_3D('',#3795,#3796,#3797);
#3795 = CARTESIAN_POINT('',(60.321006814452,412.8587804294,33.2));
#3796 = DIRECTION('',(0.,0.,1.));
#3797 = DIRECTION('',(0.935333568049,-0.353767037019,0.));
#3798 = DEFINITIONAL_REPRESENTATION('',(#3799),#3820);
#3799 = B_SPLINE_CURVE_WITH_KNOTS('',7,(#3800,#3801,#3802,#3803,#3804,
    #3805,#3806,#3807,#3808,#3809,#3810,#3811,#3812,#3813,#3814,#3815,
    #3816,#3817,#3818,#3819),.UNSPECIFIED.,.F.,.F.,(8,6,6,8),(0.,
    0.552559536359,0.720455681449,1.),.UNSPECIFIED.);
#3800 = CARTESIAN_POINT('',(-1.862091947286,2.4));
#3801 = CARTESIAN_POINT('',(-1.635071964724,2.283512549527));
#3802 = CARTESIAN_POINT('',(-1.414762782279,2.155391838303));
#3803 = CARTESIAN_POINT('',(-1.202094191427,2.014643466332));
#3804 = CARTESIAN_POINT('',(-0.998996601215,1.860272996834));
#3805 = CARTESIAN_POINT('',(-0.808346621214,1.691391816989));
#3806 = CARTESIAN_POINT('',(-0.633857714,1.507352974968));
#3807 = CARTESIAN_POINT('',(-0.433505980689,1.247005170003));
#3808 = CARTESIAN_POINT('',(-0.38876421179,1.184922614416));
#3809 = CARTESIAN_POINT('',(-0.346110975252,1.121436031022));
#3810 = CARTESIAN_POINT('',(-0.305698673436,1.056564905368));
#3811 = CARTESIAN_POINT('',(-0.267687456687,0.990344160955));
#3812 = CARTESIAN_POINT('',(-0.23224058162,0.922826770272));
#3813 = CARTESIAN_POINT('',(-0.145040155545,0.739634723665));
#3814 = CARTESIAN_POINT('',(-9.808625323781E-02,0.621727914147));
#3815 = CARTESIAN_POINT('',(-5.946633300658E-02,0.500799850948));
#3816 = CARTESIAN_POINT('',(-2.989963570754E-02,0.377403674918));
#3817 = CARTESIAN_POINT('',(-9.962647291246E-03,0.252223338189));
#3818 = CARTESIAN_POINT('',(0.,0.12608953796));
#3819 = CARTESIAN_POINT('',(0.,0.));
#3820 = ( GEOMETRIC_REPRESENTATION_CONTEXT(2) 
PARAMETRIC_REPRESENTATION_CONTEXT() REPRESENTATION_CONTEXT('2D SPACE',''
  ) );
#3821 = ORIENTED_EDGE('',*,*,#3822,.T.);
#3822 = EDGE_CURVE('',#3744,#3823,#3825,.T.);
#3823 = VERTEX_POINT('',#3824);
#3824 = CARTESIAN_POINT('',(60.321006814452,412.8587804294,33.4));
#3825 = SEAM_CURVE('',#3826,(#3830,#3837),.PCURVE_S1.);
#3826 = LINE('',#3827,#3828);
#3827 = CARTESIAN_POINT('',(60.321006814452,412.8587804294,30.8));
#3828 = VECTOR('',#3829,1.);
#3829 = DIRECTION('',(0.,0.,1.));
#3830 = PCURVE('',#3723,#3831);
#3831 = DEFINITIONAL_REPRESENTATION('',(#3832),#3836);
#3832 = LINE('',#3833,#3834);
#3833 = CARTESIAN_POINT('',(6.28318530718,0.));
#3834 = VECTOR('',#3835,1.);
#3835 = DIRECTION('',(0.,-1.));
#3836 = ( GEOMETRIC_REPRESENTATION_CONTEXT(2) 
PARAMETRIC_REPRESENTATION_CONTEXT() REPRESENTATION_CONTEXT('2D SPACE',''
  ) );
#3837 = PCURVE('',#3723,#3838);
#3838 = DEFINITIONAL_REPRESENTATION('',(#3839),#3843);
#3839 = LINE('',#3840,#3841);
#3840 = CARTESIAN_POINT('',(0.,0.));
#3841 = VECTOR('',#3842,1.);
#3842 = DIRECTION('',(0.,-1.));
#3843 = ( GEOMETRIC_REPRESENTATION_CONTEXT(2) 
PARAMETRIC_REPRESENTATION_CONTEXT() REPRESENTATION_CONTEXT('2D SPACE',''
  ) );
#3844 = ORIENTED_EDGE('',*,*,#3845,.T.);
#3845 = EDGE_CURVE('',#3823,#3823,#3846,.T.);
#3846 = SURFACE_CURVE('',#3847,(#3852,#3859),.PCURVE_S1.);
#3847 = ELLIPSE('',#3848,5.5,3.2);
#3848 = AXIS2_PLACEMENT_3D('',#3849,#3850,#3851);
#3849 = CARTESIAN_POINT('',(55.176672190184,414.804499133,33.4));
#3850 = DIRECTION('',(-0.,0.,1.));
#3851 = DIRECTION('',(0.935333568049,-0.353767037019,0.));
#3852 = PCURVE('',#3723,#3853);
#3853 = DEFINITIONAL_REPRESENTATION('',(#3854),#3858);
#3854 = LINE('',#3855,#3856);
#3855 = CARTESIAN_POINT('',(0.,-2.6));
#3856 = VECTOR('',#3857,1.);
#3857 = DIRECTION('',(1.,0.));
#3858 = ( GEOMETRIC_REPRESENTATION_CONTEXT(2) 
PARAMETRIC_REPRESENTATION_CONTEXT() REPRESENTATION_CONTEXT('2D SPACE',''
  ) );
#3859 = PCURVE('',#3860,#3865);
#3860 = PLANE('',#3861);
#3861 = AXIS2_PLACEMENT_3D('',#3862,#3863,#3864);
#3862 = CARTESIAN_POINT('',(55.530908101083,414.67051806691,33.4));
#3863 = DIRECTION('',(0.,0.,1.));
#3864 = DIRECTION('',(0.935333568049,-0.353767037019,0.));
#3865 = DEFINITIONAL_REPRESENTATION('',(#3866),#3870);
#3866 = ELLIPSE('',#3867,5.5,3.2);
#3867 = AXIS2_PLACEMENT_2D('',#3868,#3869);
#3868 = CARTESIAN_POINT('',(-0.378726823242,-1.959543638463E-14));
#3869 = DIRECTION('',(1.,0.));
#3870 = ( GEOMETRIC_REPRESENTATION_CONTEXT(2) 
PARAMETRIC_REPRESENTATION_CONTEXT() REPRESENTATION_CONTEXT('2D SPACE',''
  ) );
#3871 = ORIENTED_EDGE('',*,*,#3822,.F.);
#3872 = ORIENTED_EDGE('',*,*,#3873,.T.);
#3873 = EDGE_CURVE('',#3744,#3874,#3876,.T.);
#3874 = VERTEX_POINT('',#3875);
#3875 = CARTESIAN_POINT('',(58.417468316163,411.39708922209,33.2));
#3876 = SURFACE_CURVE('',#3877,(#3898,#3922),.PCURVE_S1.);
#3877 = B_SPLINE_CURVE_WITH_KNOTS('',7,(#3878,#3879,#3880,#3881,#3882,
    #3883,#3884,#3885,#3886,#3887,#3888,#3889,#3890,#3891,#3892,#3893,
    #3894,#3895,#3896,#3897),.UNSPECIFIED.,.F.,.F.,(8,6,6,8),(0.,
    0.279544318551,0.44744046364,1.),.UNSPECIFIED.);
#3878 = CARTESIAN_POINT('',(60.321006814452,412.8587804294,33.2));
#3879 = CARTESIAN_POINT('',(60.276400492208,412.74084465196,33.2));
#3880 = CARTESIAN_POINT('',(60.222460112996,412.62639193076,33.2));
#3881 = CARTESIAN_POINT('',(60.159527701666,412.51635960907,33.2));
#3882 = CARTESIAN_POINT('',(60.088219477613,412.41140274636,33.2));
#3883 = CARTESIAN_POINT('',(60.009316607215,412.31195712428,33.2));
#3884 = CARTESIAN_POINT('',(59.923687503588,412.21828567034,33.2));
#3885 = CARTESIAN_POINT('',(59.777318710399,412.0777886361,33.2));
#3886 = CARTESIAN_POINT('',(59.720278631016,412.02717729014,33.2));
#3887 = CARTESIAN_POINT('',(59.661298747489,411.97868592051,33.2));
#3888 = CARTESIAN_POINT('',(59.600550499128,411.93230631936,33.2));
#3889 = CARTESIAN_POINT('',(59.53819603471,411.8880144959,33.2));
#3890 = CARTESIAN_POINT('',(59.474384794625,411.84577476068,33.2));
#3891 = CARTESIAN_POINT('',(59.194886621485,411.67314055839,33.2));
#3892 = CARTESIAN_POINT('',(58.966574413477,411.56273127532,33.2));
#3893 = CARTESIAN_POINT('',(58.728508492832,411.47221671733,33.2));
#3894 = CARTESIAN_POINT('',(58.48393331552,411.39967806801,33.2));
#3895 = CARTESIAN_POINT('',(58.235225109109,411.34326652831,33.2));
#3896 = CARTESIAN_POINT('',(57.983837651028,411.30136905304,33.2));
#3897 = CARTESIAN_POINT('',(57.730288820516,411.27272661693,33.2));
#3898 = PCURVE('',#3723,#3899);
#3899 = DEFINITIONAL_REPRESENTATION('',(#3900),#3921);
#3900 = B_SPLINE_CURVE_WITH_KNOTS('',7,(#3901,#3902,#3903,#3904,#3905,
    #3906,#3907,#3908,#3909,#3910,#3911,#3912,#3913,#3914,#3915,#3916,
    #3917,#3918,#3919,#3920),.UNSPECIFIED.,.F.,.F.,(8,6,6,8),(0.,
    0.279544318551,0.44744046364,1.),.UNSPECIFIED.);
#3901 = CARTESIAN_POINT('',(6.28318530718,-2.4));
#3902 = CARTESIAN_POINT('',(6.243782326567,-2.4));
#3903 = CARTESIAN_POINT('',(6.204365543393,-2.4));
#3904 = CARTESIAN_POINT('',(6.16514666011,-2.4));
#3905 = CARTESIAN_POINT('',(6.126285432387,-2.4));
#3906 = CARTESIAN_POINT('',(6.08790855158,-2.4));
#3907 = CARTESIAN_POINT('',(6.050120779996,-2.4));
#3908 = CARTESIAN_POINT('',(5.990718364289,-2.4));
#3909 = CARTESIAN_POINT('',(5.968664444043,-2.4));
#3910 = CARTESIAN_POINT('',(5.946858447755,-2.4));
#3911 = CARTESIAN_POINT('',(5.925307973192,-2.4));
#3912 = CARTESIAN_POINT('',(5.904016837338,-2.4));
#3913 = CARTESIAN_POINT('',(5.882985567364,-2.4));
#3914 = CARTESIAN_POINT('',(5.793844076225,-2.4));
#3915 = CARTESIAN_POINT('',(5.728388690059,-2.4));
#3916 = CARTESIAN_POINT('',(5.66553411474,-2.4));
#3917 = CARTESIAN_POINT('',(5.605048375265,-2.4));
#3918 = CARTESIAN_POINT('',(5.546682938022,-2.4));
#3919 = CARTESIAN_POINT('',(5.490158375486,-2.4));
#3920 = CARTESIAN_POINT('',(5.435123228198,-2.4));
#3921 = ( GEOMETRIC_REPRESENTATION_CONTEXT(2) 
PARAMETRIC_REPRESENTATION_CONTEXT() REPRESENTATION_CONTEXT('2D SPACE',''
  ) );
#3922 = PCURVE('',#3793,#3923);
#3923 = DEFINITIONAL_REPRESENTATION('',(#3924),#3945);
#3924 = B_SPLINE_CURVE_WITH_KNOTS('',7,(#3925,#3926,#3927,#3928,#3929,
    #3930,#3931,#3932,#3933,#3934,#3935,#3936,#3937,#3938,#3939,#3940,
    #3941,#3942,#3943,#3944),.UNSPECIFIED.,.F.,.F.,(8,6,6,8),(0.,
    0.279544318551,0.44744046364,1.),.UNSPECIFIED.);
#3925 = CARTESIAN_POINT('',(0.,0.));
#3926 = CARTESIAN_POINT('',(-1.42108547152E-14,-0.12608953796));
#3927 = CARTESIAN_POINT('',(-9.962647291204E-03,-0.252223338188));
#3928 = CARTESIAN_POINT('',(-2.989963570755E-02,-0.377403674918));
#3929 = CARTESIAN_POINT('',(-5.946633300654E-02,-0.500799850948));
#3930 = CARTESIAN_POINT('',(-9.808625323765E-02,-0.621727914147));
#3931 = CARTESIAN_POINT('',(-0.145040155545,-0.739634723665));
#3932 = CARTESIAN_POINT('',(-0.23224058162,-0.922826770271));
#3933 = CARTESIAN_POINT('',(-0.267687456687,-0.990344160955));
#3934 = CARTESIAN_POINT('',(-0.305698673436,-1.056564905368));
#3935 = CARTESIAN_POINT('',(-0.346110975252,-1.121436031021));
#3936 = CARTESIAN_POINT('',(-0.38876421179,-1.184922614415));
#3937 = CARTESIAN_POINT('',(-0.433505980688,-1.247005170002));
#3938 = CARTESIAN_POINT('',(-0.633857714,-1.507352974967));
#3939 = CARTESIAN_POINT('',(-0.808346621214,-1.691391816989));
#3940 = CARTESIAN_POINT('',(-0.998996601215,-1.860272996833));
#3941 = CARTESIAN_POINT('',(-1.202094191427,-2.014643466332));
#3942 = CARTESIAN_POINT('',(-1.414762782279,-2.155391838303));
#3943 = CARTESIAN_POINT('',(-1.635071964724,-2.283512549527));
#3944 = CARTESIAN_POINT('',(-1.862091947286,-2.4));
#3945 = ( GEOMETRIC_REPRESENTATION_CONTEXT(2) 
PARAMETRIC_REPRESENTATION_CONTEXT() REPRESENTATION_CONTEXT('2D SPACE',''
  ) );
#3946 = ORIENTED_EDGE('',*,*,#3947,.T.);
#3947 = EDGE_CURVE('',#3874,#3671,#3948,.T.);
#3948 = SURFACE_CURVE('',#3949,(#3955,#3964),.PCURVE_S1.);
#3949 = B_SPLINE_CURVE_WITH_KNOTS('',4,(#3950,#3951,#3952,#3953,#3954),
  .UNSPECIFIED.,.F.,.F.,(5,5),(0.,1.),.PIECEWISE_BEZIER_KNOTS.);
#3950 = CARTESIAN_POINT('',(58.417468316163,411.39708922209,33.2000006)
  );
#3951 = CARTESIAN_POINT('',(58.417468316163,411.39708922209,32.6000003)
  );
#3952 = CARTESIAN_POINT('',(58.417468316163,411.39708922209,32.));
#3953 = CARTESIAN_POINT('',(58.417468316163,411.39708922209,31.3999997)
  );
#3954 = CARTESIAN_POINT('',(58.417468316163,411.39708922209,30.7999994)
  );
#3955 = PCURVE('',#3723,#3956);
#3956 = DEFINITIONAL_REPRESENTATION('',(#3957),#3963);
#3957 = B_SPLINE_CURVE_WITH_KNOTS('',4,(#3958,#3959,#3960,#3961,#3962),
  .UNSPECIFIED.,.F.,.F.,(5,5),(0.,1.),.PIECEWISE_BEZIER_KNOTS.);
#3958 = CARTESIAN_POINT('',(5.591701796121,-2.4000006));
#3959 = CARTESIAN_POINT('',(5.591701796121,-1.8000003));
#3960 = CARTESIAN_POINT('',(5.591701796121,-1.2));
#3961 = CARTESIAN_POINT('',(5.591701796121,-0.5999997));
#3962 = CARTESIAN_POINT('',(5.591701796121,5.999999999062E-07));
#3963 = ( GEOMETRIC_REPRESENTATION_CONTEXT(2) 
PARAMETRIC_REPRESENTATION_CONTEXT() REPRESENTATION_CONTEXT('2D SPACE',''
  ) );
#3964 = PCURVE('',#3696,#3965);
#3965 = DEFINITIONAL_REPRESENTATION('',(#3966),#3972);
#3966 = B_SPLINE_CURVE_WITH_KNOTS('',4,(#3967,#3968,#3969,#3970,#3971),
  .UNSPECIFIED.,.F.,.F.,(5,5),(0.,1.),.PIECEWISE_BEZIER_KNOTS.);
#3967 = CARTESIAN_POINT('',(-4.158035315084,-2.4000006));
#3968 = CARTESIAN_POINT('',(-4.158035315084,-1.8000003));
#3969 = CARTESIAN_POINT('',(-4.158035315084,-1.2));
#3970 = CARTESIAN_POINT('',(-4.158035315084,-0.5999997));
#3971 = CARTESIAN_POINT('',(-4.158035315084,5.999999999062E-07));
#3972 = ( GEOMETRIC_REPRESENTATION_CONTEXT(2) 
PARAMETRIC_REPRESENTATION_CONTEXT() REPRESENTATION_CONTEXT('2D SPACE',''
  ) );
#3973 = ORIENTED_EDGE('',*,*,#3708,.F.);
#3974 = ORIENTED_EDGE('',*,*,#3975,.F.);
#3975 = EDGE_CURVE('',#3742,#3669,#3976,.T.);
#3976 = SURFACE_CURVE('',#3977,(#3983,#3992),.PCURVE_S1.);
#3977 = B_SPLINE_CURVE_WITH_KNOTS('',4,(#3978,#3979,#3980,#3981,#3982),
  .UNSPECIFIED.,.F.,.F.,(5,5),(0.,1.),.PIECEWISE_BEZIER_KNOTS.);
#3978 = CARTESIAN_POINT('',(59.861246800795,415.2143314753,33.2000006));
#3979 = CARTESIAN_POINT('',(59.861246800795,415.2143314753,32.6000003));
#3980 = CARTESIAN_POINT('',(59.861246800795,415.2143314753,32.));
#3981 = CARTESIAN_POINT('',(59.861246800795,415.2143314753,31.3999997));
#3982 = CARTESIAN_POINT('',(59.861246800795,415.2143314753,30.7999994));
#3983 = PCURVE('',#3723,#3984);
#3984 = DEFINITIONAL_REPRESENTATION('',(#3985),#3991);
#3985 = B_SPLINE_CURVE_WITH_KNOTS('',4,(#3986,#3987,#3988,#3989,#3990),
  .UNSPECIFIED.,.F.,.F.,(5,5),(0.,1.),.PIECEWISE_BEZIER_KNOTS.);
#3986 = CARTESIAN_POINT('',(0.691483511059,-2.4000006));
#3987 = CARTESIAN_POINT('',(0.691483511059,-1.8000003));
#3988 = CARTESIAN_POINT('',(0.691483511059,-1.2));
#3989 = CARTESIAN_POINT('',(0.691483511059,-0.5999997));
#3990 = CARTESIAN_POINT('',(0.691483511059,5.999999999062E-07));
#3991 = ( GEOMETRIC_REPRESENTATION_CONTEXT(2) 
PARAMETRIC_REPRESENTATION_CONTEXT() REPRESENTATION_CONTEXT('2D SPACE',''
  ) );
#3992 = PCURVE('',#3696,#3993);
#3993 = DEFINITIONAL_REPRESENTATION('',(#3994),#4000);
#3994 = B_SPLINE_CURVE_WITH_KNOTS('',4,(#3995,#3996,#3997,#3998,#3999),
  .UNSPECIFIED.,.F.,.F.,(5,5),(0.,1.),.PIECEWISE_BEZIER_KNOTS.);
#3995 = CARTESIAN_POINT('',(-8.408335299275,-2.4000006));
#3996 = CARTESIAN_POINT('',(-8.408335299275,-1.8000003));
#3997 = CARTESIAN_POINT('',(-8.408335299275,-1.2));
#3998 = CARTESIAN_POINT('',(-8.408335299275,-0.5999997));
#3999 = CARTESIAN_POINT('',(-8.408335299275,5.999999999062E-07));
#4000 = ( GEOMETRIC_REPRESENTATION_CONTEXT(2) 
PARAMETRIC_REPRESENTATION_CONTEXT() REPRESENTATION_CONTEXT('2D SPACE',''
  ) );
#4001 = ADVANCED_FACE('',(#4002),#3860,.T.);
#4002 = FACE_BOUND('',#4003,.T.);
#4003 = EDGE_LOOP('',(#4004));
#4004 = ORIENTED_EDGE('',*,*,#3845,.T.);
#4005 = ADVANCED_FACE('',(#4006),#3793,.T.);
#4006 = FACE_BOUND('',#4007,.T.);
#4007 = EDGE_LOOP('',(#4008,#4009,#4035));
#4008 = ORIENTED_EDGE('',*,*,#3873,.T.);
#4009 = ORIENTED_EDGE('',*,*,#4010,.F.);
#4010 = EDGE_CURVE('',#3742,#3874,#4011,.T.);
#4011 = SURFACE_CURVE('',#4012,(#4017,#4028),.PCURVE_S1.);
#4012 = CIRCLE('',#4013,2.4);
#4013 = AXIS2_PLACEMENT_3D('',#4014,#4015,#4016);
#4014 = CARTESIAN_POINT('',(60.321006814452,412.8587804294,33.2));
#4015 = DIRECTION('',(0.,0.,-1.));
#4016 = DIRECTION('',(-0.191566672357,0.981479602458,0.));
#4017 = PCURVE('',#3793,#4018);
#4018 = DEFINITIONAL_REPRESENTATION('',(#4019),#4027);
#4019 = ( BOUNDED_CURVE() B_SPLINE_CURVE(2,(#4020,#4021,#4022,#4023,
#4024,#4025,#4026),.UNSPECIFIED.,.T.,.F.) B_SPLINE_CURVE_WITH_KNOTS((1,2
    ,2,2,2,1),(-2.094395102393,0.,2.094395102393,4.188790204786,
6.28318530718,8.377580409573),.UNSPECIFIED.) CURVE() 
GEOMETRIC_REPRESENTATION_ITEM() RATIONAL_B_SPLINE_CURVE((1.,0.5,1.,0.5,
1.,0.5,1.)) REPRESENTATION_ITEM('') );
#4020 = CARTESIAN_POINT('',(-1.263345288075,2.040578026712));
#4021 = CARTESIAN_POINT('',(2.271039530998,4.228756253161));
#4022 = CARTESIAN_POINT('',(2.398865053574,7.380009986873E-02));
#4023 = CARTESIAN_POINT('',(2.52669057615,-4.081156053423));
#4024 = CARTESIAN_POINT('',(-1.135519765499,-2.11437812658));
#4025 = CARTESIAN_POINT('',(-4.797730107148,-0.147600199737));
#4026 = CARTESIAN_POINT('',(-1.263345288075,2.040578026712));
#4027 = ( GEOMETRIC_REPRESENTATION_CONTEXT(2) 
PARAMETRIC_REPRESENTATION_CONTEXT() REPRESENTATION_CONTEXT('2D SPACE',''
  ) );
#4028 = PCURVE('',#3696,#4029);
#4029 = DEFINITIONAL_REPRESENTATION('',(#4030),#4034);
#4030 = LINE('',#4031,#4032);
#4031 = CARTESIAN_POINT('',(-8.408335299275,-2.4));
#4032 = VECTOR('',#4033,1.);
#4033 = DIRECTION('',(1.,-0.));
#4034 = ( GEOMETRIC_REPRESENTATION_CONTEXT(2) 
PARAMETRIC_REPRESENTATION_CONTEXT() REPRESENTATION_CONTEXT('2D SPACE',''
  ) );
#4035 = ORIENTED_EDGE('',*,*,#3741,.T.);
#4036 = ADVANCED_FACE('',(#4037),#3696,.T.);
#4037 = FACE_BOUND('',#4038,.F.);
#4038 = EDGE_LOOP('',(#4039,#4040,#4041,#4042));
#4039 = ORIENTED_EDGE('',*,*,#3668,.T.);
#4040 = ORIENTED_EDGE('',*,*,#3947,.F.);
#4041 = ORIENTED_EDGE('',*,*,#4010,.F.);
#4042 = ORIENTED_EDGE('',*,*,#3975,.T.);
#4043 = MANIFOLD_SOLID_BREP('',#4044);
#4044 = CLOSED_SHELL('',(#4045,#4118,#4382,#4386,#4417));
#4045 = ADVANCED_FACE('',(#4046),#4061,.F.);
#4046 = FACE_BOUND('',#4047,.F.);
#4047 = EDGE_LOOP('',(#4048,#4088));
#4048 = ORIENTED_EDGE('',*,*,#4049,.F.);
#4049 = EDGE_CURVE('',#4050,#4052,#4054,.T.);
#4050 = VERTEX_POINT('',#4051);
#4051 = CARTESIAN_POINT('',(-4.110127376176,423.04737407054,30.8));
#4052 = VERTEX_POINT('',#4053);
#4053 = CARTESIAN_POINT('',(-3.370466529788,419.03380501485,30.8));
#4054 = SURFACE_CURVE('',#4055,(#4060,#4076),.PCURVE_S1.);
#4055 = CIRCLE('',#4056,2.4);
#4056 = AXIS2_PLACEMENT_3D('',#4057,#4058,#4059);
#4057 = CARTESIAN_POINT('',(-2.497873608105,421.26955580442,30.8));
#4058 = DIRECTION('',(0.,0.,-1.));
#4059 = DIRECTION('',(-0.671772403363,0.740757610882,0.));
#4060 = PCURVE('',#4061,#4066);
#4061 = PLANE('',#4062);
#4062 = AXIS2_PLACEMENT_3D('',#4063,#4064,#4065);
#4063 = CARTESIAN_POINT('',(-7.534334669348,420.34138613805,30.8));
#4064 = DIRECTION('',(0.,0.,1.));
#4065 = DIRECTION('',(0.983439251806,0.181238069975,0.));
#4066 = DEFINITIONAL_REPRESENTATION('',(#4067),#4075);
#4067 = ( BOUNDED_CURVE() B_SPLINE_CURVE(2,(#4068,#4069,#4070,#4071,
#4072,#4073,#4074),.UNSPECIFIED.,.T.,.F.) B_SPLINE_CURVE_WITH_KNOTS((1,2
    ,2,2,2,1),(-2.094395102393,0.,2.094395102393,4.188790204786,
6.28318530718,8.377580409573),.UNSPECIFIED.) CURVE() 
GEOMETRIC_REPRESENTATION_ITEM() RATIONAL_B_SPLINE_CURVE((1.,0.5,1.,0.5,
1.,0.5,1.)) REPRESENTATION_ITEM('') );
#4068 = CARTESIAN_POINT('',(3.857927888683,2.040578026712));
#4069 = CARTESIAN_POINT('',(7.392312707756,4.228756253161));
#4070 = CARTESIAN_POINT('',(7.520138230332,7.380009986872E-02));
#4071 = CARTESIAN_POINT('',(7.647963752908,-4.081156053423));
#4072 = CARTESIAN_POINT('',(3.985753411259,-2.11437812658));
#4073 = CARTESIAN_POINT('',(0.32354306961,-0.147600199737));
#4074 = CARTESIAN_POINT('',(3.857927888683,2.040578026712));
#4075 = ( GEOMETRIC_REPRESENTATION_CONTEXT(2) 
PARAMETRIC_REPRESENTATION_CONTEXT() REPRESENTATION_CONTEXT('2D SPACE',''
  ) );
#4076 = PCURVE('',#4077,#4082);
#4077 = CYLINDRICAL_SURFACE('',#4078,2.4);
#4078 = AXIS2_PLACEMENT_3D('',#4079,#4080,#4081);
#4079 = CARTESIAN_POINT('',(-2.497873608105,421.26955580442,30.8));
#4080 = DIRECTION('',(0.,-0.,-1.));
#4081 = DIRECTION('',(0.983439251806,0.181238069975,0.));
#4082 = DEFINITIONAL_REPRESENTATION('',(#4083),#4087);
#4083 = LINE('',#4084,#4085);
#4084 = CARTESIAN_POINT('',(-8.408335299275,0.));
#4085 = VECTOR('',#4086,1.);
#4086 = DIRECTION('',(1.,-0.));
#4087 = ( GEOMETRIC_REPRESENTATION_CONTEXT(2) 
PARAMETRIC_REPRESENTATION_CONTEXT() REPRESENTATION_CONTEXT('2D SPACE',''
  ) );
#4088 = ORIENTED_EDGE('',*,*,#4089,.T.);
#4089 = EDGE_CURVE('',#4050,#4052,#4090,.T.);
#4090 = SURFACE_CURVE('',#4091,(#4096,#4103),.PCURVE_S1.);
#4091 = ELLIPSE('',#4092,5.5,3.2);
#4092 = AXIS2_PLACEMENT_3D('',#4093,#4094,#4095);
#4093 = CARTESIAN_POINT('',(-7.906789493036,420.27274641956,30.8));
#4094 = DIRECTION('',(0.,-0.,1.));
#4095 = DIRECTION('',(0.983439251806,0.181238069975,0.));
#4096 = PCURVE('',#4061,#4097);
#4097 = DEFINITIONAL_REPRESENTATION('',(#4098),#4102);
#4098 = ELLIPSE('',#4099,5.5,3.2);
#4099 = AXIS2_PLACEMENT_2D('',#4100,#4101);
#4100 = CARTESIAN_POINT('',(-0.378726823242,-1.360023205166E-14));
#4101 = DIRECTION('',(1.,0.));
#4102 = ( GEOMETRIC_REPRESENTATION_CONTEXT(2) 
PARAMETRIC_REPRESENTATION_CONTEXT() REPRESENTATION_CONTEXT('2D SPACE',''
  ) );
#4103 = PCURVE('',#4104,#4112);
#4104 = SURFACE_OF_LINEAR_EXTRUSION('',#4105,#4110);
#4105 = ELLIPSE('',#4106,5.5,3.2);
#4106 = AXIS2_PLACEMENT_3D('',#4107,#4108,#4109);
#4107 = CARTESIAN_POINT('',(-7.906789493036,420.27274641956,30.8));
#4108 = DIRECTION('',(0.,-0.,1.));
#4109 = DIRECTION('',(0.983439251806,0.181238069975,0.));
#4110 = VECTOR('',#4111,1.);
#4111 = DIRECTION('',(0.,-0.,-1.));
#4112 = DEFINITIONAL_REPRESENTATION('',(#4113),#4117);
#4113 = LINE('',#4114,#4115);
#4114 = CARTESIAN_POINT('',(0.,0.));
#4115 = VECTOR('',#4116,1.);
#4116 = DIRECTION('',(1.,0.));
#4117 = ( GEOMETRIC_REPRESENTATION_CONTEXT(2) 
PARAMETRIC_REPRESENTATION_CONTEXT() REPRESENTATION_CONTEXT('2D SPACE',''
  ) );
#4118 = ADVANCED_FACE('',(#4119),#4104,.F.);
#4119 = FACE_BOUND('',#4120,.F.);
#4120 = EDGE_LOOP('',(#4121,#4202,#4225,#4252,#4253,#4327,#4354,#4355));
#4121 = ORIENTED_EDGE('',*,*,#4122,.T.);
#4122 = EDGE_CURVE('',#4123,#4125,#4127,.T.);
#4123 = VERTEX_POINT('',#4124);
#4124 = CARTESIAN_POINT('',(-4.110127376176,423.04737407054,33.2));
#4125 = VERTEX_POINT('',#4126);
#4126 = CARTESIAN_POINT('',(-2.497873608105,421.26955580442,33.2));
#4127 = SURFACE_CURVE('',#4128,(#4149,#4173),.PCURVE_S1.);
#4128 = B_SPLINE_CURVE_WITH_KNOTS('',7,(#4129,#4130,#4131,#4132,#4133,
    #4134,#4135,#4136,#4137,#4138,#4139,#4140,#4141,#4142,#4143,#4144,
    #4145,#4146,#4147,#4148),.UNSPECIFIED.,.F.,.F.,(8,6,6,8),(0.,
    0.552559536359,0.720455681449,1.),.UNSPECIFIED.);
#4129 = CARTESIAN_POINT('',(-4.764099287476,423.29232805811,33.2));
#4130 = CARTESIAN_POINT('',(-4.519726964981,423.21891439046,33.2));
#4131 = CARTESIAN_POINT('',(-4.279845917005,423.13284386509,33.2));
#4132 = CARTESIAN_POINT('',(-4.045190313846,423.03297003642,33.2));
#4133 = CARTESIAN_POINT('',(-3.817478365733,422.91796507266,33.2));
#4134 = CARTESIAN_POINT('',(-3.599377992953,422.78643372593,33.2));
#4135 = CARTESIAN_POINT('',(-3.394423908066,422.6370667376,33.2));
#4136 = CARTESIAN_POINT('',(-3.150205215666,422.41734184854,33.2));
#4137 = CARTESIAN_POINT('',(-3.094952681383,422.36439633837,33.2));
#4138 = CARTESIAN_POINT('',(-3.041499628511,422.30969153056,33.2));
#4139 = CARTESIAN_POINT('',(-2.989999467039,422.25321896687,33.2));
#4140 = CARTESIAN_POINT('',(-2.94061602457,422.19498396709,33.2));
#4141 = CARTESIAN_POINT('',(-2.893519454697,422.13500903814,33.2));
#4142 = CARTESIAN_POINT('',(-2.774561759959,421.97065482581,33.2));
#4143 = CARTESIAN_POINT('',(-2.707016246811,421.86321047591,33.2));
#4144 = CARTESIAN_POINT('',(-2.647119132574,421.75128447171,33.2));
#4145 = CARTESIAN_POINT('',(-2.595677997118,421.63529043984,33.2));
#4146 = CARTESIAN_POINT('',(-2.553383737519,421.51579652445,33.2));
#4147 = CARTESIAN_POINT('',(-2.520725832609,421.39355720529,33.2));
#4148 = CARTESIAN_POINT('',(-2.497873608105,421.26955580442,33.2));
#4149 = PCURVE('',#4104,#4150);
#4150 = DEFINITIONAL_REPRESENTATION('',(#4151),#4172);
#4151 = B_SPLINE_CURVE_WITH_KNOTS('',7,(#4152,#4153,#4154,#4155,#4156,
    #4157,#4158,#4159,#4160,#4161,#4162,#4163,#4164,#4165,#4166,#4167,
    #4168,#4169,#4170,#4171),.UNSPECIFIED.,.F.,.F.,(8,6,6,8),(0.,
    0.552559536359,0.720455681449,1.),.UNSPECIFIED.);
#4152 = CARTESIAN_POINT('',(0.848062078981,-2.4));
#4153 = CARTESIAN_POINT('',(0.793026931694,-2.4));
#4154 = CARTESIAN_POINT('',(0.736502369158,-2.4));
#4155 = CARTESIAN_POINT('',(0.678136931915,-2.4));
#4156 = CARTESIAN_POINT('',(0.617651192439,-2.4));
#4157 = CARTESIAN_POINT('',(0.554796617121,-2.4));
#4158 = CARTESIAN_POINT('',(0.489341230955,-2.4));
#4159 = CARTESIAN_POINT('',(0.400199739816,-2.4));
#4160 = CARTESIAN_POINT('',(0.379168469842,-2.4));
#4161 = CARTESIAN_POINT('',(0.357877333988,-2.4));
#4162 = CARTESIAN_POINT('',(0.336326859425,-2.4));
#4163 = CARTESIAN_POINT('',(0.314520863137,-2.4));
#4164 = CARTESIAN_POINT('',(0.292466942891,-2.4));
#4165 = CARTESIAN_POINT('',(0.233064527184,-2.4));
#4166 = CARTESIAN_POINT('',(0.1952767556,-2.4));
#4167 = CARTESIAN_POINT('',(0.156899874792,-2.4));
#4168 = CARTESIAN_POINT('',(0.11803864707,-2.4));
#4169 = CARTESIAN_POINT('',(7.881976378659E-02,-2.4));
#4170 = CARTESIAN_POINT('',(3.94029806125E-02,-2.4));
#4171 = CARTESIAN_POINT('',(0.,-2.4));
#4172 = ( GEOMETRIC_REPRESENTATION_CONTEXT(2) 
PARAMETRIC_REPRESENTATION_CONTEXT() REPRESENTATION_CONTEXT('2D SPACE',''
  ) );
#4173 = PCURVE('',#4174,#4179);
#4174 = PLANE('',#4175);
#4175 = AXIS2_PLACEMENT_3D('',#4176,#4177,#4178);
#4176 = CARTESIAN_POINT('',(-2.497873608105,421.26955580442,33.2));
#4177 = DIRECTION('',(0.,0.,1.));
#4178 = DIRECTION('',(0.983439251806,0.181238069975,0.));
#4179 = DEFINITIONAL_REPRESENTATION('',(#4180),#4201);
#4180 = B_SPLINE_CURVE_WITH_KNOTS('',7,(#4181,#4182,#4183,#4184,#4185,
    #4186,#4187,#4188,#4189,#4190,#4191,#4192,#4193,#4194,#4195,#4196,
    #4197,#4198,#4199,#4200),.UNSPECIFIED.,.F.,.F.,(8,6,6,8),(0.,
    0.552559536359,0.720455681449,1.),.UNSPECIFIED.);
#4181 = CARTESIAN_POINT('',(-1.862091947286,2.4));
#4182 = CARTESIAN_POINT('',(-1.635071964724,2.283512549527));
#4183 = CARTESIAN_POINT('',(-1.414762782279,2.155391838303));
#4184 = CARTESIAN_POINT('',(-1.202094191427,2.014643466332));
#4185 = CARTESIAN_POINT('',(-0.998996601215,1.860272996834));
#4186 = CARTESIAN_POINT('',(-0.808346621214,1.691391816989));
#4187 = CARTESIAN_POINT('',(-0.633857714,1.507352974968));
#4188 = CARTESIAN_POINT('',(-0.433505980689,1.247005170003));
#4189 = CARTESIAN_POINT('',(-0.38876421179,1.184922614416));
#4190 = CARTESIAN_POINT('',(-0.346110975252,1.121436031022));
#4191 = CARTESIAN_POINT('',(-0.305698673436,1.056564905368));
#4192 = CARTESIAN_POINT('',(-0.267687456687,0.990344160955));
#4193 = CARTESIAN_POINT('',(-0.23224058162,0.922826770272));
#4194 = CARTESIAN_POINT('',(-0.145040155545,0.739634723665));
#4195 = CARTESIAN_POINT('',(-9.808625323781E-02,0.621727914147));
#4196 = CARTESIAN_POINT('',(-5.94663330066E-02,0.500799850948));
#4197 = CARTESIAN_POINT('',(-2.989963570754E-02,0.377403674918));
#4198 = CARTESIAN_POINT('',(-9.962647291246E-03,0.252223338189));
#4199 = CARTESIAN_POINT('',(-1.42108547152E-14,0.12608953796));
#4200 = CARTESIAN_POINT('',(0.,0.));
#4201 = ( GEOMETRIC_REPRESENTATION_CONTEXT(2) 
PARAMETRIC_REPRESENTATION_CONTEXT() REPRESENTATION_CONTEXT('2D SPACE',''
  ) );
#4202 = ORIENTED_EDGE('',*,*,#4203,.T.);
#4203 = EDGE_CURVE('',#4125,#4204,#4206,.T.);
#4204 = VERTEX_POINT('',#4205);
#4205 = CARTESIAN_POINT('',(-2.497873608105,421.26955580442,33.4));
#4206 = SEAM_CURVE('',#4207,(#4211,#4218),.PCURVE_S1.);
#4207 = LINE('',#4208,#4209);
#4208 = CARTESIAN_POINT('',(-2.497873608105,421.26955580442,30.8));
#4209 = VECTOR('',#4210,1.);
#4210 = DIRECTION('',(0.,0.,1.));
#4211 = PCURVE('',#4104,#4212);
#4212 = DEFINITIONAL_REPRESENTATION('',(#4213),#4217);
#4213 = LINE('',#4214,#4215);
#4214 = CARTESIAN_POINT('',(6.28318530718,0.));
#4215 = VECTOR('',#4216,1.);
#4216 = DIRECTION('',(0.,-1.));
#4217 = ( GEOMETRIC_REPRESENTATION_CONTEXT(2) 
PARAMETRIC_REPRESENTATION_CONTEXT() REPRESENTATION_CONTEXT('2D SPACE',''
  ) );
#4218 = PCURVE('',#4104,#4219);
#4219 = DEFINITIONAL_REPRESENTATION('',(#4220),#4224);
#4220 = LINE('',#4221,#4222);
#4221 = CARTESIAN_POINT('',(0.,0.));
#4222 = VECTOR('',#4223,1.);
#4223 = DIRECTION('',(0.,-1.));
#4224 = ( GEOMETRIC_REPRESENTATION_CONTEXT(2) 
PARAMETRIC_REPRESENTATION_CONTEXT() REPRESENTATION_CONTEXT('2D SPACE',''
  ) );
#4225 = ORIENTED_EDGE('',*,*,#4226,.T.);
#4226 = EDGE_CURVE('',#4204,#4204,#4227,.T.);
#4227 = SURFACE_CURVE('',#4228,(#4233,#4240),.PCURVE_S1.);
#4228 = ELLIPSE('',#4229,5.5,3.2);
#4229 = AXIS2_PLACEMENT_3D('',#4230,#4231,#4232);
#4230 = CARTESIAN_POINT('',(-7.906789493036,420.27274641956,33.4));
#4231 = DIRECTION('',(0.,-0.,1.));
#4232 = DIRECTION('',(0.983439251806,0.181238069975,0.));
#4233 = PCURVE('',#4104,#4234);
#4234 = DEFINITIONAL_REPRESENTATION('',(#4235),#4239);
#4235 = LINE('',#4236,#4237);
#4236 = CARTESIAN_POINT('',(0.,-2.6));
#4237 = VECTOR('',#4238,1.);
#4238 = DIRECTION('',(1.,0.));
#4239 = ( GEOMETRIC_REPRESENTATION_CONTEXT(2) 
PARAMETRIC_REPRESENTATION_CONTEXT() REPRESENTATION_CONTEXT('2D SPACE',''
  ) );
#4240 = PCURVE('',#4241,#4246);
#4241 = PLANE('',#4242);
#4242 = AXIS2_PLACEMENT_3D('',#4243,#4244,#4245);
#4243 = CARTESIAN_POINT('',(-7.534334669348,420.34138613805,33.4));
#4244 = DIRECTION('',(0.,0.,1.));
#4245 = DIRECTION('',(0.983439251806,0.181238069975,0.));
#4246 = DEFINITIONAL_REPRESENTATION('',(#4247),#4251);
#4247 = ELLIPSE('',#4248,5.5,3.2);
#4248 = AXIS2_PLACEMENT_2D('',#4249,#4250);
#4249 = CARTESIAN_POINT('',(-0.378726823242,-1.360023205166E-14));
#4250 = DIRECTION('',(1.,0.));
#4251 = ( GEOMETRIC_REPRESENTATION_CONTEXT(2) 
PARAMETRIC_REPRESENTATION_CONTEXT() REPRESENTATION_CONTEXT('2D SPACE',''
  ) );
#4252 = ORIENTED_EDGE('',*,*,#4203,.F.);
#4253 = ORIENTED_EDGE('',*,*,#4254,.T.);
#4254 = EDGE_CURVE('',#4125,#4255,#4257,.T.);
#4255 = VERTEX_POINT('',#4256);
#4256 = CARTESIAN_POINT('',(-3.370466529788,419.03380501485,33.2));
#4257 = SURFACE_CURVE('',#4258,(#4279,#4303),.PCURVE_S1.);
#4258 = B_SPLINE_CURVE_WITH_KNOTS('',7,(#4259,#4260,#4261,#4262,#4263,
    #4264,#4265,#4266,#4267,#4268,#4269,#4270,#4271,#4272,#4273,#4274,
    #4275,#4276,#4277,#4278),.UNSPECIFIED.,.F.,.F.,(8,6,6,8),(0.,
    0.279544318551,0.44744046364,1.),.UNSPECIFIED.);
#4259 = CARTESIAN_POINT('',(-2.497873608105,421.26955580442,33.2));
#4260 = CARTESIAN_POINT('',(-2.475021383601,421.14555440355,33.2));
#4261 = CARTESIAN_POINT('',(-2.461958795487,421.01970386245,33.2));
#4262 = CARTESIAN_POINT('',(-2.458878169831,420.89298326446,33.2));
#4263 = CARTESIAN_POINT('',(-2.465591135715,420.76627201027,33.2));
#4264 = CARTESIAN_POINT('',(-2.481654712392,420.64034720647,33.2));
#4265 = CARTESIAN_POINT('',(-2.506461820353,420.51588318731,33.2));
#4266 = CARTESIAN_POINT('',(-2.559016769167,420.31992090113,33.2));
#4267 = CARTESIAN_POINT('',(-2.581639895885,420.24709732573,33.2));
#4268 = CARTESIAN_POINT('',(-2.607019898535,420.17508416683,33.2));
#4269 = CARTESIAN_POINT('',(-2.635005824786,420.10396310797,33.2));
#4270 = CARTESIAN_POINT('',(-2.665446505971,420.03379751963,33.2));
#4271 = CARTESIAN_POINT('',(-2.698195595147,419.96463418577,33.2));
#4272 = CARTESIAN_POINT('',(-2.848044420158,419.67228657378,33.2));
#4273 = CARTESIAN_POINT('',(-2.986288815989,419.45967151991,33.2));
#4274 = CARTESIAN_POINT('',(-3.143173790588,419.25903410434,33.2));
#4275 = CARTESIAN_POINT('',(-3.314930126797,419.07041111005,33.2));
#4276 = CARTESIAN_POINT('',(-3.498567803379,418.89344999148,33.2));
#4277 = CARTESIAN_POINT('',(-3.692008150503,418.72752264407,33.2));
#4278 = CARTESIAN_POINT('',(-3.894156551598,418.57181964944,33.2));
#4279 = PCURVE('',#4104,#4280);
#4280 = DEFINITIONAL_REPRESENTATION('',(#4281),#4302);
#4281 = B_SPLINE_CURVE_WITH_KNOTS('',7,(#4282,#4283,#4284,#4285,#4286,
    #4287,#4288,#4289,#4290,#4291,#4292,#4293,#4294,#4295,#4296,#4297,
    #4298,#4299,#4300,#4301),.UNSPECIFIED.,.F.,.F.,(8,6,6,8),(0.,
    0.279544318551,0.44744046364,1.),.UNSPECIFIED.);
#4282 = CARTESIAN_POINT('',(6.28318530718,-2.4));
#4283 = CARTESIAN_POINT('',(6.243782326567,-2.4));
#4284 = CARTESIAN_POINT('',(6.204365543393,-2.4));
#4285 = CARTESIAN_POINT('',(6.16514666011,-2.4));
#4286 = CARTESIAN_POINT('',(6.126285432387,-2.4));
#4287 = CARTESIAN_POINT('',(6.08790855158,-2.4));
#4288 = CARTESIAN_POINT('',(6.050120779996,-2.4));
#4289 = CARTESIAN_POINT('',(5.990718364289,-2.4));
#4290 = CARTESIAN_POINT('',(5.968664444043,-2.4));
#4291 = CARTESIAN_POINT('',(5.946858447755,-2.4));
#4292 = CARTESIAN_POINT('',(5.925307973192,-2.4));
#4293 = CARTESIAN_POINT('',(5.904016837338,-2.4));
#4294 = CARTESIAN_POINT('',(5.882985567364,-2.4));
#4295 = CARTESIAN_POINT('',(5.793844076225,-2.4));
#4296 = CARTESIAN_POINT('',(5.728388690059,-2.4));
#4297 = CARTESIAN_POINT('',(5.66553411474,-2.4));
#4298 = CARTESIAN_POINT('',(5.605048375265,-2.4));
#4299 = CARTESIAN_POINT('',(5.546682938022,-2.4));
#4300 = CARTESIAN_POINT('',(5.490158375486,-2.4));
#4301 = CARTESIAN_POINT('',(5.435123228198,-2.4));
#4302 = ( GEOMETRIC_REPRESENTATION_CONTEXT(2) 
PARAMETRIC_REPRESENTATION_CONTEXT() REPRESENTATION_CONTEXT('2D SPACE',''
  ) );
#4303 = PCURVE('',#4174,#4304);
#4304 = DEFINITIONAL_REPRESENTATION('',(#4305),#4326);
#4305 = B_SPLINE_CURVE_WITH_KNOTS('',7,(#4306,#4307,#4308,#4309,#4310,
    #4311,#4312,#4313,#4314,#4315,#4316,#4317,#4318,#4319,#4320,#4321,
    #4322,#4323,#4324,#4325),.UNSPECIFIED.,.F.,.F.,(8,6,6,8),(0.,
    0.279544318551,0.44744046364,1.),.UNSPECIFIED.);
#4306 = CARTESIAN_POINT('',(0.,0.));
#4307 = CARTESIAN_POINT('',(0.,-0.12608953796));
#4308 = CARTESIAN_POINT('',(-9.962647291204E-03,-0.252223338188));
#4309 = CARTESIAN_POINT('',(-2.989963570755E-02,-0.377403674918));
#4310 = CARTESIAN_POINT('',(-5.946633300655E-02,-0.500799850948));
#4311 = CARTESIAN_POINT('',(-9.808625323765E-02,-0.621727914147));
#4312 = CARTESIAN_POINT('',(-0.145040155545,-0.739634723665));
#4313 = CARTESIAN_POINT('',(-0.23224058162,-0.922826770271));
#4314 = CARTESIAN_POINT('',(-0.267687456687,-0.990344160955));
#4315 = CARTESIAN_POINT('',(-0.305698673436,-1.056564905368));
#4316 = CARTESIAN_POINT('',(-0.346110975252,-1.121436031021));
#4317 = CARTESIAN_POINT('',(-0.38876421179,-1.184922614415));
#4318 = CARTESIAN_POINT('',(-0.433505980688,-1.247005170002));
#4319 = CARTESIAN_POINT('',(-0.633857714,-1.507352974967));
#4320 = CARTESIAN_POINT('',(-0.808346621214,-1.691391816989));
#4321 = CARTESIAN_POINT('',(-0.998996601215,-1.860272996833));
#4322 = CARTESIAN_POINT('',(-1.202094191427,-2.014643466332));
#4323 = CARTESIAN_POINT('',(-1.414762782279,-2.155391838303));
#4324 = CARTESIAN_POINT('',(-1.635071964724,-2.283512549527));
#4325 = CARTESIAN_POINT('',(-1.862091947286,-2.4));
#4326 = ( GEOMETRIC_REPRESENTATION_CONTEXT(2) 
PARAMETRIC_REPRESENTATION_CONTEXT() REPRESENTATION_CONTEXT('2D SPACE',''
  ) );
#4327 = ORIENTED_EDGE('',*,*,#4328,.T.);
#4328 = EDGE_CURVE('',#4255,#4052,#4329,.T.);
#4329 = SURFACE_CURVE('',#4330,(#4336,#4345),.PCURVE_S1.);
#4330 = B_SPLINE_CURVE_WITH_KNOTS('',4,(#4331,#4332,#4333,#4334,#4335),
  .UNSPECIFIED.,.F.,.F.,(5,5),(0.,1.),.PIECEWISE_BEZIER_KNOTS.);
#4331 = CARTESIAN_POINT('',(-3.370466529788,419.03380501485,33.2000006)
  );
#4332 = CARTESIAN_POINT('',(-3.370466529788,419.03380501485,32.6000003)
  );
#4333 = CARTESIAN_POINT('',(-3.370466529788,419.03380501485,32.));
#4334 = CARTESIAN_POINT('',(-3.370466529788,419.03380501485,31.3999997)
  );
#4335 = CARTESIAN_POINT('',(-3.370466529788,419.03380501485,30.7999994)
  );
#4336 = PCURVE('',#4104,#4337);
#4337 = DEFINITIONAL_REPRESENTATION('',(#4338),#4344);
#4338 = B_SPLINE_CURVE_WITH_KNOTS('',4,(#4339,#4340,#4341,#4342,#4343),
  .UNSPECIFIED.,.F.,.F.,(5,5),(0.,1.),.PIECEWISE_BEZIER_KNOTS.);
#4339 = CARTESIAN_POINT('',(5.591701796121,-2.4000006));
#4340 = CARTESIAN_POINT('',(5.591701796121,-1.8000003));
#4341 = CARTESIAN_POINT('',(5.591701796121,-1.2));
#4342 = CARTESIAN_POINT('',(5.591701796121,-0.5999997));
#4343 = CARTESIAN_POINT('',(5.591701796121,5.999999999062E-07));
#4344 = ( GEOMETRIC_REPRESENTATION_CONTEXT(2) 
PARAMETRIC_REPRESENTATION_CONTEXT() REPRESENTATION_CONTEXT('2D SPACE',''
  ) );
#4345 = PCURVE('',#4077,#4346);
#4346 = DEFINITIONAL_REPRESENTATION('',(#4347),#4353);
#4347 = B_SPLINE_CURVE_WITH_KNOTS('',4,(#4348,#4349,#4350,#4351,#4352),
  .UNSPECIFIED.,.F.,.F.,(5,5),(0.,1.),.PIECEWISE_BEZIER_KNOTS.);
#4348 = CARTESIAN_POINT('',(-4.158035315084,-2.4000006));
#4349 = CARTESIAN_POINT('',(-4.158035315084,-1.8000003));
#4350 = CARTESIAN_POINT('',(-4.158035315084,-1.2));
#4351 = CARTESIAN_POINT('',(-4.158035315084,-0.5999997));
#4352 = CARTESIAN_POINT('',(-4.158035315084,5.999999999062E-07));
#4353 = ( GEOMETRIC_REPRESENTATION_CONTEXT(2) 
PARAMETRIC_REPRESENTATION_CONTEXT() REPRESENTATION_CONTEXT('2D SPACE',''
  ) );
#4354 = ORIENTED_EDGE('',*,*,#4089,.F.);
#4355 = ORIENTED_EDGE('',*,*,#4356,.F.);
#4356 = EDGE_CURVE('',#4123,#4050,#4357,.T.);
#4357 = SURFACE_CURVE('',#4358,(#4364,#4373),.PCURVE_S1.);
#4358 = B_SPLINE_CURVE_WITH_KNOTS('',4,(#4359,#4360,#4361,#4362,#4363),
  .UNSPECIFIED.,.F.,.F.,(5,5),(0.,1.),.PIECEWISE_BEZIER_KNOTS.);
#4359 = CARTESIAN_POINT('',(-4.110127376176,423.04737407054,33.2000006)
  );
#4360 = CARTESIAN_POINT('',(-4.110127376176,423.04737407054,32.6000003)
  );
#4361 = CARTESIAN_POINT('',(-4.110127376176,423.04737407054,32.));
#4362 = CARTESIAN_POINT('',(-4.110127376176,423.04737407054,31.3999997)
  );
#4363 = CARTESIAN_POINT('',(-4.110127376176,423.04737407054,30.7999994)
  );
#4364 = PCURVE('',#4104,#4365);
#4365 = DEFINITIONAL_REPRESENTATION('',(#4366),#4372);
#4366 = B_SPLINE_CURVE_WITH_KNOTS('',4,(#4367,#4368,#4369,#4370,#4371),
  .UNSPECIFIED.,.F.,.F.,(5,5),(0.,1.),.PIECEWISE_BEZIER_KNOTS.);
#4367 = CARTESIAN_POINT('',(0.691483511059,-2.4000006));
#4368 = CARTESIAN_POINT('',(0.691483511059,-1.8000003));
#4369 = CARTESIAN_POINT('',(0.691483511059,-1.2));
#4370 = CARTESIAN_POINT('',(0.691483511059,-0.5999997));
#4371 = CARTESIAN_POINT('',(0.691483511059,5.999999999062E-07));
#4372 = ( GEOMETRIC_REPRESENTATION_CONTEXT(2) 
PARAMETRIC_REPRESENTATION_CONTEXT() REPRESENTATION_CONTEXT('2D SPACE',''
  ) );
#4373 = PCURVE('',#4077,#4374);
#4374 = DEFINITIONAL_REPRESENTATION('',(#4375),#4381);
#4375 = B_SPLINE_CURVE_WITH_KNOTS('',4,(#4376,#4377,#4378,#4379,#4380),
  .UNSPECIFIED.,.F.,.F.,(5,5),(0.,1.),.PIECEWISE_BEZIER_KNOTS.);
#4376 = CARTESIAN_POINT('',(-8.408335299275,-2.4000006));
#4377 = CARTESIAN_POINT('',(-8.408335299275,-1.8000003));
#4378 = CARTESIAN_POINT('',(-8.408335299275,-1.2));
#4379 = CARTESIAN_POINT('',(-8.408335299275,-0.5999997));
#4380 = CARTESIAN_POINT('',(-8.408335299275,5.999999999062E-07));
#4381 = ( GEOMETRIC_REPRESENTATION_CONTEXT(2) 
PARAMETRIC_REPRESENTATION_CONTEXT() REPRESENTATION_CONTEXT('2D SPACE',''
  ) );
#4382 = ADVANCED_FACE('',(#4383),#4241,.T.);
#4383 = FACE_BOUND('',#4384,.T.);
#4384 = EDGE_LOOP('',(#4385));
#4385 = ORIENTED_EDGE('',*,*,#4226,.T.);
#4386 = ADVANCED_FACE('',(#4387),#4174,.T.);
#4387 = FACE_BOUND('',#4388,.T.);
#4388 = EDGE_LOOP('',(#4389,#4390,#4416));
#4389 = ORIENTED_EDGE('',*,*,#4254,.T.);
#4390 = ORIENTED_EDGE('',*,*,#4391,.F.);
#4391 = EDGE_CURVE('',#4123,#4255,#4392,.T.);
#4392 = SURFACE_CURVE('',#4393,(#4398,#4409),.PCURVE_S1.);
#4393 = CIRCLE('',#4394,2.4);
#4394 = AXIS2_PLACEMENT_3D('',#4395,#4396,#4397);
#4395 = CARTESIAN_POINT('',(-2.497873608105,421.26955580442,33.2));
#4396 = DIRECTION('',(0.,0.,-1.));
#4397 = DIRECTION('',(-0.671772403363,0.740757610882,0.));
#4398 = PCURVE('',#4174,#4399);
#4399 = DEFINITIONAL_REPRESENTATION('',(#4400),#4408);
#4400 = ( BOUNDED_CURVE() B_SPLINE_CURVE(2,(#4401,#4402,#4403,#4404,
#4405,#4406,#4407),.UNSPECIFIED.,.T.,.F.) B_SPLINE_CURVE_WITH_KNOTS((1,2
    ,2,2,2,1),(-2.094395102393,0.,2.094395102393,4.188790204786,
6.28318530718,8.377580409573),.UNSPECIFIED.) CURVE() 
GEOMETRIC_REPRESENTATION_ITEM() RATIONAL_B_SPLINE_CURVE((1.,0.5,1.,0.5,
1.,0.5,1.)) REPRESENTATION_ITEM('') );
#4401 = CARTESIAN_POINT('',(-1.263345288075,2.040578026712));
#4402 = CARTESIAN_POINT('',(2.271039530998,4.228756253161));
#4403 = CARTESIAN_POINT('',(2.398865053574,7.380009986873E-02));
#4404 = CARTESIAN_POINT('',(2.52669057615,-4.081156053423));
#4405 = CARTESIAN_POINT('',(-1.135519765499,-2.11437812658));
#4406 = CARTESIAN_POINT('',(-4.797730107148,-0.147600199737));
#4407 = CARTESIAN_POINT('',(-1.263345288075,2.040578026712));
#4408 = ( GEOMETRIC_REPRESENTATION_CONTEXT(2) 
PARAMETRIC_REPRESENTATION_CONTEXT() REPRESENTATION_CONTEXT('2D SPACE',''
  ) );
#4409 = PCURVE('',#4077,#4410);
#4410 = DEFINITIONAL_REPRESENTATION('',(#4411),#4415);
#4411 = LINE('',#4412,#4413);
#4412 = CARTESIAN_POINT('',(-8.408335299275,-2.4));
#4413 = VECTOR('',#4414,1.);
#4414 = DIRECTION('',(1.,-0.));
#4415 = ( GEOMETRIC_REPRESENTATION_CONTEXT(2) 
PARAMETRIC_REPRESENTATION_CONTEXT() REPRESENTATION_CONTEXT('2D SPACE',''
  ) );
#4416 = ORIENTED_EDGE('',*,*,#4122,.T.);
#4417 = ADVANCED_FACE('',(#4418),#4077,.T.);
#4418 = FACE_BOUND('',#4419,.F.);
#4419 = EDGE_LOOP('',(#4420,#4421,#4422,#4423));
#4420 = ORIENTED_EDGE('',*,*,#4049,.T.);
#4421 = ORIENTED_EDGE('',*,*,#4328,.F.);
#4422 = ORIENTED_EDGE('',*,*,#4391,.F.);
#4423 = ORIENTED_EDGE('',*,*,#4356,.T.);
#4424 = MANIFOLD_SOLID_BREP('',#4425);
#4425 = CLOSED_SHELL('',(#4426,#4499,#4763,#4767,#4798));
#4426 = ADVANCED_FACE('',(#4427),#4442,.F.);
#4427 = FACE_BOUND('',#4428,.F.);
#4428 = EDGE_LOOP('',(#4429,#4469));
#4429 = ORIENTED_EDGE('',*,*,#4430,.F.);
#4430 = EDGE_CURVE('',#4431,#4433,#4435,.T.);
#4431 = VERTEX_POINT('',#4432);
#4432 = CARTESIAN_POINT('',(91.337938116899,199.81210767208,30.8));
#4433 = VERTEX_POINT('',#4434);
#4434 = CARTESIAN_POINT('',(88.051737860313,202.23217432529,30.8));
#4435 = SURFACE_CURVE('',#4436,(#4441,#4457),.PCURVE_S1.);
#4436 = CIRCLE('',#4437,2.4);
#4437 = AXIS2_PLACEMENT_3D('',#4438,#4439,#4440);
#4438 = CARTESIAN_POINT('',(88.945692461421,200.00487884172,30.8));
#4439 = DIRECTION('',(0.,-0.,-1.));
#4440 = DIRECTION('',(0.996769023116,-8.032132068308E-02,0.));
#4441 = PCURVE('',#4442,#4447);
#4442 = PLANE('',#4443);
#4443 = AXIS2_PLACEMENT_3D('',#4444,#4445,#4446);
#4444 = CARTESIAN_POINT('',(91.98253356106,204.12859501606,30.8));
#4445 = DIRECTION('',(0.,0.,1.));
#4446 = DIRECTION('',(-0.592985571131,-0.805213085109,0.));
#4447 = DEFINITIONAL_REPRESENTATION('',(#4448),#4456);
#4448 = ( BOUNDED_CURVE() B_SPLINE_CURVE(2,(#4449,#4450,#4451,#4452,
#4453,#4454,#4455),.UNSPECIFIED.,.T.,.F.) B_SPLINE_CURVE_WITH_KNOTS((1,2
    ,2,2,2,1),(-2.094395102393,0.,2.094395102393,4.188790204786,
6.28318530718,8.377580409573),.UNSPECIFIED.) CURVE() 
GEOMETRIC_REPRESENTATION_ITEM() RATIONAL_B_SPLINE_CURVE((1.,0.5,1.,0.5,
1.,0.5,1.)) REPRESENTATION_ITEM('') );
#4449 = CARTESIAN_POINT('',(3.857927888683,2.040578026712));
#4450 = CARTESIAN_POINT('',(7.392312707756,4.228756253161));
#4451 = CARTESIAN_POINT('',(7.520138230332,7.380009986871E-02));
#4452 = CARTESIAN_POINT('',(7.647963752908,-4.081156053423));
#4453 = CARTESIAN_POINT('',(3.985753411259,-2.11437812658));
#4454 = CARTESIAN_POINT('',(0.32354306961,-0.147600199737));
#4455 = CARTESIAN_POINT('',(3.857927888683,2.040578026712));
#4456 = ( GEOMETRIC_REPRESENTATION_CONTEXT(2) 
PARAMETRIC_REPRESENTATION_CONTEXT() REPRESENTATION_CONTEXT('2D SPACE',''
  ) );
#4457 = PCURVE('',#4458,#4463);
#4458 = CYLINDRICAL_SURFACE('',#4459,2.4);
#4459 = AXIS2_PLACEMENT_3D('',#4460,#4461,#4462);
#4460 = CARTESIAN_POINT('',(88.945692461421,200.00487884172,30.8));
#4461 = DIRECTION('',(0.,0.,-1.));
#4462 = DIRECTION('',(-0.592985571131,-0.805213085109,0.));
#4463 = DEFINITIONAL_REPRESENTATION('',(#4464),#4468);
#4464 = LINE('',#4465,#4466);
#4465 = CARTESIAN_POINT('',(-8.408335299275,0.));
#4466 = VECTOR('',#4467,1.);
#4467 = DIRECTION('',(1.,-0.));
#4468 = ( GEOMETRIC_REPRESENTATION_CONTEXT(2) 
PARAMETRIC_REPRESENTATION_CONTEXT() REPRESENTATION_CONTEXT('2D SPACE',''
  ) );
#4469 = ORIENTED_EDGE('',*,*,#4470,.T.);
#4470 = EDGE_CURVE('',#4431,#4433,#4471,.T.);
#4471 = SURFACE_CURVE('',#4472,(#4477,#4484),.PCURVE_S1.);
#4472 = ELLIPSE('',#4473,5.5,3.2);
#4473 = AXIS2_PLACEMENT_3D('',#4474,#4475,#4476);
#4474 = CARTESIAN_POINT('',(92.207113102643,204.43355080981,30.8));
#4475 = DIRECTION('',(0.,0.,1.));
#4476 = DIRECTION('',(-0.592985571131,-0.805213085109,0.));
#4477 = PCURVE('',#4442,#4478);
#4478 = DEFINITIONAL_REPRESENTATION('',(#4479),#4483);
#4479 = ELLIPSE('',#4480,5.5,3.2);
#4480 = AXIS2_PLACEMENT_2D('',#4481,#4482);
#4481 = CARTESIAN_POINT('',(-0.378726823242,4.329869796038E-15));
#4482 = DIRECTION('',(1.,0.));
#4483 = ( GEOMETRIC_REPRESENTATION_CONTEXT(2) 
PARAMETRIC_REPRESENTATION_CONTEXT() REPRESENTATION_CONTEXT('2D SPACE',''
  ) );
#4484 = PCURVE('',#4485,#4493);
#4485 = SURFACE_OF_LINEAR_EXTRUSION('',#4486,#4491);
#4486 = ELLIPSE('',#4487,5.5,3.2);
#4487 = AXIS2_PLACEMENT_3D('',#4488,#4489,#4490);
#4488 = CARTESIAN_POINT('',(92.207113102643,204.43355080981,30.8));
#4489 = DIRECTION('',(0.,0.,1.));
#4490 = DIRECTION('',(-0.592985571131,-0.805213085109,0.));
#4491 = VECTOR('',#4492,1.);
#4492 = DIRECTION('',(0.,0.,-1.));
#4493 = DEFINITIONAL_REPRESENTATION('',(#4494),#4498);
#4494 = LINE('',#4495,#4496);
#4495 = CARTESIAN_POINT('',(0.,0.));
#4496 = VECTOR('',#4497,1.);
#4497 = DIRECTION('',(1.,0.));
#4498 = ( GEOMETRIC_REPRESENTATION_CONTEXT(2) 
PARAMETRIC_REPRESENTATION_CONTEXT() REPRESENTATION_CONTEXT('2D SPACE',''
  ) );
#4499 = ADVANCED_FACE('',(#4500),#4485,.F.);
#4500 = FACE_BOUND('',#4501,.F.);
#4501 = EDGE_LOOP('',(#4502,#4583,#4606,#4633,#4634,#4708,#4735,#4736));
#4502 = ORIENTED_EDGE('',*,*,#4503,.T.);
#4503 = EDGE_CURVE('',#4504,#4506,#4508,.T.);
#4504 = VERTEX_POINT('',#4505);
#4505 = CARTESIAN_POINT('',(91.337938116899,199.81210767208,33.2));
#4506 = VERTEX_POINT('',#4507);
#4507 = CARTESIAN_POINT('',(88.945692461421,200.00487884172,33.2));
#4508 = SURFACE_CURVE('',#4509,(#4530,#4554),.PCURVE_S1.);
#4509 = B_SPLINE_CURVE_WITH_KNOTS('',7,(#4510,#4511,#4512,#4513,#4514,
    #4515,#4516,#4517,#4518,#4519,#4520,#4521,#4522,#4523,#4524,#4525,
    #4526,#4527,#4528,#4529),.UNSPECIFIED.,.F.,.F.,(8,6,6,8),(0.,
    0.552559536359,0.720455681449,1.),.UNSPECIFIED.);
#4510 = CARTESIAN_POINT('',(91.982397522542,200.08109427263,33.2));
#4511 = CARTESIAN_POINT('',(91.753980729152,199.96737018944,33.2));
#4512 = CARTESIAN_POINT('',(91.520176089623,199.86594808608,33.2));
#4513 = CARTESIAN_POINT('',(91.280734252996,199.77816630768,33.2));
#4514 = CARTESIAN_POINT('',(91.035999190475,199.70616893151,33.2));
#4515 = CARTESIAN_POINT('',(90.786961167358,199.65279917582,33.2));
#4516 = CARTESIAN_POINT('',(90.535301279294,199.62143080237,33.2));
#4517 = CARTESIAN_POINT('',(90.206860133052,199.6144874569,33.2));
#4518 = CARTESIAN_POINT('',(90.130339223553,199.61527485882,33.2));
#4519 = CARTESIAN_POINT('',(90.053926242046,199.61857654255,33.2));
#4520 = CARTESIAN_POINT('',(89.977727250951,199.62450366982,33.2));
#4521 = CARTESIAN_POINT('',(89.901865337971,199.63316448666,33.2));
#4522 = CARTESIAN_POINT('',(89.826479966064,199.6446590375,33.2));
#4523 = CARTESIAN_POINT('',(89.627262738589,199.68307435379,33.2));
#4524 = CARTESIAN_POINT('',(89.504479646166,199.71518349403,33.2));
#4525 = CARTESIAN_POINT('',(89.384205731865,199.75579482554,33.2));
#4526 = CARTESIAN_POINT('',(89.26731289139,199.80515948591,33.2));
#4527 = CARTESIAN_POINT('',(89.154693699794,199.86333609543,33.2));
#4528 = CARTESIAN_POINT('',(89.047221407281,199.93010956504,33.2));
#4529 = CARTESIAN_POINT('',(88.945692461421,200.00487884172,33.2));
#4530 = PCURVE('',#4485,#4531);
#4531 = DEFINITIONAL_REPRESENTATION('',(#4532),#4553);
#4532 = B_SPLINE_CURVE_WITH_KNOTS('',7,(#4533,#4534,#4535,#4536,#4537,
    #4538,#4539,#4540,#4541,#4542,#4543,#4544,#4545,#4546,#4547,#4548,
    #4549,#4550,#4551,#4552),.UNSPECIFIED.,.F.,.F.,(8,6,6,8),(0.,
    0.552559536359,0.720455681449,1.),.UNSPECIFIED.);
#4533 = CARTESIAN_POINT('',(0.848062078981,-2.4));
#4534 = CARTESIAN_POINT('',(0.793026931694,-2.4));
#4535 = CARTESIAN_POINT('',(0.736502369158,-2.4));
#4536 = CARTESIAN_POINT('',(0.678136931915,-2.4));
#4537 = CARTESIAN_POINT('',(0.617651192439,-2.4));
#4538 = CARTESIAN_POINT('',(0.554796617121,-2.4));
#4539 = CARTESIAN_POINT('',(0.489341230955,-2.4));
#4540 = CARTESIAN_POINT('',(0.400199739816,-2.4));
#4541 = CARTESIAN_POINT('',(0.379168469842,-2.4));
#4542 = CARTESIAN_POINT('',(0.357877333988,-2.4));
#4543 = CARTESIAN_POINT('',(0.336326859425,-2.4));
#4544 = CARTESIAN_POINT('',(0.314520863137,-2.4));
#4545 = CARTESIAN_POINT('',(0.292466942891,-2.4));
#4546 = CARTESIAN_POINT('',(0.233064527184,-2.4));
#4547 = CARTESIAN_POINT('',(0.1952767556,-2.4));
#4548 = CARTESIAN_POINT('',(0.156899874792,-2.4));
#4549 = CARTESIAN_POINT('',(0.11803864707,-2.4));
#4550 = CARTESIAN_POINT('',(7.881976378659E-02,-2.4));
#4551 = CARTESIAN_POINT('',(3.94029806125E-02,-2.4));
#4552 = CARTESIAN_POINT('',(0.,-2.4));
#4553 = ( GEOMETRIC_REPRESENTATION_CONTEXT(2) 
PARAMETRIC_REPRESENTATION_CONTEXT() REPRESENTATION_CONTEXT('2D SPACE',''
  ) );
#4554 = PCURVE('',#4555,#4560);
#4555 = PLANE('',#4556);
#4556 = AXIS2_PLACEMENT_3D('',#4557,#4558,#4559);
#4557 = CARTESIAN_POINT('',(88.945692461421,200.00487884172,33.2));
#4558 = DIRECTION('',(0.,0.,1.));
#4559 = DIRECTION('',(-0.592985571131,-0.805213085109,0.));
#4560 = DEFINITIONAL_REPRESENTATION('',(#4561),#4582);
#4561 = B_SPLINE_CURVE_WITH_KNOTS('',7,(#4562,#4563,#4564,#4565,#4566,
    #4567,#4568,#4569,#4570,#4571,#4572,#4573,#4574,#4575,#4576,#4577,
    #4578,#4579,#4580,#4581),.UNSPECIFIED.,.F.,.F.,(8,6,6,8),(0.,
    0.552559536359,0.720455681449,1.),.UNSPECIFIED.);
#4562 = CARTESIAN_POINT('',(-1.862091947286,2.4));
#4563 = CARTESIAN_POINT('',(-1.635071964724,2.283512549527));
#4564 = CARTESIAN_POINT('',(-1.414762782279,2.155391838303));
#4565 = CARTESIAN_POINT('',(-1.202094191427,2.014643466332));
#4566 = CARTESIAN_POINT('',(-0.998996601215,1.860272996834));
#4567 = CARTESIAN_POINT('',(-0.808346621214,1.691391816989));
#4568 = CARTESIAN_POINT('',(-0.633857714,1.507352974968));
#4569 = CARTESIAN_POINT('',(-0.433505980689,1.247005170003));
#4570 = CARTESIAN_POINT('',(-0.38876421179,1.184922614416));
#4571 = CARTESIAN_POINT('',(-0.346110975252,1.121436031022));
#4572 = CARTESIAN_POINT('',(-0.305698673436,1.056564905368));
#4573 = CARTESIAN_POINT('',(-0.267687456687,0.990344160955));
#4574 = CARTESIAN_POINT('',(-0.23224058162,0.922826770272));
#4575 = CARTESIAN_POINT('',(-0.145040155545,0.739634723665));
#4576 = CARTESIAN_POINT('',(-9.808625323782E-02,0.621727914147));
#4577 = CARTESIAN_POINT('',(-5.946633300661E-02,0.500799850948));
#4578 = CARTESIAN_POINT('',(-2.989963570752E-02,0.377403674918));
#4579 = CARTESIAN_POINT('',(-9.962647291275E-03,0.252223338189));
#4580 = CARTESIAN_POINT('',(-2.84217094304E-14,0.12608953796));
#4581 = CARTESIAN_POINT('',(0.,0.));
#4582 = ( GEOMETRIC_REPRESENTATION_CONTEXT(2) 
PARAMETRIC_REPRESENTATION_CONTEXT() REPRESENTATION_CONTEXT('2D SPACE',''
  ) );
#4583 = ORIENTED_EDGE('',*,*,#4584,.T.);
#4584 = EDGE_CURVE('',#4506,#4585,#4587,.T.);
#4585 = VERTEX_POINT('',#4586);
#4586 = CARTESIAN_POINT('',(88.945692461421,200.00487884172,33.4));
#4587 = SEAM_CURVE('',#4588,(#4592,#4599),.PCURVE_S1.);
#4588 = LINE('',#4589,#4590);
#4589 = CARTESIAN_POINT('',(88.945692461421,200.00487884172,30.8));
#4590 = VECTOR('',#4591,1.);
#4591 = DIRECTION('',(0.,0.,1.));
#4592 = PCURVE('',#4485,#4593);
#4593 = DEFINITIONAL_REPRESENTATION('',(#4594),#4598);
#4594 = LINE('',#4595,#4596);
#4595 = CARTESIAN_POINT('',(6.28318530718,0.));
#4596 = VECTOR('',#4597,1.);
#4597 = DIRECTION('',(0.,-1.));
#4598 = ( GEOMETRIC_REPRESENTATION_CONTEXT(2) 
PARAMETRIC_REPRESENTATION_CONTEXT() REPRESENTATION_CONTEXT('2D SPACE',''
  ) );
#4599 = PCURVE('',#4485,#4600);
#4600 = DEFINITIONAL_REPRESENTATION('',(#4601),#4605);
#4601 = LINE('',#4602,#4603);
#4602 = CARTESIAN_POINT('',(0.,0.));
#4603 = VECTOR('',#4604,1.);
#4604 = DIRECTION('',(0.,-1.));
#4605 = ( GEOMETRIC_REPRESENTATION_CONTEXT(2) 
PARAMETRIC_REPRESENTATION_CONTEXT() REPRESENTATION_CONTEXT('2D SPACE',''
  ) );
#4606 = ORIENTED_EDGE('',*,*,#4607,.T.);
#4607 = EDGE_CURVE('',#4585,#4585,#4608,.T.);
#4608 = SURFACE_CURVE('',#4609,(#4614,#4621),.PCURVE_S1.);
#4609 = ELLIPSE('',#4610,5.5,3.2);
#4610 = AXIS2_PLACEMENT_3D('',#4611,#4612,#4613);
#4611 = CARTESIAN_POINT('',(92.207113102643,204.43355080981,33.4));
#4612 = DIRECTION('',(0.,0.,1.));
#4613 = DIRECTION('',(-0.592985571131,-0.805213085109,0.));
#4614 = PCURVE('',#4485,#4615);
#4615 = DEFINITIONAL_REPRESENTATION('',(#4616),#4620);
#4616 = LINE('',#4617,#4618);
#4617 = CARTESIAN_POINT('',(0.,-2.6));
#4618 = VECTOR('',#4619,1.);
#4619 = DIRECTION('',(1.,0.));
#4620 = ( GEOMETRIC_REPRESENTATION_CONTEXT(2) 
PARAMETRIC_REPRESENTATION_CONTEXT() REPRESENTATION_CONTEXT('2D SPACE',''
  ) );
#4621 = PCURVE('',#4622,#4627);
#4622 = PLANE('',#4623);
#4623 = AXIS2_PLACEMENT_3D('',#4624,#4625,#4626);
#4624 = CARTESIAN_POINT('',(91.98253356106,204.12859501606,33.4));
#4625 = DIRECTION('',(0.,0.,1.));
#4626 = DIRECTION('',(-0.592985571131,-0.805213085109,0.));
#4627 = DEFINITIONAL_REPRESENTATION('',(#4628),#4632);
#4628 = ELLIPSE('',#4629,5.5,3.2);
#4629 = AXIS2_PLACEMENT_2D('',#4630,#4631);
#4630 = CARTESIAN_POINT('',(-0.378726823242,4.329869796038E-15));
#4631 = DIRECTION('',(1.,0.));
#4632 = ( GEOMETRIC_REPRESENTATION_CONTEXT(2) 
PARAMETRIC_REPRESENTATION_CONTEXT() REPRESENTATION_CONTEXT('2D SPACE',''
  ) );
#4633 = ORIENTED_EDGE('',*,*,#4584,.F.);
#4634 = ORIENTED_EDGE('',*,*,#4635,.T.);
#4635 = EDGE_CURVE('',#4506,#4636,#4638,.T.);
#4636 = VERTEX_POINT('',#4637);
#4637 = CARTESIAN_POINT('',(88.051737860313,202.23217432529,33.2));
#4638 = SURFACE_CURVE('',#4639,(#4660,#4684),.PCURVE_S1.);
#4639 = B_SPLINE_CURVE_WITH_KNOTS('',7,(#4640,#4641,#4642,#4643,#4644,
    #4645,#4646,#4647,#4648,#4649,#4650,#4651,#4652,#4653,#4654,#4655,
    #4656,#4657,#4658,#4659),.UNSPECIFIED.,.F.,.F.,(8,6,6,8),(0.,
    0.279544318551,0.44744046364,1.),.UNSPECIFIED.);
#4640 = CARTESIAN_POINT('',(88.945692461421,200.00487884172,33.2));
#4641 = CARTESIAN_POINT('',(88.84416351556,200.0796481184,33.2));
#4642 = CARTESIAN_POINT('',(88.748506635235,200.16246569593,33.2));
#4643 = CARTESIAN_POINT('',(88.659532136565,200.25274935335,33.2));
#4644 = CARTESIAN_POINT('',(88.577704545858,200.34972899681,33.2));
#4645 = CARTESIAN_POINT('',(88.503232742469,200.45253485855,33.2));
#4646 = CARTESIAN_POINT('',(88.436135623198,200.56025979187,33.2));
#4647 = CARTESIAN_POINT('',(88.340335584641,200.73910495635,33.2));
#4648 = CARTESIAN_POINT('',(88.306989183647,200.80768408246,33.2));
#4649 = CARTESIAN_POINT('',(88.276207476814,200.87755915751,33.2));
#4650 = CARTESIAN_POINT('',(88.247936309465,200.94856731323,33.2));
#4651 = CARTESIAN_POINT('',(88.222108835616,201.02055888533,33.2));
#4652 = CARTESIAN_POINT('',(88.198650372884,201.09339960278,33.2));
#4653 = CARTESIAN_POINT('',(88.107820600652,201.40910793188,33.2));
#4654 = CARTESIAN_POINT('',(88.063099521188,201.65874106102,33.2));
#4655 = CARTESIAN_POINT('',(88.040166872626,201.91239902248,33.2));
#4656 = CARTESIAN_POINT('',(88.036299691159,202.16747532069,33.2));
#4657 = CARTESIAN_POINT('',(88.049076666148,202.42218060658,33.2));
#4658 = CARTESIAN_POINT('',(88.076552359375,202.67555017617,33.2));
#4659 = CARTESIAN_POINT('',(88.117374714021,202.92742501406,33.2));
#4660 = PCURVE('',#4485,#4661);
#4661 = DEFINITIONAL_REPRESENTATION('',(#4662),#4683);
#4662 = B_SPLINE_CURVE_WITH_KNOTS('',7,(#4663,#4664,#4665,#4666,#4667,
    #4668,#4669,#4670,#4671,#4672,#4673,#4674,#4675,#4676,#4677,#4678,
    #4679,#4680,#4681,#4682),.UNSPECIFIED.,.F.,.F.,(8,6,6,8),(0.,
    0.279544318551,0.44744046364,1.),.UNSPECIFIED.);
#4663 = CARTESIAN_POINT('',(6.28318530718,-2.4));
#4664 = CARTESIAN_POINT('',(6.243782326567,-2.4));
#4665 = CARTESIAN_POINT('',(6.204365543393,-2.4));
#4666 = CARTESIAN_POINT('',(6.16514666011,-2.4));
#4667 = CARTESIAN_POINT('',(6.126285432387,-2.4));
#4668 = CARTESIAN_POINT('',(6.08790855158,-2.4));
#4669 = CARTESIAN_POINT('',(6.050120779996,-2.4));
#4670 = CARTESIAN_POINT('',(5.990718364289,-2.4));
#4671 = CARTESIAN_POINT('',(5.968664444043,-2.4));
#4672 = CARTESIAN_POINT('',(5.946858447755,-2.4));
#4673 = CARTESIAN_POINT('',(5.925307973192,-2.4));
#4674 = CARTESIAN_POINT('',(5.904016837338,-2.4));
#4675 = CARTESIAN_POINT('',(5.882985567364,-2.4));
#4676 = CARTESIAN_POINT('',(5.793844076225,-2.4));
#4677 = CARTESIAN_POINT('',(5.728388690059,-2.4));
#4678 = CARTESIAN_POINT('',(5.66553411474,-2.4));
#4679 = CARTESIAN_POINT('',(5.605048375265,-2.4));
#4680 = CARTESIAN_POINT('',(5.546682938022,-2.4));
#4681 = CARTESIAN_POINT('',(5.490158375486,-2.4));
#4682 = CARTESIAN_POINT('',(5.435123228198,-2.4));
#4683 = ( GEOMETRIC_REPRESENTATION_CONTEXT(2) 
PARAMETRIC_REPRESENTATION_CONTEXT() REPRESENTATION_CONTEXT('2D SPACE',''
  ) );
#4684 = PCURVE('',#4555,#4685);
#4685 = DEFINITIONAL_REPRESENTATION('',(#4686),#4707);
#4686 = B_SPLINE_CURVE_WITH_KNOTS('',7,(#4687,#4688,#4689,#4690,#4691,
    #4692,#4693,#4694,#4695,#4696,#4697,#4698,#4699,#4700,#4701,#4702,
    #4703,#4704,#4705,#4706),.UNSPECIFIED.,.F.,.F.,(8,6,6,8),(0.,
    0.279544318551,0.44744046364,1.),.UNSPECIFIED.);
#4687 = CARTESIAN_POINT('',(0.,0.));
#4688 = CARTESIAN_POINT('',(0.,-0.12608953796));
#4689 = CARTESIAN_POINT('',(-9.962647291189E-03,-0.252223338188));
#4690 = CARTESIAN_POINT('',(-2.989963570758E-02,-0.377403674918));
#4691 = CARTESIAN_POINT('',(-5.946633300655E-02,-0.500799850948));
#4692 = CARTESIAN_POINT('',(-9.808625323765E-02,-0.621727914147));
#4693 = CARTESIAN_POINT('',(-0.145040155545,-0.739634723665));
#4694 = CARTESIAN_POINT('',(-0.23224058162,-0.922826770271));
#4695 = CARTESIAN_POINT('',(-0.267687456687,-0.990344160955));
#4696 = CARTESIAN_POINT('',(-0.305698673436,-1.056564905368));
#4697 = CARTESIAN_POINT('',(-0.346110975252,-1.121436031021));
#4698 = CARTESIAN_POINT('',(-0.38876421179,-1.184922614415));
#4699 = CARTESIAN_POINT('',(-0.433505980688,-1.247005170002));
#4700 = CARTESIAN_POINT('',(-0.633857714,-1.507352974967));
#4701 = CARTESIAN_POINT('',(-0.808346621214,-1.691391816989));
#4702 = CARTESIAN_POINT('',(-0.998996601215,-1.860272996833));
#4703 = CARTESIAN_POINT('',(-1.202094191427,-2.014643466332));
#4704 = CARTESIAN_POINT('',(-1.414762782279,-2.155391838303));
#4705 = CARTESIAN_POINT('',(-1.635071964724,-2.283512549527));
#4706 = CARTESIAN_POINT('',(-1.862091947286,-2.4));
#4707 = ( GEOMETRIC_REPRESENTATION_CONTEXT(2) 
PARAMETRIC_REPRESENTATION_CONTEXT() REPRESENTATION_CONTEXT('2D SPACE',''
  ) );
#4708 = ORIENTED_EDGE('',*,*,#4709,.T.);
#4709 = EDGE_CURVE('',#4636,#4433,#4710,.T.);
#4710 = SURFACE_CURVE('',#4711,(#4717,#4726),.PCURVE_S1.);
#4711 = B_SPLINE_CURVE_WITH_KNOTS('',4,(#4712,#4713,#4714,#4715,#4716),
  .UNSPECIFIED.,.F.,.F.,(5,5),(0.,1.),.PIECEWISE_BEZIER_KNOTS.);
#4712 = CARTESIAN_POINT('',(88.051737860313,202.23217432529,33.2000006)
  );
#4713 = CARTESIAN_POINT('',(88.051737860313,202.23217432529,32.6000003)
  );
#4714 = CARTESIAN_POINT('',(88.051737860313,202.23217432529,32.));
#4715 = CARTESIAN_POINT('',(88.051737860313,202.23217432529,31.3999997)
  );
#4716 = CARTESIAN_POINT('',(88.051737860313,202.23217432529,30.7999994)
  );
#4717 = PCURVE('',#4485,#4718);
#4718 = DEFINITIONAL_REPRESENTATION('',(#4719),#4725);
#4719 = B_SPLINE_CURVE_WITH_KNOTS('',4,(#4720,#4721,#4722,#4723,#4724),
  .UNSPECIFIED.,.F.,.F.,(5,5),(0.,1.),.PIECEWISE_BEZIER_KNOTS.);
#4720 = CARTESIAN_POINT('',(5.591701796121,-2.4000006));
#4721 = CARTESIAN_POINT('',(5.591701796121,-1.8000003));
#4722 = CARTESIAN_POINT('',(5.591701796121,-1.2));
#4723 = CARTESIAN_POINT('',(5.591701796121,-0.5999997));
#4724 = CARTESIAN_POINT('',(5.591701796121,5.999999999062E-07));
#4725 = ( GEOMETRIC_REPRESENTATION_CONTEXT(2) 
PARAMETRIC_REPRESENTATION_CONTEXT() REPRESENTATION_CONTEXT('2D SPACE',''
  ) );
#4726 = PCURVE('',#4458,#4727);
#4727 = DEFINITIONAL_REPRESENTATION('',(#4728),#4734);
#4728 = B_SPLINE_CURVE_WITH_KNOTS('',4,(#4729,#4730,#4731,#4732,#4733),
  .UNSPECIFIED.,.F.,.F.,(5,5),(0.,1.),.PIECEWISE_BEZIER_KNOTS.);
#4729 = CARTESIAN_POINT('',(-4.158035315084,-2.4000006));
#4730 = CARTESIAN_POINT('',(-4.158035315084,-1.8000003));
#4731 = CARTESIAN_POINT('',(-4.158035315084,-1.2));
#4732 = CARTESIAN_POINT('',(-4.158035315084,-0.5999997));
#4733 = CARTESIAN_POINT('',(-4.158035315084,5.999999999062E-07));
#4734 = ( GEOMETRIC_REPRESENTATION_CONTEXT(2) 
PARAMETRIC_REPRESENTATION_CONTEXT() REPRESENTATION_CONTEXT('2D SPACE',''
  ) );
#4735 = ORIENTED_EDGE('',*,*,#4470,.F.);
#4736 = ORIENTED_EDGE('',*,*,#4737,.F.);
#4737 = EDGE_CURVE('',#4504,#4431,#4738,.T.);
#4738 = SURFACE_CURVE('',#4739,(#4745,#4754),.PCURVE_S1.);
#4739 = B_SPLINE_CURVE_WITH_KNOTS('',4,(#4740,#4741,#4742,#4743,#4744),
  .UNSPECIFIED.,.F.,.F.,(5,5),(0.,1.),.PIECEWISE_BEZIER_KNOTS.);
#4740 = CARTESIAN_POINT('',(91.337938116899,199.81210767208,33.2000006)
  );
#4741 = CARTESIAN_POINT('',(91.337938116899,199.81210767208,32.6000003)
  );
#4742 = CARTESIAN_POINT('',(91.337938116899,199.81210767208,32.));
#4743 = CARTESIAN_POINT('',(91.337938116899,199.81210767208,31.3999997)
  );
#4744 = CARTESIAN_POINT('',(91.337938116899,199.81210767208,30.7999994)
  );
#4745 = PCURVE('',#4485,#4746);
#4746 = DEFINITIONAL_REPRESENTATION('',(#4747),#4753);
#4747 = B_SPLINE_CURVE_WITH_KNOTS('',4,(#4748,#4749,#4750,#4751,#4752),
  .UNSPECIFIED.,.F.,.F.,(5,5),(0.,1.),.PIECEWISE_BEZIER_KNOTS.);
#4748 = CARTESIAN_POINT('',(0.691483511059,-2.4000006));
#4749 = CARTESIAN_POINT('',(0.691483511059,-1.8000003));
#4750 = CARTESIAN_POINT('',(0.691483511059,-1.2));
#4751 = CARTESIAN_POINT('',(0.691483511059,-0.5999997));
#4752 = CARTESIAN_POINT('',(0.691483511059,5.999999999062E-07));
#4753 = ( GEOMETRIC_REPRESENTATION_CONTEXT(2) 
PARAMETRIC_REPRESENTATION_CONTEXT() REPRESENTATION_CONTEXT('2D SPACE',''
  ) );
#4754 = PCURVE('',#4458,#4755);
#4755 = DEFINITIONAL_REPRESENTATION('',(#4756),#4762);
#4756 = B_SPLINE_CURVE_WITH_KNOTS('',4,(#4757,#4758,#4759,#4760,#4761),
  .UNSPECIFIED.,.F.,.F.,(5,5),(0.,1.),.PIECEWISE_BEZIER_KNOTS.);
#4757 = CARTESIAN_POINT('',(-8.408335299275,-2.4000006));
#4758 = CARTESIAN_POINT('',(-8.408335299275,-1.8000003));
#4759 = CARTESIAN_POINT('',(-8.408335299275,-1.2));
#4760 = CARTESIAN_POINT('',(-8.408335299275,-0.5999997));
#4761 = CARTESIAN_POINT('',(-8.408335299275,5.999999999062E-07));
#4762 = ( GEOMETRIC_REPRESENTATION_CONTEXT(2) 
PARAMETRIC_REPRESENTATION_CONTEXT() REPRESENTATION_CONTEXT('2D SPACE',''
  ) );
#4763 = ADVANCED_FACE('',(#4764),#4622,.T.);
#4764 = FACE_BOUND('',#4765,.T.);
#4765 = EDGE_LOOP('',(#4766));
#4766 = ORIENTED_EDGE('',*,*,#4607,.T.);
#4767 = ADVANCED_FACE('',(#4768),#4555,.T.);
#4768 = FACE_BOUND('',#4769,.T.);
#4769 = EDGE_LOOP('',(#4770,#4771,#4797));
#4770 = ORIENTED_EDGE('',*,*,#4635,.T.);
#4771 = ORIENTED_EDGE('',*,*,#4772,.F.);
#4772 = EDGE_CURVE('',#4504,#4636,#4773,.T.);
#4773 = SURFACE_CURVE('',#4774,(#4779,#4790),.PCURVE_S1.);
#4774 = CIRCLE('',#4775,2.4);
#4775 = AXIS2_PLACEMENT_3D('',#4776,#4777,#4778);
#4776 = CARTESIAN_POINT('',(88.945692461421,200.00487884172,33.2));
#4777 = DIRECTION('',(0.,-0.,-1.));
#4778 = DIRECTION('',(0.996769023116,-8.032132068307E-02,0.));
#4779 = PCURVE('',#4555,#4780);
#4780 = DEFINITIONAL_REPRESENTATION('',(#4781),#4789);
#4781 = ( BOUNDED_CURVE() B_SPLINE_CURVE(2,(#4782,#4783,#4784,#4785,
#4786,#4787,#4788),.UNSPECIFIED.,.T.,.F.) B_SPLINE_CURVE_WITH_KNOTS((1,2
    ,2,2,2,1),(-2.094395102393,0.,2.094395102393,4.188790204786,
6.28318530718,8.377580409573),.UNSPECIFIED.) CURVE() 
GEOMETRIC_REPRESENTATION_ITEM() RATIONAL_B_SPLINE_CURVE((1.,0.5,1.,0.5,
1.,0.5,1.)) REPRESENTATION_ITEM('') );
#4782 = CARTESIAN_POINT('',(-1.263345288075,2.040578026712));
#4783 = CARTESIAN_POINT('',(2.271039530998,4.228756253161));
#4784 = CARTESIAN_POINT('',(2.398865053574,7.380009986873E-02));
#4785 = CARTESIAN_POINT('',(2.52669057615,-4.081156053423));
#4786 = CARTESIAN_POINT('',(-1.135519765499,-2.11437812658));
#4787 = CARTESIAN_POINT('',(-4.797730107148,-0.147600199737));
#4788 = CARTESIAN_POINT('',(-1.263345288075,2.040578026712));
#4789 = ( GEOMETRIC_REPRESENTATION_CONTEXT(2) 
PARAMETRIC_REPRESENTATION_CONTEXT() REPRESENTATION_CONTEXT('2D SPACE',''
  ) );
#4790 = PCURVE('',#4458,#4791);
#4791 = DEFINITIONAL_REPRESENTATION('',(#4792),#4796);
#4792 = LINE('',#4793,#4794);
#4793 = CARTESIAN_POINT('',(-8.408335299275,-2.4));
#4794 = VECTOR('',#4795,1.);
#4795 = DIRECTION('',(1.,-0.));
#4796 = ( GEOMETRIC_REPRESENTATION_CONTEXT(2) 
PARAMETRIC_REPRESENTATION_CONTEXT() REPRESENTATION_CONTEXT('2D SPACE',''
  ) );
#4797 = ORIENTED_EDGE('',*,*,#4503,.T.);
#4798 = ADVANCED_FACE('',(#4799),#4458,.T.);
#4799 = FACE_BOUND('',#4800,.F.);
#4800 = EDGE_LOOP('',(#4801,#4802,#4803,#4804));
#4801 = ORIENTED_EDGE('',*,*,#4430,.T.);
#4802 = ORIENTED_EDGE('',*,*,#4709,.F.);
#4803 = ORIENTED_EDGE('',*,*,#4772,.F.);
#4804 = ORIENTED_EDGE('',*,*,#4737,.T.);
#4805 = MANIFOLD_SOLID_BREP('',#4806);
#4806 = CLOSED_SHELL('',(#4807,#4880,#5144,#5148,#5179));
#4807 = ADVANCED_FACE('',(#4808),#4823,.F.);
#4808 = FACE_BOUND('',#4809,.F.);
#4809 = EDGE_LOOP('',(#4810,#4850));
#4810 = ORIENTED_EDGE('',*,*,#4811,.F.);
#4811 = EDGE_CURVE('',#4812,#4814,#4816,.T.);
#4812 = VERTEX_POINT('',#4813);
#4813 = CARTESIAN_POINT('',(-62.83922982992,315.19385940589,30.8));
#4814 = VERTEX_POINT('',#4815);
#4815 = CARTESIAN_POINT('',(-62.05106140928,319.19818522593,30.8));
#4816 = SURFACE_CURVE('',#4817,(#4822,#4838),.PCURVE_S1.);
#4817 = CIRCLE('',#4818,2.4);
#4818 = AXIS2_PLACEMENT_3D('',#4819,#4820,#4821);
#4819 = CARTESIAN_POINT('',(-63.68470766782,317.44000437575,30.8));
#4820 = DIRECTION('',(0.,-0.,-1.));
#4821 = DIRECTION('',(0.352282432456,-0.935893737442,0.));
#4822 = PCURVE('',#4823,#4828);
#4823 = PLANE('',#4824);
#4824 = AXIS2_PLACEMENT_3D('',#4825,#4826,#4827);
#4825 = CARTESIAN_POINT('',(-58.65984555895,316.45096456973,30.8));
#4826 = DIRECTION('',(0.,0.,1.));
#4827 = DIRECTION('',(-0.981174394615,0.193123813529,0.));
#4828 = DEFINITIONAL_REPRESENTATION('',(#4829),#4837);
#4829 = ( BOUNDED_CURVE() B_SPLINE_CURVE(2,(#4830,#4831,#4832,#4833,
#4834,#4835,#4836),.UNSPECIFIED.,.T.,.F.) B_SPLINE_CURVE_WITH_KNOTS((1,2
    ,2,2,2,1),(-2.094395102393,0.,2.094395102393,4.188790204786,
6.28318530718,8.377580409573),.UNSPECIFIED.) CURVE() 
GEOMETRIC_REPRESENTATION_ITEM() RATIONAL_B_SPLINE_CURVE((1.,0.5,1.,0.5,
1.,0.5,1.)) REPRESENTATION_ITEM('') );
#4830 = CARTESIAN_POINT('',(3.857927888683,2.040578026712));
#4831 = CARTESIAN_POINT('',(7.392312707756,4.228756253161));
#4832 = CARTESIAN_POINT('',(7.520138230332,7.380009986874E-02));
#4833 = CARTESIAN_POINT('',(7.647963752908,-4.081156053423));
#4834 = CARTESIAN_POINT('',(3.985753411259,-2.11437812658));
#4835 = CARTESIAN_POINT('',(0.323543069609,-0.147600199737));
#4836 = CARTESIAN_POINT('',(3.857927888683,2.040578026712));
#4837 = ( GEOMETRIC_REPRESENTATION_CONTEXT(2) 
PARAMETRIC_REPRESENTATION_CONTEXT() REPRESENTATION_CONTEXT('2D SPACE',''
  ) );
#4838 = PCURVE('',#4839,#4844);
#4839 = CYLINDRICAL_SURFACE('',#4840,2.4);
#4840 = AXIS2_PLACEMENT_3D('',#4841,#4842,#4843);
#4841 = CARTESIAN_POINT('',(-63.68470766782,317.44000437575,30.8));
#4842 = DIRECTION('',(0.,0.,-1.));
#4843 = DIRECTION('',(-0.981174394615,0.193123813529,0.));
#4844 = DEFINITIONAL_REPRESENTATION('',(#4845),#4849);
#4845 = LINE('',#4846,#4847);
#4846 = CARTESIAN_POINT('',(-8.408335299275,0.));
#4847 = VECTOR('',#4848,1.);
#4848 = DIRECTION('',(1.,-0.));
#4849 = ( GEOMETRIC_REPRESENTATION_CONTEXT(2) 
PARAMETRIC_REPRESENTATION_CONTEXT() REPRESENTATION_CONTEXT('2D SPACE',''
  ) );
#4850 = ORIENTED_EDGE('',*,*,#4851,.T.);
#4851 = EDGE_CURVE('',#4812,#4814,#4852,.T.);
#4852 = SURFACE_CURVE('',#4853,(#4858,#4865),.PCURVE_S1.);
#4853 = ELLIPSE('',#4854,5.5,3.2);
#4854 = AXIS2_PLACEMENT_3D('',#4855,#4856,#4857);
#4855 = CARTESIAN_POINT('',(-58.28824849743,316.37782340134,30.8));
#4856 = DIRECTION('',(0.,0.,1.));
#4857 = DIRECTION('',(-0.981174394615,0.193123813529,0.));
#4858 = PCURVE('',#4823,#4859);
#4859 = DEFINITIONAL_REPRESENTATION('',(#4860),#4864);
#4860 = ELLIPSE('',#4861,5.5,3.2);
#4861 = AXIS2_PLACEMENT_2D('',#4862,#4863);
#4862 = CARTESIAN_POINT('',(-0.378726823242,3.899658373996E-15));
#4863 = DIRECTION('',(1.,0.));
#4864 = ( GEOMETRIC_REPRESENTATION_CONTEXT(2) 
PARAMETRIC_REPRESENTATION_CONTEXT() REPRESENTATION_CONTEXT('2D SPACE',''
  ) );
#4865 = PCURVE('',#4866,#4874);
#4866 = SURFACE_OF_LINEAR_EXTRUSION('',#4867,#4872);
#4867 = ELLIPSE('',#4868,5.5,3.2);
#4868 = AXIS2_PLACEMENT_3D('',#4869,#4870,#4871);
#4869 = CARTESIAN_POINT('',(-58.28824849743,316.37782340134,30.8));
#4870 = DIRECTION('',(0.,0.,1.));
#4871 = DIRECTION('',(-0.981174394615,0.193123813529,0.));
#4872 = VECTOR('',#4873,1.);
#4873 = DIRECTION('',(0.,0.,-1.));
#4874 = DEFINITIONAL_REPRESENTATION('',(#4875),#4879);
#4875 = LINE('',#4876,#4877);
#4876 = CARTESIAN_POINT('',(0.,0.));
#4877 = VECTOR('',#4878,1.);
#4878 = DIRECTION('',(1.,0.));
#4879 = ( GEOMETRIC_REPRESENTATION_CONTEXT(2) 
PARAMETRIC_REPRESENTATION_CONTEXT() REPRESENTATION_CONTEXT('2D SPACE',''
  ) );
#4880 = ADVANCED_FACE('',(#4881),#4866,.F.);
#4881 = FACE_BOUND('',#4882,.F.);
#4882 = EDGE_LOOP('',(#4883,#4964,#4987,#5014,#5015,#5089,#5116,#5117));
#4883 = ORIENTED_EDGE('',*,*,#4884,.T.);
#4884 = EDGE_CURVE('',#4885,#4887,#4889,.T.);
#4885 = VERTEX_POINT('',#4886);
#4886 = CARTESIAN_POINT('',(-62.83922982992,315.19385940589,33.2));
#4887 = VERTEX_POINT('',#4888);
#4888 = CARTESIAN_POINT('',(-63.68470766782,317.44000437575,33.2));
#4889 = SURFACE_CURVE('',#4890,(#4911,#4935),.PCURVE_S1.);
#4890 = B_SPLINE_CURVE_WITH_KNOTS('',7,(#4891,#4892,#4893,#4894,#4895,
    #4896,#4897,#4898,#4899,#4900,#4901,#4902,#4903,#4904,#4905,#4906,
    #4907,#4908,#4909,#4910),.UNSPECIFIED.,.F.,.F.,(8,6,6,8),(0.,
    0.552559536359,0.720455681449,1.),.UNSPECIFIED.);
#4891 = CARTESIAN_POINT('',(-62.32116788119,314.72557153067,33.2));
#4892 = CARTESIAN_POINT('',(-62.52141757448,314.88370899915,33.2));
#4893 = CARTESIAN_POINT('',(-62.71283614285,315.05196470989,33.2));
#4894 = CARTESIAN_POINT('',(-62.89431925639,315.23113477784,33.2));
#4895 = CARTESIAN_POINT('',(-63.06378079775,315.42182211093,33.2));
#4896 = CARTESIAN_POINT('',(-63.21822669898,315.62434305152,33.2));
#4897 = CARTESIAN_POINT('',(-63.35388846387,315.8386152141,33.2));
#4898 = CARTESIAN_POINT('',(-63.50018909357,316.13275450481,33.2));
#4899 = CARTESIAN_POINT('',(-63.5320989517,316.20230901974,33.2));
#4900 = CARTESIAN_POINT('',(-63.56168844414,316.27283778547,33.2));
#4901 = CARTESIAN_POINT('',(-63.58881180074,316.34429225075,33.2));
#4902 = CARTESIAN_POINT('',(-63.61331863063,316.41660722069,33.2));
#4903 = CARTESIAN_POINT('',(-63.63505898084,316.48969919131,33.2));
#4904 = CARTESIAN_POINT('',(-63.68523905946,316.68628301557,33.2));
#4905 = CARTESIAN_POINT('',(-63.70853841343,316.81103807469,33.2));
#4906 = CARTESIAN_POINT('',(-63.72307720156,316.93714802016,33.2));
#4907 = CARTESIAN_POINT('',(-63.72825654779,317.06393122181,33.2));
#4908 = CARTESIAN_POINT('',(-63.72364290632,317.19060527016,33.2));
#4909 = CARTESIAN_POINT('',(-63.70905856023,317.31628854967,33.2));
#4910 = CARTESIAN_POINT('',(-63.68470766782,317.44000437575,33.2));
#4911 = PCURVE('',#4866,#4912);
#4912 = DEFINITIONAL_REPRESENTATION('',(#4913),#4934);
#4913 = B_SPLINE_CURVE_WITH_KNOTS('',7,(#4914,#4915,#4916,#4917,#4918,
    #4919,#4920,#4921,#4922,#4923,#4924,#4925,#4926,#4927,#4928,#4929,
    #4930,#4931,#4932,#4933),.UNSPECIFIED.,.F.,.F.,(8,6,6,8),(0.,
    0.552559536359,0.720455681449,1.),.UNSPECIFIED.);
#4914 = CARTESIAN_POINT('',(0.848062078981,-2.4));
#4915 = CARTESIAN_POINT('',(0.793026931694,-2.4));
#4916 = CARTESIAN_POINT('',(0.736502369158,-2.4));
#4917 = CARTESIAN_POINT('',(0.678136931915,-2.4));
#4918 = CARTESIAN_POINT('',(0.617651192439,-2.4));
#4919 = CARTESIAN_POINT('',(0.554796617121,-2.4));
#4920 = CARTESIAN_POINT('',(0.489341230955,-2.4));
#4921 = CARTESIAN_POINT('',(0.400199739816,-2.4));
#4922 = CARTESIAN_POINT('',(0.379168469842,-2.4));
#4923 = CARTESIAN_POINT('',(0.357877333988,-2.4));
#4924 = CARTESIAN_POINT('',(0.336326859425,-2.4));
#4925 = CARTESIAN_POINT('',(0.314520863137,-2.4));
#4926 = CARTESIAN_POINT('',(0.292466942891,-2.4));
#4927 = CARTESIAN_POINT('',(0.233064527184,-2.4));
#4928 = CARTESIAN_POINT('',(0.1952767556,-2.4));
#4929 = CARTESIAN_POINT('',(0.156899874792,-2.4));
#4930 = CARTESIAN_POINT('',(0.11803864707,-2.4));
#4931 = CARTESIAN_POINT('',(7.881976378659E-02,-2.4));
#4932 = CARTESIAN_POINT('',(3.94029806125E-02,-2.4));
#4933 = CARTESIAN_POINT('',(0.,-2.4));
#4934 = ( GEOMETRIC_REPRESENTATION_CONTEXT(2) 
PARAMETRIC_REPRESENTATION_CONTEXT() REPRESENTATION_CONTEXT('2D SPACE',''
  ) );
#4935 = PCURVE('',#4936,#4941);
#4936 = PLANE('',#4937);
#4937 = AXIS2_PLACEMENT_3D('',#4938,#4939,#4940);
#4938 = CARTESIAN_POINT('',(-63.68470766782,317.44000437575,33.2));
#4939 = DIRECTION('',(0.,0.,1.));
#4940 = DIRECTION('',(-0.981174394615,0.193123813529,0.));
#4941 = DEFINITIONAL_REPRESENTATION('',(#4942),#4963);
#4942 = B_SPLINE_CURVE_WITH_KNOTS('',7,(#4943,#4944,#4945,#4946,#4947,
    #4948,#4949,#4950,#4951,#4952,#4953,#4954,#4955,#4956,#4957,#4958,
    #4959,#4960,#4961,#4962),.UNSPECIFIED.,.F.,.F.,(8,6,6,8),(0.,
    0.552559536359,0.720455681449,1.),.UNSPECIFIED.);
#4943 = CARTESIAN_POINT('',(-1.862091947286,2.4));
#4944 = CARTESIAN_POINT('',(-1.635071964724,2.283512549527));
#4945 = CARTESIAN_POINT('',(-1.414762782279,2.155391838303));
#4946 = CARTESIAN_POINT('',(-1.202094191427,2.014643466332));
#4947 = CARTESIAN_POINT('',(-0.998996601215,1.860272996834));
#4948 = CARTESIAN_POINT('',(-0.808346621214,1.691391816989));
#4949 = CARTESIAN_POINT('',(-0.633857714,1.507352974968));
#4950 = CARTESIAN_POINT('',(-0.433505980689,1.247005170003));
#4951 = CARTESIAN_POINT('',(-0.38876421179,1.184922614416));
#4952 = CARTESIAN_POINT('',(-0.346110975252,1.121436031022));
#4953 = CARTESIAN_POINT('',(-0.305698673436,1.056564905368));
#4954 = CARTESIAN_POINT('',(-0.267687456687,0.990344160955));
#4955 = CARTESIAN_POINT('',(-0.23224058162,0.922826770272));
#4956 = CARTESIAN_POINT('',(-0.145040155545,0.739634723665));
#4957 = CARTESIAN_POINT('',(-9.80862532378E-02,0.621727914147));
#4958 = CARTESIAN_POINT('',(-5.94663330066E-02,0.500799850948));
#4959 = CARTESIAN_POINT('',(-2.989963570751E-02,0.377403674918));
#4960 = CARTESIAN_POINT('',(-9.962647291232E-03,0.252223338189));
#4961 = CARTESIAN_POINT('',(0.,0.12608953796));
#4962 = CARTESIAN_POINT('',(0.,0.));
#4963 = ( GEOMETRIC_REPRESENTATION_CONTEXT(2) 
PARAMETRIC_REPRESENTATION_CONTEXT() REPRESENTATION_CONTEXT('2D SPACE',''
  ) );
#4964 = ORIENTED_EDGE('',*,*,#4965,.T.);
#4965 = EDGE_CURVE('',#4887,#4966,#4968,.T.);
#4966 = VERTEX_POINT('',#4967);
#4967 = CARTESIAN_POINT('',(-63.68470766782,317.44000437575,33.4));
#4968 = SEAM_CURVE('',#4969,(#4973,#4980),.PCURVE_S1.);
#4969 = LINE('',#4970,#4971);
#4970 = CARTESIAN_POINT('',(-63.68470766782,317.44000437575,30.8));
#4971 = VECTOR('',#4972,1.);
#4972 = DIRECTION('',(0.,0.,1.));
#4973 = PCURVE('',#4866,#4974);
#4974 = DEFINITIONAL_REPRESENTATION('',(#4975),#4979);
#4975 = LINE('',#4976,#4977);
#4976 = CARTESIAN_POINT('',(6.28318530718,0.));
#4977 = VECTOR('',#4978,1.);
#4978 = DIRECTION('',(0.,-1.));
#4979 = ( GEOMETRIC_REPRESENTATION_CONTEXT(2) 
PARAMETRIC_REPRESENTATION_CONTEXT() REPRESENTATION_CONTEXT('2D SPACE',''
  ) );
#4980 = PCURVE('',#4866,#4981);
#4981 = DEFINITIONAL_REPRESENTATION('',(#4982),#4986);
#4982 = LINE('',#4983,#4984);
#4983 = CARTESIAN_POINT('',(0.,0.));
#4984 = VECTOR('',#4985,1.);
#4985 = DIRECTION('',(0.,-1.));
#4986 = ( GEOMETRIC_REPRESENTATION_CONTEXT(2) 
PARAMETRIC_REPRESENTATION_CONTEXT() REPRESENTATION_CONTEXT('2D SPACE',''
  ) );
#4987 = ORIENTED_EDGE('',*,*,#4988,.T.);
#4988 = EDGE_CURVE('',#4966,#4966,#4989,.T.);
#4989 = SURFACE_CURVE('',#4990,(#4995,#5002),.PCURVE_S1.);
#4990 = ELLIPSE('',#4991,5.5,3.2);
#4991 = AXIS2_PLACEMENT_3D('',#4992,#4993,#4994);
#4992 = CARTESIAN_POINT('',(-58.28824849743,316.37782340134,33.4));
#4993 = DIRECTION('',(0.,0.,1.));
#4994 = DIRECTION('',(-0.981174394615,0.193123813529,0.));
#4995 = PCURVE('',#4866,#4996);
#4996 = DEFINITIONAL_REPRESENTATION('',(#4997),#5001);
#4997 = LINE('',#4998,#4999);
#4998 = CARTESIAN_POINT('',(0.,-2.6));
#4999 = VECTOR('',#5000,1.);
#5000 = DIRECTION('',(1.,0.));
#5001 = ( GEOMETRIC_REPRESENTATION_CONTEXT(2) 
PARAMETRIC_REPRESENTATION_CONTEXT() REPRESENTATION_CONTEXT('2D SPACE',''
  ) );
#5002 = PCURVE('',#5003,#5008);
#5003 = PLANE('',#5004);
#5004 = AXIS2_PLACEMENT_3D('',#5005,#5006,#5007);
#5005 = CARTESIAN_POINT('',(-58.65984555895,316.45096456973,33.4));
#5006 = DIRECTION('',(0.,0.,1.));
#5007 = DIRECTION('',(-0.981174394615,0.193123813529,0.));
#5008 = DEFINITIONAL_REPRESENTATION('',(#5009),#5013);
#5009 = ELLIPSE('',#5010,5.5,3.2);
#5010 = AXIS2_PLACEMENT_2D('',#5011,#5012);
#5011 = CARTESIAN_POINT('',(-0.378726823242,3.899658373996E-15));
#5012 = DIRECTION('',(1.,0.));
#5013 = ( GEOMETRIC_REPRESENTATION_CONTEXT(2) 
PARAMETRIC_REPRESENTATION_CONTEXT() REPRESENTATION_CONTEXT('2D SPACE',''
  ) );
#5014 = ORIENTED_EDGE('',*,*,#4965,.F.);
#5015 = ORIENTED_EDGE('',*,*,#5016,.T.);
#5016 = EDGE_CURVE('',#4887,#5017,#5019,.T.);
#5017 = VERTEX_POINT('',#5018);
#5018 = CARTESIAN_POINT('',(-62.05106140928,319.19818522593,33.2));
#5019 = SURFACE_CURVE('',#5020,(#5041,#5065),.PCURVE_S1.);
#5020 = B_SPLINE_CURVE_WITH_KNOTS('',7,(#5021,#5022,#5023,#5024,#5025,
    #5026,#5027,#5028,#5029,#5030,#5031,#5032,#5033,#5034,#5035,#5036,
    #5037,#5038,#5039,#5040),.UNSPECIFIED.,.F.,.F.,(8,6,6,8),(0.,
    0.279544318551,0.44744046364,1.),.UNSPECIFIED.);
#5021 = CARTESIAN_POINT('',(-63.68470766782,317.44000437575,33.2));
#5022 = CARTESIAN_POINT('',(-63.6603567754,317.56372020182,33.2));
#5023 = CARTESIAN_POINT('',(-63.62622224046,317.68555543247,33.2));
#5024 = CARTESIAN_POINT('',(-63.58248527391,317.80452886634,33.2));
#5025 = CARTESIAN_POINT('',(-63.5296444475,317.91989200132,33.2));
#5026 = CARTESIAN_POINT('',(-63.46839748192,318.03108509425,33.2));
#5027 = CARTESIAN_POINT('',(-63.39955690255,318.13770432002,33.2));
#5028 = CARTESIAN_POINT('',(-63.27861933064,318.30060718663,33.2));
#5029 = CARTESIAN_POINT('',(-63.23080054849,318.36000788586,33.2));
#5030 = CARTESIAN_POINT('',(-63.18071611321,318.41764111354,33.2));
#5031 = CARTESIAN_POINT('',(-63.12853643826,318.47348642314,33.2));
#5032 = CARTESIAN_POINT('',(-63.07442540363,318.52754047747,33.2));
#5033 = CARTESIAN_POINT('',(-63.01853630573,318.57981359033,33.2));
#5034 = CARTESIAN_POINT('',(-62.77167695415,318.79656749947,33.2));
#5035 = CARTESIAN_POINT('',(-62.56493062324,318.9434437357,33.2));
#5036 = CARTESIAN_POINT('',(-62.34525476704,319.07232657391,33.2));
#5037 = CARTESIAN_POINT('',(-62.11616799815,319.18456794472,33.2));
#5038 = CARTESIAN_POINT('',(-61.88032115993,319.2815952741,33.2));
#5039 = CARTESIAN_POINT('',(-61.63941627087,319.3647570859,33.2));
#5040 = CARTESIAN_POINT('',(-61.39417357625,319.43520862482,33.2));
#5041 = PCURVE('',#4866,#5042);
#5042 = DEFINITIONAL_REPRESENTATION('',(#5043),#5064);
#5043 = B_SPLINE_CURVE_WITH_KNOTS('',7,(#5044,#5045,#5046,#5047,#5048,
    #5049,#5050,#5051,#5052,#5053,#5054,#5055,#5056,#5057,#5058,#5059,
    #5060,#5061,#5062,#5063),.UNSPECIFIED.,.F.,.F.,(8,6,6,8),(0.,
    0.279544318551,0.44744046364,1.),.UNSPECIFIED.);
#5044 = CARTESIAN_POINT('',(6.28318530718,-2.4));
#5045 = CARTESIAN_POINT('',(6.243782326567,-2.4));
#5046 = CARTESIAN_POINT('',(6.204365543393,-2.4));
#5047 = CARTESIAN_POINT('',(6.16514666011,-2.4));
#5048 = CARTESIAN_POINT('',(6.126285432387,-2.4));
#5049 = CARTESIAN_POINT('',(6.08790855158,-2.4));
#5050 = CARTESIAN_POINT('',(6.050120779996,-2.4));
#5051 = CARTESIAN_POINT('',(5.990718364289,-2.4));
#5052 = CARTESIAN_POINT('',(5.968664444043,-2.4));
#5053 = CARTESIAN_POINT('',(5.946858447755,-2.4));
#5054 = CARTESIAN_POINT('',(5.925307973192,-2.4));
#5055 = CARTESIAN_POINT('',(5.904016837338,-2.4));
#5056 = CARTESIAN_POINT('',(5.882985567364,-2.4));
#5057 = CARTESIAN_POINT('',(5.793844076225,-2.4));
#5058 = CARTESIAN_POINT('',(5.728388690059,-2.4));
#5059 = CARTESIAN_POINT('',(5.66553411474,-2.4));
#5060 = CARTESIAN_POINT('',(5.605048375265,-2.4));
#5061 = CARTESIAN_POINT('',(5.546682938022,-2.4));
#5062 = CARTESIAN_POINT('',(5.490158375486,-2.4));
#5063 = CARTESIAN_POINT('',(5.435123228198,-2.4));
#5064 = ( GEOMETRIC_REPRESENTATION_CONTEXT(2) 
PARAMETRIC_REPRESENTATION_CONTEXT() REPRESENTATION_CONTEXT('2D SPACE',''
  ) );
#5065 = PCURVE('',#4936,#5066);
#5066 = DEFINITIONAL_REPRESENTATION('',(#5067),#5088);
#5067 = B_SPLINE_CURVE_WITH_KNOTS('',7,(#5068,#5069,#5070,#5071,#5072,
    #5073,#5074,#5075,#5076,#5077,#5078,#5079,#5080,#5081,#5082,#5083,
    #5084,#5085,#5086,#5087),.UNSPECIFIED.,.F.,.F.,(8,6,6,8),(0.,
    0.279544318551,0.44744046364,1.),.UNSPECIFIED.);
#5068 = CARTESIAN_POINT('',(0.,0.));
#5069 = CARTESIAN_POINT('',(1.42108547152E-14,-0.12608953796));
#5070 = CARTESIAN_POINT('',(-9.962647291189E-03,-0.252223338188));
#5071 = CARTESIAN_POINT('',(-2.989963570754E-02,-0.377403674918));
#5072 = CARTESIAN_POINT('',(-5.946633300654E-02,-0.500799850948));
#5073 = CARTESIAN_POINT('',(-9.808625323764E-02,-0.621727914147));
#5074 = CARTESIAN_POINT('',(-0.145040155545,-0.739634723665));
#5075 = CARTESIAN_POINT('',(-0.23224058162,-0.922826770271));
#5076 = CARTESIAN_POINT('',(-0.267687456687,-0.990344160955));
#5077 = CARTESIAN_POINT('',(-0.305698673436,-1.056564905368));
#5078 = CARTESIAN_POINT('',(-0.346110975252,-1.121436031021));
#5079 = CARTESIAN_POINT('',(-0.38876421179,-1.184922614415));
#5080 = CARTESIAN_POINT('',(-0.433505980688,-1.247005170002));
#5081 = CARTESIAN_POINT('',(-0.633857714,-1.507352974968));
#5082 = CARTESIAN_POINT('',(-0.808346621213,-1.691391816989));
#5083 = CARTESIAN_POINT('',(-0.998996601215,-1.860272996833));
#5084 = CARTESIAN_POINT('',(-1.202094191427,-2.014643466332));
#5085 = CARTESIAN_POINT('',(-1.414762782279,-2.155391838303));
#5086 = CARTESIAN_POINT('',(-1.635071964724,-2.283512549527));
#5087 = CARTESIAN_POINT('',(-1.862091947286,-2.4));
#5088 = ( GEOMETRIC_REPRESENTATION_CONTEXT(2) 
PARAMETRIC_REPRESENTATION_CONTEXT() REPRESENTATION_CONTEXT('2D SPACE',''
  ) );
#5089 = ORIENTED_EDGE('',*,*,#5090,.T.);
#5090 = EDGE_CURVE('',#5017,#4814,#5091,.T.);
#5091 = SURFACE_CURVE('',#5092,(#5098,#5107),.PCURVE_S1.);
#5092 = B_SPLINE_CURVE_WITH_KNOTS('',4,(#5093,#5094,#5095,#5096,#5097),
  .UNSPECIFIED.,.F.,.F.,(5,5),(0.,1.),.PIECEWISE_BEZIER_KNOTS.);
#5093 = CARTESIAN_POINT('',(-62.05106140928,319.19818522593,33.2000006)
  );
#5094 = CARTESIAN_POINT('',(-62.05106140928,319.19818522593,32.6000003)
  );
#5095 = CARTESIAN_POINT('',(-62.05106140928,319.19818522593,32.));
#5096 = CARTESIAN_POINT('',(-62.05106140928,319.19818522593,31.3999997)
  );
#5097 = CARTESIAN_POINT('',(-62.05106140928,319.19818522593,30.7999994)
  );
#5098 = PCURVE('',#4866,#5099);
#5099 = DEFINITIONAL_REPRESENTATION('',(#5100),#5106);
#5100 = B_SPLINE_CURVE_WITH_KNOTS('',4,(#5101,#5102,#5103,#5104,#5105),
  .UNSPECIFIED.,.F.,.F.,(5,5),(0.,1.),.PIECEWISE_BEZIER_KNOTS.);
#5101 = CARTESIAN_POINT('',(5.591701796121,-2.4000006));
#5102 = CARTESIAN_POINT('',(5.591701796121,-1.8000003));
#5103 = CARTESIAN_POINT('',(5.591701796121,-1.2));
#5104 = CARTESIAN_POINT('',(5.591701796121,-0.5999997));
#5105 = CARTESIAN_POINT('',(5.591701796121,5.999999999062E-07));
#5106 = ( GEOMETRIC_REPRESENTATION_CONTEXT(2) 
PARAMETRIC_REPRESENTATION_CONTEXT() REPRESENTATION_CONTEXT('2D SPACE',''
  ) );
#5107 = PCURVE('',#4839,#5108);
#5108 = DEFINITIONAL_REPRESENTATION('',(#5109),#5115);
#5109 = B_SPLINE_CURVE_WITH_KNOTS('',4,(#5110,#5111,#5112,#5113,#5114),
  .UNSPECIFIED.,.F.,.F.,(5,5),(0.,1.),.PIECEWISE_BEZIER_KNOTS.);
#5110 = CARTESIAN_POINT('',(-4.158035315084,-2.4000006));
#5111 = CARTESIAN_POINT('',(-4.158035315084,-1.8000003));
#5112 = CARTESIAN_POINT('',(-4.158035315084,-1.2));
#5113 = CARTESIAN_POINT('',(-4.158035315084,-0.5999997));
#5114 = CARTESIAN_POINT('',(-4.158035315084,5.999999999062E-07));
#5115 = ( GEOMETRIC_REPRESENTATION_CONTEXT(2) 
PARAMETRIC_REPRESENTATION_CONTEXT() REPRESENTATION_CONTEXT('2D SPACE',''
  ) );
#5116 = ORIENTED_EDGE('',*,*,#4851,.F.);
#5117 = ORIENTED_EDGE('',*,*,#5118,.F.);
#5118 = EDGE_CURVE('',#4885,#4812,#5119,.T.);
#5119 = SURFACE_CURVE('',#5120,(#5126,#5135),.PCURVE_S1.);
#5120 = B_SPLINE_CURVE_WITH_KNOTS('',4,(#5121,#5122,#5123,#5124,#5125),
  .UNSPECIFIED.,.F.,.F.,(5,5),(0.,1.),.PIECEWISE_BEZIER_KNOTS.);
#5121 = CARTESIAN_POINT('',(-62.83922982992,315.19385940589,33.2000006)
  );
#5122 = CARTESIAN_POINT('',(-62.83922982992,315.19385940589,32.6000003)
  );
#5123 = CARTESIAN_POINT('',(-62.83922982992,315.19385940589,32.));
#5124 = CARTESIAN_POINT('',(-62.83922982992,315.19385940589,31.3999997)
  );
#5125 = CARTESIAN_POINT('',(-62.83922982992,315.19385940589,30.7999994)
  );
#5126 = PCURVE('',#4866,#5127);
#5127 = DEFINITIONAL_REPRESENTATION('',(#5128),#5134);
#5128 = B_SPLINE_CURVE_WITH_KNOTS('',4,(#5129,#5130,#5131,#5132,#5133),
  .UNSPECIFIED.,.F.,.F.,(5,5),(0.,1.),.PIECEWISE_BEZIER_KNOTS.);
#5129 = CARTESIAN_POINT('',(0.691483511059,-2.4000006));
#5130 = CARTESIAN_POINT('',(0.691483511059,-1.8000003));
#5131 = CARTESIAN_POINT('',(0.691483511059,-1.2));
#5132 = CARTESIAN_POINT('',(0.691483511059,-0.5999997));
#5133 = CARTESIAN_POINT('',(0.691483511059,5.999999999062E-07));
#5134 = ( GEOMETRIC_REPRESENTATION_CONTEXT(2) 
PARAMETRIC_REPRESENTATION_CONTEXT() REPRESENTATION_CONTEXT('2D SPACE',''
  ) );
#5135 = PCURVE('',#4839,#5136);
#5136 = DEFINITIONAL_REPRESENTATION('',(#5137),#5143);
#5137 = B_SPLINE_CURVE_WITH_KNOTS('',4,(#5138,#5139,#5140,#5141,#5142),
  .UNSPECIFIED.,.F.,.F.,(5,5),(0.,1.),.PIECEWISE_BEZIER_KNOTS.);
#5138 = CARTESIAN_POINT('',(-8.408335299275,-2.4000006));
#5139 = CARTESIAN_POINT('',(-8.408335299275,-1.8000003));
#5140 = CARTESIAN_POINT('',(-8.408335299275,-1.2));
#5141 = CARTESIAN_POINT('',(-8.408335299275,-0.5999997));
#5142 = CARTESIAN_POINT('',(-8.408335299275,5.999999999062E-07));
#5143 = ( GEOMETRIC_REPRESENTATION_CONTEXT(2) 
PARAMETRIC_REPRESENTATION_CONTEXT() REPRESENTATION_CONTEXT('2D SPACE',''
  ) );
#5144 = ADVANCED_FACE('',(#5145),#5003,.T.);
#5145 = FACE_BOUND('',#5146,.T.);
#5146 = EDGE_LOOP('',(#5147));
#5147 = ORIENTED_EDGE('',*,*,#4988,.T.);
#5148 = ADVANCED_FACE('',(#5149),#4936,.T.);
#5149 = FACE_BOUND('',#5150,.T.);
#5150 = EDGE_LOOP('',(#5151,#5152,#5178));
#5151 = ORIENTED_EDGE('',*,*,#5016,.T.);
#5152 = ORIENTED_EDGE('',*,*,#5153,.F.);
#5153 = EDGE_CURVE('',#4885,#5017,#5154,.T.);
#5154 = SURFACE_CURVE('',#5155,(#5160,#5171),.PCURVE_S1.);
#5155 = CIRCLE('',#5156,2.4);
#5156 = AXIS2_PLACEMENT_3D('',#5157,#5158,#5159);
#5157 = CARTESIAN_POINT('',(-63.68470766782,317.44000437575,33.2));
#5158 = DIRECTION('',(0.,-0.,-1.));
#5159 = DIRECTION('',(0.352282432456,-0.935893737442,0.));
#5160 = PCURVE('',#4936,#5161);
#5161 = DEFINITIONAL_REPRESENTATION('',(#5162),#5170);
#5162 = ( BOUNDED_CURVE() B_SPLINE_CURVE(2,(#5163,#5164,#5165,#5166,
#5167,#5168,#5169),.UNSPECIFIED.,.T.,.F.) B_SPLINE_CURVE_WITH_KNOTS((1,2
    ,2,2,2,1),(-2.094395102393,0.,2.094395102393,4.188790204786,
6.28318530718,8.377580409573),.UNSPECIFIED.) CURVE() 
GEOMETRIC_REPRESENTATION_ITEM() RATIONAL_B_SPLINE_CURVE((1.,0.5,1.,0.5,
1.,0.5,1.)) REPRESENTATION_ITEM('') );
#5163 = CARTESIAN_POINT('',(-1.263345288075,2.040578026712));
#5164 = CARTESIAN_POINT('',(2.271039530998,4.228756253161));
#5165 = CARTESIAN_POINT('',(2.398865053574,7.380009986873E-02));
#5166 = CARTESIAN_POINT('',(2.52669057615,-4.081156053423));
#5167 = CARTESIAN_POINT('',(-1.135519765499,-2.11437812658));
#5168 = CARTESIAN_POINT('',(-4.797730107148,-0.147600199737));
#5169 = CARTESIAN_POINT('',(-1.263345288075,2.040578026712));
#5170 = ( GEOMETRIC_REPRESENTATION_CONTEXT(2) 
PARAMETRIC_REPRESENTATION_CONTEXT() REPRESENTATION_CONTEXT('2D SPACE',''
  ) );
#5171 = PCURVE('',#4839,#5172);
#5172 = DEFINITIONAL_REPRESENTATION('',(#5173),#5177);
#5173 = LINE('',#5174,#5175);
#5174 = CARTESIAN_POINT('',(-8.408335299275,-2.4));
#5175 = VECTOR('',#5176,1.);
#5176 = DIRECTION('',(1.,-0.));
#5177 = ( GEOMETRIC_REPRESENTATION_CONTEXT(2) 
PARAMETRIC_REPRESENTATION_CONTEXT() REPRESENTATION_CONTEXT('2D SPACE',''
  ) );
#5178 = ORIENTED_EDGE('',*,*,#4884,.T.);
#5179 = ADVANCED_FACE('',(#5180),#4839,.T.);
#5180 = FACE_BOUND('',#5181,.F.);
#5181 = EDGE_LOOP('',(#5182,#5183,#5184,#5185));
#5182 = ORIENTED_EDGE('',*,*,#4811,.T.);
#5183 = ORIENTED_EDGE('',*,*,#5090,.F.);
#5184 = ORIENTED_EDGE('',*,*,#5153,.F.);
#5185 = ORIENTED_EDGE('',*,*,#5118,.T.);
#5186 = MANIFOLD_SOLID_BREP('',#5187);
#5187 = CLOSED_SHELL('',(#5188,#5261,#5525,#5529,#5560));
#5188 = ADVANCED_FACE('',(#5189),#5204,.F.);
#5189 = FACE_BOUND('',#5190,.F.);
#5190 = EDGE_LOOP('',(#5191,#5231));
#5191 = ORIENTED_EDGE('',*,*,#5192,.F.);
#5192 = EDGE_CURVE('',#5193,#5195,#5197,.T.);
#5193 = VERTEX_POINT('',#5194);
#5194 = CARTESIAN_POINT('',(-114.857048712,227.62721159863,30.8));
#5195 = VERTEX_POINT('',#5196);
#5196 = CARTESIAN_POINT('',(-116.6856224633,231.27579389434,30.8));
#5197 = SURFACE_CURVE('',#5198,(#5203,#5219),.PCURVE_S1.);
#5198 = CIRCLE('',#5199,2.4);
#5199 = AXIS2_PLACEMENT_3D('',#5200,#5201,#5202);
#5200 = CARTESIAN_POINT('',(-116.9007751854,228.88545724312,30.8));
#5201 = DIRECTION('',(0.,-0.,-1.));
#5202 = DIRECTION('',(0.851552697255,-0.524269018537,0.));
#5203 = PCURVE('',#5204,#5209);
#5204 = PLANE('',#5205);
#5205 = AXIS2_PLACEMENT_3D('',#5206,#5207,#5208);
#5206 = CARTESIAN_POINT('',(-112.3223208456,231.18005847413,30.8));
#5207 = DIRECTION('',(0.,0.,1.));
#5208 = DIRECTION('',(-0.894007052891,-0.448052886814,0.));
#5209 = DEFINITIONAL_REPRESENTATION('',(#5210),#5218);
#5210 = ( BOUNDED_CURVE() B_SPLINE_CURVE(2,(#5211,#5212,#5213,#5214,
#5215,#5216,#5217),.UNSPECIFIED.,.T.,.F.) B_SPLINE_CURVE_WITH_KNOTS((1,2
    ,2,2,2,1),(-2.094395102393,0.,2.094395102393,4.188790204786,
6.28318530718,8.377580409573),.UNSPECIFIED.) CURVE() 
GEOMETRIC_REPRESENTATION_ITEM() RATIONAL_B_SPLINE_CURVE((1.,0.5,1.,0.5,
1.,0.5,1.)) REPRESENTATION_ITEM('') );
#5211 = CARTESIAN_POINT('',(3.857927888683,2.040578026712));
#5212 = CARTESIAN_POINT('',(7.392312707756,4.228756253161));
#5213 = CARTESIAN_POINT('',(7.520138230332,7.380009986871E-02));
#5214 = CARTESIAN_POINT('',(7.647963752908,-4.081156053423));
#5215 = CARTESIAN_POINT('',(3.985753411259,-2.11437812658));
#5216 = CARTESIAN_POINT('',(0.32354306961,-0.147600199737));
#5217 = CARTESIAN_POINT('',(3.857927888683,2.040578026712));
#5218 = ( GEOMETRIC_REPRESENTATION_CONTEXT(2) 
PARAMETRIC_REPRESENTATION_CONTEXT() REPRESENTATION_CONTEXT('2D SPACE',''
  ) );
#5219 = PCURVE('',#5220,#5225);
#5220 = CYLINDRICAL_SURFACE('',#5221,2.4);
#5221 = AXIS2_PLACEMENT_3D('',#5222,#5223,#5224);
#5222 = CARTESIAN_POINT('',(-116.9007751854,228.88545724312,30.8));
#5223 = DIRECTION('',(0.,0.,-1.));
#5224 = DIRECTION('',(-0.894007052891,-0.448052886814,0.));
#5225 = DEFINITIONAL_REPRESENTATION('',(#5226),#5230);
#5226 = LINE('',#5227,#5228);
#5227 = CARTESIAN_POINT('',(-8.408335299275,0.));
#5228 = VECTOR('',#5229,1.);
#5229 = DIRECTION('',(1.,-0.));
#5230 = ( GEOMETRIC_REPRESENTATION_CONTEXT(2) 
PARAMETRIC_REPRESENTATION_CONTEXT() REPRESENTATION_CONTEXT('2D SPACE',''
  ) );
#5231 = ORIENTED_EDGE('',*,*,#5232,.T.);
#5232 = EDGE_CURVE('',#5193,#5195,#5233,.T.);
#5233 = SURFACE_CURVE('',#5234,(#5239,#5246),.PCURVE_S1.);
#5234 = ELLIPSE('',#5235,5.5,3.2);
#5235 = AXIS2_PLACEMENT_3D('',#5236,#5237,#5238);
#5236 = CARTESIAN_POINT('',(-111.9837363945,231.3497481206,30.8));
#5237 = DIRECTION('',(0.,0.,1.));
#5238 = DIRECTION('',(-0.894007052891,-0.448052886814,0.));
#5239 = PCURVE('',#5204,#5240);
#5240 = DEFINITIONAL_REPRESENTATION('',(#5241),#5245);
#5241 = ELLIPSE('',#5242,5.5,3.2);
#5242 = AXIS2_PLACEMENT_2D('',#5243,#5244);
#5243 = CARTESIAN_POINT('',(-0.378726823242,1.415534356397E-15));
#5244 = DIRECTION('',(1.,0.));
#5245 = ( GEOMETRIC_REPRESENTATION_CONTEXT(2) 
PARAMETRIC_REPRESENTATION_CONTEXT() REPRESENTATION_CONTEXT('2D SPACE',''
  ) );
#5246 = PCURVE('',#5247,#5255);
#5247 = SURFACE_OF_LINEAR_EXTRUSION('',#5248,#5253);
#5248 = ELLIPSE('',#5249,5.5,3.2);
#5249 = AXIS2_PLACEMENT_3D('',#5250,#5251,#5252);
#5250 = CARTESIAN_POINT('',(-111.9837363945,231.3497481206,30.8));
#5251 = DIRECTION('',(0.,0.,1.));
#5252 = DIRECTION('',(-0.894007052891,-0.448052886814,0.));
#5253 = VECTOR('',#5254,1.);
#5254 = DIRECTION('',(0.,0.,-1.));
#5255 = DEFINITIONAL_REPRESENTATION('',(#5256),#5260);
#5256 = LINE('',#5257,#5258);
#5257 = CARTESIAN_POINT('',(0.,0.));
#5258 = VECTOR('',#5259,1.);
#5259 = DIRECTION('',(1.,0.));
#5260 = ( GEOMETRIC_REPRESENTATION_CONTEXT(2) 
PARAMETRIC_REPRESENTATION_CONTEXT() REPRESENTATION_CONTEXT('2D SPACE',''
  ) );
#5261 = ADVANCED_FACE('',(#5262),#5247,.F.);
#5262 = FACE_BOUND('',#5263,.F.);
#5263 = EDGE_LOOP('',(#5264,#5345,#5368,#5395,#5396,#5470,#5497,#5498));
#5264 = ORIENTED_EDGE('',*,*,#5265,.T.);
#5265 = EDGE_CURVE('',#5266,#5268,#5270,.T.);
#5266 = VERTEX_POINT('',#5267);
#5267 = CARTESIAN_POINT('',(-114.857048712,227.62721159863,33.2));
#5268 = VERTEX_POINT('',#5269);
#5269 = CARTESIAN_POINT('',(-116.9007751854,228.88545724312,33.2));
#5270 = SURFACE_CURVE('',#5271,(#5292,#5316),.PCURVE_S1.);
#5271 = B_SPLINE_CURVE_WITH_KNOTS('',7,(#5272,#5273,#5274,#5275,#5276,
    #5277,#5278,#5279,#5280,#5281,#5282,#5283,#5284,#5285,#5286,#5287,
    #5288,#5289,#5290,#5291),.UNSPECIFIED.,.F.,.F.,(8,6,6,8),(0.,
    0.552559536359,0.720455681449,1.),.UNSPECIFIED.);
#5272 = CARTESIAN_POINT('',(-114.160724923,227.57415598868,33.2));
#5273 = CARTESIAN_POINT('',(-114.4158749271,227.57657963242,33.2));
#5274 = CARTESIAN_POINT('',(-114.6702377445,227.59241028669,33.2));
#5275 = CARTESIAN_POINT('',(-114.923427679,227.62295354785,33.2));
#5276 = CARTESIAN_POINT('',(-115.1741644916,227.66996337474,33.2));
#5277 = CARTESIAN_POINT('',(-115.4202746185,227.73552306671,33.2));
#5278 = CARTESIAN_POINT('',(-115.6587280667,227.82187483089,33.2));
#5279 = CARTESIAN_POINT('',(-115.9544935149,227.96485943225,33.2));
#5280 = CARTESIAN_POINT('',(-116.0223092401,228.00031499609,33.2));
#5281 = CARTESIAN_POINT('',(-116.0888868814,228.03796154364,33.2));
#5282 = CARTESIAN_POINT('',(-116.1540814593,228.07784993901,33.2));
#5283 = CARTESIAN_POINT('',(-116.2177341509,228.12002071617,33.2));
#5284 = CARTESIAN_POINT('',(-116.279675269,228.16449966493,33.2));
#5285 = CARTESIAN_POINT('',(-116.4397127903,228.289204244,33.2));
#5286 = CARTESIAN_POINT('',(-116.5345183965,228.37357593181,33.2));
#5287 = CARTESIAN_POINT('',(-116.6232270454,228.46438270646,33.2));
#5288 = CARTESIAN_POINT('',(-116.7049478942,228.56145231405,33.2));
#5289 = CARTESIAN_POINT('',(-116.7788591137,228.66443159276,33.2));
#5290 = CARTESIAN_POINT('',(-116.8442804039,228.77273230689,33.2));
#5291 = CARTESIAN_POINT('',(-116.9007751854,228.88545724312,33.2));
#5292 = PCURVE('',#5247,#5293);
#5293 = DEFINITIONAL_REPRESENTATION('',(#5294),#5315);
#5294 = B_SPLINE_CURVE_WITH_KNOTS('',7,(#5295,#5296,#5297,#5298,#5299,
    #5300,#5301,#5302,#5303,#5304,#5305,#5306,#5307,#5308,#5309,#5310,
    #5311,#5312,#5313,#5314),.UNSPECIFIED.,.F.,.F.,(8,6,6,8),(0.,
    0.552559536359,0.720455681449,1.),.UNSPECIFIED.);
#5295 = CARTESIAN_POINT('',(0.848062078981,-2.4));
#5296 = CARTESIAN_POINT('',(0.793026931694,-2.4));
#5297 = CARTESIAN_POINT('',(0.736502369158,-2.4));
#5298 = CARTESIAN_POINT('',(0.678136931915,-2.4));
#5299 = CARTESIAN_POINT('',(0.617651192439,-2.4));
#5300 = CARTESIAN_POINT('',(0.554796617121,-2.4));
#5301 = CARTESIAN_POINT('',(0.489341230955,-2.4));
#5302 = CARTESIAN_POINT('',(0.400199739816,-2.4));
#5303 = CARTESIAN_POINT('',(0.379168469842,-2.4));
#5304 = CARTESIAN_POINT('',(0.357877333988,-2.4));
#5305 = CARTESIAN_POINT('',(0.336326859425,-2.4));
#5306 = CARTESIAN_POINT('',(0.314520863137,-2.4));
#5307 = CARTESIAN_POINT('',(0.292466942891,-2.4));
#5308 = CARTESIAN_POINT('',(0.233064527184,-2.4));
#5309 = CARTESIAN_POINT('',(0.1952767556,-2.4));
#5310 = CARTESIAN_POINT('',(0.156899874792,-2.4));
#5311 = CARTESIAN_POINT('',(0.11803864707,-2.4));
#5312 = CARTESIAN_POINT('',(7.881976378659E-02,-2.4));
#5313 = CARTESIAN_POINT('',(3.94029806125E-02,-2.4));
#5314 = CARTESIAN_POINT('',(0.,-2.4));
#5315 = ( GEOMETRIC_REPRESENTATION_CONTEXT(2) 
PARAMETRIC_REPRESENTATION_CONTEXT() REPRESENTATION_CONTEXT('2D SPACE',''
  ) );
#5316 = PCURVE('',#5317,#5322);
#5317 = PLANE('',#5318);
#5318 = AXIS2_PLACEMENT_3D('',#5319,#5320,#5321);
#5319 = CARTESIAN_POINT('',(-116.9007751854,228.88545724312,33.2));
#5320 = DIRECTION('',(0.,0.,1.));
#5321 = DIRECTION('',(-0.894007052891,-0.448052886814,0.));
#5322 = DEFINITIONAL_REPRESENTATION('',(#5323),#5344);
#5323 = B_SPLINE_CURVE_WITH_KNOTS('',7,(#5324,#5325,#5326,#5327,#5328,
    #5329,#5330,#5331,#5332,#5333,#5334,#5335,#5336,#5337,#5338,#5339,
    #5340,#5341,#5342,#5343),.UNSPECIFIED.,.F.,.F.,(8,6,6,8),(0.,
    0.552559536359,0.720455681449,1.),.UNSPECIFIED.);
#5324 = CARTESIAN_POINT('',(-1.862091947286,2.4));
#5325 = CARTESIAN_POINT('',(-1.635071964724,2.283512549527));
#5326 = CARTESIAN_POINT('',(-1.414762782279,2.155391838303));
#5327 = CARTESIAN_POINT('',(-1.202094191427,2.014643466332));
#5328 = CARTESIAN_POINT('',(-0.998996601215,1.860272996834));
#5329 = CARTESIAN_POINT('',(-0.808346621214,1.691391816989));
#5330 = CARTESIAN_POINT('',(-0.633857714,1.507352974968));
#5331 = CARTESIAN_POINT('',(-0.433505980689,1.247005170003));
#5332 = CARTESIAN_POINT('',(-0.38876421179,1.184922614416));
#5333 = CARTESIAN_POINT('',(-0.346110975252,1.121436031022));
#5334 = CARTESIAN_POINT('',(-0.305698673436,1.056564905368));
#5335 = CARTESIAN_POINT('',(-0.267687456687,0.990344160955));
#5336 = CARTESIAN_POINT('',(-0.23224058162,0.922826770272));
#5337 = CARTESIAN_POINT('',(-0.145040155545,0.739634723665));
#5338 = CARTESIAN_POINT('',(-9.808625323781E-02,0.621727914147));
#5339 = CARTESIAN_POINT('',(-5.94663330066E-02,0.500799850948));
#5340 = CARTESIAN_POINT('',(-2.989963570752E-02,0.377403674918));
#5341 = CARTESIAN_POINT('',(-9.962647291232E-03,0.252223338189));
#5342 = CARTESIAN_POINT('',(1.42108547152E-14,0.12608953796));
#5343 = CARTESIAN_POINT('',(0.,0.));
#5344 = ( GEOMETRIC_REPRESENTATION_CONTEXT(2) 
PARAMETRIC_REPRESENTATION_CONTEXT() REPRESENTATION_CONTEXT('2D SPACE',''
  ) );
#5345 = ORIENTED_EDGE('',*,*,#5346,.T.);
#5346 = EDGE_CURVE('',#5268,#5347,#5349,.T.);
#5347 = VERTEX_POINT('',#5348);
#5348 = CARTESIAN_POINT('',(-116.9007751854,228.88545724312,33.4));
#5349 = SEAM_CURVE('',#5350,(#5354,#5361),.PCURVE_S1.);
#5350 = LINE('',#5351,#5352);
#5351 = CARTESIAN_POINT('',(-116.9007751854,228.88545724312,30.8));
#5352 = VECTOR('',#5353,1.);
#5353 = DIRECTION('',(0.,0.,1.));
#5354 = PCURVE('',#5247,#5355);
#5355 = DEFINITIONAL_REPRESENTATION('',(#5356),#5360);
#5356 = LINE('',#5357,#5358);
#5357 = CARTESIAN_POINT('',(6.28318530718,0.));
#5358 = VECTOR('',#5359,1.);
#5359 = DIRECTION('',(0.,-1.));
#5360 = ( GEOMETRIC_REPRESENTATION_CONTEXT(2) 
PARAMETRIC_REPRESENTATION_CONTEXT() REPRESENTATION_CONTEXT('2D SPACE',''
  ) );
#5361 = PCURVE('',#5247,#5362);
#5362 = DEFINITIONAL_REPRESENTATION('',(#5363),#5367);
#5363 = LINE('',#5364,#5365);
#5364 = CARTESIAN_POINT('',(0.,0.));
#5365 = VECTOR('',#5366,1.);
#5366 = DIRECTION('',(0.,-1.));
#5367 = ( GEOMETRIC_REPRESENTATION_CONTEXT(2) 
PARAMETRIC_REPRESENTATION_CONTEXT() REPRESENTATION_CONTEXT('2D SPACE',''
  ) );
#5368 = ORIENTED_EDGE('',*,*,#5369,.T.);
#5369 = EDGE_CURVE('',#5347,#5347,#5370,.T.);
#5370 = SURFACE_CURVE('',#5371,(#5376,#5383),.PCURVE_S1.);
#5371 = ELLIPSE('',#5372,5.5,3.2);
#5372 = AXIS2_PLACEMENT_3D('',#5373,#5374,#5375);
#5373 = CARTESIAN_POINT('',(-111.9837363945,231.3497481206,33.4));
#5374 = DIRECTION('',(0.,0.,1.));
#5375 = DIRECTION('',(-0.894007052891,-0.448052886814,0.));
#5376 = PCURVE('',#5247,#5377);
#5377 = DEFINITIONAL_REPRESENTATION('',(#5378),#5382);
#5378 = LINE('',#5379,#5380);
#5379 = CARTESIAN_POINT('',(0.,-2.6));
#5380 = VECTOR('',#5381,1.);
#5381 = DIRECTION('',(1.,0.));
#5382 = ( GEOMETRIC_REPRESENTATION_CONTEXT(2) 
PARAMETRIC_REPRESENTATION_CONTEXT() REPRESENTATION_CONTEXT('2D SPACE',''
  ) );
#5383 = PCURVE('',#5384,#5389);
#5384 = PLANE('',#5385);
#5385 = AXIS2_PLACEMENT_3D('',#5386,#5387,#5388);
#5386 = CARTESIAN_POINT('',(-112.3223208456,231.18005847413,33.4));
#5387 = DIRECTION('',(0.,0.,1.));
#5388 = DIRECTION('',(-0.894007052891,-0.448052886814,0.));
#5389 = DEFINITIONAL_REPRESENTATION('',(#5390),#5394);
#5390 = ELLIPSE('',#5391,5.5,3.2);
#5391 = AXIS2_PLACEMENT_2D('',#5392,#5393);
#5392 = CARTESIAN_POINT('',(-0.378726823242,1.415534356397E-15));
#5393 = DIRECTION('',(1.,0.));
#5394 = ( GEOMETRIC_REPRESENTATION_CONTEXT(2) 
PARAMETRIC_REPRESENTATION_CONTEXT() REPRESENTATION_CONTEXT('2D SPACE',''
  ) );
#5395 = ORIENTED_EDGE('',*,*,#5346,.F.);
#5396 = ORIENTED_EDGE('',*,*,#5397,.T.);
#5397 = EDGE_CURVE('',#5268,#5398,#5400,.T.);
#5398 = VERTEX_POINT('',#5399);
#5399 = CARTESIAN_POINT('',(-116.6856224633,231.27579389434,33.2));
#5400 = SURFACE_CURVE('',#5401,(#5422,#5446),.PCURVE_S1.);
#5401 = B_SPLINE_CURVE_WITH_KNOTS('',7,(#5402,#5403,#5404,#5405,#5406,
    #5407,#5408,#5409,#5410,#5411,#5412,#5413,#5414,#5415,#5416,#5417,
    #5418,#5419,#5420,#5421),.UNSPECIFIED.,.F.,.F.,(8,6,6,8),(0.,
    0.279544318551,0.44744046364,1.),.UNSPECIFIED.);
#5402 = CARTESIAN_POINT('',(-116.9007751854,228.88545724312,33.2));
#5403 = CARTESIAN_POINT('',(-116.9572699669,228.99818217935,33.2));
#5404 = CARTESIAN_POINT('',(-117.0048779033,229.11541047924,33.2));
#5405 = CARTESIAN_POINT('',(-117.0431415062,229.23625540838,33.2));
#5406 = CARTESIAN_POINT('',(-117.0719966832,229.35981990413,33.2));
#5407 = CARTESIAN_POINT('',(-117.09165237,229.48523421227,33.2));
#5408 = CARTESIAN_POINT('',(-117.1025037365,229.61168156304,33.2));
#5409 = CARTESIAN_POINT('',(-117.1066256659,229.81452694737,33.2));
#5410 = CARTESIAN_POINT('',(-117.1051872714,229.89077004554,33.2));
#5411 = CARTESIAN_POINT('',(-117.1008753712,229.96700289348,33.2));
#5412 = CARTESIAN_POINT('',(-117.0938121835,230.04310498584,33.2));
#5413 = CARTESIAN_POINT('',(-117.0841252362,230.11897334492,33.2));
#5414 = CARTESIAN_POINT('',(-117.0719420475,230.19452226619,33.2));
#5415 = CARTESIAN_POINT('',(-117.0094757704,230.51704321252,33.2));
#5416 = CARTESIAN_POINT('',(-116.9359405912,230.75975549389,33.2));
#5417 = CARTESIAN_POINT('',(-116.8411658646,230.99615773368,33.2));
#5418 = CARTESIAN_POINT('',(-116.728761321,231.22516448377,33.2));
#5419 = CARTESIAN_POINT('',(-116.6016968152,231.44628129706,33.2));
#5420 = CARTESIAN_POINT('',(-116.4621437068,231.6595322817,33.2));
#5421 = CARTESIAN_POINT('',(-116.3113787797,231.86538984255,33.2));
#5422 = PCURVE('',#5247,#5423);
#5423 = DEFINITIONAL_REPRESENTATION('',(#5424),#5445);
#5424 = B_SPLINE_CURVE_WITH_KNOTS('',7,(#5425,#5426,#5427,#5428,#5429,
    #5430,#5431,#5432,#5433,#5434,#5435,#5436,#5437,#5438,#5439,#5440,
    #5441,#5442,#5443,#5444),.UNSPECIFIED.,.F.,.F.,(8,6,6,8),(0.,
    0.279544318551,0.44744046364,1.),.UNSPECIFIED.);
#5425 = CARTESIAN_POINT('',(6.28318530718,-2.4));
#5426 = CARTESIAN_POINT('',(6.243782326567,-2.4));
#5427 = CARTESIAN_POINT('',(6.204365543393,-2.4));
#5428 = CARTESIAN_POINT('',(6.16514666011,-2.4));
#5429 = CARTESIAN_POINT('',(6.126285432387,-2.4));
#5430 = CARTESIAN_POINT('',(6.08790855158,-2.4));
#5431 = CARTESIAN_POINT('',(6.050120779996,-2.4));
#5432 = CARTESIAN_POINT('',(5.990718364289,-2.4));
#5433 = CARTESIAN_POINT('',(5.968664444043,-2.4));
#5434 = CARTESIAN_POINT('',(5.946858447755,-2.4));
#5435 = CARTESIAN_POINT('',(5.925307973192,-2.4));
#5436 = CARTESIAN_POINT('',(5.904016837338,-2.4));
#5437 = CARTESIAN_POINT('',(5.882985567364,-2.4));
#5438 = CARTESIAN_POINT('',(5.793844076225,-2.4));
#5439 = CARTESIAN_POINT('',(5.728388690059,-2.4));
#5440 = CARTESIAN_POINT('',(5.66553411474,-2.4));
#5441 = CARTESIAN_POINT('',(5.605048375265,-2.4));
#5442 = CARTESIAN_POINT('',(5.546682938022,-2.4));
#5443 = CARTESIAN_POINT('',(5.490158375486,-2.4));
#5444 = CARTESIAN_POINT('',(5.435123228198,-2.4));
#5445 = ( GEOMETRIC_REPRESENTATION_CONTEXT(2) 
PARAMETRIC_REPRESENTATION_CONTEXT() REPRESENTATION_CONTEXT('2D SPACE',''
  ) );
#5446 = PCURVE('',#5317,#5447);
#5447 = DEFINITIONAL_REPRESENTATION('',(#5448),#5469);
#5448 = B_SPLINE_CURVE_WITH_KNOTS('',7,(#5449,#5450,#5451,#5452,#5453,
    #5454,#5455,#5456,#5457,#5458,#5459,#5460,#5461,#5462,#5463,#5464,
    #5465,#5466,#5467,#5468),.UNSPECIFIED.,.F.,.F.,(8,6,6,8),(0.,
    0.279544318551,0.44744046364,1.),.UNSPECIFIED.);
#5449 = CARTESIAN_POINT('',(0.,0.));
#5450 = CARTESIAN_POINT('',(1.42108547152E-14,-0.12608953796));
#5451 = CARTESIAN_POINT('',(-9.962647291189E-03,-0.252223338188));
#5452 = CARTESIAN_POINT('',(-2.989963570754E-02,-0.377403674918));
#5453 = CARTESIAN_POINT('',(-5.946633300655E-02,-0.500799850948));
#5454 = CARTESIAN_POINT('',(-9.808625323765E-02,-0.621727914147));
#5455 = CARTESIAN_POINT('',(-0.145040155545,-0.739634723665));
#5456 = CARTESIAN_POINT('',(-0.23224058162,-0.922826770271));
#5457 = CARTESIAN_POINT('',(-0.267687456687,-0.990344160955));
#5458 = CARTESIAN_POINT('',(-0.305698673436,-1.056564905368));
#5459 = CARTESIAN_POINT('',(-0.346110975252,-1.121436031021));
#5460 = CARTESIAN_POINT('',(-0.38876421179,-1.184922614415));
#5461 = CARTESIAN_POINT('',(-0.433505980688,-1.247005170002));
#5462 = CARTESIAN_POINT('',(-0.633857714,-1.507352974968));
#5463 = CARTESIAN_POINT('',(-0.808346621214,-1.691391816989));
#5464 = CARTESIAN_POINT('',(-0.998996601215,-1.860272996833));
#5465 = CARTESIAN_POINT('',(-1.202094191427,-2.014643466332));
#5466 = CARTESIAN_POINT('',(-1.414762782279,-2.155391838303));
#5467 = CARTESIAN_POINT('',(-1.635071964724,-2.283512549527));
#5468 = CARTESIAN_POINT('',(-1.862091947286,-2.4));
#5469 = ( GEOMETRIC_REPRESENTATION_CONTEXT(2) 
PARAMETRIC_REPRESENTATION_CONTEXT() REPRESENTATION_CONTEXT('2D SPACE',''
  ) );
#5470 = ORIENTED_EDGE('',*,*,#5471,.T.);
#5471 = EDGE_CURVE('',#5398,#5195,#5472,.T.);
#5472 = SURFACE_CURVE('',#5473,(#5479,#5488),.PCURVE_S1.);
#5473 = B_SPLINE_CURVE_WITH_KNOTS('',4,(#5474,#5475,#5476,#5477,#5478),
  .UNSPECIFIED.,.F.,.F.,(5,5),(0.,1.),.PIECEWISE_BEZIER_KNOTS.);
#5474 = CARTESIAN_POINT('',(-116.6856224633,231.27579389434,33.2000006)
  );
#5475 = CARTESIAN_POINT('',(-116.6856224633,231.27579389434,32.6000003)
  );
#5476 = CARTESIAN_POINT('',(-116.6856224633,231.27579389434,32.));
#5477 = CARTESIAN_POINT('',(-116.6856224633,231.27579389434,31.3999997)
  );
#5478 = CARTESIAN_POINT('',(-116.6856224633,231.27579389434,30.7999994)
  );
#5479 = PCURVE('',#5247,#5480);
#5480 = DEFINITIONAL_REPRESENTATION('',(#5481),#5487);
#5481 = B_SPLINE_CURVE_WITH_KNOTS('',4,(#5482,#5483,#5484,#5485,#5486),
  .UNSPECIFIED.,.F.,.F.,(5,5),(0.,1.),.PIECEWISE_BEZIER_KNOTS.);
#5482 = CARTESIAN_POINT('',(5.591701796121,-2.4000006));
#5483 = CARTESIAN_POINT('',(5.591701796121,-1.8000003));
#5484 = CARTESIAN_POINT('',(5.591701796121,-1.2));
#5485 = CARTESIAN_POINT('',(5.591701796121,-0.5999997));
#5486 = CARTESIAN_POINT('',(5.591701796121,5.999999999062E-07));
#5487 = ( GEOMETRIC_REPRESENTATION_CONTEXT(2) 
PARAMETRIC_REPRESENTATION_CONTEXT() REPRESENTATION_CONTEXT('2D SPACE',''
  ) );
#5488 = PCURVE('',#5220,#5489);
#5489 = DEFINITIONAL_REPRESENTATION('',(#5490),#5496);
#5490 = B_SPLINE_CURVE_WITH_KNOTS('',4,(#5491,#5492,#5493,#5494,#5495),
  .UNSPECIFIED.,.F.,.F.,(5,5),(0.,1.),.PIECEWISE_BEZIER_KNOTS.);
#5491 = CARTESIAN_POINT('',(-4.158035315084,-2.4000006));
#5492 = CARTESIAN_POINT('',(-4.158035315084,-1.8000003));
#5493 = CARTESIAN_POINT('',(-4.158035315084,-1.2));
#5494 = CARTESIAN_POINT('',(-4.158035315084,-0.5999997));
#5495 = CARTESIAN_POINT('',(-4.158035315084,5.999999999062E-07));
#5496 = ( GEOMETRIC_REPRESENTATION_CONTEXT(2) 
PARAMETRIC_REPRESENTATION_CONTEXT() REPRESENTATION_CONTEXT('2D SPACE',''
  ) );
#5497 = ORIENTED_EDGE('',*,*,#5232,.F.);
#5498 = ORIENTED_EDGE('',*,*,#5499,.F.);
#5499 = EDGE_CURVE('',#5266,#5193,#5500,.T.);
#5500 = SURFACE_CURVE('',#5501,(#5507,#5516),.PCURVE_S1.);
#5501 = B_SPLINE_CURVE_WITH_KNOTS('',4,(#5502,#5503,#5504,#5505,#5506),
  .UNSPECIFIED.,.F.,.F.,(5,5),(0.,1.),.PIECEWISE_BEZIER_KNOTS.);
#5502 = CARTESIAN_POINT('',(-114.857048712,227.62721159863,33.2000006));
#5503 = CARTESIAN_POINT('',(-114.857048712,227.62721159863,32.6000003));
#5504 = CARTESIAN_POINT('',(-114.857048712,227.62721159863,32.));
#5505 = CARTESIAN_POINT('',(-114.857048712,227.62721159863,31.3999997));
#5506 = CARTESIAN_POINT('',(-114.857048712,227.62721159863,30.7999994));
#5507 = PCURVE('',#5247,#5508);
#5508 = DEFINITIONAL_REPRESENTATION('',(#5509),#5515);
#5509 = B_SPLINE_CURVE_WITH_KNOTS('',4,(#5510,#5511,#5512,#5513,#5514),
  .UNSPECIFIED.,.F.,.F.,(5,5),(0.,1.),.PIECEWISE_BEZIER_KNOTS.);
#5510 = CARTESIAN_POINT('',(0.691483511059,-2.4000006));
#5511 = CARTESIAN_POINT('',(0.691483511059,-1.8000003));
#5512 = CARTESIAN_POINT('',(0.691483511059,-1.2));
#5513 = CARTESIAN_POINT('',(0.691483511059,-0.5999997));
#5514 = CARTESIAN_POINT('',(0.691483511059,5.999999999062E-07));
#5515 = ( GEOMETRIC_REPRESENTATION_CONTEXT(2) 
PARAMETRIC_REPRESENTATION_CONTEXT() REPRESENTATION_CONTEXT('2D SPACE',''
  ) );
#5516 = PCURVE('',#5220,#5517);
#5517 = DEFINITIONAL_REPRESENTATION('',(#5518),#5524);
#5518 = B_SPLINE_CURVE_WITH_KNOTS('',4,(#5519,#5520,#5521,#5522,#5523),
  .UNSPECIFIED.,.F.,.F.,(5,5),(0.,1.),.PIECEWISE_BEZIER_KNOTS.);
#5519 = CARTESIAN_POINT('',(-8.408335299275,-2.4000006));
#5520 = CARTESIAN_POINT('',(-8.408335299275,-1.8000003));
#5521 = CARTESIAN_POINT('',(-8.408335299275,-1.2));
#5522 = CARTESIAN_POINT('',(-8.408335299275,-0.5999997));
#5523 = CARTESIAN_POINT('',(-8.408335299275,5.999999999062E-07));
#5524 = ( GEOMETRIC_REPRESENTATION_CONTEXT(2) 
PARAMETRIC_REPRESENTATION_CONTEXT() REPRESENTATION_CONTEXT('2D SPACE',''
  ) );
#5525 = ADVANCED_FACE('',(#5526),#5384,.T.);
#5526 = FACE_BOUND('',#5527,.T.);
#5527 = EDGE_LOOP('',(#5528));
#5528 = ORIENTED_EDGE('',*,*,#5369,.T.);
#5529 = ADVANCED_FACE('',(#5530),#5317,.T.);
#5530 = FACE_BOUND('',#5531,.T.);
#5531 = EDGE_LOOP('',(#5532,#5533,#5559));
#5532 = ORIENTED_EDGE('',*,*,#5397,.T.);
#5533 = ORIENTED_EDGE('',*,*,#5534,.F.);
#5534 = EDGE_CURVE('',#5266,#5398,#5535,.T.);
#5535 = SURFACE_CURVE('',#5536,(#5541,#5552),.PCURVE_S1.);
#5536 = CIRCLE('',#5537,2.4);
#5537 = AXIS2_PLACEMENT_3D('',#5538,#5539,#5540);
#5538 = CARTESIAN_POINT('',(-116.9007751854,228.88545724312,33.2));
#5539 = DIRECTION('',(0.,-0.,-1.));
#5540 = DIRECTION('',(0.851552697255,-0.524269018537,0.));
#5541 = PCURVE('',#5317,#5542);
#5542 = DEFINITIONAL_REPRESENTATION('',(#5543),#5551);
#5543 = ( BOUNDED_CURVE() B_SPLINE_CURVE(2,(#5544,#5545,#5546,#5547,
#5548,#5549,#5550),.UNSPECIFIED.,.T.,.F.) B_SPLINE_CURVE_WITH_KNOTS((1,2
    ,2,2,2,1),(-2.094395102393,0.,2.094395102393,4.188790204786,
6.28318530718,8.377580409573),.UNSPECIFIED.) CURVE() 
GEOMETRIC_REPRESENTATION_ITEM() RATIONAL_B_SPLINE_CURVE((1.,0.5,1.,0.5,
1.,0.5,1.)) REPRESENTATION_ITEM('') );
#5544 = CARTESIAN_POINT('',(-1.263345288075,2.040578026712));
#5545 = CARTESIAN_POINT('',(2.271039530998,4.228756253161));
#5546 = CARTESIAN_POINT('',(2.398865053574,7.380009986873E-02));
#5547 = CARTESIAN_POINT('',(2.52669057615,-4.081156053423));
#5548 = CARTESIAN_POINT('',(-1.135519765499,-2.11437812658));
#5549 = CARTESIAN_POINT('',(-4.797730107148,-0.147600199737));
#5550 = CARTESIAN_POINT('',(-1.263345288075,2.040578026712));
#5551 = ( GEOMETRIC_REPRESENTATION_CONTEXT(2) 
PARAMETRIC_REPRESENTATION_CONTEXT() REPRESENTATION_CONTEXT('2D SPACE',''
  ) );
#5552 = PCURVE('',#5220,#5553);
#5553 = DEFINITIONAL_REPRESENTATION('',(#5554),#5558);
#5554 = LINE('',#5555,#5556);
#5555 = CARTESIAN_POINT('',(-8.408335299275,-2.4));
#5556 = VECTOR('',#5557,1.);
#5557 = DIRECTION('',(1.,-0.));
#5558 = ( GEOMETRIC_REPRESENTATION_CONTEXT(2) 
PARAMETRIC_REPRESENTATION_CONTEXT() REPRESENTATION_CONTEXT('2D SPACE',''
  ) );
#5559 = ORIENTED_EDGE('',*,*,#5265,.T.);
#5560 = ADVANCED_FACE('',(#5561),#5220,.T.);
#5561 = FACE_BOUND('',#5562,.F.);
#5562 = EDGE_LOOP('',(#5563,#5564,#5565,#5566));
#5563 = ORIENTED_EDGE('',*,*,#5192,.T.);
#5564 = ORIENTED_EDGE('',*,*,#5471,.F.);
#5565 = ORIENTED_EDGE('',*,*,#5534,.F.);
#5566 = ORIENTED_EDGE('',*,*,#5499,.T.);
#5567 = MANIFOLD_SOLID_BREP('',#5568);
#5568 = CLOSED_SHELL('',(#5569,#5642,#5906,#5910,#5941));
#5569 = ADVANCED_FACE('',(#5570),#5585,.F.);
#5570 = FACE_BOUND('',#5571,.F.);
#5571 = EDGE_LOOP('',(#5572,#5612));
#5572 = ORIENTED_EDGE('',*,*,#5573,.F.);
#5573 = EDGE_CURVE('',#5574,#5576,#5578,.T.);
#5574 = VERTEX_POINT('',#5575);
#5575 = CARTESIAN_POINT('',(92.973438167458,377.8769443109,30.8));
#5576 = VERTEX_POINT('',#5577);
#5577 = CARTESIAN_POINT('',(96.984771727792,378.62863427367,30.8));
#5578 = SURFACE_CURVE('',#5579,(#5584,#5600),.PCURVE_S1.);
#5579 = CIRCLE('',#5580,2.4);
#5580 = AXIS2_PLACEMENT_3D('',#5581,#5582,#5583);
#5581 = CARTESIAN_POINT('',(94.746415003863,379.49452062674,30.8));
#5582 = DIRECTION('',(-0.,0.,-1.));
#5583 = DIRECTION('',(-0.738740348502,-0.6739901316,0.));
#5584 = PCURVE('',#5585,#5590);
#5585 = PLANE('',#5586);
#5586 = AXIS2_PLACEMENT_3D('',#5587,#5588,#5589);
#5587 = CARTESIAN_POINT('',(95.689679508616,374.46086479573,30.8));
#5588 = DIRECTION('',(0.,0.,1.));
#5589 = DIRECTION('',(-0.184185547655,0.982891491486,0.));
#5590 = DEFINITIONAL_REPRESENTATION('',(#5591),#5599);
#5591 = ( BOUNDED_CURVE() B_SPLINE_CURVE(2,(#5592,#5593,#5594,#5595,
#5596,#5597,#5598),.UNSPECIFIED.,.T.,.F.) B_SPLINE_CURVE_WITH_KNOTS((1,2
    ,2,2,2,1),(-2.094395102393,0.,2.094395102393,4.188790204786,
6.28318530718,8.377580409573),.UNSPECIFIED.) CURVE() 
GEOMETRIC_REPRESENTATION_ITEM() RATIONAL_B_SPLINE_CURVE((1.,0.5,1.,0.5,
1.,0.5,1.)) REPRESENTATION_ITEM('') );
#5592 = CARTESIAN_POINT('',(3.857927888683,2.040578026712));
#5593 = CARTESIAN_POINT('',(7.392312707756,4.228756253161));
#5594 = CARTESIAN_POINT('',(7.520138230332,7.380009986871E-02));
#5595 = CARTESIAN_POINT('',(7.647963752908,-4.081156053423));
#5596 = CARTESIAN_POINT('',(3.985753411259,-2.11437812658));
#5597 = CARTESIAN_POINT('',(0.32354306961,-0.147600199737));
#5598 = CARTESIAN_POINT('',(3.857927888683,2.040578026712));
#5599 = ( GEOMETRIC_REPRESENTATION_CONTEXT(2) 
PARAMETRIC_REPRESENTATION_CONTEXT() REPRESENTATION_CONTEXT('2D SPACE',''
  ) );
#5600 = PCURVE('',#5601,#5606);
#5601 = CYLINDRICAL_SURFACE('',#5602,2.4);
#5602 = AXIS2_PLACEMENT_3D('',#5603,#5604,#5605);
#5603 = CARTESIAN_POINT('',(94.746415003863,379.49452062674,30.8));
#5604 = DIRECTION('',(0.,0.,-1.));
#5605 = DIRECTION('',(-0.184185547655,0.982891491486,0.));
#5606 = DEFINITIONAL_REPRESENTATION('',(#5607),#5611);
#5607 = LINE('',#5608,#5609);
#5608 = CARTESIAN_POINT('',(-8.408335299275,0.));
#5609 = VECTOR('',#5610,1.);
#5610 = DIRECTION('',(1.,-0.));
#5611 = ( GEOMETRIC_REPRESENTATION_CONTEXT(2) 
PARAMETRIC_REPRESENTATION_CONTEXT() REPRESENTATION_CONTEXT('2D SPACE',''
  ) );
#5612 = ORIENTED_EDGE('',*,*,#5613,.T.);
#5613 = EDGE_CURVE('',#5574,#5576,#5614,.T.);
#5614 = SURFACE_CURVE('',#5615,(#5620,#5627),.PCURVE_S1.);
#5615 = ELLIPSE('',#5616,5.5,3.2);
#5616 = AXIS2_PLACEMENT_3D('',#5617,#5618,#5619);
#5617 = CARTESIAN_POINT('',(95.759435515967,374.08861742357,30.8));
#5618 = DIRECTION('',(0.,0.,1.));
#5619 = DIRECTION('',(-0.184185547655,0.982891491486,0.));
#5620 = PCURVE('',#5585,#5621);
#5621 = DEFINITIONAL_REPRESENTATION('',(#5622),#5626);
#5622 = ELLIPSE('',#5623,5.5,3.2);
#5623 = AXIS2_PLACEMENT_2D('',#5624,#5625);
#5624 = CARTESIAN_POINT('',(-0.378726823242,-7.577272143067E-15));
#5625 = DIRECTION('',(1.,0.));
#5626 = ( GEOMETRIC_REPRESENTATION_CONTEXT(2) 
PARAMETRIC_REPRESENTATION_CONTEXT() REPRESENTATION_CONTEXT('2D SPACE',''
  ) );
#5627 = PCURVE('',#5628,#5636);
#5628 = SURFACE_OF_LINEAR_EXTRUSION('',#5629,#5634);
#5629 = ELLIPSE('',#5630,5.5,3.2);
#5630 = AXIS2_PLACEMENT_3D('',#5631,#5632,#5633);
#5631 = CARTESIAN_POINT('',(95.759435515967,374.08861742357,30.8));
#5632 = DIRECTION('',(0.,0.,1.));
#5633 = DIRECTION('',(-0.184185547655,0.982891491486,0.));
#5634 = VECTOR('',#5635,1.);
#5635 = DIRECTION('',(0.,0.,-1.));
#5636 = DEFINITIONAL_REPRESENTATION('',(#5637),#5641);
#5637 = LINE('',#5638,#5639);
#5638 = CARTESIAN_POINT('',(0.,0.));
#5639 = VECTOR('',#5640,1.);
#5640 = DIRECTION('',(1.,0.));
#5641 = ( GEOMETRIC_REPRESENTATION_CONTEXT(2) 
PARAMETRIC_REPRESENTATION_CONTEXT() REPRESENTATION_CONTEXT('2D SPACE',''
  ) );
#5642 = ADVANCED_FACE('',(#5643),#5628,.F.);
#5643 = FACE_BOUND('',#5644,.F.);
#5644 = EDGE_LOOP('',(#5645,#5726,#5749,#5776,#5777,#5851,#5878,#5879));
#5645 = ORIENTED_EDGE('',*,*,#5646,.T.);
#5646 = EDGE_CURVE('',#5647,#5649,#5651,.T.);
#5647 = VERTEX_POINT('',#5648);
#5648 = CARTESIAN_POINT('',(92.973438167458,377.8769443109,33.2));
#5649 = VERTEX_POINT('',#5650);
#5650 = CARTESIAN_POINT('',(94.746415003863,379.49452062674,33.2));
#5651 = SURFACE_CURVE('',#5652,(#5673,#5697),.PCURVE_S1.);
#5652 = B_SPLINE_CURVE_WITH_KNOTS('',7,(#5653,#5654,#5655,#5656,#5657,
    #5658,#5659,#5660,#5661,#5662,#5663,#5664,#5665,#5666,#5667,#5668,
    #5669,#5670,#5671,#5672),.UNSPECIFIED.,.F.,.F.,(8,6,6,8),(0.,
    0.552559536359,0.720455681449,1.),.UNSPECIFIED.);
#5653 = CARTESIAN_POINT('',(92.730445849393,377.22224098102,33.2));
#5654 = CARTESIAN_POINT('',(92.803126573511,377.46683229514,33.2));
#5655 = CARTESIAN_POINT('',(92.888477563034,377.70697029942,33.2));
#5656 = CARTESIAN_POINT('',(92.987647459409,377.94192426385,33.2));
#5657 = CARTESIAN_POINT('',(93.101969239536,378.16997996668,33.2));
#5658 = CARTESIAN_POINT('',(93.232846143299,378.38847368247,33.2));
#5659 = CARTESIAN_POINT('',(93.38159802029,378.59387463964,33.2));
#5660 = CARTESIAN_POINT('',(93.600589768894,378.83875095665,33.2));
#5661 = CARTESIAN_POINT('',(93.653369397342,378.89416197012,33.2));
#5662 = CARTESIAN_POINT('',(93.707913710253,378.94777878452,33.2));
#5663 = CARTESIAN_POINT('',(93.764231625759,378.99944801594,33.2));
#5664 = CARTESIAN_POINT('',(93.822318315228,379.04900582154,33.2));
#5665 = CARTESIAN_POINT('',(93.882151781961,379.09628198102,33.2));
#5666 = CARTESIAN_POINT('',(94.046148627647,379.21573186529,33.2));
#5667 = CARTESIAN_POINT('',(94.153389997299,379.28359918664,33.2));
#5668 = CARTESIAN_POINT('',(94.265135930541,379.34383157919,33.2));
#5669 = CARTESIAN_POINT('',(94.380975223708,379.39562022666,33.2));
#5670 = CARTESIAN_POINT('',(94.500341806451,379.43827253181,33.2));
#5671 = CARTESIAN_POINT('',(94.622482669837,379.47129675614,33.2));
#5672 = CARTESIAN_POINT('',(94.746415003863,379.49452062674,33.2));
#5673 = PCURVE('',#5628,#5674);
#5674 = DEFINITIONAL_REPRESENTATION('',(#5675),#5696);
#5675 = B_SPLINE_CURVE_WITH_KNOTS('',7,(#5676,#5677,#5678,#5679,#5680,
    #5681,#5682,#5683,#5684,#5685,#5686,#5687,#5688,#5689,#5690,#5691,
    #5692,#5693,#5694,#5695),.UNSPECIFIED.,.F.,.F.,(8,6,6,8),(0.,
    0.552559536359,0.720455681449,1.),.UNSPECIFIED.);
#5676 = CARTESIAN_POINT('',(0.848062078981,-2.4));
#5677 = CARTESIAN_POINT('',(0.793026931694,-2.4));
#5678 = CARTESIAN_POINT('',(0.736502369158,-2.4));
#5679 = CARTESIAN_POINT('',(0.678136931915,-2.4));
#5680 = CARTESIAN_POINT('',(0.617651192439,-2.4));
#5681 = CARTESIAN_POINT('',(0.554796617121,-2.4));
#5682 = CARTESIAN_POINT('',(0.489341230955,-2.4));
#5683 = CARTESIAN_POINT('',(0.400199739816,-2.4));
#5684 = CARTESIAN_POINT('',(0.379168469842,-2.4));
#5685 = CARTESIAN_POINT('',(0.357877333988,-2.4));
#5686 = CARTESIAN_POINT('',(0.336326859425,-2.4));
#5687 = CARTESIAN_POINT('',(0.314520863137,-2.4));
#5688 = CARTESIAN_POINT('',(0.292466942891,-2.4));
#5689 = CARTESIAN_POINT('',(0.233064527184,-2.4));
#5690 = CARTESIAN_POINT('',(0.1952767556,-2.4));
#5691 = CARTESIAN_POINT('',(0.156899874792,-2.4));
#5692 = CARTESIAN_POINT('',(0.11803864707,-2.4));
#5693 = CARTESIAN_POINT('',(7.881976378659E-02,-2.4));
#5694 = CARTESIAN_POINT('',(3.94029806125E-02,-2.4));
#5695 = CARTESIAN_POINT('',(0.,-2.4));
#5696 = ( GEOMETRIC_REPRESENTATION_CONTEXT(2) 
PARAMETRIC_REPRESENTATION_CONTEXT() REPRESENTATION_CONTEXT('2D SPACE',''
  ) );
#5697 = PCURVE('',#5698,#5703);
#5698 = PLANE('',#5699);
#5699 = AXIS2_PLACEMENT_3D('',#5700,#5701,#5702);
#5700 = CARTESIAN_POINT('',(94.746415003863,379.49452062674,33.2));
#5701 = DIRECTION('',(0.,0.,1.));
#5702 = DIRECTION('',(-0.184185547655,0.982891491486,0.));
#5703 = DEFINITIONAL_REPRESENTATION('',(#5704),#5725);
#5704 = B_SPLINE_CURVE_WITH_KNOTS('',7,(#5705,#5706,#5707,#5708,#5709,
    #5710,#5711,#5712,#5713,#5714,#5715,#5716,#5717,#5718,#5719,#5720,
    #5721,#5722,#5723,#5724),.UNSPECIFIED.,.F.,.F.,(8,6,6,8),(0.,
    0.552559536359,0.720455681449,1.),.UNSPECIFIED.);
#5705 = CARTESIAN_POINT('',(-1.862091947286,2.4));
#5706 = CARTESIAN_POINT('',(-1.635071964724,2.283512549527));
#5707 = CARTESIAN_POINT('',(-1.414762782279,2.155391838303));
#5708 = CARTESIAN_POINT('',(-1.202094191427,2.014643466332));
#5709 = CARTESIAN_POINT('',(-0.998996601215,1.860272996834));
#5710 = CARTESIAN_POINT('',(-0.808346621214,1.691391816989));
#5711 = CARTESIAN_POINT('',(-0.633857714,1.507352974968));
#5712 = CARTESIAN_POINT('',(-0.433505980689,1.247005170003));
#5713 = CARTESIAN_POINT('',(-0.38876421179,1.184922614416));
#5714 = CARTESIAN_POINT('',(-0.346110975252,1.121436031022));
#5715 = CARTESIAN_POINT('',(-0.305698673436,1.056564905368));
#5716 = CARTESIAN_POINT('',(-0.267687456687,0.990344160955));
#5717 = CARTESIAN_POINT('',(-0.23224058162,0.922826770272));
#5718 = CARTESIAN_POINT('',(-0.145040155545,0.739634723665));
#5719 = CARTESIAN_POINT('',(-9.80862532378E-02,0.621727914147));
#5720 = CARTESIAN_POINT('',(-5.946633300658E-02,0.500799850948));
#5721 = CARTESIAN_POINT('',(-2.989963570752E-02,0.377403674919));
#5722 = CARTESIAN_POINT('',(-9.962647291161E-03,0.252223338189));
#5723 = CARTESIAN_POINT('',(5.684341886081E-14,0.12608953796));
#5724 = CARTESIAN_POINT('',(0.,0.));
#5725 = ( GEOMETRIC_REPRESENTATION_CONTEXT(2) 
PARAMETRIC_REPRESENTATION_CONTEXT() REPRESENTATION_CONTEXT('2D SPACE',''
  ) );
#5726 = ORIENTED_EDGE('',*,*,#5727,.T.);
#5727 = EDGE_CURVE('',#5649,#5728,#5730,.T.);
#5728 = VERTEX_POINT('',#5729);
#5729 = CARTESIAN_POINT('',(94.746415003863,379.49452062674,33.4));
#5730 = SEAM_CURVE('',#5731,(#5735,#5742),.PCURVE_S1.);
#5731 = LINE('',#5732,#5733);
#5732 = CARTESIAN_POINT('',(94.746415003863,379.49452062674,30.8));
#5733 = VECTOR('',#5734,1.);
#5734 = DIRECTION('',(0.,0.,1.));
#5735 = PCURVE('',#5628,#5736);
#5736 = DEFINITIONAL_REPRESENTATION('',(#5737),#5741);
#5737 = LINE('',#5738,#5739);
#5738 = CARTESIAN_POINT('',(6.28318530718,0.));
#5739 = VECTOR('',#5740,1.);
#5740 = DIRECTION('',(0.,-1.));
#5741 = ( GEOMETRIC_REPRESENTATION_CONTEXT(2) 
PARAMETRIC_REPRESENTATION_CONTEXT() REPRESENTATION_CONTEXT('2D SPACE',''
  ) );
#5742 = PCURVE('',#5628,#5743);
#5743 = DEFINITIONAL_REPRESENTATION('',(#5744),#5748);
#5744 = LINE('',#5745,#5746);
#5745 = CARTESIAN_POINT('',(0.,0.));
#5746 = VECTOR('',#5747,1.);
#5747 = DIRECTION('',(0.,-1.));
#5748 = ( GEOMETRIC_REPRESENTATION_CONTEXT(2) 
PARAMETRIC_REPRESENTATION_CONTEXT() REPRESENTATION_CONTEXT('2D SPACE',''
  ) );
#5749 = ORIENTED_EDGE('',*,*,#5750,.T.);
#5750 = EDGE_CURVE('',#5728,#5728,#5751,.T.);
#5751 = SURFACE_CURVE('',#5752,(#5757,#5764),.PCURVE_S1.);
#5752 = ELLIPSE('',#5753,5.5,3.2);
#5753 = AXIS2_PLACEMENT_3D('',#5754,#5755,#5756);
#5754 = CARTESIAN_POINT('',(95.759435515967,374.08861742357,33.4));
#5755 = DIRECTION('',(0.,0.,1.));
#5756 = DIRECTION('',(-0.184185547655,0.982891491486,0.));
#5757 = PCURVE('',#5628,#5758);
#5758 = DEFINITIONAL_REPRESENTATION('',(#5759),#5763);
#5759 = LINE('',#5760,#5761);
#5760 = CARTESIAN_POINT('',(0.,-2.6));
#5761 = VECTOR('',#5762,1.);
#5762 = DIRECTION('',(1.,0.));
#5763 = ( GEOMETRIC_REPRESENTATION_CONTEXT(2) 
PARAMETRIC_REPRESENTATION_CONTEXT() REPRESENTATION_CONTEXT('2D SPACE',''
  ) );
#5764 = PCURVE('',#5765,#5770);
#5765 = PLANE('',#5766);
#5766 = AXIS2_PLACEMENT_3D('',#5767,#5768,#5769);
#5767 = CARTESIAN_POINT('',(95.689679508616,374.46086479573,33.4));
#5768 = DIRECTION('',(0.,0.,1.));
#5769 = DIRECTION('',(-0.184185547655,0.982891491486,0.));
#5770 = DEFINITIONAL_REPRESENTATION('',(#5771),#5775);
#5771 = ELLIPSE('',#5772,5.5,3.2);
#5772 = AXIS2_PLACEMENT_2D('',#5773,#5774);
#5773 = CARTESIAN_POINT('',(-0.378726823242,-7.577272143067E-15));
#5774 = DIRECTION('',(1.,0.));
#5775 = ( GEOMETRIC_REPRESENTATION_CONTEXT(2) 
PARAMETRIC_REPRESENTATION_CONTEXT() REPRESENTATION_CONTEXT('2D SPACE',''
  ) );
#5776 = ORIENTED_EDGE('',*,*,#5727,.F.);
#5777 = ORIENTED_EDGE('',*,*,#5778,.T.);
#5778 = EDGE_CURVE('',#5649,#5779,#5781,.T.);
#5779 = VERTEX_POINT('',#5780);
#5780 = CARTESIAN_POINT('',(96.984771727792,378.62863427367,33.2));
#5781 = SURFACE_CURVE('',#5782,(#5803,#5827),.PCURVE_S1.);
#5782 = B_SPLINE_CURVE_WITH_KNOTS('',7,(#5783,#5784,#5785,#5786,#5787,
    #5788,#5789,#5790,#5791,#5792,#5793,#5794,#5795,#5796,#5797,#5798,
    #5799,#5800,#5801,#5802),.UNSPECIFIED.,.F.,.F.,(8,6,6,8),(0.,
    0.279544318551,0.44744046364,1.),.UNSPECIFIED.);
#5783 = CARTESIAN_POINT('',(94.746415003863,379.49452062674,33.2));
#5784 = CARTESIAN_POINT('',(94.870347337889,379.51774449735,33.2));
#5785 = CARTESIAN_POINT('',(94.99615815257,379.53118431916,33.2));
#5786 = CARTESIAN_POINT('',(95.122868945573,379.53464483176,33.2));
#5787 = CARTESIAN_POINT('',(95.249599755409,379.52831176881,33.2));
#5788 = CARTESIAN_POINT('',(95.375572150967,379.51262577936,33.2));
#5789 = CARTESIAN_POINT('',(95.500109981042,379.48819191858,33.2));
#5790 = CARTESIAN_POINT('',(95.696228943192,379.43622468917,33.2));
#5791 = CARTESIAN_POINT('',(95.769120014119,379.41381998484,33.2));
#5792 = CARTESIAN_POINT('',(95.841208937136,379.38865598739,33.2));
#5793 = CARTESIAN_POINT('',(95.912413576526,379.36088340359,33.2));
#5794 = CARTESIAN_POINT('',(95.982670108898,379.33065321145,33.2));
#5795 = CARTESIAN_POINT('',(96.051931311762,379.29811161698,33.2));
#5796 = CARTESIAN_POINT('',(96.344726847813,379.14913990605,33.2));
#5797 = CARTESIAN_POINT('',(96.557755394674,379.01153353869,33.2));
#5798 = CARTESIAN_POINT('',(96.758862240392,378.8552507681,33.2));
#5799 = CARTESIAN_POINT('',(96.947999302279,378.6840606842,33.2));
#5800 = CARTESIAN_POINT('',(97.125510160405,378.50095435172,33.2));
#5801 = CARTESIAN_POINT('',(97.292016684772,378.30801231416,33.2));
#5802 = CARTESIAN_POINT('',(97.448325008524,378.10633160976,33.2));
#5803 = PCURVE('',#5628,#5804);
#5804 = DEFINITIONAL_REPRESENTATION('',(#5805),#5826);
#5805 = B_SPLINE_CURVE_WITH_KNOTS('',7,(#5806,#5807,#5808,#5809,#5810,
    #5811,#5812,#5813,#5814,#5815,#5816,#5817,#5818,#5819,#5820,#5821,
    #5822,#5823,#5824,#5825),.UNSPECIFIED.,.F.,.F.,(8,6,6,8),(0.,
    0.279544318551,0.44744046364,1.),.UNSPECIFIED.);
#5806 = CARTESIAN_POINT('',(6.28318530718,-2.4));
#5807 = CARTESIAN_POINT('',(6.243782326567,-2.4));
#5808 = CARTESIAN_POINT('',(6.204365543393,-2.4));
#5809 = CARTESIAN_POINT('',(6.16514666011,-2.4));
#5810 = CARTESIAN_POINT('',(6.126285432387,-2.4));
#5811 = CARTESIAN_POINT('',(6.08790855158,-2.4));
#5812 = CARTESIAN_POINT('',(6.050120779996,-2.4));
#5813 = CARTESIAN_POINT('',(5.990718364289,-2.4));
#5814 = CARTESIAN_POINT('',(5.968664444043,-2.4));
#5815 = CARTESIAN_POINT('',(5.946858447755,-2.4));
#5816 = CARTESIAN_POINT('',(5.925307973192,-2.4));
#5817 = CARTESIAN_POINT('',(5.904016837338,-2.4));
#5818 = CARTESIAN_POINT('',(5.882985567364,-2.4));
#5819 = CARTESIAN_POINT('',(5.793844076225,-2.4));
#5820 = CARTESIAN_POINT('',(5.728388690059,-2.4));
#5821 = CARTESIAN_POINT('',(5.66553411474,-2.4));
#5822 = CARTESIAN_POINT('',(5.605048375265,-2.4));
#5823 = CARTESIAN_POINT('',(5.546682938022,-2.4));
#5824 = CARTESIAN_POINT('',(5.490158375486,-2.4));
#5825 = CARTESIAN_POINT('',(5.435123228198,-2.4));
#5826 = ( GEOMETRIC_REPRESENTATION_CONTEXT(2) 
PARAMETRIC_REPRESENTATION_CONTEXT() REPRESENTATION_CONTEXT('2D SPACE',''
  ) );
#5827 = PCURVE('',#5698,#5828);
#5828 = DEFINITIONAL_REPRESENTATION('',(#5829),#5850);
#5829 = B_SPLINE_CURVE_WITH_KNOTS('',7,(#5830,#5831,#5832,#5833,#5834,
    #5835,#5836,#5837,#5838,#5839,#5840,#5841,#5842,#5843,#5844,#5845,
    #5846,#5847,#5848,#5849),.UNSPECIFIED.,.F.,.F.,(8,6,6,8),(0.,
    0.279544318551,0.44744046364,1.),.UNSPECIFIED.);
#5830 = CARTESIAN_POINT('',(0.,0.));
#5831 = CARTESIAN_POINT('',(0.,-0.12608953796));
#5832 = CARTESIAN_POINT('',(-9.962647291161E-03,-0.252223338188));
#5833 = CARTESIAN_POINT('',(-2.989963570752E-02,-0.377403674918));
#5834 = CARTESIAN_POINT('',(-5.946633300653E-02,-0.500799850947));
#5835 = CARTESIAN_POINT('',(-9.808625323762E-02,-0.621727914147));
#5836 = CARTESIAN_POINT('',(-0.145040155545,-0.739634723665));
#5837 = CARTESIAN_POINT('',(-0.23224058162,-0.922826770271));
#5838 = CARTESIAN_POINT('',(-0.267687456687,-0.990344160955));
#5839 = CARTESIAN_POINT('',(-0.305698673436,-1.056564905368));
#5840 = CARTESIAN_POINT('',(-0.346110975252,-1.121436031021));
#5841 = CARTESIAN_POINT('',(-0.38876421179,-1.184922614415));
#5842 = CARTESIAN_POINT('',(-0.433505980688,-1.247005170002));
#5843 = CARTESIAN_POINT('',(-0.633857714,-1.507352974967));
#5844 = CARTESIAN_POINT('',(-0.808346621214,-1.691391816989));
#5845 = CARTESIAN_POINT('',(-0.998996601215,-1.860272996833));
#5846 = CARTESIAN_POINT('',(-1.202094191427,-2.014643466332));
#5847 = CARTESIAN_POINT('',(-1.414762782279,-2.155391838303));
#5848 = CARTESIAN_POINT('',(-1.635071964724,-2.283512549527));
#5849 = CARTESIAN_POINT('',(-1.862091947286,-2.4));
#5850 = ( GEOMETRIC_REPRESENTATION_CONTEXT(2) 
PARAMETRIC_REPRESENTATION_CONTEXT() REPRESENTATION_CONTEXT('2D SPACE',''
  ) );
#5851 = ORIENTED_EDGE('',*,*,#5852,.T.);
#5852 = EDGE_CURVE('',#5779,#5576,#5853,.T.);
#5853 = SURFACE_CURVE('',#5854,(#5860,#5869),.PCURVE_S1.);
#5854 = B_SPLINE_CURVE_WITH_KNOTS('',4,(#5855,#5856,#5857,#5858,#5859),
  .UNSPECIFIED.,.F.,.F.,(5,5),(0.,1.),.PIECEWISE_BEZIER_KNOTS.);
#5855 = CARTESIAN_POINT('',(96.984771727792,378.62863427367,33.2000006)
  );
#5856 = CARTESIAN_POINT('',(96.984771727792,378.62863427367,32.6000003)
  );
#5857 = CARTESIAN_POINT('',(96.984771727792,378.62863427367,32.));
#5858 = CARTESIAN_POINT('',(96.984771727792,378.62863427367,31.3999997)
  );
#5859 = CARTESIAN_POINT('',(96.984771727792,378.62863427367,30.7999994)
  );
#5860 = PCURVE('',#5628,#5861);
#5861 = DEFINITIONAL_REPRESENTATION('',(#5862),#5868);
#5862 = B_SPLINE_CURVE_WITH_KNOTS('',4,(#5863,#5864,#5865,#5866,#5867),
  .UNSPECIFIED.,.F.,.F.,(5,5),(0.,1.),.PIECEWISE_BEZIER_KNOTS.);
#5863 = CARTESIAN_POINT('',(5.591701796121,-2.4000006));
#5864 = CARTESIAN_POINT('',(5.591701796121,-1.8000003));
#5865 = CARTESIAN_POINT('',(5.591701796121,-1.2));
#5866 = CARTESIAN_POINT('',(5.591701796121,-0.5999997));
#5867 = CARTESIAN_POINT('',(5.591701796121,5.999999999062E-07));
#5868 = ( GEOMETRIC_REPRESENTATION_CONTEXT(2) 
PARAMETRIC_REPRESENTATION_CONTEXT() REPRESENTATION_CONTEXT('2D SPACE',''
  ) );
#5869 = PCURVE('',#5601,#5870);
#5870 = DEFINITIONAL_REPRESENTATION('',(#5871),#5877);
#5871 = B_SPLINE_CURVE_WITH_KNOTS('',4,(#5872,#5873,#5874,#5875,#5876),
  .UNSPECIFIED.,.F.,.F.,(5,5),(0.,1.),.PIECEWISE_BEZIER_KNOTS.);
#5872 = CARTESIAN_POINT('',(-4.158035315084,-2.4000006));
#5873 = CARTESIAN_POINT('',(-4.158035315084,-1.8000003));
#5874 = CARTESIAN_POINT('',(-4.158035315084,-1.2));
#5875 = CARTESIAN_POINT('',(-4.158035315084,-0.5999997));
#5876 = CARTESIAN_POINT('',(-4.158035315084,5.999999999062E-07));
#5877 = ( GEOMETRIC_REPRESENTATION_CONTEXT(2) 
PARAMETRIC_REPRESENTATION_CONTEXT() REPRESENTATION_CONTEXT('2D SPACE',''
  ) );
#5878 = ORIENTED_EDGE('',*,*,#5613,.F.);
#5879 = ORIENTED_EDGE('',*,*,#5880,.F.);
#5880 = EDGE_CURVE('',#5647,#5574,#5881,.T.);
#5881 = SURFACE_CURVE('',#5882,(#5888,#5897),.PCURVE_S1.);
#5882 = B_SPLINE_CURVE_WITH_KNOTS('',4,(#5883,#5884,#5885,#5886,#5887),
  .UNSPECIFIED.,.F.,.F.,(5,5),(0.,1.),.PIECEWISE_BEZIER_KNOTS.);
#5883 = CARTESIAN_POINT('',(92.973438167458,377.8769443109,33.2000006));
#5884 = CARTESIAN_POINT('',(92.973438167458,377.8769443109,32.6000003));
#5885 = CARTESIAN_POINT('',(92.973438167458,377.8769443109,32.));
#5886 = CARTESIAN_POINT('',(92.973438167458,377.8769443109,31.3999997));
#5887 = CARTESIAN_POINT('',(92.973438167458,377.8769443109,30.7999994));
#5888 = PCURVE('',#5628,#5889);
#5889 = DEFINITIONAL_REPRESENTATION('',(#5890),#5896);
#5890 = B_SPLINE_CURVE_WITH_KNOTS('',4,(#5891,#5892,#5893,#5894,#5895),
  .UNSPECIFIED.,.F.,.F.,(5,5),(0.,1.),.PIECEWISE_BEZIER_KNOTS.);
#5891 = CARTESIAN_POINT('',(0.691483511059,-2.4000006));
#5892 = CARTESIAN_POINT('',(0.691483511059,-1.8000003));
#5893 = CARTESIAN_POINT('',(0.691483511059,-1.2));
#5894 = CARTESIAN_POINT('',(0.691483511059,-0.5999997));
#5895 = CARTESIAN_POINT('',(0.691483511059,5.999999999062E-07));
#5896 = ( GEOMETRIC_REPRESENTATION_CONTEXT(2) 
PARAMETRIC_REPRESENTATION_CONTEXT() REPRESENTATION_CONTEXT('2D SPACE',''
  ) );
#5897 = PCURVE('',#5601,#5898);
#5898 = DEFINITIONAL_REPRESENTATION('',(#5899),#5905);
#5899 = B_SPLINE_CURVE_WITH_KNOTS('',4,(#5900,#5901,#5902,#5903,#5904),
  .UNSPECIFIED.,.F.,.F.,(5,5),(0.,1.),.PIECEWISE_BEZIER_KNOTS.);
#5900 = CARTESIAN_POINT('',(-8.408335299275,-2.4000006));
#5901 = CARTESIAN_POINT('',(-8.408335299275,-1.8000003));
#5902 = CARTESIAN_POINT('',(-8.408335299275,-1.2));
#5903 = CARTESIAN_POINT('',(-8.408335299275,-0.5999997));
#5904 = CARTESIAN_POINT('',(-8.408335299275,5.999999999062E-07));
#5905 = ( GEOMETRIC_REPRESENTATION_CONTEXT(2) 
PARAMETRIC_REPRESENTATION_CONTEXT() REPRESENTATION_CONTEXT('2D SPACE',''
  ) );
#5906 = ADVANCED_FACE('',(#5907),#5765,.T.);
#5907 = FACE_BOUND('',#5908,.T.);
#5908 = EDGE_LOOP('',(#5909));
#5909 = ORIENTED_EDGE('',*,*,#5750,.T.);
#5910 = ADVANCED_FACE('',(#5911),#5698,.T.);
#5911 = FACE_BOUND('',#5912,.T.);
#5912 = EDGE_LOOP('',(#5913,#5914,#5940));
#5913 = ORIENTED_EDGE('',*,*,#5778,.T.);
#5914 = ORIENTED_EDGE('',*,*,#5915,.F.);
#5915 = EDGE_CURVE('',#5647,#5779,#5916,.T.);
#5916 = SURFACE_CURVE('',#5917,(#5922,#5933),.PCURVE_S1.);
#5917 = CIRCLE('',#5918,2.4);
#5918 = AXIS2_PLACEMENT_3D('',#5919,#5920,#5921);
#5919 = CARTESIAN_POINT('',(94.746415003863,379.49452062674,33.2));
#5920 = DIRECTION('',(-0.,0.,-1.));
#5921 = DIRECTION('',(-0.738740348502,-0.6739901316,0.));
#5922 = PCURVE('',#5698,#5923);
#5923 = DEFINITIONAL_REPRESENTATION('',(#5924),#5932);
#5924 = ( BOUNDED_CURVE() B_SPLINE_CURVE(2,(#5925,#5926,#5927,#5928,
#5929,#5930,#5931),.UNSPECIFIED.,.T.,.F.) B_SPLINE_CURVE_WITH_KNOTS((1,2
    ,2,2,2,1),(-2.094395102393,0.,2.094395102393,4.188790204786,
6.28318530718,8.377580409573),.UNSPECIFIED.) CURVE() 
GEOMETRIC_REPRESENTATION_ITEM() RATIONAL_B_SPLINE_CURVE((1.,0.5,1.,0.5,
1.,0.5,1.)) REPRESENTATION_ITEM('') );
#5925 = CARTESIAN_POINT('',(-1.263345288075,2.040578026712));
#5926 = CARTESIAN_POINT('',(2.271039530998,4.228756253161));
#5927 = CARTESIAN_POINT('',(2.398865053574,7.380009986873E-02));
#5928 = CARTESIAN_POINT('',(2.52669057615,-4.081156053423));
#5929 = CARTESIAN_POINT('',(-1.135519765499,-2.11437812658));
#5930 = CARTESIAN_POINT('',(-4.797730107148,-0.147600199737));
#5931 = CARTESIAN_POINT('',(-1.263345288075,2.040578026712));
#5932 = ( GEOMETRIC_REPRESENTATION_CONTEXT(2) 
PARAMETRIC_REPRESENTATION_CONTEXT() REPRESENTATION_CONTEXT('2D SPACE',''
  ) );
#5933 = PCURVE('',#5601,#5934);
#5934 = DEFINITIONAL_REPRESENTATION('',(#5935),#5939);
#5935 = LINE('',#5936,#5937);
#5936 = CARTESIAN_POINT('',(-8.408335299275,-2.4));
#5937 = VECTOR('',#5938,1.);
#5938 = DIRECTION('',(1.,-0.));
#5939 = ( GEOMETRIC_REPRESENTATION_CONTEXT(2) 
PARAMETRIC_REPRESENTATION_CONTEXT() REPRESENTATION_CONTEXT('2D SPACE',''
  ) );
#5940 = ORIENTED_EDGE('',*,*,#5646,.T.);
#5941 = ADVANCED_FACE('',(#5942),#5601,.T.);
#5942 = FACE_BOUND('',#5943,.F.);
#5943 = EDGE_LOOP('',(#5944,#5945,#5946,#5947));
#5944 = ORIENTED_EDGE('',*,*,#5573,.T.);
#5945 = ORIENTED_EDGE('',*,*,#5852,.F.);
#5946 = ORIENTED_EDGE('',*,*,#5915,.F.);
#5947 = ORIENTED_EDGE('',*,*,#5880,.T.);
#5948 = MANIFOLD_SOLID_BREP('',#5949);
#5949 = CLOSED_SHELL('',(#5950,#6023,#6287,#6291,#6322));
#5950 = ADVANCED_FACE('',(#5951),#5966,.F.);
#5951 = FACE_BOUND('',#5952,.F.);
#5952 = EDGE_LOOP('',(#5953,#5993));
#5953 = ORIENTED_EDGE('',*,*,#5954,.F.);
#5954 = EDGE_CURVE('',#5955,#5957,#5959,.T.);
#5955 = VERTEX_POINT('',#5956);
#5956 = CARTESIAN_POINT('',(68.902617116745,215.74867584017,30.8));
#5957 = VERTEX_POINT('',#5958);
#5958 = CARTESIAN_POINT('',(72.343002359938,213.55332071837,30.8));
#5959 = SURFACE_CURVE('',#5960,(#5965,#5981),.PCURVE_S1.);
#5960 = CIRCLE('',#5961,2.4);
#5961 = AXIS2_PLACEMENT_3D('',#5962,#5963,#5964);
#5962 = CARTESIAN_POINT('',(71.302394520808,215.71598928409,30.8));
#5963 = DIRECTION('',(0.,0.,-1.));
#5964 = DIRECTION('',(-0.999907251693,1.361939836765E-02,0.));
#5965 = PCURVE('',#5966,#5971);
#5966 = PLANE('',#5967);
#5967 = AXIS2_PLACEMENT_3D('',#5968,#5969,#5970);
#5968 = CARTESIAN_POINT('',(68.547534586134,211.39879277578,30.8));
#5969 = DIRECTION('',(0.,0.,1.));
#5970 = DIRECTION('',(0.53792481666,0.84299281825,0.));
#5971 = DEFINITIONAL_REPRESENTATION('',(#5972),#5980);
#5972 = ( BOUNDED_CURVE() B_SPLINE_CURVE(2,(#5973,#5974,#5975,#5976,
#5977,#5978,#5979),.UNSPECIFIED.,.T.,.F.) B_SPLINE_CURVE_WITH_KNOTS((1,2
    ,2,2,2,1),(-2.094395102393,0.,2.094395102393,4.188790204786,
6.28318530718,8.377580409573),.UNSPECIFIED.) CURVE() 
GEOMETRIC_REPRESENTATION_ITEM() RATIONAL_B_SPLINE_CURVE((1.,0.5,1.,0.5,
1.,0.5,1.)) REPRESENTATION_ITEM('') );
#5973 = CARTESIAN_POINT('',(3.857927888683,2.040578026712));
#5974 = CARTESIAN_POINT('',(7.392312707756,4.228756253161));
#5975 = CARTESIAN_POINT('',(7.520138230332,7.380009986873E-02));
#5976 = CARTESIAN_POINT('',(7.647963752908,-4.081156053423));
#5977 = CARTESIAN_POINT('',(3.985753411259,-2.11437812658));
#5978 = CARTESIAN_POINT('',(0.32354306961,-0.147600199737));
#5979 = CARTESIAN_POINT('',(3.857927888683,2.040578026712));
#5980 = ( GEOMETRIC_REPRESENTATION_CONTEXT(2) 
PARAMETRIC_REPRESENTATION_CONTEXT() REPRESENTATION_CONTEXT('2D SPACE',''
  ) );
#5981 = PCURVE('',#5982,#5987);
#5982 = CYLINDRICAL_SURFACE('',#5983,2.4);
#5983 = AXIS2_PLACEMENT_3D('',#5984,#5985,#5986);
#5984 = CARTESIAN_POINT('',(71.302394520808,215.71598928409,30.8));
#5985 = DIRECTION('',(0.,-0.,-1.));
#5986 = DIRECTION('',(0.53792481666,0.84299281825,0.));
#5987 = DEFINITIONAL_REPRESENTATION('',(#5988),#5992);
#5988 = LINE('',#5989,#5990);
#5989 = CARTESIAN_POINT('',(-8.408335299275,0.));
#5990 = VECTOR('',#5991,1.);
#5991 = DIRECTION('',(1.,-0.));
#5992 = ( GEOMETRIC_REPRESENTATION_CONTEXT(2) 
PARAMETRIC_REPRESENTATION_CONTEXT() REPRESENTATION_CONTEXT('2D SPACE',''
  ) );
#5993 = ORIENTED_EDGE('',*,*,#5994,.T.);
#5994 = EDGE_CURVE('',#5955,#5957,#5995,.T.);
#5995 = SURFACE_CURVE('',#5996,(#6001,#6008),.PCURVE_S1.);
#5996 = ELLIPSE('',#5997,5.5,3.2);
#5997 = AXIS2_PLACEMENT_3D('',#5998,#5999,#6000);
#5998 = CARTESIAN_POINT('',(68.343808029177,211.07952878371,30.8));
#5999 = DIRECTION('',(0.,-0.,1.));
#6000 = DIRECTION('',(0.53792481666,0.84299281825,0.));
#6001 = PCURVE('',#5966,#6002);
#6002 = DEFINITIONAL_REPRESENTATION('',(#6003),#6007);
#6003 = ELLIPSE('',#6004,5.5,3.2);
#6004 = AXIS2_PLACEMENT_2D('',#6005,#6006);
#6005 = CARTESIAN_POINT('',(-0.378726823242,7.077671781985E-15));
#6006 = DIRECTION('',(1.,0.));
#6007 = ( GEOMETRIC_REPRESENTATION_CONTEXT(2) 
PARAMETRIC_REPRESENTATION_CONTEXT() REPRESENTATION_CONTEXT('2D SPACE',''
  ) );
#6008 = PCURVE('',#6009,#6017);
#6009 = SURFACE_OF_LINEAR_EXTRUSION('',#6010,#6015);
#6010 = ELLIPSE('',#6011,5.5,3.2);
#6011 = AXIS2_PLACEMENT_3D('',#6012,#6013,#6014);
#6012 = CARTESIAN_POINT('',(68.343808029177,211.07952878371,30.8));
#6013 = DIRECTION('',(0.,-0.,1.));
#6014 = DIRECTION('',(0.53792481666,0.84299281825,0.));
#6015 = VECTOR('',#6016,1.);
#6016 = DIRECTION('',(0.,-0.,-1.));
#6017 = DEFINITIONAL_REPRESENTATION('',(#6018),#6022);
#6018 = LINE('',#6019,#6020);
#6019 = CARTESIAN_POINT('',(0.,0.));
#6020 = VECTOR('',#6021,1.);
#6021 = DIRECTION('',(1.,0.));
#6022 = ( GEOMETRIC_REPRESENTATION_CONTEXT(2) 
PARAMETRIC_REPRESENTATION_CONTEXT() REPRESENTATION_CONTEXT('2D SPACE',''
  ) );
#6023 = ADVANCED_FACE('',(#6024),#6009,.F.);
#6024 = FACE_BOUND('',#6025,.F.);
#6025 = EDGE_LOOP('',(#6026,#6107,#6130,#6157,#6158,#6232,#6259,#6260));
#6026 = ORIENTED_EDGE('',*,*,#6027,.T.);
#6027 = EDGE_CURVE('',#6028,#6030,#6032,.T.);
#6028 = VERTEX_POINT('',#6029);
#6029 = CARTESIAN_POINT('',(68.902617116745,215.74867584017,33.2));
#6030 = VERTEX_POINT('',#6031);
#6031 = CARTESIAN_POINT('',(71.302394520808,215.71598928409,33.2));
#6032 = SURFACE_CURVE('',#6033,(#6054,#6078),.PCURVE_S1.);
#6033 = B_SPLINE_CURVE_WITH_KNOTS('',7,(#6034,#6035,#6036,#6037,#6038,
    #6039,#6040,#6041,#6042,#6043,#6044,#6045,#6046,#6047,#6048,#6049,
    #6050,#6051,#6052,#6053),.UNSPECIFIED.,.F.,.F.,(8,6,6,8),(0.,
    0.552559536359,0.720455681449,1.),.UNSPECIFIED.);
#6034 = CARTESIAN_POINT('',(68.27754628766,215.43727870559,33.2));
#6035 = CARTESIAN_POINT('',(68.497864054323,215.56599343005,33.2));
#6036 = CARTESIAN_POINT('',(68.724378670329,215.68279317855,33.2));
#6037 = CARTESIAN_POINT('',(68.957428249825,215.78635923111,33.2));
#6038 = CARTESIAN_POINT('',(69.19681268094,215.87452933456,33.2));
#6039 = CARTESIAN_POINT('',(69.441733658225,215.9444005208,33.2));
#6040 = CARTESIAN_POINT('',(69.690738993751,215.99249435609,33.2));
#6041 = CARTESIAN_POINT('',(70.017984492992,216.02134188314,33.2));
#6042 = CARTESIAN_POINT('',(70.094387349323,216.02566312567,33.2));
#6043 = CARTESIAN_POINT('',(70.170850317624,216.02746848901,33.2));
#6044 = CARTESIAN_POINT('',(70.247274990707,216.02663998084,33.2));
#6045 = CARTESIAN_POINT('',(70.323545779466,216.02306138177,33.2));
#6046 = CARTESIAN_POINT('',(70.399530208691,216.01662356288,33.2));
#6047 = CARTESIAN_POINT('',(70.60086706155,215.99158934773,33.2));
#6048 = CARTESIAN_POINT('',(70.725519324487,215.96774615127,33.2));
#6049 = CARTESIAN_POINT('',(70.848235426799,215.93525226044,33.2));
#6050 = CARTESIAN_POINT('',(70.968162177215,215.89379890855,33.2));
#6051 = CARTESIAN_POINT('',(71.084412902903,215.84326803692,33.2));
#6052 = CARTESIAN_POINT('',(71.196101945852,215.78381597568,33.2));
#6053 = CARTESIAN_POINT('',(71.302394520808,215.71598928409,33.2));
#6054 = PCURVE('',#6009,#6055);
#6055 = DEFINITIONAL_REPRESENTATION('',(#6056),#6077);
#6056 = B_SPLINE_CURVE_WITH_KNOTS('',7,(#6057,#6058,#6059,#6060,#6061,
    #6062,#6063,#6064,#6065,#6066,#6067,#6068,#6069,#6070,#6071,#6072,
    #6073,#6074,#6075,#6076),.UNSPECIFIED.,.F.,.F.,(8,6,6,8),(0.,
    0.552559536359,0.720455681449,1.),.UNSPECIFIED.);
#6057 = CARTESIAN_POINT('',(0.848062078981,-2.4));
#6058 = CARTESIAN_POINT('',(0.793026931694,-2.4));
#6059 = CARTESIAN_POINT('',(0.736502369158,-2.4));
#6060 = CARTESIAN_POINT('',(0.678136931915,-2.4));
#6061 = CARTESIAN_POINT('',(0.617651192439,-2.4));
#6062 = CARTESIAN_POINT('',(0.554796617121,-2.4));
#6063 = CARTESIAN_POINT('',(0.489341230955,-2.4));
#6064 = CARTESIAN_POINT('',(0.400199739816,-2.4));
#6065 = CARTESIAN_POINT('',(0.379168469842,-2.4));
#6066 = CARTESIAN_POINT('',(0.357877333988,-2.4));
#6067 = CARTESIAN_POINT('',(0.336326859425,-2.4));
#6068 = CARTESIAN_POINT('',(0.314520863137,-2.4));
#6069 = CARTESIAN_POINT('',(0.292466942891,-2.4));
#6070 = CARTESIAN_POINT('',(0.233064527184,-2.4));
#6071 = CARTESIAN_POINT('',(0.1952767556,-2.4));
#6072 = CARTESIAN_POINT('',(0.156899874792,-2.4));
#6073 = CARTESIAN_POINT('',(0.11803864707,-2.4));
#6074 = CARTESIAN_POINT('',(7.881976378659E-02,-2.4));
#6075 = CARTESIAN_POINT('',(3.94029806125E-02,-2.4));
#6076 = CARTESIAN_POINT('',(0.,-2.4));
#6077 = ( GEOMETRIC_REPRESENTATION_CONTEXT(2) 
PARAMETRIC_REPRESENTATION_CONTEXT() REPRESENTATION_CONTEXT('2D SPACE',''
  ) );
#6078 = PCURVE('',#6079,#6084);
#6079 = PLANE('',#6080);
#6080 = AXIS2_PLACEMENT_3D('',#6081,#6082,#6083);
#6081 = CARTESIAN_POINT('',(71.302394520808,215.71598928409,33.2));
#6082 = DIRECTION('',(0.,0.,1.));
#6083 = DIRECTION('',(0.53792481666,0.84299281825,0.));
#6084 = DEFINITIONAL_REPRESENTATION('',(#6085),#6106);
#6085 = B_SPLINE_CURVE_WITH_KNOTS('',7,(#6086,#6087,#6088,#6089,#6090,
    #6091,#6092,#6093,#6094,#6095,#6096,#6097,#6098,#6099,#6100,#6101,
    #6102,#6103,#6104,#6105),.UNSPECIFIED.,.F.,.F.,(8,6,6,8),(0.,
    0.552559536359,0.720455681449,1.),.UNSPECIFIED.);
#6086 = CARTESIAN_POINT('',(-1.862091947286,2.4));
#6087 = CARTESIAN_POINT('',(-1.635071964724,2.283512549527));
#6088 = CARTESIAN_POINT('',(-1.414762782279,2.155391838303));
#6089 = CARTESIAN_POINT('',(-1.202094191427,2.014643466332));
#6090 = CARTESIAN_POINT('',(-0.998996601215,1.860272996834));
#6091 = CARTESIAN_POINT('',(-0.808346621214,1.691391816989));
#6092 = CARTESIAN_POINT('',(-0.633857714,1.507352974968));
#6093 = CARTESIAN_POINT('',(-0.433505980689,1.247005170003));
#6094 = CARTESIAN_POINT('',(-0.38876421179,1.184922614416));
#6095 = CARTESIAN_POINT('',(-0.346110975252,1.121436031022));
#6096 = CARTESIAN_POINT('',(-0.305698673436,1.056564905368));
#6097 = CARTESIAN_POINT('',(-0.267687456687,0.990344160955));
#6098 = CARTESIAN_POINT('',(-0.23224058162,0.922826770272));
#6099 = CARTESIAN_POINT('',(-0.145040155545,0.739634723665));
#6100 = CARTESIAN_POINT('',(-9.808625323782E-02,0.621727914147));
#6101 = CARTESIAN_POINT('',(-5.946633300661E-02,0.500799850948));
#6102 = CARTESIAN_POINT('',(-2.989963570755E-02,0.377403674918));
#6103 = CARTESIAN_POINT('',(-9.962647291275E-03,0.252223338189));
#6104 = CARTESIAN_POINT('',(-2.84217094304E-14,0.12608953796));
#6105 = CARTESIAN_POINT('',(0.,0.));
#6106 = ( GEOMETRIC_REPRESENTATION_CONTEXT(2) 
PARAMETRIC_REPRESENTATION_CONTEXT() REPRESENTATION_CONTEXT('2D SPACE',''
  ) );
#6107 = ORIENTED_EDGE('',*,*,#6108,.T.);
#6108 = EDGE_CURVE('',#6030,#6109,#6111,.T.);
#6109 = VERTEX_POINT('',#6110);
#6110 = CARTESIAN_POINT('',(71.302394520808,215.71598928409,33.4));
#6111 = SEAM_CURVE('',#6112,(#6116,#6123),.PCURVE_S1.);
#6112 = LINE('',#6113,#6114);
#6113 = CARTESIAN_POINT('',(71.302394520808,215.71598928409,30.8));
#6114 = VECTOR('',#6115,1.);
#6115 = DIRECTION('',(0.,0.,1.));
#6116 = PCURVE('',#6009,#6117);
#6117 = DEFINITIONAL_REPRESENTATION('',(#6118),#6122);
#6118 = LINE('',#6119,#6120);
#6119 = CARTESIAN_POINT('',(6.28318530718,0.));
#6120 = VECTOR('',#6121,1.);
#6121 = DIRECTION('',(0.,-1.));
#6122 = ( GEOMETRIC_REPRESENTATION_CONTEXT(2) 
PARAMETRIC_REPRESENTATION_CONTEXT() REPRESENTATION_CONTEXT('2D SPACE',''
  ) );
#6123 = PCURVE('',#6009,#6124);
#6124 = DEFINITIONAL_REPRESENTATION('',(#6125),#6129);
#6125 = LINE('',#6126,#6127);
#6126 = CARTESIAN_POINT('',(0.,0.));
#6127 = VECTOR('',#6128,1.);
#6128 = DIRECTION('',(0.,-1.));
#6129 = ( GEOMETRIC_REPRESENTATION_CONTEXT(2) 
PARAMETRIC_REPRESENTATION_CONTEXT() REPRESENTATION_CONTEXT('2D SPACE',''
  ) );
#6130 = ORIENTED_EDGE('',*,*,#6131,.T.);
#6131 = EDGE_CURVE('',#6109,#6109,#6132,.T.);
#6132 = SURFACE_CURVE('',#6133,(#6138,#6145),.PCURVE_S1.);
#6133 = ELLIPSE('',#6134,5.5,3.2);
#6134 = AXIS2_PLACEMENT_3D('',#6135,#6136,#6137);
#6135 = CARTESIAN_POINT('',(68.343808029177,211.07952878371,33.4));
#6136 = DIRECTION('',(0.,-0.,1.));
#6137 = DIRECTION('',(0.53792481666,0.84299281825,0.));
#6138 = PCURVE('',#6009,#6139);
#6139 = DEFINITIONAL_REPRESENTATION('',(#6140),#6144);
#6140 = LINE('',#6141,#6142);
#6141 = CARTESIAN_POINT('',(0.,-2.6));
#6142 = VECTOR('',#6143,1.);
#6143 = DIRECTION('',(1.,0.));
#6144 = ( GEOMETRIC_REPRESENTATION_CONTEXT(2) 
PARAMETRIC_REPRESENTATION_CONTEXT() REPRESENTATION_CONTEXT('2D SPACE',''
  ) );
#6145 = PCURVE('',#6146,#6151);
#6146 = PLANE('',#6147);
#6147 = AXIS2_PLACEMENT_3D('',#6148,#6149,#6150);
#6148 = CARTESIAN_POINT('',(68.547534586134,211.39879277578,33.4));
#6149 = DIRECTION('',(0.,0.,1.));
#6150 = DIRECTION('',(0.53792481666,0.84299281825,0.));
#6151 = DEFINITIONAL_REPRESENTATION('',(#6152),#6156);
#6152 = ELLIPSE('',#6153,5.5,3.2);
#6153 = AXIS2_PLACEMENT_2D('',#6154,#6155);
#6154 = CARTESIAN_POINT('',(-0.378726823242,7.077671781985E-15));
#6155 = DIRECTION('',(1.,0.));
#6156 = ( GEOMETRIC_REPRESENTATION_CONTEXT(2) 
PARAMETRIC_REPRESENTATION_CONTEXT() REPRESENTATION_CONTEXT('2D SPACE',''
  ) );
#6157 = ORIENTED_EDGE('',*,*,#6108,.F.);
#6158 = ORIENTED_EDGE('',*,*,#6159,.T.);
#6159 = EDGE_CURVE('',#6030,#6160,#6162,.T.);
#6160 = VERTEX_POINT('',#6161);
#6161 = CARTESIAN_POINT('',(72.343002359938,213.55332071837,33.2));
#6162 = SURFACE_CURVE('',#6163,(#6184,#6208),.PCURVE_S1.);
#6163 = B_SPLINE_CURVE_WITH_KNOTS('',7,(#6164,#6165,#6166,#6167,#6168,
    #6169,#6170,#6171,#6172,#6173,#6174,#6175,#6176,#6177,#6178,#6179,
    #6180,#6181,#6182,#6183),.UNSPECIFIED.,.F.,.F.,(8,6,6,8),(0.,
    0.279544318551,0.44744046364,1.),.UNSPECIFIED.);
#6164 = CARTESIAN_POINT('',(71.302394520808,215.71598928409,33.2));
#6165 = CARTESIAN_POINT('',(71.408687095765,215.6481625925,33.2));
#6166 = CARTESIAN_POINT('',(71.509657828279,215.57191365102,33.2));
#6167 = CARTESIAN_POINT('',(71.60445935229,215.48776930328,33.2));
#6168 = CARTESIAN_POINT('',(71.692576782258,215.39646692443,33.2));
#6169 = CARTESIAN_POINT('',(71.77374365755,215.29886040281,33.2));
#6170 = CARTESIAN_POINT('',(71.847880581906,215.19585360148,33.2));
#6171 = CARTESIAN_POINT('',(71.955402888347,215.02380072047,33.2));
#6172 = CARTESIAN_POINT('',(71.993251810028,214.95759997935,33.2));
#6173 = CARTESIAN_POINT('',(72.028628245187,214.88993501482,33.2));
#6174 = CARTESIAN_POINT('',(72.06157535818,214.82097194625,33.2));
#6175 = CARTESIAN_POINT('',(72.092149857591,214.75086456544,33.2));
#6176 = CARTESIAN_POINT('',(72.120417298258,214.67975182825,33.2));
#6177 = CARTESIAN_POINT('',(72.232114458682,214.37080921069,33.2));
#6178 = CARTESIAN_POINT('',(72.293395967363,214.12471725469,33.2));
#6179 = CARTESIAN_POINT('',(72.33320623357,213.87315531305,33.2));
#6180 = CARTESIAN_POINT('',(72.354088196729,213.61890579659,33.2));
#6181 = CARTESIAN_POINT('',(72.358338350737,213.36391565965,33.2));
#6182 = CARTESIAN_POINT('',(72.347833413593,213.10927729096,33.2));
#6183 = CARTESIAN_POINT('',(72.32391181526,212.85523958562,33.2));
#6184 = PCURVE('',#6009,#6185);
#6185 = DEFINITIONAL_REPRESENTATION('',(#6186),#6207);
#6186 = B_SPLINE_CURVE_WITH_KNOTS('',7,(#6187,#6188,#6189,#6190,#6191,
    #6192,#6193,#6194,#6195,#6196,#6197,#6198,#6199,#6200,#6201,#6202,
    #6203,#6204,#6205,#6206),.UNSPECIFIED.,.F.,.F.,(8,6,6,8),(0.,
    0.279544318551,0.44744046364,1.),.UNSPECIFIED.);
#6187 = CARTESIAN_POINT('',(6.28318530718,-2.4));
#6188 = CARTESIAN_POINT('',(6.243782326567,-2.4));
#6189 = CARTESIAN_POINT('',(6.204365543393,-2.4));
#6190 = CARTESIAN_POINT('',(6.16514666011,-2.4));
#6191 = CARTESIAN_POINT('',(6.126285432387,-2.4));
#6192 = CARTESIAN_POINT('',(6.08790855158,-2.4));
#6193 = CARTESIAN_POINT('',(6.050120779996,-2.4));
#6194 = CARTESIAN_POINT('',(5.990718364289,-2.4));
#6195 = CARTESIAN_POINT('',(5.968664444043,-2.4));
#6196 = CARTESIAN_POINT('',(5.946858447755,-2.4));
#6197 = CARTESIAN_POINT('',(5.925307973192,-2.4));
#6198 = CARTESIAN_POINT('',(5.904016837338,-2.4));
#6199 = CARTESIAN_POINT('',(5.882985567364,-2.4));
#6200 = CARTESIAN_POINT('',(5.793844076225,-2.4));
#6201 = CARTESIAN_POINT('',(5.728388690059,-2.4));
#6202 = CARTESIAN_POINT('',(5.66553411474,-2.4));
#6203 = CARTESIAN_POINT('',(5.605048375265,-2.4));
#6204 = CARTESIAN_POINT('',(5.546682938022,-2.4));
#6205 = CARTESIAN_POINT('',(5.490158375486,-2.4));
#6206 = CARTESIAN_POINT('',(5.435123228198,-2.4));
#6207 = ( GEOMETRIC_REPRESENTATION_CONTEXT(2) 
PARAMETRIC_REPRESENTATION_CONTEXT() REPRESENTATION_CONTEXT('2D SPACE',''
  ) );
#6208 = PCURVE('',#6079,#6209);
#6209 = DEFINITIONAL_REPRESENTATION('',(#6210),#6231);
#6210 = B_SPLINE_CURVE_WITH_KNOTS('',7,(#6211,#6212,#6213,#6214,#6215,
    #6216,#6217,#6218,#6219,#6220,#6221,#6222,#6223,#6224,#6225,#6226,
    #6227,#6228,#6229,#6230),.UNSPECIFIED.,.F.,.F.,(8,6,6,8),(0.,
    0.279544318551,0.44744046364,1.),.UNSPECIFIED.);
#6211 = CARTESIAN_POINT('',(0.,0.));
#6212 = CARTESIAN_POINT('',(-2.84217094304E-14,-0.12608953796));
#6213 = CARTESIAN_POINT('',(-9.962647291218E-03,-0.252223338188));
#6214 = CARTESIAN_POINT('',(-2.989963570758E-02,-0.377403674918));
#6215 = CARTESIAN_POINT('',(-5.946633300658E-02,-0.500799850948));
#6216 = CARTESIAN_POINT('',(-9.808625323768E-02,-0.621727914147));
#6217 = CARTESIAN_POINT('',(-0.145040155545,-0.739634723665));
#6218 = CARTESIAN_POINT('',(-0.23224058162,-0.922826770271));
#6219 = CARTESIAN_POINT('',(-0.267687456687,-0.990344160955));
#6220 = CARTESIAN_POINT('',(-0.305698673436,-1.056564905368));
#6221 = CARTESIAN_POINT('',(-0.346110975252,-1.121436031021));
#6222 = CARTESIAN_POINT('',(-0.38876421179,-1.184922614415));
#6223 = CARTESIAN_POINT('',(-0.433505980688,-1.247005170002));
#6224 = CARTESIAN_POINT('',(-0.633857714,-1.507352974968));
#6225 = CARTESIAN_POINT('',(-0.808346621214,-1.691391816989));
#6226 = CARTESIAN_POINT('',(-0.998996601215,-1.860272996833));
#6227 = CARTESIAN_POINT('',(-1.202094191427,-2.014643466332));
#6228 = CARTESIAN_POINT('',(-1.414762782279,-2.155391838303));
#6229 = CARTESIAN_POINT('',(-1.635071964724,-2.283512549527));
#6230 = CARTESIAN_POINT('',(-1.862091947286,-2.4));
#6231 = ( GEOMETRIC_REPRESENTATION_CONTEXT(2) 
PARAMETRIC_REPRESENTATION_CONTEXT() REPRESENTATION_CONTEXT('2D SPACE',''
  ) );
#6232 = ORIENTED_EDGE('',*,*,#6233,.T.);
#6233 = EDGE_CURVE('',#6160,#5957,#6234,.T.);
#6234 = SURFACE_CURVE('',#6235,(#6241,#6250),.PCURVE_S1.);
#6235 = B_SPLINE_CURVE_WITH_KNOTS('',4,(#6236,#6237,#6238,#6239,#6240),
  .UNSPECIFIED.,.F.,.F.,(5,5),(0.,1.),.PIECEWISE_BEZIER_KNOTS.);
#6236 = CARTESIAN_POINT('',(72.343002359938,213.55332071837,33.2000006)
  );
#6237 = CARTESIAN_POINT('',(72.343002359938,213.55332071837,32.6000003)
  );
#6238 = CARTESIAN_POINT('',(72.343002359938,213.55332071837,32.));
#6239 = CARTESIAN_POINT('',(72.343002359938,213.55332071837,31.3999997)
  );
#6240 = CARTESIAN_POINT('',(72.343002359938,213.55332071837,30.7999994)
  );
#6241 = PCURVE('',#6009,#6242);
#6242 = DEFINITIONAL_REPRESENTATION('',(#6243),#6249);
#6243 = B_SPLINE_CURVE_WITH_KNOTS('',4,(#6244,#6245,#6246,#6247,#6248),
  .UNSPECIFIED.,.F.,.F.,(5,5),(0.,1.),.PIECEWISE_BEZIER_KNOTS.);
#6244 = CARTESIAN_POINT('',(5.591701796121,-2.4000006));
#6245 = CARTESIAN_POINT('',(5.591701796121,-1.8000003));
#6246 = CARTESIAN_POINT('',(5.591701796121,-1.2));
#6247 = CARTESIAN_POINT('',(5.591701796121,-0.5999997));
#6248 = CARTESIAN_POINT('',(5.591701796121,5.999999999062E-07));
#6249 = ( GEOMETRIC_REPRESENTATION_CONTEXT(2) 
PARAMETRIC_REPRESENTATION_CONTEXT() REPRESENTATION_CONTEXT('2D SPACE',''
  ) );
#6250 = PCURVE('',#5982,#6251);
#6251 = DEFINITIONAL_REPRESENTATION('',(#6252),#6258);
#6252 = B_SPLINE_CURVE_WITH_KNOTS('',4,(#6253,#6254,#6255,#6256,#6257),
  .UNSPECIFIED.,.F.,.F.,(5,5),(0.,1.),.PIECEWISE_BEZIER_KNOTS.);
#6253 = CARTESIAN_POINT('',(-4.158035315084,-2.4000006));
#6254 = CARTESIAN_POINT('',(-4.158035315084,-1.8000003));
#6255 = CARTESIAN_POINT('',(-4.158035315084,-1.2));
#6256 = CARTESIAN_POINT('',(-4.158035315084,-0.5999997));
#6257 = CARTESIAN_POINT('',(-4.158035315084,5.999999999062E-07));
#6258 = ( GEOMETRIC_REPRESENTATION_CONTEXT(2) 
PARAMETRIC_REPRESENTATION_CONTEXT() REPRESENTATION_CONTEXT('2D SPACE',''
  ) );
#6259 = ORIENTED_EDGE('',*,*,#5994,.F.);
#6260 = ORIENTED_EDGE('',*,*,#6261,.F.);
#6261 = EDGE_CURVE('',#6028,#5955,#6262,.T.);
#6262 = SURFACE_CURVE('',#6263,(#6269,#6278),.PCURVE_S1.);
#6263 = B_SPLINE_CURVE_WITH_KNOTS('',4,(#6264,#6265,#6266,#6267,#6268),
  .UNSPECIFIED.,.F.,.F.,(5,5),(0.,1.),.PIECEWISE_BEZIER_KNOTS.);
#6264 = CARTESIAN_POINT('',(68.902617116745,215.74867584017,33.2000006)
  );
#6265 = CARTESIAN_POINT('',(68.902617116745,215.74867584017,32.6000003)
  );
#6266 = CARTESIAN_POINT('',(68.902617116745,215.74867584017,32.));
#6267 = CARTESIAN_POINT('',(68.902617116745,215.74867584017,31.3999997)
  );
#6268 = CARTESIAN_POINT('',(68.902617116745,215.74867584017,30.7999994)
  );
#6269 = PCURVE('',#6009,#6270);
#6270 = DEFINITIONAL_REPRESENTATION('',(#6271),#6277);
#6271 = B_SPLINE_CURVE_WITH_KNOTS('',4,(#6272,#6273,#6274,#6275,#6276),
  .UNSPECIFIED.,.F.,.F.,(5,5),(0.,1.),.PIECEWISE_BEZIER_KNOTS.);
#6272 = CARTESIAN_POINT('',(0.691483511059,-2.4000006));
#6273 = CARTESIAN_POINT('',(0.691483511059,-1.8000003));
#6274 = CARTESIAN_POINT('',(0.691483511059,-1.2));
#6275 = CARTESIAN_POINT('',(0.691483511059,-0.5999997));
#6276 = CARTESIAN_POINT('',(0.691483511059,5.999999999062E-07));
#6277 = ( GEOMETRIC_REPRESENTATION_CONTEXT(2) 
PARAMETRIC_REPRESENTATION_CONTEXT() REPRESENTATION_CONTEXT('2D SPACE',''
  ) );
#6278 = PCURVE('',#5982,#6279);
#6279 = DEFINITIONAL_REPRESENTATION('',(#6280),#6286);
#6280 = B_SPLINE_CURVE_WITH_KNOTS('',4,(#6281,#6282,#6283,#6284,#6285),
  .UNSPECIFIED.,.F.,.F.,(5,5),(0.,1.),.PIECEWISE_BEZIER_KNOTS.);
#6281 = CARTESIAN_POINT('',(-8.408335299275,-2.4000006));
#6282 = CARTESIAN_POINT('',(-8.408335299275,-1.8000003));
#6283 = CARTESIAN_POINT('',(-8.408335299275,-1.2));
#6284 = CARTESIAN_POINT('',(-8.408335299275,-0.5999997));
#6285 = CARTESIAN_POINT('',(-8.408335299275,5.999999999062E-07));
#6286 = ( GEOMETRIC_REPRESENTATION_CONTEXT(2) 
PARAMETRIC_REPRESENTATION_CONTEXT() REPRESENTATION_CONTEXT('2D SPACE',''
  ) );
#6287 = ADVANCED_FACE('',(#6288),#6146,.T.);
#6288 = FACE_BOUND('',#6289,.T.);
#6289 = EDGE_LOOP('',(#6290));
#6290 = ORIENTED_EDGE('',*,*,#6131,.T.);
#6291 = ADVANCED_FACE('',(#6292),#6079,.T.);
#6292 = FACE_BOUND('',#6293,.T.);
#6293 = EDGE_LOOP('',(#6294,#6295,#6321));
#6294 = ORIENTED_EDGE('',*,*,#6159,.T.);
#6295 = ORIENTED_EDGE('',*,*,#6296,.F.);
#6296 = EDGE_CURVE('',#6028,#6160,#6297,.T.);
#6297 = SURFACE_CURVE('',#6298,(#6303,#6314),.PCURVE_S1.);
#6298 = CIRCLE('',#6299,2.4);
#6299 = AXIS2_PLACEMENT_3D('',#6300,#6301,#6302);
#6300 = CARTESIAN_POINT('',(71.302394520808,215.71598928409,33.2));
#6301 = DIRECTION('',(0.,0.,-1.));
#6302 = DIRECTION('',(-0.999907251693,1.361939836764E-02,0.));
#6303 = PCURVE('',#6079,#6304);
#6304 = DEFINITIONAL_REPRESENTATION('',(#6305),#6313);
#6305 = ( BOUNDED_CURVE() B_SPLINE_CURVE(2,(#6306,#6307,#6308,#6309,
#6310,#6311,#6312),.UNSPECIFIED.,.T.,.F.) B_SPLINE_CURVE_WITH_KNOTS((1,2
    ,2,2,2,1),(-2.094395102393,0.,2.094395102393,4.188790204786,
6.28318530718,8.377580409573),.UNSPECIFIED.) CURVE() 
GEOMETRIC_REPRESENTATION_ITEM() RATIONAL_B_SPLINE_CURVE((1.,0.5,1.,0.5,
1.,0.5,1.)) REPRESENTATION_ITEM('') );
#6306 = CARTESIAN_POINT('',(-1.263345288075,2.040578026712));
#6307 = CARTESIAN_POINT('',(2.271039530998,4.228756253161));
#6308 = CARTESIAN_POINT('',(2.398865053574,7.380009986873E-02));
#6309 = CARTESIAN_POINT('',(2.52669057615,-4.081156053423));
#6310 = CARTESIAN_POINT('',(-1.135519765499,-2.11437812658));
#6311 = CARTESIAN_POINT('',(-4.797730107148,-0.147600199737));
#6312 = CARTESIAN_POINT('',(-1.263345288075,2.040578026712));
#6313 = ( GEOMETRIC_REPRESENTATION_CONTEXT(2) 
PARAMETRIC_REPRESENTATION_CONTEXT() REPRESENTATION_CONTEXT('2D SPACE',''
  ) );
#6314 = PCURVE('',#5982,#6315);
#6315 = DEFINITIONAL_REPRESENTATION('',(#6316),#6320);
#6316 = LINE('',#6317,#6318);
#6317 = CARTESIAN_POINT('',(-8.408335299275,-2.4));
#6318 = VECTOR('',#6319,1.);
#6319 = DIRECTION('',(1.,-0.));
#6320 = ( GEOMETRIC_REPRESENTATION_CONTEXT(2) 
PARAMETRIC_REPRESENTATION_CONTEXT() REPRESENTATION_CONTEXT('2D SPACE',''
  ) );
#6321 = ORIENTED_EDGE('',*,*,#6027,.T.);
#6322 = ADVANCED_FACE('',(#6323),#5982,.T.);
#6323 = FACE_BOUND('',#6324,.F.);
#6324 = EDGE_LOOP('',(#6325,#6326,#6327,#6328));
#6325 = ORIENTED_EDGE('',*,*,#5954,.T.);
#6326 = ORIENTED_EDGE('',*,*,#6233,.F.);
#6327 = ORIENTED_EDGE('',*,*,#6296,.F.);
#6328 = ORIENTED_EDGE('',*,*,#6261,.T.);
#6329 = MANIFOLD_SOLID_BREP('',#6330);
#6330 = CLOSED_SHELL('',(#6331,#6404,#6668,#6672,#6703));
#6331 = ADVANCED_FACE('',(#6332),#6347,.F.);
#6332 = FACE_BOUND('',#6333,.F.);
#6333 = EDGE_LOOP('',(#6334,#6374));
#6334 = ORIENTED_EDGE('',*,*,#6335,.F.);
#6335 = EDGE_CURVE('',#6336,#6338,#6340,.T.);
#6336 = VERTEX_POINT('',#6337);
#6337 = CARTESIAN_POINT('',(-87.62070431694,171.10139288555,30.8));
#6338 = VERTEX_POINT('',#6339);
#6339 = CARTESIAN_POINT('',(-90.36647278628,174.12076206555,30.8));
#6340 = SURFACE_CURVE('',#6341,(#6346,#6362),.PCURVE_S1.);
#6341 = CIRCLE('',#6342,2.4);
#6342 = AXIS2_PLACEMENT_3D('',#6343,#6344,#6345);
#6343 = CARTESIAN_POINT('',(-89.92825161682,171.76110908118,30.8));
#6344 = DIRECTION('',(0.,-0.,-1.));
#6345 = DIRECTION('',(0.961478041619,-0.274881748182,0.));
#6346 = PCURVE('',#6347,#6352);
#6347 = PLANE('',#6348);
#6348 = AXIS2_PLACEMENT_3D('',#6349,#6350,#6351);
#6349 = CARTESIAN_POINT('',(-86.13937067479,175.20665985835,30.8));
#6350 = DIRECTION('',(0.,0.,1.));
#6351 = DIRECTION('',(-0.73983183698,-0.672791834813,0.));
#6352 = DEFINITIONAL_REPRESENTATION('',(#6353),#6361);
#6353 = ( BOUNDED_CURVE() B_SPLINE_CURVE(2,(#6354,#6355,#6356,#6357,
#6358,#6359,#6360),.UNSPECIFIED.,.T.,.F.) B_SPLINE_CURVE_WITH_KNOTS((1,2
    ,2,2,2,1),(-2.094395102393,0.,2.094395102393,4.188790204786,
6.28318530718,8.377580409573),.UNSPECIFIED.) CURVE() 
GEOMETRIC_REPRESENTATION_ITEM() RATIONAL_B_SPLINE_CURVE((1.,0.5,1.,0.5,
1.,0.5,1.)) REPRESENTATION_ITEM('') );
#6354 = CARTESIAN_POINT('',(3.857927888683,2.040578026712));
#6355 = CARTESIAN_POINT('',(7.392312707756,4.228756253161));
#6356 = CARTESIAN_POINT('',(7.520138230332,7.380009986872E-02));
#6357 = CARTESIAN_POINT('',(7.647963752908,-4.081156053423));
#6358 = CARTESIAN_POINT('',(3.985753411259,-2.11437812658));
#6359 = CARTESIAN_POINT('',(0.32354306961,-0.147600199737));
#6360 = CARTESIAN_POINT('',(3.857927888683,2.040578026712));
#6361 = ( GEOMETRIC_REPRESENTATION_CONTEXT(2) 
PARAMETRIC_REPRESENTATION_CONTEXT() REPRESENTATION_CONTEXT('2D SPACE',''
  ) );
#6362 = PCURVE('',#6363,#6368);
#6363 = CYLINDRICAL_SURFACE('',#6364,2.4);
#6364 = AXIS2_PLACEMENT_3D('',#6365,#6366,#6367);
#6365 = CARTESIAN_POINT('',(-89.92825161682,171.76110908118,30.8));
#6366 = DIRECTION('',(0.,0.,-1.));
#6367 = DIRECTION('',(-0.73983183698,-0.672791834813,0.));
#6368 = DEFINITIONAL_REPRESENTATION('',(#6369),#6373);
#6369 = LINE('',#6370,#6371);
#6370 = CARTESIAN_POINT('',(-8.408335299275,0.));
#6371 = VECTOR('',#6372,1.);
#6372 = DIRECTION('',(1.,-0.));
#6373 = ( GEOMETRIC_REPRESENTATION_CONTEXT(2) 
PARAMETRIC_REPRESENTATION_CONTEXT() REPRESENTATION_CONTEXT('2D SPACE',''
  ) );
#6374 = ORIENTED_EDGE('',*,*,#6375,.T.);
#6375 = EDGE_CURVE('',#6336,#6338,#6376,.T.);
#6376 = SURFACE_CURVE('',#6377,(#6382,#6389),.PCURVE_S1.);
#6377 = ELLIPSE('',#6378,5.5,3.2);
#6378 = AXIS2_PLACEMENT_3D('',#6379,#6380,#6381);
#6379 = CARTESIAN_POINT('',(-85.85917651343,175.46146417265,30.8));
#6380 = DIRECTION('',(0.,0.,1.));
#6381 = DIRECTION('',(-0.73983183698,-0.672791834813,0.));
#6382 = PCURVE('',#6347,#6383);
#6383 = DEFINITIONAL_REPRESENTATION('',(#6384),#6388);
#6384 = ELLIPSE('',#6385,5.5,3.2);
#6385 = AXIS2_PLACEMENT_2D('',#6386,#6387);
#6386 = CARTESIAN_POINT('',(-0.378726823242,-7.216449660064E-16));
#6387 = DIRECTION('',(1.,0.));
#6388 = ( GEOMETRIC_REPRESENTATION_CONTEXT(2) 
PARAMETRIC_REPRESENTATION_CONTEXT() REPRESENTATION_CONTEXT('2D SPACE',''
  ) );
#6389 = PCURVE('',#6390,#6398);
#6390 = SURFACE_OF_LINEAR_EXTRUSION('',#6391,#6396);
#6391 = ELLIPSE('',#6392,5.5,3.2);
#6392 = AXIS2_PLACEMENT_3D('',#6393,#6394,#6395);
#6393 = CARTESIAN_POINT('',(-85.85917651343,175.46146417265,30.8));
#6394 = DIRECTION('',(0.,0.,1.));
#6395 = DIRECTION('',(-0.73983183698,-0.672791834813,0.));
#6396 = VECTOR('',#6397,1.);
#6397 = DIRECTION('',(0.,0.,-1.));
#6398 = DEFINITIONAL_REPRESENTATION('',(#6399),#6403);
#6399 = LINE('',#6400,#6401);
#6400 = CARTESIAN_POINT('',(0.,0.));
#6401 = VECTOR('',#6402,1.);
#6402 = DIRECTION('',(1.,0.));
#6403 = ( GEOMETRIC_REPRESENTATION_CONTEXT(2) 
PARAMETRIC_REPRESENTATION_CONTEXT() REPRESENTATION_CONTEXT('2D SPACE',''
  ) );
#6404 = ADVANCED_FACE('',(#6405),#6390,.F.);
#6405 = FACE_BOUND('',#6406,.F.);
#6406 = EDGE_LOOP('',(#6407,#6488,#6511,#6538,#6539,#6613,#6640,#6641));
#6407 = ORIENTED_EDGE('',*,*,#6408,.T.);
#6408 = EDGE_CURVE('',#6409,#6411,#6413,.T.);
#6409 = VERTEX_POINT('',#6410);
#6410 = CARTESIAN_POINT('',(-87.62070431694,171.10139288555,33.2));
#6411 = VERTEX_POINT('',#6412);
#6412 = CARTESIAN_POINT('',(-89.92825161682,171.76110908118,33.2));
#6413 = SURFACE_CURVE('',#6414,(#6435,#6459),.PCURVE_S1.);
#6414 = B_SPLINE_CURVE_WITH_KNOTS('',7,(#6415,#6416,#6417,#6418,#6419,
    #6420,#6421,#6422,#6423,#6424,#6425,#6426,#6427,#6428,#6429,#6430,
    #6431,#6432,#6433,#6434),.UNSPECIFIED.,.F.,.F.,(8,6,6,8),(0.,
    0.552559536359,0.720455681449,1.),.UNSPECIFIED.);
#6415 = CARTESIAN_POINT('',(-86.93591630729,171.23831293024,33.2));
#6416 = CARTESIAN_POINT('',(-87.18224472355,171.1717568641,33.2));
#6417 = CARTESIAN_POINT('',(-87.43143503909,171.11832242615,33.2));
#6418 = CARTESIAN_POINT('',(-87.68346838875,171.0793708613,33.2));
#6419 = CARTESIAN_POINT('',(-87.93758564342,171.05693664896,33.2));
#6420 = CARTESIAN_POINT('',(-88.1922564472,171.05361257262,33.2));
#6421 = CARTESIAN_POINT('',(-88.44516872615,171.07237565515,33.2));
#6422 = CARTESIAN_POINT('',(-88.76855519444,171.13019423969,33.2));
#6423 = CARTESIAN_POINT('',(-88.843425216,171.14602299404,33.2));
#6424 = CARTESIAN_POINT('',(-88.91769469327,171.16429564039,33.2));
#6425 = CARTESIAN_POINT('',(-88.99123776441,171.18510029776,33.2));
#6426 = CARTESIAN_POINT('',(-89.06391244886,171.20851887648,33.2));
#6427 = CARTESIAN_POINT('',(-89.13556232472,171.23462202355,33.2));
#6428 = CARTESIAN_POINT('',(-89.32332608929,171.31148559725,33.2));
#6429 = CARTESIAN_POINT('',(-89.43739081979,171.36712660664,33.2));
#6430 = CARTESIAN_POINT('',(-89.54732247984,171.43060987079,33.2));
#6431 = CARTESIAN_POINT('',(-89.6522168035,171.50201005785,33.2));
#6432 = CARTESIAN_POINT('',(-89.75118713069,171.58120901331,33.2));
#6433 = CARTESIAN_POINT('',(-89.84341960523,171.66782402669,33.2));
#6434 = CARTESIAN_POINT('',(-89.92825161682,171.76110908118,33.2));
#6435 = PCURVE('',#6390,#6436);
#6436 = DEFINITIONAL_REPRESENTATION('',(#6437),#6458);
#6437 = B_SPLINE_CURVE_WITH_KNOTS('',7,(#6438,#6439,#6440,#6441,#6442,
    #6443,#6444,#6445,#6446,#6447,#6448,#6449,#6450,#6451,#6452,#6453,
    #6454,#6455,#6456,#6457),.UNSPECIFIED.,.F.,.F.,(8,6,6,8),(0.,
    0.552559536359,0.720455681449,1.),.UNSPECIFIED.);
#6438 = CARTESIAN_POINT('',(0.848062078981,-2.4));
#6439 = CARTESIAN_POINT('',(0.793026931694,-2.4));
#6440 = CARTESIAN_POINT('',(0.736502369158,-2.4));
#6441 = CARTESIAN_POINT('',(0.678136931915,-2.4));
#6442 = CARTESIAN_POINT('',(0.617651192439,-2.4));
#6443 = CARTESIAN_POINT('',(0.554796617121,-2.4));
#6444 = CARTESIAN_POINT('',(0.489341230955,-2.4));
#6445 = CARTESIAN_POINT('',(0.400199739816,-2.4));
#6446 = CARTESIAN_POINT('',(0.379168469842,-2.4));
#6447 = CARTESIAN_POINT('',(0.357877333988,-2.4));
#6448 = CARTESIAN_POINT('',(0.336326859425,-2.4));
#6449 = CARTESIAN_POINT('',(0.314520863137,-2.4));
#6450 = CARTESIAN_POINT('',(0.292466942891,-2.4));
#6451 = CARTESIAN_POINT('',(0.233064527184,-2.4));
#6452 = CARTESIAN_POINT('',(0.1952767556,-2.4));
#6453 = CARTESIAN_POINT('',(0.156899874792,-2.4));
#6454 = CARTESIAN_POINT('',(0.11803864707,-2.4));
#6455 = CARTESIAN_POINT('',(7.881976378659E-02,-2.4));
#6456 = CARTESIAN_POINT('',(3.94029806125E-02,-2.4));
#6457 = CARTESIAN_POINT('',(0.,-2.4));
#6458 = ( GEOMETRIC_REPRESENTATION_CONTEXT(2) 
PARAMETRIC_REPRESENTATION_CONTEXT() REPRESENTATION_CONTEXT('2D SPACE',''
  ) );
#6459 = PCURVE('',#6460,#6465);
#6460 = PLANE('',#6461);
#6461 = AXIS2_PLACEMENT_3D('',#6462,#6463,#6464);
#6462 = CARTESIAN_POINT('',(-89.92825161682,171.76110908118,33.2));
#6463 = DIRECTION('',(0.,0.,1.));
#6464 = DIRECTION('',(-0.73983183698,-0.672791834813,0.));
#6465 = DEFINITIONAL_REPRESENTATION('',(#6466),#6487);
#6466 = B_SPLINE_CURVE_WITH_KNOTS('',7,(#6467,#6468,#6469,#6470,#6471,
    #6472,#6473,#6474,#6475,#6476,#6477,#6478,#6479,#6480,#6481,#6482,
    #6483,#6484,#6485,#6486),.UNSPECIFIED.,.F.,.F.,(8,6,6,8),(0.,
    0.552559536359,0.720455681449,1.),.UNSPECIFIED.);
#6467 = CARTESIAN_POINT('',(-1.862091947286,2.4));
#6468 = CARTESIAN_POINT('',(-1.635071964724,2.283512549527));
#6469 = CARTESIAN_POINT('',(-1.414762782279,2.155391838303));
#6470 = CARTESIAN_POINT('',(-1.202094191427,2.014643466332));
#6471 = CARTESIAN_POINT('',(-0.998996601215,1.860272996834));
#6472 = CARTESIAN_POINT('',(-0.808346621214,1.691391816989));
#6473 = CARTESIAN_POINT('',(-0.633857714,1.507352974968));
#6474 = CARTESIAN_POINT('',(-0.433505980689,1.247005170003));
#6475 = CARTESIAN_POINT('',(-0.38876421179,1.184922614416));
#6476 = CARTESIAN_POINT('',(-0.346110975252,1.121436031022));
#6477 = CARTESIAN_POINT('',(-0.305698673436,1.056564905368));
#6478 = CARTESIAN_POINT('',(-0.267687456687,0.990344160955));
#6479 = CARTESIAN_POINT('',(-0.23224058162,0.922826770272));
#6480 = CARTESIAN_POINT('',(-0.145040155545,0.739634723665));
#6481 = CARTESIAN_POINT('',(-9.808625323784E-02,0.621727914147));
#6482 = CARTESIAN_POINT('',(-5.946633300661E-02,0.500799850948));
#6483 = CARTESIAN_POINT('',(-2.989963570754E-02,0.377403674918));
#6484 = CARTESIAN_POINT('',(-9.962647291246E-03,0.252223338189));
#6485 = CARTESIAN_POINT('',(-1.42108547152E-14,0.12608953796));
#6486 = CARTESIAN_POINT('',(0.,0.));
#6487 = ( GEOMETRIC_REPRESENTATION_CONTEXT(2) 
PARAMETRIC_REPRESENTATION_CONTEXT() REPRESENTATION_CONTEXT('2D SPACE',''
  ) );
#6488 = ORIENTED_EDGE('',*,*,#6489,.T.);
#6489 = EDGE_CURVE('',#6411,#6490,#6492,.T.);
#6490 = VERTEX_POINT('',#6491);
#6491 = CARTESIAN_POINT('',(-89.92825161682,171.76110908118,33.4));
#6492 = SEAM_CURVE('',#6493,(#6497,#6504),.PCURVE_S1.);
#6493 = LINE('',#6494,#6495);
#6494 = CARTESIAN_POINT('',(-89.92825161682,171.76110908118,30.8));
#6495 = VECTOR('',#6496,1.);
#6496 = DIRECTION('',(0.,0.,1.));
#6497 = PCURVE('',#6390,#6498);
#6498 = DEFINITIONAL_REPRESENTATION('',(#6499),#6503);
#6499 = LINE('',#6500,#6501);
#6500 = CARTESIAN_POINT('',(6.28318530718,0.));
#6501 = VECTOR('',#6502,1.);
#6502 = DIRECTION('',(0.,-1.));
#6503 = ( GEOMETRIC_REPRESENTATION_CONTEXT(2) 
PARAMETRIC_REPRESENTATION_CONTEXT() REPRESENTATION_CONTEXT('2D SPACE',''
  ) );
#6504 = PCURVE('',#6390,#6505);
#6505 = DEFINITIONAL_REPRESENTATION('',(#6506),#6510);
#6506 = LINE('',#6507,#6508);
#6507 = CARTESIAN_POINT('',(0.,0.));
#6508 = VECTOR('',#6509,1.);
#6509 = DIRECTION('',(0.,-1.));
#6510 = ( GEOMETRIC_REPRESENTATION_CONTEXT(2) 
PARAMETRIC_REPRESENTATION_CONTEXT() REPRESENTATION_CONTEXT('2D SPACE',''
  ) );
#6511 = ORIENTED_EDGE('',*,*,#6512,.T.);
#6512 = EDGE_CURVE('',#6490,#6490,#6513,.T.);
#6513 = SURFACE_CURVE('',#6514,(#6519,#6526),.PCURVE_S1.);
#6514 = ELLIPSE('',#6515,5.5,3.2);
#6515 = AXIS2_PLACEMENT_3D('',#6516,#6517,#6518);
#6516 = CARTESIAN_POINT('',(-85.85917651343,175.46146417265,33.4));
#6517 = DIRECTION('',(0.,0.,1.));
#6518 = DIRECTION('',(-0.73983183698,-0.672791834813,0.));
#6519 = PCURVE('',#6390,#6520);
#6520 = DEFINITIONAL_REPRESENTATION('',(#6521),#6525);
#6521 = LINE('',#6522,#6523);
#6522 = CARTESIAN_POINT('',(0.,-2.6));
#6523 = VECTOR('',#6524,1.);
#6524 = DIRECTION('',(1.,0.));
#6525 = ( GEOMETRIC_REPRESENTATION_CONTEXT(2) 
PARAMETRIC_REPRESENTATION_CONTEXT() REPRESENTATION_CONTEXT('2D SPACE',''
  ) );
#6526 = PCURVE('',#6527,#6532);
#6527 = PLANE('',#6528);
#6528 = AXIS2_PLACEMENT_3D('',#6529,#6530,#6531);
#6529 = CARTESIAN_POINT('',(-86.13937067479,175.20665985835,33.4));
#6530 = DIRECTION('',(0.,0.,1.));
#6531 = DIRECTION('',(-0.73983183698,-0.672791834813,0.));
#6532 = DEFINITIONAL_REPRESENTATION('',(#6533),#6537);
#6533 = ELLIPSE('',#6534,5.5,3.2);
#6534 = AXIS2_PLACEMENT_2D('',#6535,#6536);
#6535 = CARTESIAN_POINT('',(-0.378726823242,-7.216449660064E-16));
#6536 = DIRECTION('',(1.,0.));
#6537 = ( GEOMETRIC_REPRESENTATION_CONTEXT(2) 
PARAMETRIC_REPRESENTATION_CONTEXT() REPRESENTATION_CONTEXT('2D SPACE',''
  ) );
#6538 = ORIENTED_EDGE('',*,*,#6489,.F.);
#6539 = ORIENTED_EDGE('',*,*,#6540,.T.);
#6540 = EDGE_CURVE('',#6411,#6541,#6543,.T.);
#6541 = VERTEX_POINT('',#6542);
#6542 = CARTESIAN_POINT('',(-90.36647278628,174.12076206555,33.2));
#6543 = SURFACE_CURVE('',#6544,(#6565,#6589),.PCURVE_S1.);
#6544 = B_SPLINE_CURVE_WITH_KNOTS('',7,(#6545,#6546,#6547,#6548,#6549,
    #6550,#6551,#6552,#6553,#6554,#6555,#6556,#6557,#6558,#6559,#6560,
    #6561,#6562,#6563,#6564),.UNSPECIFIED.,.F.,.F.,(8,6,6,8),(0.,
    0.279544318551,0.44744046364,1.),.UNSPECIFIED.);
#6545 = CARTESIAN_POINT('',(-89.92825161682,171.76110908118,33.2));
#6546 = CARTESIAN_POINT('',(-90.01308362842,171.85439413568,33.2));
#6547 = CARTESIAN_POINT('',(-90.09057473566,171.95441472456,33.2));
#6548 = CARTESIAN_POINT('',(-90.16004502533,172.06044056605,33.2));
#6549 = CARTESIAN_POINT('',(-90.22119058103,172.17162521816,33.2));
#6550 = CARTESIAN_POINT('',(-90.27397774802,172.28707481629,33.2));
#6551 = CARTESIAN_POINT('',(-90.31856649494,172.40589622986,33.2));
#6552 = CARTESIAN_POINT('',(-90.37730295669,172.60009527287,33.2));
#6553 = CARTESIAN_POINT('',(-90.39650337915,172.67389515617,33.2));
#6554 = CARTESIAN_POINT('',(-90.41293424697,172.74846100741,33.2));
#6555 = CARTESIAN_POINT('',(-90.42668070314,172.82364379816,33.2));
#6556 = CARTESIAN_POINT('',(-90.43783773573,172.89930994305,33.2));
#6557 = CARTESIAN_POINT('',(-90.44650498714,172.97534249098,33.2));
#6558 = CARTESIAN_POINT('',(-90.47343827363,173.30275109604,33.2));
#6559 = CARTESIAN_POINT('',(-90.46816565507,173.55630360265,33.2));
#6560 = CARTESIAN_POINT('',(-90.440738609,173.80951502602,33.2));
#6561 = CARTESIAN_POINT('',(-90.39433973716,174.06036561441,33.2));
#6562 = CARTESIAN_POINT('',(-90.33169509835,174.30757743244,33.2));
#6563 = CARTESIAN_POINT('',(-90.25490191958,174.55058743267,33.2));
#6564 = CARTESIAN_POINT('',(-90.16531711439,174.78950574774,33.2));
#6565 = PCURVE('',#6390,#6566);
#6566 = DEFINITIONAL_REPRESENTATION('',(#6567),#6588);
#6567 = B_SPLINE_CURVE_WITH_KNOTS('',7,(#6568,#6569,#6570,#6571,#6572,
    #6573,#6574,#6575,#6576,#6577,#6578,#6579,#6580,#6581,#6582,#6583,
    #6584,#6585,#6586,#6587),.UNSPECIFIED.,.F.,.F.,(8,6,6,8),(0.,
    0.279544318551,0.44744046364,1.),.UNSPECIFIED.);
#6568 = CARTESIAN_POINT('',(6.28318530718,-2.4));
#6569 = CARTESIAN_POINT('',(6.243782326567,-2.4));
#6570 = CARTESIAN_POINT('',(6.204365543393,-2.4));
#6571 = CARTESIAN_POINT('',(6.16514666011,-2.4));
#6572 = CARTESIAN_POINT('',(6.126285432387,-2.4));
#6573 = CARTESIAN_POINT('',(6.08790855158,-2.4));
#6574 = CARTESIAN_POINT('',(6.050120779996,-2.4));
#6575 = CARTESIAN_POINT('',(5.990718364289,-2.4));
#6576 = CARTESIAN_POINT('',(5.968664444043,-2.4));
#6577 = CARTESIAN_POINT('',(5.946858447755,-2.4));
#6578 = CARTESIAN_POINT('',(5.925307973192,-2.4));
#6579 = CARTESIAN_POINT('',(5.904016837338,-2.4));
#6580 = CARTESIAN_POINT('',(5.882985567364,-2.4));
#6581 = CARTESIAN_POINT('',(5.793844076225,-2.4));
#6582 = CARTESIAN_POINT('',(5.728388690059,-2.4));
#6583 = CARTESIAN_POINT('',(5.66553411474,-2.4));
#6584 = CARTESIAN_POINT('',(5.605048375265,-2.4));
#6585 = CARTESIAN_POINT('',(5.546682938022,-2.4));
#6586 = CARTESIAN_POINT('',(5.490158375486,-2.4));
#6587 = CARTESIAN_POINT('',(5.435123228198,-2.4));
#6588 = ( GEOMETRIC_REPRESENTATION_CONTEXT(2) 
PARAMETRIC_REPRESENTATION_CONTEXT() REPRESENTATION_CONTEXT('2D SPACE',''
  ) );
#6589 = PCURVE('',#6460,#6590);
#6590 = DEFINITIONAL_REPRESENTATION('',(#6591),#6612);
#6591 = B_SPLINE_CURVE_WITH_KNOTS('',7,(#6592,#6593,#6594,#6595,#6596,
    #6597,#6598,#6599,#6600,#6601,#6602,#6603,#6604,#6605,#6606,#6607,
    #6608,#6609,#6610,#6611),.UNSPECIFIED.,.F.,.F.,(8,6,6,8),(0.,
    0.279544318551,0.44744046364,1.),.UNSPECIFIED.);
#6592 = CARTESIAN_POINT('',(0.,0.));
#6593 = CARTESIAN_POINT('',(-2.84217094304E-14,-0.12608953796));
#6594 = CARTESIAN_POINT('',(-9.962647291218E-03,-0.252223338188));
#6595 = CARTESIAN_POINT('',(-2.989963570755E-02,-0.377403674918));
#6596 = CARTESIAN_POINT('',(-5.946633300657E-02,-0.500799850948));
#6597 = CARTESIAN_POINT('',(-9.808625323768E-02,-0.621727914147));
#6598 = CARTESIAN_POINT('',(-0.145040155545,-0.739634723665));
#6599 = CARTESIAN_POINT('',(-0.23224058162,-0.922826770271));
#6600 = CARTESIAN_POINT('',(-0.267687456687,-0.990344160955));
#6601 = CARTESIAN_POINT('',(-0.305698673436,-1.056564905368));
#6602 = CARTESIAN_POINT('',(-0.346110975252,-1.121436031021));
#6603 = CARTESIAN_POINT('',(-0.38876421179,-1.184922614415));
#6604 = CARTESIAN_POINT('',(-0.433505980688,-1.247005170002));
#6605 = CARTESIAN_POINT('',(-0.633857714,-1.507352974968));
#6606 = CARTESIAN_POINT('',(-0.808346621214,-1.691391816989));
#6607 = CARTESIAN_POINT('',(-0.998996601215,-1.860272996833));
#6608 = CARTESIAN_POINT('',(-1.202094191427,-2.014643466332));
#6609 = CARTESIAN_POINT('',(-1.414762782279,-2.155391838303));
#6610 = CARTESIAN_POINT('',(-1.635071964724,-2.283512549527));
#6611 = CARTESIAN_POINT('',(-1.862091947286,-2.4));
#6612 = ( GEOMETRIC_REPRESENTATION_CONTEXT(2) 
PARAMETRIC_REPRESENTATION_CONTEXT() REPRESENTATION_CONTEXT('2D SPACE',''
  ) );
#6613 = ORIENTED_EDGE('',*,*,#6614,.T.);
#6614 = EDGE_CURVE('',#6541,#6338,#6615,.T.);
#6615 = SURFACE_CURVE('',#6616,(#6622,#6631),.PCURVE_S1.);
#6616 = B_SPLINE_CURVE_WITH_KNOTS('',4,(#6617,#6618,#6619,#6620,#6621),
  .UNSPECIFIED.,.F.,.F.,(5,5),(0.,1.),.PIECEWISE_BEZIER_KNOTS.);
#6617 = CARTESIAN_POINT('',(-90.36647278628,174.12076206555,33.2000006)
  );
#6618 = CARTESIAN_POINT('',(-90.36647278628,174.12076206555,32.6000003)
  );
#6619 = CARTESIAN_POINT('',(-90.36647278628,174.12076206555,32.));
#6620 = CARTESIAN_POINT('',(-90.36647278628,174.12076206555,31.3999997)
  );
#6621 = CARTESIAN_POINT('',(-90.36647278628,174.12076206555,30.7999994)
  );
#6622 = PCURVE('',#6390,#6623);
#6623 = DEFINITIONAL_REPRESENTATION('',(#6624),#6630);
#6624 = B_SPLINE_CURVE_WITH_KNOTS('',4,(#6625,#6626,#6627,#6628,#6629),
  .UNSPECIFIED.,.F.,.F.,(5,5),(0.,1.),.PIECEWISE_BEZIER_KNOTS.);
#6625 = CARTESIAN_POINT('',(5.591701796121,-2.4000006));
#6626 = CARTESIAN_POINT('',(5.591701796121,-1.8000003));
#6627 = CARTESIAN_POINT('',(5.591701796121,-1.2));
#6628 = CARTESIAN_POINT('',(5.591701796121,-0.5999997));
#6629 = CARTESIAN_POINT('',(5.591701796121,5.999999999062E-07));
#6630 = ( GEOMETRIC_REPRESENTATION_CONTEXT(2) 
PARAMETRIC_REPRESENTATION_CONTEXT() REPRESENTATION_CONTEXT('2D SPACE',''
  ) );
#6631 = PCURVE('',#6363,#6632);
#6632 = DEFINITIONAL_REPRESENTATION('',(#6633),#6639);
#6633 = B_SPLINE_CURVE_WITH_KNOTS('',4,(#6634,#6635,#6636,#6637,#6638),
  .UNSPECIFIED.,.F.,.F.,(5,5),(0.,1.),.PIECEWISE_BEZIER_KNOTS.);
#6634 = CARTESIAN_POINT('',(-4.158035315084,-2.4000006));
#6635 = CARTESIAN_POINT('',(-4.158035315084,-1.8000003));
#6636 = CARTESIAN_POINT('',(-4.158035315084,-1.2));
#6637 = CARTESIAN_POINT('',(-4.158035315084,-0.5999997));
#6638 = CARTESIAN_POINT('',(-4.158035315084,5.999999999062E-07));
#6639 = ( GEOMETRIC_REPRESENTATION_CONTEXT(2) 
PARAMETRIC_REPRESENTATION_CONTEXT() REPRESENTATION_CONTEXT('2D SPACE',''
  ) );
#6640 = ORIENTED_EDGE('',*,*,#6375,.F.);
#6641 = ORIENTED_EDGE('',*,*,#6642,.F.);
#6642 = EDGE_CURVE('',#6409,#6336,#6643,.T.);
#6643 = SURFACE_CURVE('',#6644,(#6650,#6659),.PCURVE_S1.);
#6644 = B_SPLINE_CURVE_WITH_KNOTS('',4,(#6645,#6646,#6647,#6648,#6649),
  .UNSPECIFIED.,.F.,.F.,(5,5),(0.,1.),.PIECEWISE_BEZIER_KNOTS.);
#6645 = CARTESIAN_POINT('',(-87.62070431694,171.10139288555,33.2000006)
  );
#6646 = CARTESIAN_POINT('',(-87.62070431694,171.10139288555,32.6000003)
  );
#6647 = CARTESIAN_POINT('',(-87.62070431694,171.10139288555,32.));
#6648 = CARTESIAN_POINT('',(-87.62070431694,171.10139288555,31.3999997)
  );
#6649 = CARTESIAN_POINT('',(-87.62070431694,171.10139288555,30.7999994)
  );
#6650 = PCURVE('',#6390,#6651);
#6651 = DEFINITIONAL_REPRESENTATION('',(#6652),#6658);
#6652 = B_SPLINE_CURVE_WITH_KNOTS('',4,(#6653,#6654,#6655,#6656,#6657),
  .UNSPECIFIED.,.F.,.F.,(5,5),(0.,1.),.PIECEWISE_BEZIER_KNOTS.);
#6653 = CARTESIAN_POINT('',(0.691483511059,-2.4000006));
#6654 = CARTESIAN_POINT('',(0.691483511059,-1.8000003));
#6655 = CARTESIAN_POINT('',(0.691483511059,-1.2));
#6656 = CARTESIAN_POINT('',(0.691483511059,-0.5999997));
#6657 = CARTESIAN_POINT('',(0.691483511059,5.999999999062E-07));
#6658 = ( GEOMETRIC_REPRESENTATION_CONTEXT(2) 
PARAMETRIC_REPRESENTATION_CONTEXT() REPRESENTATION_CONTEXT('2D SPACE',''
  ) );
#6659 = PCURVE('',#6363,#6660);
#6660 = DEFINITIONAL_REPRESENTATION('',(#6661),#6667);
#6661 = B_SPLINE_CURVE_WITH_KNOTS('',4,(#6662,#6663,#6664,#6665,#6666),
  .UNSPECIFIED.,.F.,.F.,(5,5),(0.,1.),.PIECEWISE_BEZIER_KNOTS.);
#6662 = CARTESIAN_POINT('',(-8.408335299275,-2.4000006));
#6663 = CARTESIAN_POINT('',(-8.408335299275,-1.8000003));
#6664 = CARTESIAN_POINT('',(-8.408335299275,-1.2));
#6665 = CARTESIAN_POINT('',(-8.408335299275,-0.5999997));
#6666 = CARTESIAN_POINT('',(-8.408335299275,5.999999999062E-07));
#6667 = ( GEOMETRIC_REPRESENTATION_CONTEXT(2) 
PARAMETRIC_REPRESENTATION_CONTEXT() REPRESENTATION_CONTEXT('2D SPACE',''
  ) );
#6668 = ADVANCED_FACE('',(#6669),#6527,.T.);
#6669 = FACE_BOUND('',#6670,.T.);
#6670 = EDGE_LOOP('',(#6671));
#6671 = ORIENTED_EDGE('',*,*,#6512,.T.);
#6672 = ADVANCED_FACE('',(#6673),#6460,.T.);
#6673 = FACE_BOUND('',#6674,.T.);
#6674 = EDGE_LOOP('',(#6675,#6676,#6702));
#6675 = ORIENTED_EDGE('',*,*,#6540,.T.);
#6676 = ORIENTED_EDGE('',*,*,#6677,.F.);
#6677 = EDGE_CURVE('',#6409,#6541,#6678,.T.);
#6678 = SURFACE_CURVE('',#6679,(#6684,#6695),.PCURVE_S1.);
#6679 = CIRCLE('',#6680,2.4);
#6680 = AXIS2_PLACEMENT_3D('',#6681,#6682,#6683);
#6681 = CARTESIAN_POINT('',(-89.92825161682,171.76110908118,33.2));
#6682 = DIRECTION('',(0.,-0.,-1.));
#6683 = DIRECTION('',(0.961478041619,-0.274881748182,0.));
#6684 = PCURVE('',#6460,#6685);
#6685 = DEFINITIONAL_REPRESENTATION('',(#6686),#6694);
#6686 = ( BOUNDED_CURVE() B_SPLINE_CURVE(2,(#6687,#6688,#6689,#6690,
#6691,#6692,#6693),.UNSPECIFIED.,.T.,.F.) B_SPLINE_CURVE_WITH_KNOTS((1,2
    ,2,2,2,1),(-2.094395102393,0.,2.094395102393,4.188790204786,
6.28318530718,8.377580409573),.UNSPECIFIED.) CURVE() 
GEOMETRIC_REPRESENTATION_ITEM() RATIONAL_B_SPLINE_CURVE((1.,0.5,1.,0.5,
1.,0.5,1.)) REPRESENTATION_ITEM('') );
#6687 = CARTESIAN_POINT('',(-1.263345288075,2.040578026712));
#6688 = CARTESIAN_POINT('',(2.271039530998,4.228756253161));
#6689 = CARTESIAN_POINT('',(2.398865053574,7.380009986873E-02));
#6690 = CARTESIAN_POINT('',(2.52669057615,-4.081156053423));
#6691 = CARTESIAN_POINT('',(-1.135519765499,-2.11437812658));
#6692 = CARTESIAN_POINT('',(-4.797730107148,-0.147600199737));
#6693 = CARTESIAN_POINT('',(-1.263345288075,2.040578026712));
#6694 = ( GEOMETRIC_REPRESENTATION_CONTEXT(2) 
PARAMETRIC_REPRESENTATION_CONTEXT() REPRESENTATION_CONTEXT('2D SPACE',''
  ) );
#6695 = PCURVE('',#6363,#6696);
#6696 = DEFINITIONAL_REPRESENTATION('',(#6697),#6701);
#6697 = LINE('',#6698,#6699);
#6698 = CARTESIAN_POINT('',(-8.408335299275,-2.4));
#6699 = VECTOR('',#6700,1.);
#6700 = DIRECTION('',(1.,-0.));
#6701 = ( GEOMETRIC_REPRESENTATION_CONTEXT(2) 
PARAMETRIC_REPRESENTATION_CONTEXT() REPRESENTATION_CONTEXT('2D SPACE',''
  ) );
#6702 = ORIENTED_EDGE('',*,*,#6408,.T.);
#6703 = ADVANCED_FACE('',(#6704),#6363,.T.);
#6704 = FACE_BOUND('',#6705,.F.);
#6705 = EDGE_LOOP('',(#6706,#6707,#6708,#6709));
#6706 = ORIENTED_EDGE('',*,*,#6335,.T.);
#6707 = ORIENTED_EDGE('',*,*,#6614,.F.);
#6708 = ORIENTED_EDGE('',*,*,#6677,.F.);
#6709 = ORIENTED_EDGE('',*,*,#6642,.T.);
#6710 = MANIFOLD_SOLID_BREP('',#6711);
#6711 = CLOSED_SHELL('',(#6712,#6785,#7049,#7053,#7084));
#6712 = ADVANCED_FACE('',(#6713),#6728,.F.);
#6713 = FACE_BOUND('',#6714,.F.);
#6714 = EDGE_LOOP('',(#6715,#6755));
#6715 = ORIENTED_EDGE('',*,*,#6716,.F.);
#6716 = EDGE_CURVE('',#6717,#6719,#6721,.T.);
#6717 = VERTEX_POINT('',#6718);
#6718 = CARTESIAN_POINT('',(-62.42256625713,229.37237988835,30.8));
#6719 = VERTEX_POINT('',#6720);
#6720 = CARTESIAN_POINT('',(-65.37282708347,226.55248702,30.8));
#6721 = SURFACE_CURVE('',#6722,(#6727,#6743),.PCURVE_S1.);
#6722 = CIRCLE('',#6723,2.4);
#6723 = AXIS2_PLACEMENT_3D('',#6724,#6725,#6726);
#6724 = CARTESIAN_POINT('',(-63.02478264264,227.04916327661,30.8));
#6725 = DIRECTION('',(0.,0.,-1.));
#6726 = DIRECTION('',(0.250923493963,0.968006921555,0.));
#6727 = PCURVE('',#6728,#6733);
#6728 = PLANE('',#6729);
#6729 = AXIS2_PLACEMENT_3D('',#6730,#6731,#6732);
#6730 = CARTESIAN_POINT('',(-66.56334904857,230.75132301679,30.8));
#6731 = DIRECTION('',(0.,0.,1.));
#6732 = DIRECTION('',(0.69095443336,-0.722898313057,0.));
#6733 = DEFINITIONAL_REPRESENTATION('',(#6734),#6742);
#6734 = ( BOUNDED_CURVE() B_SPLINE_CURVE(2,(#6735,#6736,#6737,#6738,
#6739,#6740,#6741),.UNSPECIFIED.,.T.,.F.) B_SPLINE_CURVE_WITH_KNOTS((1,2
    ,2,2,2,1),(-2.094395102393,0.,2.094395102393,4.188790204786,
6.28318530718,8.377580409573),.UNSPECIFIED.) CURVE() 
GEOMETRIC_REPRESENTATION_ITEM() RATIONAL_B_SPLINE_CURVE((1.,0.5,1.,0.5,
1.,0.5,1.)) REPRESENTATION_ITEM('') );
#6735 = CARTESIAN_POINT('',(3.857927888683,2.040578026712));
#6736 = CARTESIAN_POINT('',(7.392312707756,4.228756253161));
#6737 = CARTESIAN_POINT('',(7.520138230332,7.380009986873E-02));
#6738 = CARTESIAN_POINT('',(7.647963752908,-4.081156053423));
#6739 = CARTESIAN_POINT('',(3.985753411259,-2.11437812658));
#6740 = CARTESIAN_POINT('',(0.32354306961,-0.147600199737));
#6741 = CARTESIAN_POINT('',(3.857927888683,2.040578026712));
#6742 = ( GEOMETRIC_REPRESENTATION_CONTEXT(2) 
PARAMETRIC_REPRESENTATION_CONTEXT() REPRESENTATION_CONTEXT('2D SPACE',''
  ) );
#6743 = PCURVE('',#6744,#6749);
#6744 = CYLINDRICAL_SURFACE('',#6745,2.4);
#6745 = AXIS2_PLACEMENT_3D('',#6746,#6747,#6748);
#6746 = CARTESIAN_POINT('',(-63.02478264264,227.04916327661,30.8));
#6747 = DIRECTION('',(-0.,0.,-1.));
#6748 = DIRECTION('',(0.69095443336,-0.722898313057,0.));
#6749 = DEFINITIONAL_REPRESENTATION('',(#6750),#6754);
#6750 = LINE('',#6751,#6752);
#6751 = CARTESIAN_POINT('',(-8.408335299275,0.));
#6752 = VECTOR('',#6753,1.);
#6753 = DIRECTION('',(1.,-0.));
#6754 = ( GEOMETRIC_REPRESENTATION_CONTEXT(2) 
PARAMETRIC_REPRESENTATION_CONTEXT() REPRESENTATION_CONTEXT('2D SPACE',''
  ) );
#6755 = ORIENTED_EDGE('',*,*,#6756,.T.);
#6756 = EDGE_CURVE('',#6717,#6719,#6757,.T.);
#6757 = SURFACE_CURVE('',#6758,(#6763,#6770),.PCURVE_S1.);
#6758 = ELLIPSE('',#6759,5.5,3.2);
#6759 = AXIS2_PLACEMENT_3D('',#6760,#6761,#6762);
#6760 = CARTESIAN_POINT('',(-66.82503202612,231.02510399843,30.8));
#6761 = DIRECTION('',(-0.,0.,1.));
#6762 = DIRECTION('',(0.69095443336,-0.722898313057,0.));
#6763 = PCURVE('',#6728,#6764);
#6764 = DEFINITIONAL_REPRESENTATION('',(#6765),#6769);
#6765 = ELLIPSE('',#6766,5.5,3.2);
#6766 = AXIS2_PLACEMENT_2D('',#6767,#6768);
#6767 = CARTESIAN_POINT('',(-0.378726823242,1.804112415016E-15));
#6768 = DIRECTION('',(1.,0.));
#6769 = ( GEOMETRIC_REPRESENTATION_CONTEXT(2) 
PARAMETRIC_REPRESENTATION_CONTEXT() REPRESENTATION_CONTEXT('2D SPACE',''
  ) );
#6770 = PCURVE('',#6771,#6779);
#6771 = SURFACE_OF_LINEAR_EXTRUSION('',#6772,#6777);
#6772 = ELLIPSE('',#6773,5.5,3.2);
#6773 = AXIS2_PLACEMENT_3D('',#6774,#6775,#6776);
#6774 = CARTESIAN_POINT('',(-66.82503202612,231.02510399843,30.8));
#6775 = DIRECTION('',(-0.,0.,1.));
#6776 = DIRECTION('',(0.69095443336,-0.722898313057,0.));
#6777 = VECTOR('',#6778,1.);
#6778 = DIRECTION('',(-0.,0.,-1.));
#6779 = DEFINITIONAL_REPRESENTATION('',(#6780),#6784);
#6780 = LINE('',#6781,#6782);
#6781 = CARTESIAN_POINT('',(0.,0.));
#6782 = VECTOR('',#6783,1.);
#6783 = DIRECTION('',(1.,0.));
#6784 = ( GEOMETRIC_REPRESENTATION_CONTEXT(2) 
PARAMETRIC_REPRESENTATION_CONTEXT() REPRESENTATION_CONTEXT('2D SPACE',''
  ) );
#6785 = ADVANCED_FACE('',(#6786),#6771,.F.);
#6786 = FACE_BOUND('',#6787,.F.);
#6787 = EDGE_LOOP('',(#6788,#6869,#6892,#6919,#6920,#6994,#7021,#7022));
#6788 = ORIENTED_EDGE('',*,*,#6789,.T.);
#6789 = EDGE_CURVE('',#6790,#6792,#6794,.T.);
#6790 = VERTEX_POINT('',#6791);
#6791 = CARTESIAN_POINT('',(-62.42256625713,229.37237988835,33.2));
#6792 = VERTEX_POINT('',#6793);
#6793 = CARTESIAN_POINT('',(-63.02478264264,227.04916327661,33.2));
#6794 = SURFACE_CURVE('',#6795,(#6816,#6840),.PCURVE_S1.);
#6795 = B_SPLINE_CURVE_WITH_KNOTS('',7,(#6796,#6797,#6798,#6799,#6800,
    #6801,#6802,#6803,#6804,#6805,#6806,#6807,#6808,#6809,#6810,#6811,
    #6812,#6813,#6814,#6815),.UNSPECIFIED.,.F.,.F.,(8,6,6,8),(0.,
    0.552559536359,0.720455681449,1.),.UNSPECIFIED.);
#6796 = CARTESIAN_POINT('',(-62.5764473776,230.05355704413,33.2));
#6797 = CARTESIAN_POINT('',(-62.50379549563,229.80895716137,33.2));
#6798 = CARTESIAN_POINT('',(-62.44419013532,229.5611704516,33.2));
#6799 = CARTESIAN_POINT('',(-62.3989925903,229.31018197443,33.2));
#6800 = CARTESIAN_POINT('',(-62.37025556192,229.0567001088,33.2));
#6801 = CARTESIAN_POINT('',(-62.36060903304,228.80219035995,33.2));
#6802 = CARTESIAN_POINT('',(-62.37308651746,228.54889016947,33.2));
#6803 = CARTESIAN_POINT('',(-62.42285758812,228.22416776939,33.2));
#6804 = CARTESIAN_POINT('',(-62.43682243924,228.14892780311,33.2));
#6805 = CARTESIAN_POINT('',(-62.4532453404,228.07422751412,33.2));
#6806 = CARTESIAN_POINT('',(-62.4722175086,228.00019053744,33.2));
#6807 = CARTESIAN_POINT('',(-62.49382435429,227.92695677604,33.2));
#6808 = CARTESIAN_POINT('',(-62.51814038664,227.85468084943,33.2));
#6809 = CARTESIAN_POINT('',(-62.59031808711,227.66506645177,33.2));
#6810 = CARTESIAN_POINT('',(-62.64310971385,227.54965532224,33.2));
#6811 = CARTESIAN_POINT('',(-62.70384380164,227.43818126567,33.2));
#6812 = CARTESIAN_POINT('',(-62.77261744855,227.33154641518,33.2));
#6813 = CARTESIAN_POINT('',(-62.84933455226,227.23064009125,33.2));
#6814 = CARTESIAN_POINT('',(-62.93363272835,227.13628540187,33.2));
#6815 = CARTESIAN_POINT('',(-63.02478264264,227.04916327661,33.2));
#6816 = PCURVE('',#6771,#6817);
#6817 = DEFINITIONAL_REPRESENTATION('',(#6818),#6839);
#6818 = B_SPLINE_CURVE_WITH_KNOTS('',7,(#6819,#6820,#6821,#6822,#6823,
    #6824,#6825,#6826,#6827,#6828,#6829,#6830,#6831,#6832,#6833,#6834,
    #6835,#6836,#6837,#6838),.UNSPECIFIED.,.F.,.F.,(8,6,6,8),(0.,
    0.552559536359,0.720455681449,1.),.UNSPECIFIED.);
#6819 = CARTESIAN_POINT('',(0.848062078981,-2.4));
#6820 = CARTESIAN_POINT('',(0.793026931694,-2.4));
#6821 = CARTESIAN_POINT('',(0.736502369158,-2.4));
#6822 = CARTESIAN_POINT('',(0.678136931915,-2.4));
#6823 = CARTESIAN_POINT('',(0.617651192439,-2.4));
#6824 = CARTESIAN_POINT('',(0.554796617121,-2.4));
#6825 = CARTESIAN_POINT('',(0.489341230955,-2.4));
#6826 = CARTESIAN_POINT('',(0.400199739816,-2.4));
#6827 = CARTESIAN_POINT('',(0.379168469842,-2.4));
#6828 = CARTESIAN_POINT('',(0.357877333988,-2.4));
#6829 = CARTESIAN_POINT('',(0.336326859425,-2.4));
#6830 = CARTESIAN_POINT('',(0.314520863137,-2.4));
#6831 = CARTESIAN_POINT('',(0.292466942891,-2.4));
#6832 = CARTESIAN_POINT('',(0.233064527184,-2.4));
#6833 = CARTESIAN_POINT('',(0.1952767556,-2.4));
#6834 = CARTESIAN_POINT('',(0.156899874792,-2.4));
#6835 = CARTESIAN_POINT('',(0.11803864707,-2.4));
#6836 = CARTESIAN_POINT('',(7.881976378659E-02,-2.4));
#6837 = CARTESIAN_POINT('',(3.94029806125E-02,-2.4));
#6838 = CARTESIAN_POINT('',(0.,-2.4));
#6839 = ( GEOMETRIC_REPRESENTATION_CONTEXT(2) 
PARAMETRIC_REPRESENTATION_CONTEXT() REPRESENTATION_CONTEXT('2D SPACE',''
  ) );
#6840 = PCURVE('',#6841,#6846);
#6841 = PLANE('',#6842);
#6842 = AXIS2_PLACEMENT_3D('',#6843,#6844,#6845);
#6843 = CARTESIAN_POINT('',(-63.02478264264,227.04916327661,33.2));
#6844 = DIRECTION('',(0.,0.,1.));
#6845 = DIRECTION('',(0.69095443336,-0.722898313057,0.));
#6846 = DEFINITIONAL_REPRESENTATION('',(#6847),#6868);
#6847 = B_SPLINE_CURVE_WITH_KNOTS('',7,(#6848,#6849,#6850,#6851,#6852,
    #6853,#6854,#6855,#6856,#6857,#6858,#6859,#6860,#6861,#6862,#6863,
    #6864,#6865,#6866,#6867),.UNSPECIFIED.,.F.,.F.,(8,6,6,8),(0.,
    0.552559536359,0.720455681449,1.),.UNSPECIFIED.);
#6848 = CARTESIAN_POINT('',(-1.862091947286,2.4));
#6849 = CARTESIAN_POINT('',(-1.635071964724,2.283512549527));
#6850 = CARTESIAN_POINT('',(-1.414762782279,2.155391838303));
#6851 = CARTESIAN_POINT('',(-1.202094191427,2.014643466332));
#6852 = CARTESIAN_POINT('',(-0.998996601215,1.860272996834));
#6853 = CARTESIAN_POINT('',(-0.808346621214,1.691391816989));
#6854 = CARTESIAN_POINT('',(-0.633857714,1.507352974968));
#6855 = CARTESIAN_POINT('',(-0.433505980689,1.247005170003));
#6856 = CARTESIAN_POINT('',(-0.38876421179,1.184922614416));
#6857 = CARTESIAN_POINT('',(-0.346110975252,1.121436031022));
#6858 = CARTESIAN_POINT('',(-0.305698673436,1.056564905368));
#6859 = CARTESIAN_POINT('',(-0.267687456687,0.990344160955));
#6860 = CARTESIAN_POINT('',(-0.23224058162,0.922826770272));
#6861 = CARTESIAN_POINT('',(-0.145040155545,0.739634723665));
#6862 = CARTESIAN_POINT('',(-9.80862532378E-02,0.621727914147));
#6863 = CARTESIAN_POINT('',(-5.946633300658E-02,0.500799850948));
#6864 = CARTESIAN_POINT('',(-2.989963570752E-02,0.377403674918));
#6865 = CARTESIAN_POINT('',(-9.962647291218E-03,0.252223338189));
#6866 = CARTESIAN_POINT('',(2.84217094304E-14,0.12608953796));
#6867 = CARTESIAN_POINT('',(0.,0.));
#6868 = ( GEOMETRIC_REPRESENTATION_CONTEXT(2) 
PARAMETRIC_REPRESENTATION_CONTEXT() REPRESENTATION_CONTEXT('2D SPACE',''
  ) );
#6869 = ORIENTED_EDGE('',*,*,#6870,.T.);
#6870 = EDGE_CURVE('',#6792,#6871,#6873,.T.);
#6871 = VERTEX_POINT('',#6872);
#6872 = CARTESIAN_POINT('',(-63.02478264264,227.04916327661,33.4));
#6873 = SEAM_CURVE('',#6874,(#6878,#6885),.PCURVE_S1.);
#6874 = LINE('',#6875,#6876);
#6875 = CARTESIAN_POINT('',(-63.02478264264,227.04916327661,30.8));
#6876 = VECTOR('',#6877,1.);
#6877 = DIRECTION('',(0.,0.,1.));
#6878 = PCURVE('',#6771,#6879);
#6879 = DEFINITIONAL_REPRESENTATION('',(#6880),#6884);
#6880 = LINE('',#6881,#6882);
#6881 = CARTESIAN_POINT('',(6.28318530718,0.));
#6882 = VECTOR('',#6883,1.);
#6883 = DIRECTION('',(0.,-1.));
#6884 = ( GEOMETRIC_REPRESENTATION_CONTEXT(2) 
PARAMETRIC_REPRESENTATION_CONTEXT() REPRESENTATION_CONTEXT('2D SPACE',''
  ) );
#6885 = PCURVE('',#6771,#6886);
#6886 = DEFINITIONAL_REPRESENTATION('',(#6887),#6891);
#6887 = LINE('',#6888,#6889);
#6888 = CARTESIAN_POINT('',(0.,0.));
#6889 = VECTOR('',#6890,1.);
#6890 = DIRECTION('',(0.,-1.));
#6891 = ( GEOMETRIC_REPRESENTATION_CONTEXT(2) 
PARAMETRIC_REPRESENTATION_CONTEXT() REPRESENTATION_CONTEXT('2D SPACE',''
  ) );
#6892 = ORIENTED_EDGE('',*,*,#6893,.T.);
#6893 = EDGE_CURVE('',#6871,#6871,#6894,.T.);
#6894 = SURFACE_CURVE('',#6895,(#6900,#6907),.PCURVE_S1.);
#6895 = ELLIPSE('',#6896,5.5,3.2);
#6896 = AXIS2_PLACEMENT_3D('',#6897,#6898,#6899);
#6897 = CARTESIAN_POINT('',(-66.82503202612,231.02510399843,33.4));
#6898 = DIRECTION('',(-0.,0.,1.));
#6899 = DIRECTION('',(0.69095443336,-0.722898313057,0.));
#6900 = PCURVE('',#6771,#6901);
#6901 = DEFINITIONAL_REPRESENTATION('',(#6902),#6906);
#6902 = LINE('',#6903,#6904);
#6903 = CARTESIAN_POINT('',(0.,-2.6));
#6904 = VECTOR('',#6905,1.);
#6905 = DIRECTION('',(1.,0.));
#6906 = ( GEOMETRIC_REPRESENTATION_CONTEXT(2) 
PARAMETRIC_REPRESENTATION_CONTEXT() REPRESENTATION_CONTEXT('2D SPACE',''
  ) );
#6907 = PCURVE('',#6908,#6913);
#6908 = PLANE('',#6909);
#6909 = AXIS2_PLACEMENT_3D('',#6910,#6911,#6912);
#6910 = CARTESIAN_POINT('',(-66.56334904857,230.75132301679,33.4));
#6911 = DIRECTION('',(0.,0.,1.));
#6912 = DIRECTION('',(0.69095443336,-0.722898313057,0.));
#6913 = DEFINITIONAL_REPRESENTATION('',(#6914),#6918);
#6914 = ELLIPSE('',#6915,5.5,3.2);
#6915 = AXIS2_PLACEMENT_2D('',#6916,#6917);
#6916 = CARTESIAN_POINT('',(-0.378726823242,1.804112415016E-15));
#6917 = DIRECTION('',(1.,0.));
#6918 = ( GEOMETRIC_REPRESENTATION_CONTEXT(2) 
PARAMETRIC_REPRESENTATION_CONTEXT() REPRESENTATION_CONTEXT('2D SPACE',''
  ) );
#6919 = ORIENTED_EDGE('',*,*,#6870,.F.);
#6920 = ORIENTED_EDGE('',*,*,#6921,.T.);
#6921 = EDGE_CURVE('',#6792,#6922,#6924,.T.);
#6922 = VERTEX_POINT('',#6923);
#6923 = CARTESIAN_POINT('',(-65.37282708347,226.55248702,33.2));
#6924 = SURFACE_CURVE('',#6925,(#6946,#6970),.PCURVE_S1.);
#6925 = B_SPLINE_CURVE_WITH_KNOTS('',7,(#6926,#6927,#6928,#6929,#6930,
    #6931,#6932,#6933,#6934,#6935,#6936,#6937,#6938,#6939,#6940,#6941,
    #6942,#6943,#6944,#6945),.UNSPECIFIED.,.F.,.F.,(8,6,6,8),(0.,
    0.279544318551,0.44744046364,1.),.UNSPECIFIED.);
#6926 = CARTESIAN_POINT('',(-63.02478264264,227.04916327661,33.2));
#6927 = CARTESIAN_POINT('',(-63.11593255692,226.96204115136,33.2));
#6928 = CARTESIAN_POINT('',(-63.21399820364,226.88209042382,33.2));
#6929 = CARTESIAN_POINT('',(-63.31826640843,226.81000893048,33.2));
#6930 = CARTESIAN_POINT('',(-63.42789853649,226.74612151119,33.2));
#6931 = CARTESIAN_POINT('',(-63.54200183448,226.69048400499,33.2));
#6932 = CARTESIAN_POINT('',(-63.65967947514,226.642958669,33.2));
#6933 = CARTESIAN_POINT('',(-63.85236021759,226.57941835315,33.2));
#6934 = CARTESIAN_POINT('',(-63.92566060089,226.55839139892,33.2));
#6935 = CARTESIAN_POINT('',(-63.99979548405,226.54011412645,33.2));
#6936 = CARTESIAN_POINT('',(-64.07461377045,226.52450511939,33.2));
#6937 = CARTESIAN_POINT('',(-64.14997955737,226.51147273588,33.2));
#6938 = CARTESIAN_POINT('',(-64.22577345565,226.50092026812,33.2));
#6939 = CARTESIAN_POINT('',(-64.55241236303,226.46586572809,33.2));
#6940 = CARTESIAN_POINT('',(-64.80601761548,226.46484101096,33.2));
#6941 = CARTESIAN_POINT('',(-65.0598319844,226.48597235996,33.2));
#6942 = CARTESIAN_POINT('',(-65.31175731674,226.52612830503,33.2));
#6943 = CARTESIAN_POINT('',(-65.56044838309,226.582615359,33.2));
#6944 = CARTESIAN_POINT('',(-65.80529023542,226.65335092191,33.2));
#6945 = CARTESIAN_POINT('',(-66.04635928028,226.736975764,33.2));
#6946 = PCURVE('',#6771,#6947);
#6947 = DEFINITIONAL_REPRESENTATION('',(#6948),#6969);
#6948 = B_SPLINE_CURVE_WITH_KNOTS('',7,(#6949,#6950,#6951,#6952,#6953,
    #6954,#6955,#6956,#6957,#6958,#6959,#6960,#6961,#6962,#6963,#6964,
    #6965,#6966,#6967,#6968),.UNSPECIFIED.,.F.,.F.,(8,6,6,8),(0.,
    0.279544318551,0.44744046364,1.),.UNSPECIFIED.);
#6949 = CARTESIAN_POINT('',(6.28318530718,-2.4));
#6950 = CARTESIAN_POINT('',(6.243782326567,-2.4));
#6951 = CARTESIAN_POINT('',(6.204365543393,-2.4));
#6952 = CARTESIAN_POINT('',(6.16514666011,-2.4));
#6953 = CARTESIAN_POINT('',(6.126285432387,-2.4));
#6954 = CARTESIAN_POINT('',(6.08790855158,-2.4));
#6955 = CARTESIAN_POINT('',(6.050120779996,-2.4));
#6956 = CARTESIAN_POINT('',(5.990718364289,-2.4));
#6957 = CARTESIAN_POINT('',(5.968664444043,-2.4));
#6958 = CARTESIAN_POINT('',(5.946858447755,-2.4));
#6959 = CARTESIAN_POINT('',(5.925307973192,-2.4));
#6960 = CARTESIAN_POINT('',(5.904016837338,-2.4));
#6961 = CARTESIAN_POINT('',(5.882985567364,-2.4));
#6962 = CARTESIAN_POINT('',(5.793844076225,-2.4));
#6963 = CARTESIAN_POINT('',(5.728388690059,-2.4));
#6964 = CARTESIAN_POINT('',(5.66553411474,-2.4));
#6965 = CARTESIAN_POINT('',(5.605048375265,-2.4));
#6966 = CARTESIAN_POINT('',(5.546682938022,-2.4));
#6967 = CARTESIAN_POINT('',(5.490158375486,-2.4));
#6968 = CARTESIAN_POINT('',(5.435123228198,-2.4));
#6969 = ( GEOMETRIC_REPRESENTATION_CONTEXT(2) 
PARAMETRIC_REPRESENTATION_CONTEXT() REPRESENTATION_CONTEXT('2D SPACE',''
  ) );
#6970 = PCURVE('',#6841,#6971);
#6971 = DEFINITIONAL_REPRESENTATION('',(#6972),#6993);
#6972 = B_SPLINE_CURVE_WITH_KNOTS('',7,(#6973,#6974,#6975,#6976,#6977,
    #6978,#6979,#6980,#6981,#6982,#6983,#6984,#6985,#6986,#6987,#6988,
    #6989,#6990,#6991,#6992),.UNSPECIFIED.,.F.,.F.,(8,6,6,8),(0.,
    0.279544318551,0.44744046364,1.),.UNSPECIFIED.);
#6973 = CARTESIAN_POINT('',(0.,-1.42108547152E-14));
#6974 = CARTESIAN_POINT('',(2.84217094304E-14,-0.12608953796));
#6975 = CARTESIAN_POINT('',(-9.962647291189E-03,-0.252223338188));
#6976 = CARTESIAN_POINT('',(-2.989963570752E-02,-0.377403674918));
#6977 = CARTESIAN_POINT('',(-5.946633300653E-02,-0.500799850948));
#6978 = CARTESIAN_POINT('',(-9.808625323765E-02,-0.621727914147));
#6979 = CARTESIAN_POINT('',(-0.145040155545,-0.739634723665));
#6980 = CARTESIAN_POINT('',(-0.23224058162,-0.922826770271));
#6981 = CARTESIAN_POINT('',(-0.267687456687,-0.990344160955));
#6982 = CARTESIAN_POINT('',(-0.305698673436,-1.056564905368));
#6983 = CARTESIAN_POINT('',(-0.346110975252,-1.121436031021));
#6984 = CARTESIAN_POINT('',(-0.38876421179,-1.184922614415));
#6985 = CARTESIAN_POINT('',(-0.433505980688,-1.247005170002));
#6986 = CARTESIAN_POINT('',(-0.633857713999,-1.507352974968));
#6987 = CARTESIAN_POINT('',(-0.808346621214,-1.691391816989));
#6988 = CARTESIAN_POINT('',(-0.998996601215,-1.860272996833));
#6989 = CARTESIAN_POINT('',(-1.202094191427,-2.014643466332));
#6990 = CARTESIAN_POINT('',(-1.414762782279,-2.155391838303));
#6991 = CARTESIAN_POINT('',(-1.635071964724,-2.283512549527));
#6992 = CARTESIAN_POINT('',(-1.862091947286,-2.4));
#6993 = ( GEOMETRIC_REPRESENTATION_CONTEXT(2) 
PARAMETRIC_REPRESENTATION_CONTEXT() REPRESENTATION_CONTEXT('2D SPACE',''
  ) );
#6994 = ORIENTED_EDGE('',*,*,#6995,.T.);
#6995 = EDGE_CURVE('',#6922,#6719,#6996,.T.);
#6996 = SURFACE_CURVE('',#6997,(#7003,#7012),.PCURVE_S1.);
#6997 = B_SPLINE_CURVE_WITH_KNOTS('',4,(#6998,#6999,#7000,#7001,#7002),
  .UNSPECIFIED.,.F.,.F.,(5,5),(0.,1.),.PIECEWISE_BEZIER_KNOTS.);
#6998 = CARTESIAN_POINT('',(-65.37282708347,226.55248702,33.2000006));
#6999 = CARTESIAN_POINT('',(-65.37282708347,226.55248702,32.6000003));
#7000 = CARTESIAN_POINT('',(-65.37282708347,226.55248702,32.));
#7001 = CARTESIAN_POINT('',(-65.37282708347,226.55248702,31.3999997));
#7002 = CARTESIAN_POINT('',(-65.37282708347,226.55248702,30.7999994));
#7003 = PCURVE('',#6771,#7004);
#7004 = DEFINITIONAL_REPRESENTATION('',(#7005),#7011);
#7005 = B_SPLINE_CURVE_WITH_KNOTS('',4,(#7006,#7007,#7008,#7009,#7010),
  .UNSPECIFIED.,.F.,.F.,(5,5),(0.,1.),.PIECEWISE_BEZIER_KNOTS.);
#7006 = CARTESIAN_POINT('',(5.591701796121,-2.4000006));
#7007 = CARTESIAN_POINT('',(5.591701796121,-1.8000003));
#7008 = CARTESIAN_POINT('',(5.591701796121,-1.2));
#7009 = CARTESIAN_POINT('',(5.591701796121,-0.5999997));
#7010 = CARTESIAN_POINT('',(5.591701796121,5.999999999062E-07));
#7011 = ( GEOMETRIC_REPRESENTATION_CONTEXT(2) 
PARAMETRIC_REPRESENTATION_CONTEXT() REPRESENTATION_CONTEXT('2D SPACE',''
  ) );
#7012 = PCURVE('',#6744,#7013);
#7013 = DEFINITIONAL_REPRESENTATION('',(#7014),#7020);
#7014 = B_SPLINE_CURVE_WITH_KNOTS('',4,(#7015,#7016,#7017,#7018,#7019),
  .UNSPECIFIED.,.F.,.F.,(5,5),(0.,1.),.PIECEWISE_BEZIER_KNOTS.);
#7015 = CARTESIAN_POINT('',(-4.158035315084,-2.4000006));
#7016 = CARTESIAN_POINT('',(-4.158035315084,-1.8000003));
#7017 = CARTESIAN_POINT('',(-4.158035315084,-1.2));
#7018 = CARTESIAN_POINT('',(-4.158035315084,-0.5999997));
#7019 = CARTESIAN_POINT('',(-4.158035315084,5.999999999062E-07));
#7020 = ( GEOMETRIC_REPRESENTATION_CONTEXT(2) 
PARAMETRIC_REPRESENTATION_CONTEXT() REPRESENTATION_CONTEXT('2D SPACE',''
  ) );
#7021 = ORIENTED_EDGE('',*,*,#6756,.F.);
#7022 = ORIENTED_EDGE('',*,*,#7023,.F.);
#7023 = EDGE_CURVE('',#6790,#6717,#7024,.T.);
#7024 = SURFACE_CURVE('',#7025,(#7031,#7040),.PCURVE_S1.);
#7025 = B_SPLINE_CURVE_WITH_KNOTS('',4,(#7026,#7027,#7028,#7029,#7030),
  .UNSPECIFIED.,.F.,.F.,(5,5),(0.,1.),.PIECEWISE_BEZIER_KNOTS.);
#7026 = CARTESIAN_POINT('',(-62.42256625713,229.37237988835,33.2000006)
  );
#7027 = CARTESIAN_POINT('',(-62.42256625713,229.37237988835,32.6000003)
  );
#7028 = CARTESIAN_POINT('',(-62.42256625713,229.37237988835,32.));
#7029 = CARTESIAN_POINT('',(-62.42256625713,229.37237988835,31.3999997)
  );
#7030 = CARTESIAN_POINT('',(-62.42256625713,229.37237988835,30.7999994)
  );
#7031 = PCURVE('',#6771,#7032);
#7032 = DEFINITIONAL_REPRESENTATION('',(#7033),#7039);
#7033 = B_SPLINE_CURVE_WITH_KNOTS('',4,(#7034,#7035,#7036,#7037,#7038),
  .UNSPECIFIED.,.F.,.F.,(5,5),(0.,1.),.PIECEWISE_BEZIER_KNOTS.);
#7034 = CARTESIAN_POINT('',(0.691483511059,-2.4000006));
#7035 = CARTESIAN_POINT('',(0.691483511059,-1.8000003));
#7036 = CARTESIAN_POINT('',(0.691483511059,-1.2));
#7037 = CARTESIAN_POINT('',(0.691483511059,-0.5999997));
#7038 = CARTESIAN_POINT('',(0.691483511059,5.999999999062E-07));
#7039 = ( GEOMETRIC_REPRESENTATION_CONTEXT(2) 
PARAMETRIC_REPRESENTATION_CONTEXT() REPRESENTATION_CONTEXT('2D SPACE',''
  ) );
#7040 = PCURVE('',#6744,#7041);
#7041 = DEFINITIONAL_REPRESENTATION('',(#7042),#7048);
#7042 = B_SPLINE_CURVE_WITH_KNOTS('',4,(#7043,#7044,#7045,#7046,#7047),
  .UNSPECIFIED.,.F.,.F.,(5,5),(0.,1.),.PIECEWISE_BEZIER_KNOTS.);
#7043 = CARTESIAN_POINT('',(-8.408335299275,-2.4000006));
#7044 = CARTESIAN_POINT('',(-8.408335299275,-1.8000003));
#7045 = CARTESIAN_POINT('',(-8.408335299275,-1.2));
#7046 = CARTESIAN_POINT('',(-8.408335299275,-0.5999997));
#7047 = CARTESIAN_POINT('',(-8.408335299275,5.999999999062E-07));
#7048 = ( GEOMETRIC_REPRESENTATION_CONTEXT(2) 
PARAMETRIC_REPRESENTATION_CONTEXT() REPRESENTATION_CONTEXT('2D SPACE',''
  ) );
#7049 = ADVANCED_FACE('',(#7050),#6908,.T.);
#7050 = FACE_BOUND('',#7051,.T.);
#7051 = EDGE_LOOP('',(#7052));
#7052 = ORIENTED_EDGE('',*,*,#6893,.T.);
#7053 = ADVANCED_FACE('',(#7054),#6841,.T.);
#7054 = FACE_BOUND('',#7055,.T.);
#7055 = EDGE_LOOP('',(#7056,#7057,#7083));
#7056 = ORIENTED_EDGE('',*,*,#6921,.T.);
#7057 = ORIENTED_EDGE('',*,*,#7058,.F.);
#7058 = EDGE_CURVE('',#6790,#6922,#7059,.T.);
#7059 = SURFACE_CURVE('',#7060,(#7065,#7076),.PCURVE_S1.);
#7060 = CIRCLE('',#7061,2.4);
#7061 = AXIS2_PLACEMENT_3D('',#7062,#7063,#7064);
#7062 = CARTESIAN_POINT('',(-63.02478264264,227.04916327661,33.2));
#7063 = DIRECTION('',(0.,0.,-1.));
#7064 = DIRECTION('',(0.250923493963,0.968006921555,0.));
#7065 = PCURVE('',#6841,#7066);
#7066 = DEFINITIONAL_REPRESENTATION('',(#7067),#7075);
#7067 = ( BOUNDED_CURVE() B_SPLINE_CURVE(2,(#7068,#7069,#7070,#7071,
#7072,#7073,#7074),.UNSPECIFIED.,.T.,.F.) B_SPLINE_CURVE_WITH_KNOTS((1,2
    ,2,2,2,1),(-2.094395102393,0.,2.094395102393,4.188790204786,
6.28318530718,8.377580409573),.UNSPECIFIED.) CURVE() 
GEOMETRIC_REPRESENTATION_ITEM() RATIONAL_B_SPLINE_CURVE((1.,0.5,1.,0.5,
1.,0.5,1.)) REPRESENTATION_ITEM('') );
#7068 = CARTESIAN_POINT('',(-1.263345288075,2.040578026712));
#7069 = CARTESIAN_POINT('',(2.271039530998,4.228756253161));
#7070 = CARTESIAN_POINT('',(2.398865053574,7.380009986873E-02));
#7071 = CARTESIAN_POINT('',(2.52669057615,-4.081156053423));
#7072 = CARTESIAN_POINT('',(-1.135519765499,-2.11437812658));
#7073 = CARTESIAN_POINT('',(-4.797730107148,-0.147600199737));
#7074 = CARTESIAN_POINT('',(-1.263345288075,2.040578026712));
#7075 = ( GEOMETRIC_REPRESENTATION_CONTEXT(2) 
PARAMETRIC_REPRESENTATION_CONTEXT() REPRESENTATION_CONTEXT('2D SPACE',''
  ) );
#7076 = PCURVE('',#6744,#7077);
#7077 = DEFINITIONAL_REPRESENTATION('',(#7078),#7082);
#7078 = LINE('',#7079,#7080);
#7079 = CARTESIAN_POINT('',(-8.408335299275,-2.4));
#7080 = VECTOR('',#7081,1.);
#7081 = DIRECTION('',(1.,-0.));
#7082 = ( GEOMETRIC_REPRESENTATION_CONTEXT(2) 
PARAMETRIC_REPRESENTATION_CONTEXT() REPRESENTATION_CONTEXT('2D SPACE',''
  ) );
#7083 = ORIENTED_EDGE('',*,*,#6789,.T.);
#7084 = ADVANCED_FACE('',(#7085),#6744,.T.);
#7085 = FACE_BOUND('',#7086,.F.);
#7086 = EDGE_LOOP('',(#7087,#7088,#7089,#7090));
#7087 = ORIENTED_EDGE('',*,*,#6716,.T.);
#7088 = ORIENTED_EDGE('',*,*,#6995,.F.);
#7089 = ORIENTED_EDGE('',*,*,#7058,.F.);
#7090 = ORIENTED_EDGE('',*,*,#7023,.T.);
#7091 = MANIFOLD_SOLID_BREP('',#7092);
#7092 = CLOSED_SHELL('',(#7093,#7166,#7430,#7434,#7465));
#7093 = ADVANCED_FACE('',(#7094),#7109,.F.);
#7094 = FACE_BOUND('',#7095,.F.);
#7095 = EDGE_LOOP('',(#7096,#7136));
#7096 = ORIENTED_EDGE('',*,*,#7097,.F.);
#7097 = EDGE_CURVE('',#7098,#7100,#7102,.T.);
#7098 = VERTEX_POINT('',#7099);
#7099 = CARTESIAN_POINT('',(90.089551227848,251.78049355007,30.8));
#7100 = VERTEX_POINT('',#7101);
#7101 = CARTESIAN_POINT('',(89.639697672301,247.72420626846,30.8));
#7102 = SURFACE_CURVE('',#7103,(#7108,#7124),.PCURVE_S1.);
#7103 = CIRCLE('',#7104,2.4);
#7104 = AXIS2_PLACEMENT_3D('',#7105,#7106,#7107);
#7105 = CARTESIAN_POINT('',(91.120271467052,249.61309515834,30.8));
#7106 = DIRECTION('',(0.,0.,-1.));
#7107 = DIRECTION('',(-0.429466766335,0.903082663223,0.));
#7108 = PCURVE('',#7109,#7114);
#7109 = PLANE('',#7110);
#7110 = AXIS2_PLACEMENT_3D('',#7111,#7112,#7113);
#7111 = CARTESIAN_POINT('',(86.030205078851,250.17759769569,30.8));
#7112 = DIRECTION('',(0.,0.,1.));
#7113 = DIRECTION('',(0.99390643938,-0.110226991974,0.));
#7114 = DEFINITIONAL_REPRESENTATION('',(#7115),#7123);
#7115 = ( BOUNDED_CURVE() B_SPLINE_CURVE(2,(#7116,#7117,#7118,#7119,
#7120,#7121,#7122),.UNSPECIFIED.,.T.,.F.) B_SPLINE_CURVE_WITH_KNOTS((1,2
    ,2,2,2,1),(-2.094395102393,0.,2.094395102393,4.188790204786,
6.28318530718,8.377580409573),.UNSPECIFIED.) CURVE() 
GEOMETRIC_REPRESENTATION_ITEM() RATIONAL_B_SPLINE_CURVE((1.,0.5,1.,0.5,
1.,0.5,1.)) REPRESENTATION_ITEM('') );
#7116 = CARTESIAN_POINT('',(3.857927888683,2.040578026712));
#7117 = CARTESIAN_POINT('',(7.392312707756,4.228756253161));
#7118 = CARTESIAN_POINT('',(7.520138230332,7.380009986873E-02));
#7119 = CARTESIAN_POINT('',(7.647963752908,-4.081156053423));
#7120 = CARTESIAN_POINT('',(3.985753411259,-2.11437812658));
#7121 = CARTESIAN_POINT('',(0.32354306961,-0.147600199737));
#7122 = CARTESIAN_POINT('',(3.857927888683,2.040578026712));
#7123 = ( GEOMETRIC_REPRESENTATION_CONTEXT(2) 
PARAMETRIC_REPRESENTATION_CONTEXT() REPRESENTATION_CONTEXT('2D SPACE',''
  ) );
#7124 = PCURVE('',#7125,#7130);
#7125 = CYLINDRICAL_SURFACE('',#7126,2.4);
#7126 = AXIS2_PLACEMENT_3D('',#7127,#7128,#7129);
#7127 = CARTESIAN_POINT('',(91.120271467052,249.61309515834,30.8));
#7128 = DIRECTION('',(-0.,0.,-1.));
#7129 = DIRECTION('',(0.99390643938,-0.110226991974,0.));
#7130 = DEFINITIONAL_REPRESENTATION('',(#7131),#7135);
#7131 = LINE('',#7132,#7133);
#7132 = CARTESIAN_POINT('',(-8.408335299275,0.));
#7133 = VECTOR('',#7134,1.);
#7134 = DIRECTION('',(1.,-0.));
#7135 = ( GEOMETRIC_REPRESENTATION_CONTEXT(2) 
PARAMETRIC_REPRESENTATION_CONTEXT() REPRESENTATION_CONTEXT('2D SPACE',''
  ) );
#7136 = ORIENTED_EDGE('',*,*,#7137,.T.);
#7137 = EDGE_CURVE('',#7098,#7100,#7138,.T.);
#7138 = SURFACE_CURVE('',#7139,(#7144,#7151),.PCURVE_S1.);
#7139 = ELLIPSE('',#7140,5.5,3.2);
#7140 = AXIS2_PLACEMENT_3D('',#7141,#7142,#7143);
#7141 = CARTESIAN_POINT('',(85.653786050464,250.2193436142,30.8));
#7142 = DIRECTION('',(-0.,0.,1.));
#7143 = DIRECTION('',(0.99390643938,-0.110226991974,0.));
#7144 = PCURVE('',#7109,#7145);
#7145 = DEFINITIONAL_REPRESENTATION('',(#7146),#7150);
#7146 = ELLIPSE('',#7147,5.5,3.2);
#7147 = AXIS2_PLACEMENT_2D('',#7148,#7149);
#7148 = CARTESIAN_POINT('',(-0.378726823242,8.944234242136E-15));
#7149 = DIRECTION('',(1.,0.));
#7150 = ( GEOMETRIC_REPRESENTATION_CONTEXT(2) 
PARAMETRIC_REPRESENTATION_CONTEXT() REPRESENTATION_CONTEXT('2D SPACE',''
  ) );
#7151 = PCURVE('',#7152,#7160);
#7152 = SURFACE_OF_LINEAR_EXTRUSION('',#7153,#7158);
#7153 = ELLIPSE('',#7154,5.5,3.2);
#7154 = AXIS2_PLACEMENT_3D('',#7155,#7156,#7157);
#7155 = CARTESIAN_POINT('',(85.653786050464,250.2193436142,30.8));
#7156 = DIRECTION('',(-0.,0.,1.));
#7157 = DIRECTION('',(0.99390643938,-0.110226991974,0.));
#7158 = VECTOR('',#7159,1.);
#7159 = DIRECTION('',(-0.,0.,-1.));
#7160 = DEFINITIONAL_REPRESENTATION('',(#7161),#7165);
#7161 = LINE('',#7162,#7163);
#7162 = CARTESIAN_POINT('',(0.,0.));
#7163 = VECTOR('',#7164,1.);
#7164 = DIRECTION('',(1.,0.));
#7165 = ( GEOMETRIC_REPRESENTATION_CONTEXT(2) 
PARAMETRIC_REPRESENTATION_CONTEXT() REPRESENTATION_CONTEXT('2D SPACE',''
  ) );
#7166 = ADVANCED_FACE('',(#7167),#7152,.F.);
#7167 = FACE_BOUND('',#7168,.F.);
#7168 = EDGE_LOOP('',(#7169,#7250,#7273,#7300,#7301,#7375,#7402,#7403));
#7169 = ORIENTED_EDGE('',*,*,#7170,.T.);
#7170 = EDGE_CURVE('',#7171,#7173,#7175,.T.);
#7171 = VERTEX_POINT('',#7172);
#7172 = CARTESIAN_POINT('',(90.089551227848,251.78049355007,33.2));
#7173 = VERTEX_POINT('',#7174);
#7174 = CARTESIAN_POINT('',(91.120271467052,249.61309515834,33.2));
#7175 = SURFACE_CURVE('',#7176,(#7197,#7221),.PCURVE_S1.);
#7176 = B_SPLINE_CURVE_WITH_KNOTS('',7,(#7177,#7178,#7179,#7180,#7181,
    #7182,#7183,#7184,#7185,#7186,#7187,#7188,#7189,#7190,#7191,#7192,
    #7193,#7194,#7195,#7196),.UNSPECIFIED.,.F.,.F.,(8,6,6,8),(0.,
    0.552559536359,0.720455681449,1.),.UNSPECIFIED.);
#7177 = CARTESIAN_POINT('',(89.534071070666,252.20372340698,33.2));
#7178 = CARTESIAN_POINT('',(89.746867631934,252.06292205005,33.2));
#7179 = CARTESIAN_POINT('',(89.951711986413,251.91129803166,33.2));
#7180 = CARTESIAN_POINT('',(90.147570398647,251.74796549937,33.2));
#7181 = CARTESIAN_POINT('',(90.332414608878,251.57214885924,33.2));
#7182 = CARTESIAN_POINT('',(90.503287587214,251.38328199329,33.2));
#7183 = CARTESIAN_POINT('',(90.656427187732,251.18113121573,33.2));
#7184 = CARTESIAN_POINT('',(90.826860710202,250.900285687,33.2));
#7185 = CARTESIAN_POINT('',(90.864486669063,250.83364968462,33.2));
#7186 = CARTESIAN_POINT('',(90.8998820604,250.76584842261,33.2));
#7187 = CARTESIAN_POINT('',(90.932897558359,250.69691806663,33.2));
#7188 = CARTESIAN_POINT('',(90.963377837991,250.62691098025,33.2));
#7189 = CARTESIAN_POINT('',(90.991166476496,250.55589780847,33.2));
#7190 = CARTESIAN_POINT('',(91.057642833237,250.36421021304,33.2));
#7191 = CARTESIAN_POINT('',(91.091314106148,250.2418462884,33.2));
#7192 = CARTESIAN_POINT('',(91.116369156902,250.11739815005,33.2));
#7193 = CARTESIAN_POINT('',(91.132154098434,249.99149484799,33.2));
#7194 = CARTESIAN_POINT('',(91.138171347631,249.86487971097,33.2));
#7195 = CARTESIAN_POINT('',(91.134169937541,249.73841636205,33.2));
#7196 = CARTESIAN_POINT('',(91.120271467052,249.61309515834,33.2));
#7197 = PCURVE('',#7152,#7198);
#7198 = DEFINITIONAL_REPRESENTATION('',(#7199),#7220);
#7199 = B_SPLINE_CURVE_WITH_KNOTS('',7,(#7200,#7201,#7202,#7203,#7204,
    #7205,#7206,#7207,#7208,#7209,#7210,#7211,#7212,#7213,#7214,#7215,
    #7216,#7217,#7218,#7219),.UNSPECIFIED.,.F.,.F.,(8,6,6,8),(0.,
    0.552559536359,0.720455681449,1.),.UNSPECIFIED.);
#7200 = CARTESIAN_POINT('',(0.848062078981,-2.4));
#7201 = CARTESIAN_POINT('',(0.793026931694,-2.4));
#7202 = CARTESIAN_POINT('',(0.736502369158,-2.4));
#7203 = CARTESIAN_POINT('',(0.678136931915,-2.4));
#7204 = CARTESIAN_POINT('',(0.617651192439,-2.4));
#7205 = CARTESIAN_POINT('',(0.554796617121,-2.4));
#7206 = CARTESIAN_POINT('',(0.489341230955,-2.4));
#7207 = CARTESIAN_POINT('',(0.400199739816,-2.4));
#7208 = CARTESIAN_POINT('',(0.379168469842,-2.4));
#7209 = CARTESIAN_POINT('',(0.357877333988,-2.4));
#7210 = CARTESIAN_POINT('',(0.336326859425,-2.4));
#7211 = CARTESIAN_POINT('',(0.314520863137,-2.4));
#7212 = CARTESIAN_POINT('',(0.292466942891,-2.4));
#7213 = CARTESIAN_POINT('',(0.233064527184,-2.4));
#7214 = CARTESIAN_POINT('',(0.1952767556,-2.4));
#7215 = CARTESIAN_POINT('',(0.156899874792,-2.4));
#7216 = CARTESIAN_POINT('',(0.11803864707,-2.4));
#7217 = CARTESIAN_POINT('',(7.881976378659E-02,-2.4));
#7218 = CARTESIAN_POINT('',(3.94029806125E-02,-2.4));
#7219 = CARTESIAN_POINT('',(0.,-2.4));
#7220 = ( GEOMETRIC_REPRESENTATION_CONTEXT(2) 
PARAMETRIC_REPRESENTATION_CONTEXT() REPRESENTATION_CONTEXT('2D SPACE',''
  ) );
#7221 = PCURVE('',#7222,#7227);
#7222 = PLANE('',#7223);
#7223 = AXIS2_PLACEMENT_3D('',#7224,#7225,#7226);
#7224 = CARTESIAN_POINT('',(91.120271467052,249.61309515834,33.2));
#7225 = DIRECTION('',(0.,0.,1.));
#7226 = DIRECTION('',(0.99390643938,-0.110226991974,0.));
#7227 = DEFINITIONAL_REPRESENTATION('',(#7228),#7249);
#7228 = B_SPLINE_CURVE_WITH_KNOTS('',7,(#7229,#7230,#7231,#7232,#7233,
    #7234,#7235,#7236,#7237,#7238,#7239,#7240,#7241,#7242,#7243,#7244,
    #7245,#7246,#7247,#7248),.UNSPECIFIED.,.F.,.F.,(8,6,6,8),(0.,
    0.552559536359,0.720455681449,1.),.UNSPECIFIED.);
#7229 = CARTESIAN_POINT('',(-1.862091947286,2.4));
#7230 = CARTESIAN_POINT('',(-1.635071964724,2.283512549527));
#7231 = CARTESIAN_POINT('',(-1.414762782279,2.155391838303));
#7232 = CARTESIAN_POINT('',(-1.202094191427,2.014643466332));
#7233 = CARTESIAN_POINT('',(-0.998996601215,1.860272996834));
#7234 = CARTESIAN_POINT('',(-0.808346621214,1.691391816989));
#7235 = CARTESIAN_POINT('',(-0.633857714,1.507352974968));
#7236 = CARTESIAN_POINT('',(-0.433505980689,1.247005170003));
#7237 = CARTESIAN_POINT('',(-0.38876421179,1.184922614416));
#7238 = CARTESIAN_POINT('',(-0.346110975252,1.121436031022));
#7239 = CARTESIAN_POINT('',(-0.305698673436,1.056564905368));
#7240 = CARTESIAN_POINT('',(-0.267687456687,0.990344160955));
#7241 = CARTESIAN_POINT('',(-0.23224058162,0.922826770272));
#7242 = CARTESIAN_POINT('',(-0.145040155545,0.739634723665));
#7243 = CARTESIAN_POINT('',(-9.80862532378E-02,0.621727914147));
#7244 = CARTESIAN_POINT('',(-5.946633300659E-02,0.500799850948));
#7245 = CARTESIAN_POINT('',(-2.989963570752E-02,0.377403674919));
#7246 = CARTESIAN_POINT('',(-9.962647291225E-03,0.252223338189));
#7247 = CARTESIAN_POINT('',(1.42108547152E-14,0.12608953796));
#7248 = CARTESIAN_POINT('',(0.,0.));
#7249 = ( GEOMETRIC_REPRESENTATION_CONTEXT(2) 
PARAMETRIC_REPRESENTATION_CONTEXT() REPRESENTATION_CONTEXT('2D SPACE',''
  ) );
#7250 = ORIENTED_EDGE('',*,*,#7251,.T.);
#7251 = EDGE_CURVE('',#7173,#7252,#7254,.T.);
#7252 = VERTEX_POINT('',#7253);
#7253 = CARTESIAN_POINT('',(91.120271467052,249.61309515834,33.4));
#7254 = SEAM_CURVE('',#7255,(#7259,#7266),.PCURVE_S1.);
#7255 = LINE('',#7256,#7257);
#7256 = CARTESIAN_POINT('',(91.120271467052,249.61309515834,30.8));
#7257 = VECTOR('',#7258,1.);
#7258 = DIRECTION('',(0.,0.,1.));
#7259 = PCURVE('',#7152,#7260);
#7260 = DEFINITIONAL_REPRESENTATION('',(#7261),#7265);
#7261 = LINE('',#7262,#7263);
#7262 = CARTESIAN_POINT('',(6.28318530718,0.));
#7263 = VECTOR('',#7264,1.);
#7264 = DIRECTION('',(0.,-1.));
#7265 = ( GEOMETRIC_REPRESENTATION_CONTEXT(2) 
PARAMETRIC_REPRESENTATION_CONTEXT() REPRESENTATION_CONTEXT('2D SPACE',''
  ) );
#7266 = PCURVE('',#7152,#7267);
#7267 = DEFINITIONAL_REPRESENTATION('',(#7268),#7272);
#7268 = LINE('',#7269,#7270);
#7269 = CARTESIAN_POINT('',(0.,0.));
#7270 = VECTOR('',#7271,1.);
#7271 = DIRECTION('',(0.,-1.));
#7272 = ( GEOMETRIC_REPRESENTATION_CONTEXT(2) 
PARAMETRIC_REPRESENTATION_CONTEXT() REPRESENTATION_CONTEXT('2D SPACE',''
  ) );
#7273 = ORIENTED_EDGE('',*,*,#7274,.T.);
#7274 = EDGE_CURVE('',#7252,#7252,#7275,.T.);
#7275 = SURFACE_CURVE('',#7276,(#7281,#7288),.PCURVE_S1.);
#7276 = ELLIPSE('',#7277,5.5,3.2);
#7277 = AXIS2_PLACEMENT_3D('',#7278,#7279,#7280);
#7278 = CARTESIAN_POINT('',(85.653786050464,250.2193436142,33.4));
#7279 = DIRECTION('',(-0.,0.,1.));
#7280 = DIRECTION('',(0.99390643938,-0.110226991974,0.));
#7281 = PCURVE('',#7152,#7282);
#7282 = DEFINITIONAL_REPRESENTATION('',(#7283),#7287);
#7283 = LINE('',#7284,#7285);
#7284 = CARTESIAN_POINT('',(0.,-2.6));
#7285 = VECTOR('',#7286,1.);
#7286 = DIRECTION('',(1.,0.));
#7287 = ( GEOMETRIC_REPRESENTATION_CONTEXT(2) 
PARAMETRIC_REPRESENTATION_CONTEXT() REPRESENTATION_CONTEXT('2D SPACE',''
  ) );
#7288 = PCURVE('',#7289,#7294);
#7289 = PLANE('',#7290);
#7290 = AXIS2_PLACEMENT_3D('',#7291,#7292,#7293);
#7291 = CARTESIAN_POINT('',(86.030205078851,250.17759769569,33.4));
#7292 = DIRECTION('',(0.,0.,1.));
#7293 = DIRECTION('',(0.99390643938,-0.110226991974,0.));
#7294 = DEFINITIONAL_REPRESENTATION('',(#7295),#7299);
#7295 = ELLIPSE('',#7296,5.5,3.2);
#7296 = AXIS2_PLACEMENT_2D('',#7297,#7298);
#7297 = CARTESIAN_POINT('',(-0.378726823242,8.944234242136E-15));
#7298 = DIRECTION('',(1.,0.));
#7299 = ( GEOMETRIC_REPRESENTATION_CONTEXT(2) 
PARAMETRIC_REPRESENTATION_CONTEXT() REPRESENTATION_CONTEXT('2D SPACE',''
  ) );
#7300 = ORIENTED_EDGE('',*,*,#7251,.F.);
#7301 = ORIENTED_EDGE('',*,*,#7302,.T.);
#7302 = EDGE_CURVE('',#7173,#7303,#7305,.T.);
#7303 = VERTEX_POINT('',#7304);
#7304 = CARTESIAN_POINT('',(89.639697672301,247.72420626846,33.2));
#7305 = SURFACE_CURVE('',#7306,(#7327,#7351),.PCURVE_S1.);
#7306 = B_SPLINE_CURVE_WITH_KNOTS('',7,(#7307,#7308,#7309,#7310,#7311,
    #7312,#7313,#7314,#7315,#7316,#7317,#7318,#7319,#7320,#7321,#7322,
    #7323,#7324,#7325,#7326),.UNSPECIFIED.,.F.,.F.,(8,6,6,8),(0.,
    0.279544318551,0.44744046364,1.),.UNSPECIFIED.);
#7307 = CARTESIAN_POINT('',(91.120271467052,249.61309515834,33.2));
#7308 = CARTESIAN_POINT('',(91.106372996564,249.48777395462,33.2));
#7309 = CARTESIAN_POINT('',(91.082567707882,249.36350691099,33.2));
#7310 = CARTESIAN_POINT('',(91.048953954741,249.2412869625,33.2));
#7311 = CARTESIAN_POINT('',(91.0059658346,249.12190175665,33.2));
#7312 = CARTESIAN_POINT('',(90.954251710542,249.00596753357,33.2));
#7313 = CARTESIAN_POINT('',(90.894587411738,248.89395478376,33.2));
#7314 = CARTESIAN_POINT('',(90.787725638495,248.72149086966,33.2));
#7315 = CARTESIAN_POINT('',(90.745052522228,248.6582921027,33.2));
#7316 = CARTESIAN_POINT('',(90.69997361567,248.59666474049,33.2));
#7317 = CARTESIAN_POINT('',(90.652657019618,248.53664343744,33.2));
#7318 = CARTESIAN_POINT('',(90.603265758045,248.47824525136,33.2));
#7319 = CARTESIAN_POINT('',(90.551953452471,248.42147275019,33.2));
#7320 = CARTESIAN_POINT('',(90.324125219184,248.18479555925,33.2));
#7321 = CARTESIAN_POINT('',(90.130413522741,248.02111155645,33.2));
#7322 = CARTESIAN_POINT('',(89.922310015494,247.87427423813,33.2));
#7323 = CARTESIAN_POINT('',(89.703434220258,247.74323127089,33.2));
#7324 = CARTESIAN_POINT('',(89.476547268689,247.62678237671,33.2));
#7325 = CARTESIAN_POINT('',(89.243458192994,247.52372639529,33.2));
#7326 = CARTESIAN_POINT('',(89.004981509189,247.43297249796,33.2));
#7327 = PCURVE('',#7152,#7328);
#7328 = DEFINITIONAL_REPRESENTATION('',(#7329),#7350);
#7329 = B_SPLINE_CURVE_WITH_KNOTS('',7,(#7330,#7331,#7332,#7333,#7334,
    #7335,#7336,#7337,#7338,#7339,#7340,#7341,#7342,#7343,#7344,#7345,
    #7346,#7347,#7348,#7349),.UNSPECIFIED.,.F.,.F.,(8,6,6,8),(0.,
    0.279544318551,0.44744046364,1.),.UNSPECIFIED.);
#7330 = CARTESIAN_POINT('',(6.28318530718,-2.4));
#7331 = CARTESIAN_POINT('',(6.243782326567,-2.4));
#7332 = CARTESIAN_POINT('',(6.204365543393,-2.4));
#7333 = CARTESIAN_POINT('',(6.16514666011,-2.4));
#7334 = CARTESIAN_POINT('',(6.126285432387,-2.4));
#7335 = CARTESIAN_POINT('',(6.08790855158,-2.4));
#7336 = CARTESIAN_POINT('',(6.050120779996,-2.4));
#7337 = CARTESIAN_POINT('',(5.990718364289,-2.4));
#7338 = CARTESIAN_POINT('',(5.968664444043,-2.4));
#7339 = CARTESIAN_POINT('',(5.946858447755,-2.4));
#7340 = CARTESIAN_POINT('',(5.925307973192,-2.4));
#7341 = CARTESIAN_POINT('',(5.904016837338,-2.4));
#7342 = CARTESIAN_POINT('',(5.882985567364,-2.4));
#7343 = CARTESIAN_POINT('',(5.793844076225,-2.4));
#7344 = CARTESIAN_POINT('',(5.728388690059,-2.4));
#7345 = CARTESIAN_POINT('',(5.66553411474,-2.4));
#7346 = CARTESIAN_POINT('',(5.605048375265,-2.4));
#7347 = CARTESIAN_POINT('',(5.546682938022,-2.4));
#7348 = CARTESIAN_POINT('',(5.490158375486,-2.4));
#7349 = CARTESIAN_POINT('',(5.435123228198,-2.4));
#7350 = ( GEOMETRIC_REPRESENTATION_CONTEXT(2) 
PARAMETRIC_REPRESENTATION_CONTEXT() REPRESENTATION_CONTEXT('2D SPACE',''
  ) );
#7351 = PCURVE('',#7222,#7352);
#7352 = DEFINITIONAL_REPRESENTATION('',(#7353),#7374);
#7353 = B_SPLINE_CURVE_WITH_KNOTS('',7,(#7354,#7355,#7356,#7357,#7358,
    #7359,#7360,#7361,#7362,#7363,#7364,#7365,#7366,#7367,#7368,#7369,
    #7370,#7371,#7372,#7373),.UNSPECIFIED.,.F.,.F.,(8,6,6,8),(0.,
    0.279544318551,0.44744046364,1.),.UNSPECIFIED.);
#7354 = CARTESIAN_POINT('',(0.,0.));
#7355 = CARTESIAN_POINT('',(1.42108547152E-14,-0.12608953796));
#7356 = CARTESIAN_POINT('',(-9.962647291189E-03,-0.252223338188));
#7357 = CARTESIAN_POINT('',(-2.989963570752E-02,-0.377403674918));
#7358 = CARTESIAN_POINT('',(-5.946633300654E-02,-0.500799850947));
#7359 = CARTESIAN_POINT('',(-9.808625323764E-02,-0.621727914147));
#7360 = CARTESIAN_POINT('',(-0.145040155545,-0.739634723665));
#7361 = CARTESIAN_POINT('',(-0.23224058162,-0.922826770271));
#7362 = CARTESIAN_POINT('',(-0.267687456687,-0.990344160955));
#7363 = CARTESIAN_POINT('',(-0.305698673436,-1.056564905368));
#7364 = CARTESIAN_POINT('',(-0.346110975252,-1.121436031021));
#7365 = CARTESIAN_POINT('',(-0.38876421179,-1.184922614415));
#7366 = CARTESIAN_POINT('',(-0.433505980688,-1.247005170002));
#7367 = CARTESIAN_POINT('',(-0.633857714,-1.507352974967));
#7368 = CARTESIAN_POINT('',(-0.808346621213,-1.691391816989));
#7369 = CARTESIAN_POINT('',(-0.998996601215,-1.860272996833));
#7370 = CARTESIAN_POINT('',(-1.202094191427,-2.014643466332));
#7371 = CARTESIAN_POINT('',(-1.414762782279,-2.155391838303));
#7372 = CARTESIAN_POINT('',(-1.635071964724,-2.283512549527));
#7373 = CARTESIAN_POINT('',(-1.862091947286,-2.4));
#7374 = ( GEOMETRIC_REPRESENTATION_CONTEXT(2) 
PARAMETRIC_REPRESENTATION_CONTEXT() REPRESENTATION_CONTEXT('2D SPACE',''
  ) );
#7375 = ORIENTED_EDGE('',*,*,#7376,.T.);
#7376 = EDGE_CURVE('',#7303,#7100,#7377,.T.);
#7377 = SURFACE_CURVE('',#7378,(#7384,#7393),.PCURVE_S1.);
#7378 = B_SPLINE_CURVE_WITH_KNOTS('',4,(#7379,#7380,#7381,#7382,#7383),
  .UNSPECIFIED.,.F.,.F.,(5,5),(0.,1.),.PIECEWISE_BEZIER_KNOTS.);
#7379 = CARTESIAN_POINT('',(89.639697672301,247.72420626846,33.2000006)
  );
#7380 = CARTESIAN_POINT('',(89.639697672301,247.72420626846,32.6000003)
  );
#7381 = CARTESIAN_POINT('',(89.639697672301,247.72420626846,32.));
#7382 = CARTESIAN_POINT('',(89.639697672301,247.72420626846,31.3999997)
  );
#7383 = CARTESIAN_POINT('',(89.639697672301,247.72420626846,30.7999994)
  );
#7384 = PCURVE('',#7152,#7385);
#7385 = DEFINITIONAL_REPRESENTATION('',(#7386),#7392);
#7386 = B_SPLINE_CURVE_WITH_KNOTS('',4,(#7387,#7388,#7389,#7390,#7391),
  .UNSPECIFIED.,.F.,.F.,(5,5),(0.,1.),.PIECEWISE_BEZIER_KNOTS.);
#7387 = CARTESIAN_POINT('',(5.591701796121,-2.4000006));
#7388 = CARTESIAN_POINT('',(5.591701796121,-1.8000003));
#7389 = CARTESIAN_POINT('',(5.591701796121,-1.2));
#7390 = CARTESIAN_POINT('',(5.591701796121,-0.5999997));
#7391 = CARTESIAN_POINT('',(5.591701796121,5.999999999062E-07));
#7392 = ( GEOMETRIC_REPRESENTATION_CONTEXT(2) 
PARAMETRIC_REPRESENTATION_CONTEXT() REPRESENTATION_CONTEXT('2D SPACE',''
  ) );
#7393 = PCURVE('',#7125,#7394);
#7394 = DEFINITIONAL_REPRESENTATION('',(#7395),#7401);
#7395 = B_SPLINE_CURVE_WITH_KNOTS('',4,(#7396,#7397,#7398,#7399,#7400),
  .UNSPECIFIED.,.F.,.F.,(5,5),(0.,1.),.PIECEWISE_BEZIER_KNOTS.);
#7396 = CARTESIAN_POINT('',(-4.158035315084,-2.4000006));
#7397 = CARTESIAN_POINT('',(-4.158035315084,-1.8000003));
#7398 = CARTESIAN_POINT('',(-4.158035315084,-1.2));
#7399 = CARTESIAN_POINT('',(-4.158035315084,-0.5999997));
#7400 = CARTESIAN_POINT('',(-4.158035315084,5.999999999062E-07));
#7401 = ( GEOMETRIC_REPRESENTATION_CONTEXT(2) 
PARAMETRIC_REPRESENTATION_CONTEXT() REPRESENTATION_CONTEXT('2D SPACE',''
  ) );
#7402 = ORIENTED_EDGE('',*,*,#7137,.F.);
#7403 = ORIENTED_EDGE('',*,*,#7404,.F.);
#7404 = EDGE_CURVE('',#7171,#7098,#7405,.T.);
#7405 = SURFACE_CURVE('',#7406,(#7412,#7421),.PCURVE_S1.);
#7406 = B_SPLINE_CURVE_WITH_KNOTS('',4,(#7407,#7408,#7409,#7410,#7411),
  .UNSPECIFIED.,.F.,.F.,(5,5),(0.,1.),.PIECEWISE_BEZIER_KNOTS.);
#7407 = CARTESIAN_POINT('',(90.089551227848,251.78049355007,33.2000006)
  );
#7408 = CARTESIAN_POINT('',(90.089551227848,251.78049355007,32.6000003)
  );
#7409 = CARTESIAN_POINT('',(90.089551227848,251.78049355007,32.));
#7410 = CARTESIAN_POINT('',(90.089551227848,251.78049355007,31.3999997)
  );
#7411 = CARTESIAN_POINT('',(90.089551227848,251.78049355007,30.7999994)
  );
#7412 = PCURVE('',#7152,#7413);
#7413 = DEFINITIONAL_REPRESENTATION('',(#7414),#7420);
#7414 = B_SPLINE_CURVE_WITH_KNOTS('',4,(#7415,#7416,#7417,#7418,#7419),
  .UNSPECIFIED.,.F.,.F.,(5,5),(0.,1.),.PIECEWISE_BEZIER_KNOTS.);
#7415 = CARTESIAN_POINT('',(0.691483511059,-2.4000006));
#7416 = CARTESIAN_POINT('',(0.691483511059,-1.8000003));
#7417 = CARTESIAN_POINT('',(0.691483511059,-1.2));
#7418 = CARTESIAN_POINT('',(0.691483511059,-0.5999997));
#7419 = CARTESIAN_POINT('',(0.691483511059,5.999999999062E-07));
#7420 = ( GEOMETRIC_REPRESENTATION_CONTEXT(2) 
PARAMETRIC_REPRESENTATION_CONTEXT() REPRESENTATION_CONTEXT('2D SPACE',''
  ) );
#7421 = PCURVE('',#7125,#7422);
#7422 = DEFINITIONAL_REPRESENTATION('',(#7423),#7429);
#7423 = B_SPLINE_CURVE_WITH_KNOTS('',4,(#7424,#7425,#7426,#7427,#7428),
  .UNSPECIFIED.,.F.,.F.,(5,5),(0.,1.),.PIECEWISE_BEZIER_KNOTS.);
#7424 = CARTESIAN_POINT('',(-8.408335299275,-2.4000006));
#7425 = CARTESIAN_POINT('',(-8.408335299275,-1.8000003));
#7426 = CARTESIAN_POINT('',(-8.408335299275,-1.2));
#7427 = CARTESIAN_POINT('',(-8.408335299275,-0.5999997));
#7428 = CARTESIAN_POINT('',(-8.408335299275,5.999999999062E-07));
#7429 = ( GEOMETRIC_REPRESENTATION_CONTEXT(2) 
PARAMETRIC_REPRESENTATION_CONTEXT() REPRESENTATION_CONTEXT('2D SPACE',''
  ) );
#7430 = ADVANCED_FACE('',(#7431),#7289,.T.);
#7431 = FACE_BOUND('',#7432,.T.);
#7432 = EDGE_LOOP('',(#7433));
#7433 = ORIENTED_EDGE('',*,*,#7274,.T.);
#7434 = ADVANCED_FACE('',(#7435),#7222,.T.);
#7435 = FACE_BOUND('',#7436,.T.);
#7436 = EDGE_LOOP('',(#7437,#7438,#7464));
#7437 = ORIENTED_EDGE('',*,*,#7302,.T.);
#7438 = ORIENTED_EDGE('',*,*,#7439,.F.);
#7439 = EDGE_CURVE('',#7171,#7303,#7440,.T.);
#7440 = SURFACE_CURVE('',#7441,(#7446,#7457),.PCURVE_S1.);
#7441 = CIRCLE('',#7442,2.4);
#7442 = AXIS2_PLACEMENT_3D('',#7443,#7444,#7445);
#7443 = CARTESIAN_POINT('',(91.120271467052,249.61309515834,33.2));
#7444 = DIRECTION('',(0.,0.,-1.));
#7445 = DIRECTION('',(-0.429466766335,0.903082663223,0.));
#7446 = PCURVE('',#7222,#7447);
#7447 = DEFINITIONAL_REPRESENTATION('',(#7448),#7456);
#7448 = ( BOUNDED_CURVE() B_SPLINE_CURVE(2,(#7449,#7450,#7451,#7452,
#7453,#7454,#7455),.UNSPECIFIED.,.T.,.F.) B_SPLINE_CURVE_WITH_KNOTS((1,2
    ,2,2,2,1),(-2.094395102393,0.,2.094395102393,4.188790204786,
6.28318530718,8.377580409573),.UNSPECIFIED.) CURVE() 
GEOMETRIC_REPRESENTATION_ITEM() RATIONAL_B_SPLINE_CURVE((1.,0.5,1.,0.5,
1.,0.5,1.)) REPRESENTATION_ITEM('') );
#7449 = CARTESIAN_POINT('',(-1.263345288075,2.040578026712));
#7450 = CARTESIAN_POINT('',(2.271039530998,4.228756253161));
#7451 = CARTESIAN_POINT('',(2.398865053574,7.380009986873E-02));
#7452 = CARTESIAN_POINT('',(2.52669057615,-4.081156053423));
#7453 = CARTESIAN_POINT('',(-1.135519765499,-2.11437812658));
#7454 = CARTESIAN_POINT('',(-4.797730107148,-0.147600199737));
#7455 = CARTESIAN_POINT('',(-1.263345288075,2.040578026712));
#7456 = ( GEOMETRIC_REPRESENTATION_CONTEXT(2) 
PARAMETRIC_REPRESENTATION_CONTEXT() REPRESENTATION_CONTEXT('2D SPACE',''
  ) );
#7457 = PCURVE('',#7125,#7458);
#7458 = DEFINITIONAL_REPRESENTATION('',(#7459),#7463);
#7459 = LINE('',#7460,#7461);
#7460 = CARTESIAN_POINT('',(-8.408335299275,-2.4));
#7461 = VECTOR('',#7462,1.);
#7462 = DIRECTION('',(1.,-0.));
#7463 = ( GEOMETRIC_REPRESENTATION_CONTEXT(2) 
PARAMETRIC_REPRESENTATION_CONTEXT() REPRESENTATION_CONTEXT('2D SPACE',''
  ) );
#7464 = ORIENTED_EDGE('',*,*,#7170,.T.);
#7465 = ADVANCED_FACE('',(#7466),#7125,.T.);
#7466 = FACE_BOUND('',#7467,.F.);
#7467 = EDGE_LOOP('',(#7468,#7469,#7470,#7471));
#7468 = ORIENTED_EDGE('',*,*,#7097,.T.);
#7469 = ORIENTED_EDGE('',*,*,#7376,.F.);
#7470 = ORIENTED_EDGE('',*,*,#7439,.F.);
#7471 = ORIENTED_EDGE('',*,*,#7404,.T.);
#7472 = MANIFOLD_SOLID_BREP('',#7473);
#7473 = CLOSED_SHELL('',(#7474,#7547,#7811,#7815,#7846));
#7474 = ADVANCED_FACE('',(#7475),#7490,.F.);
#7475 = FACE_BOUND('',#7476,.F.);
#7476 = EDGE_LOOP('',(#7477,#7517));
#7477 = ORIENTED_EDGE('',*,*,#7478,.F.);
#7478 = EDGE_CURVE('',#7479,#7481,#7483,.T.);
#7479 = VERTEX_POINT('',#7480);
#7480 = CARTESIAN_POINT('',(13.623652587841,352.20156018109,30.8));
#7481 = VERTEX_POINT('',#7482);
#7482 = CARTESIAN_POINT('',(12.645462468269,348.23936649295,30.8));
#7483 = SURFACE_CURVE('',#7484,(#7489,#7505),.PCURVE_S1.);
#7484 = CIRCLE('',#7485,2.4);
#7485 = AXIS2_PLACEMENT_3D('',#7486,#7487,#7488);
#7486 = CARTESIAN_POINT('',(14.361077332942,349.91765896928,30.8));
#7487 = DIRECTION('',(0.,0.,-1.));
#7488 = DIRECTION('',(-0.307260310459,0.951625504921,0.));
#7489 = PCURVE('',#7490,#7495);
#7490 = PLANE('',#7491);
#7491 = AXIS2_PLACEMENT_3D('',#7492,#7493,#7494);
#7492 = CARTESIAN_POINT('',(9.389085085993,351.14514911069,30.8));
#7493 = DIRECTION('',(0.,0.,1.));
#7494 = DIRECTION('',(0.970850816846,-0.239684566522,0.));
#7495 = DEFINITIONAL_REPRESENTATION('',(#7496),#7504);
#7496 = ( BOUNDED_CURVE() B_SPLINE_CURVE(2,(#7497,#7498,#7499,#7500,
#7501,#7502,#7503),.UNSPECIFIED.,.T.,.F.) B_SPLINE_CURVE_WITH_KNOTS((1,2
    ,2,2,2,1),(-2.094395102393,0.,2.094395102393,4.188790204786,
6.28318530718,8.377580409573),.UNSPECIFIED.) CURVE() 
GEOMETRIC_REPRESENTATION_ITEM() RATIONAL_B_SPLINE_CURVE((1.,0.5,1.,0.5,
1.,0.5,1.)) REPRESENTATION_ITEM('') );
#7497 = CARTESIAN_POINT('',(3.857927888683,2.040578026712));
#7498 = CARTESIAN_POINT('',(7.392312707756,4.228756253161));
#7499 = CARTESIAN_POINT('',(7.520138230332,7.380009986872E-02));
#7500 = CARTESIAN_POINT('',(7.647963752908,-4.081156053423));
#7501 = CARTESIAN_POINT('',(3.985753411259,-2.11437812658));
#7502 = CARTESIAN_POINT('',(0.32354306961,-0.147600199737));
#7503 = CARTESIAN_POINT('',(3.857927888683,2.040578026712));
#7504 = ( GEOMETRIC_REPRESENTATION_CONTEXT(2) 
PARAMETRIC_REPRESENTATION_CONTEXT() REPRESENTATION_CONTEXT('2D SPACE',''
  ) );
#7505 = PCURVE('',#7506,#7511);
#7506 = CYLINDRICAL_SURFACE('',#7507,2.4);
#7507 = AXIS2_PLACEMENT_3D('',#7508,#7509,#7510);
#7508 = CARTESIAN_POINT('',(14.361077332942,349.91765896928,30.8));
#7509 = DIRECTION('',(-0.,0.,-1.));
#7510 = DIRECTION('',(0.970850816846,-0.239684566522,0.));
#7511 = DEFINITIONAL_REPRESENTATION('',(#7512),#7516);
#7512 = LINE('',#7513,#7514);
#7513 = CARTESIAN_POINT('',(-8.408335299275,0.));
#7514 = VECTOR('',#7515,1.);
#7515 = DIRECTION('',(1.,-0.));
#7516 = ( GEOMETRIC_REPRESENTATION_CONTEXT(2) 
PARAMETRIC_REPRESENTATION_CONTEXT() REPRESENTATION_CONTEXT('2D SPACE',''
  ) );
#7517 = ORIENTED_EDGE('',*,*,#7518,.T.);
#7518 = EDGE_CURVE('',#7479,#7481,#7519,.T.);
#7519 = SURFACE_CURVE('',#7520,(#7525,#7532),.PCURVE_S1.);
#7520 = ELLIPSE('',#7521,5.5,3.2);
#7521 = AXIS2_PLACEMENT_3D('',#7522,#7523,#7524);
#7522 = CARTESIAN_POINT('',(9.021397840286,351.23592408515,30.8));
#7523 = DIRECTION('',(-0.,0.,1.));
#7524 = DIRECTION('',(0.970850816846,-0.239684566522,0.));
#7525 = PCURVE('',#7490,#7526);
#7526 = DEFINITIONAL_REPRESENTATION('',(#7527),#7531);
#7527 = ELLIPSE('',#7528,5.5,3.2);
#7528 = AXIS2_PLACEMENT_2D('',#7529,#7530);
#7529 = CARTESIAN_POINT('',(-0.378726823242,-1.726396803292E-14));
#7530 = DIRECTION('',(1.,0.));
#7531 = ( GEOMETRIC_REPRESENTATION_CONTEXT(2) 
PARAMETRIC_REPRESENTATION_CONTEXT() REPRESENTATION_CONTEXT('2D SPACE',''
  ) );
#7532 = PCURVE('',#7533,#7541);
#7533 = SURFACE_OF_LINEAR_EXTRUSION('',#7534,#7539);
#7534 = ELLIPSE('',#7535,5.5,3.2);
#7535 = AXIS2_PLACEMENT_3D('',#7536,#7537,#7538);
#7536 = CARTESIAN_POINT('',(9.021397840286,351.23592408515,30.8));
#7537 = DIRECTION('',(-0.,0.,1.));
#7538 = DIRECTION('',(0.970850816846,-0.239684566522,0.));
#7539 = VECTOR('',#7540,1.);
#7540 = DIRECTION('',(-0.,0.,-1.));
#7541 = DEFINITIONAL_REPRESENTATION('',(#7542),#7546);
#7542 = LINE('',#7543,#7544);
#7543 = CARTESIAN_POINT('',(0.,0.));
#7544 = VECTOR('',#7545,1.);
#7545 = DIRECTION('',(1.,0.));
#7546 = ( GEOMETRIC_REPRESENTATION_CONTEXT(2) 
PARAMETRIC_REPRESENTATION_CONTEXT() REPRESENTATION_CONTEXT('2D SPACE',''
  ) );
#7547 = ADVANCED_FACE('',(#7548),#7533,.F.);
#7548 = FACE_BOUND('',#7549,.F.);
#7549 = EDGE_LOOP('',(#7550,#7631,#7654,#7681,#7682,#7756,#7783,#7784));
#7550 = ORIENTED_EDGE('',*,*,#7551,.T.);
#7551 = EDGE_CURVE('',#7552,#7554,#7556,.T.);
#7552 = VERTEX_POINT('',#7553);
#7553 = CARTESIAN_POINT('',(13.623652587841,352.20156018109,33.2));
#7554 = VERTEX_POINT('',#7555);
#7555 = CARTESIAN_POINT('',(14.361077332942,349.91765896928,33.2));
#7556 = SURFACE_CURVE('',#7557,(#7578,#7602),.PCURVE_S1.);
#7557 = B_SPLINE_CURVE_WITH_KNOTS('',7,(#7558,#7559,#7560,#7561,#7562,
    #7563,#7564,#7565,#7566,#7567,#7568,#7569,#7570,#7571,#7572,#7573,
    #7574,#7575,#7576,#7577),.UNSPECIFIED.,.F.,.F.,(8,6,6,8),(0.,
    0.552559536359,0.720455681449,1.),.UNSPECIFIED.);
#7558 = CARTESIAN_POINT('',(13.128506804527,352.69401563092,33.2));
#7559 = CARTESIAN_POINT('',(13.320989095967,352.52651050836,33.2));
#7560 = CARTESIAN_POINT('',(13.50416788857,352.34931970032,33.2));
#7561 = CARTESIAN_POINT('',(13.676902151192,352.16170064941,33.2));
#7562 = CARTESIAN_POINT('',(13.837079393483,351.96315059513,33.2));
#7563 = CARTESIAN_POINT('',(13.981693869915,351.75349630592,33.2));
#7564 = CARTESIAN_POINT('',(14.106985297941,351.53299974772,33.2));
#7565 = CARTESIAN_POINT('',(14.239095591105,351.23221965026,33.2));
#7566 = CARTESIAN_POINT('',(14.267652943562,351.16122283897,33.2));
#7567 = CARTESIAN_POINT('',(14.293846118876,351.08936351511,33.2));
#7568 = CARTESIAN_POINT('',(14.317531827472,351.01669712474,33.2));
#7569 = CARTESIAN_POINT('',(14.338562957883,350.94329595892,33.2));
#7570 = CARTESIAN_POINT('',(14.356793708978,350.86925057614,33.2));
#7571 = CARTESIAN_POINT('',(14.397544007581,350.67049783173,33.2));
#7572 = CARTESIAN_POINT('',(14.414868799461,350.54477378368,33.2));
#7573 = CARTESIAN_POINT('',(14.423378390156,350.4181140759,33.2));
#7574 = CARTESIAN_POINT('',(14.422507083418,350.29122811658,33.2));
#7575 = CARTESIAN_POINT('',(14.411859130162,350.16491809599,33.2));
#7576 = CARTESIAN_POINT('',(14.391299049191,350.04007310021,33.2));
#7577 = CARTESIAN_POINT('',(14.361077332942,349.91765896928,33.2));
#7578 = PCURVE('',#7533,#7579);
#7579 = DEFINITIONAL_REPRESENTATION('',(#7580),#7601);
#7580 = B_SPLINE_CURVE_WITH_KNOTS('',7,(#7581,#7582,#7583,#7584,#7585,
    #7586,#7587,#7588,#7589,#7590,#7591,#7592,#7593,#7594,#7595,#7596,
    #7597,#7598,#7599,#7600),.UNSPECIFIED.,.F.,.F.,(8,6,6,8),(0.,
    0.552559536359,0.720455681449,1.),.UNSPECIFIED.);
#7581 = CARTESIAN_POINT('',(0.848062078981,-2.4));
#7582 = CARTESIAN_POINT('',(0.793026931694,-2.4));
#7583 = CARTESIAN_POINT('',(0.736502369158,-2.4));
#7584 = CARTESIAN_POINT('',(0.678136931915,-2.4));
#7585 = CARTESIAN_POINT('',(0.617651192439,-2.4));
#7586 = CARTESIAN_POINT('',(0.554796617121,-2.4));
#7587 = CARTESIAN_POINT('',(0.489341230955,-2.4));
#7588 = CARTESIAN_POINT('',(0.400199739816,-2.4));
#7589 = CARTESIAN_POINT('',(0.379168469842,-2.4));
#7590 = CARTESIAN_POINT('',(0.357877333988,-2.4));
#7591 = CARTESIAN_POINT('',(0.336326859425,-2.4));
#7592 = CARTESIAN_POINT('',(0.314520863137,-2.4));
#7593 = CARTESIAN_POINT('',(0.292466942891,-2.4));
#7594 = CARTESIAN_POINT('',(0.233064527184,-2.4));
#7595 = CARTESIAN_POINT('',(0.1952767556,-2.4));
#7596 = CARTESIAN_POINT('',(0.156899874792,-2.4));
#7597 = CARTESIAN_POINT('',(0.11803864707,-2.4));
#7598 = CARTESIAN_POINT('',(7.881976378659E-02,-2.4));
#7599 = CARTESIAN_POINT('',(3.94029806125E-02,-2.4));
#7600 = CARTESIAN_POINT('',(0.,-2.4));
#7601 = ( GEOMETRIC_REPRESENTATION_CONTEXT(2) 
PARAMETRIC_REPRESENTATION_CONTEXT() REPRESENTATION_CONTEXT('2D SPACE',''
  ) );
#7602 = PCURVE('',#7603,#7608);
#7603 = PLANE('',#7604);
#7604 = AXIS2_PLACEMENT_3D('',#7605,#7606,#7607);
#7605 = CARTESIAN_POINT('',(14.361077332942,349.91765896928,33.2));
#7606 = DIRECTION('',(0.,0.,1.));
#7607 = DIRECTION('',(0.970850816846,-0.239684566522,0.));
#7608 = DEFINITIONAL_REPRESENTATION('',(#7609),#7630);
#7609 = B_SPLINE_CURVE_WITH_KNOTS('',7,(#7610,#7611,#7612,#7613,#7614,
    #7615,#7616,#7617,#7618,#7619,#7620,#7621,#7622,#7623,#7624,#7625,
    #7626,#7627,#7628,#7629),.UNSPECIFIED.,.F.,.F.,(8,6,6,8),(0.,
    0.552559536359,0.720455681449,1.),.UNSPECIFIED.);
#7610 = CARTESIAN_POINT('',(-1.862091947286,2.4));
#7611 = CARTESIAN_POINT('',(-1.635071964724,2.283512549527));
#7612 = CARTESIAN_POINT('',(-1.414762782279,2.155391838303));
#7613 = CARTESIAN_POINT('',(-1.202094191427,2.014643466332));
#7614 = CARTESIAN_POINT('',(-0.998996601215,1.860272996834));
#7615 = CARTESIAN_POINT('',(-0.808346621214,1.691391816989));
#7616 = CARTESIAN_POINT('',(-0.633857714,1.507352974968));
#7617 = CARTESIAN_POINT('',(-0.433505980689,1.247005170003));
#7618 = CARTESIAN_POINT('',(-0.38876421179,1.184922614416));
#7619 = CARTESIAN_POINT('',(-0.346110975252,1.121436031022));
#7620 = CARTESIAN_POINT('',(-0.305698673436,1.056564905368));
#7621 = CARTESIAN_POINT('',(-0.267687456687,0.990344160955));
#7622 = CARTESIAN_POINT('',(-0.23224058162,0.922826770272));
#7623 = CARTESIAN_POINT('',(-0.145040155545,0.739634723665));
#7624 = CARTESIAN_POINT('',(-9.808625323782E-02,0.621727914147));
#7625 = CARTESIAN_POINT('',(-5.946633300658E-02,0.500799850948));
#7626 = CARTESIAN_POINT('',(-2.989963570752E-02,0.377403674919));
#7627 = CARTESIAN_POINT('',(-9.962647291218E-03,0.252223338189));
#7628 = CARTESIAN_POINT('',(1.42108547152E-14,0.12608953796));
#7629 = CARTESIAN_POINT('',(0.,0.));
#7630 = ( GEOMETRIC_REPRESENTATION_CONTEXT(2) 
PARAMETRIC_REPRESENTATION_CONTEXT() REPRESENTATION_CONTEXT('2D SPACE',''
  ) );
#7631 = ORIENTED_EDGE('',*,*,#7632,.T.);
#7632 = EDGE_CURVE('',#7554,#7633,#7635,.T.);
#7633 = VERTEX_POINT('',#7634);
#7634 = CARTESIAN_POINT('',(14.361077332942,349.91765896928,33.4));
#7635 = SEAM_CURVE('',#7636,(#7640,#7647),.PCURVE_S1.);
#7636 = LINE('',#7637,#7638);
#7637 = CARTESIAN_POINT('',(14.361077332942,349.91765896928,30.8));
#7638 = VECTOR('',#7639,1.);
#7639 = DIRECTION('',(0.,0.,1.));
#7640 = PCURVE('',#7533,#7641);
#7641 = DEFINITIONAL_REPRESENTATION('',(#7642),#7646);
#7642 = LINE('',#7643,#7644);
#7643 = CARTESIAN_POINT('',(6.28318530718,0.));
#7644 = VECTOR('',#7645,1.);
#7645 = DIRECTION('',(0.,-1.));
#7646 = ( GEOMETRIC_REPRESENTATION_CONTEXT(2) 
PARAMETRIC_REPRESENTATION_CONTEXT() REPRESENTATION_CONTEXT('2D SPACE',''
  ) );
#7647 = PCURVE('',#7533,#7648);
#7648 = DEFINITIONAL_REPRESENTATION('',(#7649),#7653);
#7649 = LINE('',#7650,#7651);
#7650 = CARTESIAN_POINT('',(0.,0.));
#7651 = VECTOR('',#7652,1.);
#7652 = DIRECTION('',(0.,-1.));
#7653 = ( GEOMETRIC_REPRESENTATION_CONTEXT(2) 
PARAMETRIC_REPRESENTATION_CONTEXT() REPRESENTATION_CONTEXT('2D SPACE',''
  ) );
#7654 = ORIENTED_EDGE('',*,*,#7655,.T.);
#7655 = EDGE_CURVE('',#7633,#7633,#7656,.T.);
#7656 = SURFACE_CURVE('',#7657,(#7662,#7669),.PCURVE_S1.);
#7657 = ELLIPSE('',#7658,5.5,3.2);
#7658 = AXIS2_PLACEMENT_3D('',#7659,#7660,#7661);
#7659 = CARTESIAN_POINT('',(9.021397840286,351.23592408515,33.4));
#7660 = DIRECTION('',(-0.,0.,1.));
#7661 = DIRECTION('',(0.970850816846,-0.239684566522,0.));
#7662 = PCURVE('',#7533,#7663);
#7663 = DEFINITIONAL_REPRESENTATION('',(#7664),#7668);
#7664 = LINE('',#7665,#7666);
#7665 = CARTESIAN_POINT('',(0.,-2.6));
#7666 = VECTOR('',#7667,1.);
#7667 = DIRECTION('',(1.,0.));
#7668 = ( GEOMETRIC_REPRESENTATION_CONTEXT(2) 
PARAMETRIC_REPRESENTATION_CONTEXT() REPRESENTATION_CONTEXT('2D SPACE',''
  ) );
#7669 = PCURVE('',#7670,#7675);
#7670 = PLANE('',#7671);
#7671 = AXIS2_PLACEMENT_3D('',#7672,#7673,#7674);
#7672 = CARTESIAN_POINT('',(9.389085085993,351.14514911069,33.4));
#7673 = DIRECTION('',(0.,0.,1.));
#7674 = DIRECTION('',(0.970850816846,-0.239684566522,0.));
#7675 = DEFINITIONAL_REPRESENTATION('',(#7676),#7680);
#7676 = ELLIPSE('',#7677,5.5,3.2);
#7677 = AXIS2_PLACEMENT_2D('',#7678,#7679);
#7678 = CARTESIAN_POINT('',(-0.378726823242,-1.726396803292E-14));
#7679 = DIRECTION('',(1.,0.));
#7680 = ( GEOMETRIC_REPRESENTATION_CONTEXT(2) 
PARAMETRIC_REPRESENTATION_CONTEXT() REPRESENTATION_CONTEXT('2D SPACE',''
  ) );
#7681 = ORIENTED_EDGE('',*,*,#7632,.F.);
#7682 = ORIENTED_EDGE('',*,*,#7683,.T.);
#7683 = EDGE_CURVE('',#7554,#7684,#7686,.T.);
#7684 = VERTEX_POINT('',#7685);
#7685 = CARTESIAN_POINT('',(12.645462468269,348.23936649295,33.2));
#7686 = SURFACE_CURVE('',#7687,(#7708,#7732),.PCURVE_S1.);
#7687 = B_SPLINE_CURVE_WITH_KNOTS('',7,(#7688,#7689,#7690,#7691,#7692,
    #7693,#7694,#7695,#7696,#7697,#7698,#7699,#7700,#7701,#7702,#7703,
    #7704,#7705,#7706,#7707),.UNSPECIFIED.,.F.,.F.,(8,6,6,8),(0.,
    0.279544318551,0.44744046364,1.),.UNSPECIFIED.);
#7688 = CARTESIAN_POINT('',(14.361077332942,349.91765896928,33.2));
#7689 = CARTESIAN_POINT('',(14.330855616693,349.79524483836,33.2));
#7690 = CARTESIAN_POINT('',(14.290951047201,349.67517562817,33.2));
#7691 = CARTESIAN_POINT('',(14.241591410965,349.55842278443,33.2));
#7692 = CARTESIAN_POINT('',(14.183310399779,349.44571018716,33.2));
#7693 = CARTESIAN_POINT('',(14.116831628268,349.33756367706,33.2));
#7694 = CARTESIAN_POINT('',(14.04298595133,349.23434788045,33.2));
#7695 = CARTESIAN_POINT('',(13.914419040165,349.07739632869,33.2));
#7696 = CARTESIAN_POINT('',(13.863822536032,349.02034308368,33.2));
#7697 = CARTESIAN_POINT('',(13.811047224783,348.96516332188,33.2));
#7698 = CARTESIAN_POINT('',(13.756264300922,348.91186934159,33.2));
#7699 = CARTESIAN_POINT('',(13.699637617167,348.86045666276,33.2));
#7700 = CARTESIAN_POINT('',(13.641319803861,348.81090767444,33.2));
#7701 = CARTESIAN_POINT('',(13.384406809141,348.60617001367,33.2));
#7702 = CARTESIAN_POINT('',(13.170892840969,348.46931805165,33.2));
#7703 = CARTESIAN_POINT('',(12.945321939768,348.35105547807,33.2));
#7704 = CARTESIAN_POINT('',(12.711144259346,348.24986413953,33.2));
#7705 = CARTESIAN_POINT('',(12.470939571675,348.16419184664,33.2));
#7706 = CARTESIAN_POINT('',(12.226343664807,348.09261046039,33.2));
#7707 = CARTESIAN_POINT('',(11.978020885224,348.03393171006,33.2));
#7708 = PCURVE('',#7533,#7709);
#7709 = DEFINITIONAL_REPRESENTATION('',(#7710),#7731);
#7710 = B_SPLINE_CURVE_WITH_KNOTS('',7,(#7711,#7712,#7713,#7714,#7715,
    #7716,#7717,#7718,#7719,#7720,#7721,#7722,#7723,#7724,#7725,#7726,
    #7727,#7728,#7729,#7730),.UNSPECIFIED.,.F.,.F.,(8,6,6,8),(0.,
    0.279544318551,0.44744046364,1.),.UNSPECIFIED.);
#7711 = CARTESIAN_POINT('',(6.28318530718,-2.4));
#7712 = CARTESIAN_POINT('',(6.243782326567,-2.4));
#7713 = CARTESIAN_POINT('',(6.204365543393,-2.4));
#7714 = CARTESIAN_POINT('',(6.16514666011,-2.4));
#7715 = CARTESIAN_POINT('',(6.126285432387,-2.4));
#7716 = CARTESIAN_POINT('',(6.08790855158,-2.4));
#7717 = CARTESIAN_POINT('',(6.050120779996,-2.4));
#7718 = CARTESIAN_POINT('',(5.990718364289,-2.4));
#7719 = CARTESIAN_POINT('',(5.968664444043,-2.4));
#7720 = CARTESIAN_POINT('',(5.946858447755,-2.4));
#7721 = CARTESIAN_POINT('',(5.925307973192,-2.4));
#7722 = CARTESIAN_POINT('',(5.904016837338,-2.4));
#7723 = CARTESIAN_POINT('',(5.882985567364,-2.4));
#7724 = CARTESIAN_POINT('',(5.793844076225,-2.4));
#7725 = CARTESIAN_POINT('',(5.728388690059,-2.4));
#7726 = CARTESIAN_POINT('',(5.66553411474,-2.4));
#7727 = CARTESIAN_POINT('',(5.605048375265,-2.4));
#7728 = CARTESIAN_POINT('',(5.546682938022,-2.4));
#7729 = CARTESIAN_POINT('',(5.490158375486,-2.4));
#7730 = CARTESIAN_POINT('',(5.435123228198,-2.4));
#7731 = ( GEOMETRIC_REPRESENTATION_CONTEXT(2) 
PARAMETRIC_REPRESENTATION_CONTEXT() REPRESENTATION_CONTEXT('2D SPACE',''
  ) );
#7732 = PCURVE('',#7603,#7733);
#7733 = DEFINITIONAL_REPRESENTATION('',(#7734),#7755);
#7734 = B_SPLINE_CURVE_WITH_KNOTS('',7,(#7735,#7736,#7737,#7738,#7739,
    #7740,#7741,#7742,#7743,#7744,#7745,#7746,#7747,#7748,#7749,#7750,
    #7751,#7752,#7753,#7754),.UNSPECIFIED.,.F.,.F.,(8,6,6,8),(0.,
    0.279544318551,0.44744046364,1.),.UNSPECIFIED.);
#7735 = CARTESIAN_POINT('',(0.,0.));
#7736 = CARTESIAN_POINT('',(1.42108547152E-14,-0.12608953796));
#7737 = CARTESIAN_POINT('',(-9.962647291189E-03,-0.252223338188));
#7738 = CARTESIAN_POINT('',(-2.989963570755E-02,-0.377403674918));
#7739 = CARTESIAN_POINT('',(-5.946633300655E-02,-0.500799850948));
#7740 = CARTESIAN_POINT('',(-9.808625323765E-02,-0.621727914147));
#7741 = CARTESIAN_POINT('',(-0.145040155545,-0.739634723665));
#7742 = CARTESIAN_POINT('',(-0.23224058162,-0.922826770271));
#7743 = CARTESIAN_POINT('',(-0.267687456687,-0.990344160955));
#7744 = CARTESIAN_POINT('',(-0.305698673436,-1.056564905368));
#7745 = CARTESIAN_POINT('',(-0.346110975252,-1.121436031021));
#7746 = CARTESIAN_POINT('',(-0.38876421179,-1.184922614415));
#7747 = CARTESIAN_POINT('',(-0.433505980688,-1.247005170002));
#7748 = CARTESIAN_POINT('',(-0.633857714,-1.507352974968));
#7749 = CARTESIAN_POINT('',(-0.808346621214,-1.691391816989));
#7750 = CARTESIAN_POINT('',(-0.998996601215,-1.860272996833));
#7751 = CARTESIAN_POINT('',(-1.202094191427,-2.014643466332));
#7752 = CARTESIAN_POINT('',(-1.414762782279,-2.155391838303));
#7753 = CARTESIAN_POINT('',(-1.635071964724,-2.283512549527));
#7754 = CARTESIAN_POINT('',(-1.862091947286,-2.4));
#7755 = ( GEOMETRIC_REPRESENTATION_CONTEXT(2) 
PARAMETRIC_REPRESENTATION_CONTEXT() REPRESENTATION_CONTEXT('2D SPACE',''
  ) );
#7756 = ORIENTED_EDGE('',*,*,#7757,.T.);
#7757 = EDGE_CURVE('',#7684,#7481,#7758,.T.);
#7758 = SURFACE_CURVE('',#7759,(#7765,#7774),.PCURVE_S1.);
#7759 = B_SPLINE_CURVE_WITH_KNOTS('',4,(#7760,#7761,#7762,#7763,#7764),
  .UNSPECIFIED.,.F.,.F.,(5,5),(0.,1.),.PIECEWISE_BEZIER_KNOTS.);
#7760 = CARTESIAN_POINT('',(12.645462468269,348.23936649295,33.2000006)
  );
#7761 = CARTESIAN_POINT('',(12.645462468269,348.23936649295,32.6000003)
  );
#7762 = CARTESIAN_POINT('',(12.645462468269,348.23936649295,32.));
#7763 = CARTESIAN_POINT('',(12.645462468269,348.23936649295,31.3999997)
  );
#7764 = CARTESIAN_POINT('',(12.645462468269,348.23936649295,30.7999994)
  );
#7765 = PCURVE('',#7533,#7766);
#7766 = DEFINITIONAL_REPRESENTATION('',(#7767),#7773);
#7767 = B_SPLINE_CURVE_WITH_KNOTS('',4,(#7768,#7769,#7770,#7771,#7772),
  .UNSPECIFIED.,.F.,.F.,(5,5),(0.,1.),.PIECEWISE_BEZIER_KNOTS.);
#7768 = CARTESIAN_POINT('',(5.591701796121,-2.4000006));
#7769 = CARTESIAN_POINT('',(5.591701796121,-1.8000003));
#7770 = CARTESIAN_POINT('',(5.591701796121,-1.2));
#7771 = CARTESIAN_POINT('',(5.591701796121,-0.5999997));
#7772 = CARTESIAN_POINT('',(5.591701796121,5.999999999062E-07));
#7773 = ( GEOMETRIC_REPRESENTATION_CONTEXT(2) 
PARAMETRIC_REPRESENTATION_CONTEXT() REPRESENTATION_CONTEXT('2D SPACE',''
  ) );
#7774 = PCURVE('',#7506,#7775);
#7775 = DEFINITIONAL_REPRESENTATION('',(#7776),#7782);
#7776 = B_SPLINE_CURVE_WITH_KNOTS('',4,(#7777,#7778,#7779,#7780,#7781),
  .UNSPECIFIED.,.F.,.F.,(5,5),(0.,1.),.PIECEWISE_BEZIER_KNOTS.);
#7777 = CARTESIAN_POINT('',(-4.158035315084,-2.4000006));
#7778 = CARTESIAN_POINT('',(-4.158035315084,-1.8000003));
#7779 = CARTESIAN_POINT('',(-4.158035315084,-1.2));
#7780 = CARTESIAN_POINT('',(-4.158035315084,-0.5999997));
#7781 = CARTESIAN_POINT('',(-4.158035315084,5.999999999062E-07));
#7782 = ( GEOMETRIC_REPRESENTATION_CONTEXT(2) 
PARAMETRIC_REPRESENTATION_CONTEXT() REPRESENTATION_CONTEXT('2D SPACE',''
  ) );
#7783 = ORIENTED_EDGE('',*,*,#7518,.F.);
#7784 = ORIENTED_EDGE('',*,*,#7785,.F.);
#7785 = EDGE_CURVE('',#7552,#7479,#7786,.T.);
#7786 = SURFACE_CURVE('',#7787,(#7793,#7802),.PCURVE_S1.);
#7787 = B_SPLINE_CURVE_WITH_KNOTS('',4,(#7788,#7789,#7790,#7791,#7792),
  .UNSPECIFIED.,.F.,.F.,(5,5),(0.,1.),.PIECEWISE_BEZIER_KNOTS.);
#7788 = CARTESIAN_POINT('',(13.623652587841,352.20156018109,33.2000006)
  );
#7789 = CARTESIAN_POINT('',(13.623652587841,352.20156018109,32.6000003)
  );
#7790 = CARTESIAN_POINT('',(13.623652587841,352.20156018109,32.));
#7791 = CARTESIAN_POINT('',(13.623652587841,352.20156018109,31.3999997)
  );
#7792 = CARTESIAN_POINT('',(13.623652587841,352.20156018109,30.7999994)
  );
#7793 = PCURVE('',#7533,#7794);
#7794 = DEFINITIONAL_REPRESENTATION('',(#7795),#7801);
#7795 = B_SPLINE_CURVE_WITH_KNOTS('',4,(#7796,#7797,#7798,#7799,#7800),
  .UNSPECIFIED.,.F.,.F.,(5,5),(0.,1.),.PIECEWISE_BEZIER_KNOTS.);
#7796 = CARTESIAN_POINT('',(0.691483511059,-2.4000006));
#7797 = CARTESIAN_POINT('',(0.691483511059,-1.8000003));
#7798 = CARTESIAN_POINT('',(0.691483511059,-1.2));
#7799 = CARTESIAN_POINT('',(0.691483511059,-0.5999997));
#7800 = CARTESIAN_POINT('',(0.691483511059,5.999999999062E-07));
#7801 = ( GEOMETRIC_REPRESENTATION_CONTEXT(2) 
PARAMETRIC_REPRESENTATION_CONTEXT() REPRESENTATION_CONTEXT('2D SPACE',''
  ) );
#7802 = PCURVE('',#7506,#7803);
#7803 = DEFINITIONAL_REPRESENTATION('',(#7804),#7810);
#7804 = B_SPLINE_CURVE_WITH_KNOTS('',4,(#7805,#7806,#7807,#7808,#7809),
  .UNSPECIFIED.,.F.,.F.,(5,5),(0.,1.),.PIECEWISE_BEZIER_KNOTS.);
#7805 = CARTESIAN_POINT('',(-8.408335299275,-2.4000006));
#7806 = CARTESIAN_POINT('',(-8.408335299275,-1.8000003));
#7807 = CARTESIAN_POINT('',(-8.408335299275,-1.2));
#7808 = CARTESIAN_POINT('',(-8.408335299275,-0.5999997));
#7809 = CARTESIAN_POINT('',(-8.408335299275,5.999999999062E-07));
#7810 = ( GEOMETRIC_REPRESENTATION_CONTEXT(2) 
PARAMETRIC_REPRESENTATION_CONTEXT() REPRESENTATION_CONTEXT('2D SPACE',''
  ) );
#7811 = ADVANCED_FACE('',(#7812),#7670,.T.);
#7812 = FACE_BOUND('',#7813,.T.);
#7813 = EDGE_LOOP('',(#7814));
#7814 = ORIENTED_EDGE('',*,*,#7655,.T.);
#7815 = ADVANCED_FACE('',(#7816),#7603,.T.);
#7816 = FACE_BOUND('',#7817,.T.);
#7817 = EDGE_LOOP('',(#7818,#7819,#7845));
#7818 = ORIENTED_EDGE('',*,*,#7683,.T.);
#7819 = ORIENTED_EDGE('',*,*,#7820,.F.);
#7820 = EDGE_CURVE('',#7552,#7684,#7821,.T.);
#7821 = SURFACE_CURVE('',#7822,(#7827,#7838),.PCURVE_S1.);
#7822 = CIRCLE('',#7823,2.4);
#7823 = AXIS2_PLACEMENT_3D('',#7824,#7825,#7826);
#7824 = CARTESIAN_POINT('',(14.361077332942,349.91765896928,33.2));
#7825 = DIRECTION('',(0.,0.,-1.));
#7826 = DIRECTION('',(-0.307260310459,0.951625504921,0.));
#7827 = PCURVE('',#7603,#7828);
#7828 = DEFINITIONAL_REPRESENTATION('',(#7829),#7837);
#7829 = ( BOUNDED_CURVE() B_SPLINE_CURVE(2,(#7830,#7831,#7832,#7833,
#7834,#7835,#7836),.UNSPECIFIED.,.T.,.F.) B_SPLINE_CURVE_WITH_KNOTS((1,2
    ,2,2,2,1),(-2.094395102393,0.,2.094395102393,4.188790204786,
6.28318530718,8.377580409573),.UNSPECIFIED.) CURVE() 
GEOMETRIC_REPRESENTATION_ITEM() RATIONAL_B_SPLINE_CURVE((1.,0.5,1.,0.5,
1.,0.5,1.)) REPRESENTATION_ITEM('') );
#7830 = CARTESIAN_POINT('',(-1.263345288075,2.040578026712));
#7831 = CARTESIAN_POINT('',(2.271039530998,4.228756253161));
#7832 = CARTESIAN_POINT('',(2.398865053574,7.380009986873E-02));
#7833 = CARTESIAN_POINT('',(2.52669057615,-4.081156053423));
#7834 = CARTESIAN_POINT('',(-1.135519765499,-2.11437812658));
#7835 = CARTESIAN_POINT('',(-4.797730107148,-0.147600199737));
#7836 = CARTESIAN_POINT('',(-1.263345288075,2.040578026712));
#7837 = ( GEOMETRIC_REPRESENTATION_CONTEXT(2) 
PARAMETRIC_REPRESENTATION_CONTEXT() REPRESENTATION_CONTEXT('2D SPACE',''
  ) );
#7838 = PCURVE('',#7506,#7839);
#7839 = DEFINITIONAL_REPRESENTATION('',(#7840),#7844);
#7840 = LINE('',#7841,#7842);
#7841 = CARTESIAN_POINT('',(-8.408335299275,-2.4));
#7842 = VECTOR('',#7843,1.);
#7843 = DIRECTION('',(1.,-0.));
#7844 = ( GEOMETRIC_REPRESENTATION_CONTEXT(2) 
PARAMETRIC_REPRESENTATION_CONTEXT() REPRESENTATION_CONTEXT('2D SPACE',''
  ) );
#7845 = ORIENTED_EDGE('',*,*,#7551,.T.);
#7846 = ADVANCED_FACE('',(#7847),#7506,.T.);
#7847 = FACE_BOUND('',#7848,.F.);
#7848 = EDGE_LOOP('',(#7849,#7850,#7851,#7852));
#7849 = ORIENTED_EDGE('',*,*,#7478,.T.);
#7850 = ORIENTED_EDGE('',*,*,#7757,.F.);
#7851 = ORIENTED_EDGE('',*,*,#7820,.F.);
#7852 = ORIENTED_EDGE('',*,*,#7785,.T.);
#7853 = ( GEOMETRIC_REPRESENTATION_CONTEXT(3) 
GLOBAL_UNCERTAINTY_ASSIGNED_CONTEXT((#7857)) 
GLOBAL_UNIT_ASSIGNED_CONTEXT((#7854,#7855,#7856)) REPRESENTATION_CONTEXT
('Context #1','3D Context with UNIT and UNCERTAINTY') );
#7854 = ( LENGTH_UNIT() NAMED_UNIT(*) SI_UNIT(.MILLI.,.METRE.) );
#7855 = ( NAMED_UNIT(*) PLANE_ANGLE_UNIT() SI_UNIT($,.RADIAN.) );
#7856 = ( NAMED_UNIT(*) SI_UNIT($,.STERADIAN.) SOLID_ANGLE_UNIT() );
#7857 = UNCERTAINTY_MEASURE_WITH_UNIT(LENGTH_MEASURE(2.E-06),#7854,
  'distance_accuracy_value','confusion accuracy');
#7858 = CONTEXT_DEPENDENT_SHAPE_REPRESENTATION(#7859,#7861);
#7859 = ( REPRESENTATION_RELATIONSHIP('','',#3280,#10) 
REPRESENTATION_RELATIONSHIP_WITH_TRANSFORMATION(#7860) 
SHAPE_REPRESENTATION_RELATIONSHIP() );
#7860 = ITEM_DEFINED_TRANSFORMATION('','',#11,#23);
#7861 = PRODUCT_DEFINITION_SHAPE('Placement','Placement of an item',
  #7862);
#7862 = NEXT_ASSEMBLY_USAGE_OCCURRENCE('25','flies','',#5,#3275,$);
#7863 = PRODUCT_RELATED_PRODUCT_CATEGORY('part',$,(#3277));
#7864 = SHAPE_DEFINITION_REPRESENTATION(#7865,#7871);
#7865 = PRODUCT_DEFINITION_SHAPE('','',#7866);
#7866 = PRODUCT_DEFINITION('design','',#7867,#7870);
#7867 = PRODUCT_DEFINITION_FORMATION('','',#7868);
#7868 = PRODUCT('slats','slats','',(#7869));
#7869 = PRODUCT_CONTEXT('',#2,'mechanical');
#7870 = PRODUCT_DEFINITION_CONTEXT('part definition',#2,'design');
#7871 = SHAPE_REPRESENTATION('',(#11,#7872,#8202,#8532,#8862,#9192,#9522
    ,#9852,#10182,#10512,#10842,#11172,#11502,#11832,#12162,#12492,
    #12822,#13152),#13482);
#7872 = MANIFOLD_SOLID_BREP('',#7873);
#7873 = CLOSED_SHELL('',(#7874,#7994,#8094,#8141,#8188,#8195));
#7874 = ADVANCED_FACE('',(#7875),#7889,.F.);
#7875 = FACE_BOUND('',#7876,.F.);
#7876 = EDGE_LOOP('',(#7877,#7912,#7940,#7968));
#7877 = ORIENTED_EDGE('',*,*,#7878,.F.);
#7878 = EDGE_CURVE('',#7879,#7881,#7883,.T.);
#7879 = VERTEX_POINT('',#7880);
#7880 = CARTESIAN_POINT('',(-136.,157.41387626418,39.522989290108));
#7881 = VERTEX_POINT('',#7882);
#7882 = CARTESIAN_POINT('',(-136.,177.55080830504,71.748816944052));
#7883 = SURFACE_CURVE('',#7884,(#7888,#7900),.PCURVE_S1.);
#7884 = LINE('',#7885,#7886);
#7885 = CARTESIAN_POINT('',(-136.,157.41387626418,39.522989290108));
#7886 = VECTOR('',#7887,1.);
#7887 = DIRECTION('',(0.,0.529919264233,0.848048096156));
#7888 = PCURVE('',#7889,#7894);
#7889 = PLANE('',#7890);
#7890 = AXIS2_PLACEMENT_3D('',#7891,#7892,#7893);
#7891 = CARTESIAN_POINT('',(-136.,157.41387626418,39.522989290108));
#7892 = DIRECTION('',(1.,0.,0.));
#7893 = DIRECTION('',(0.,0.529919264233,0.848048096156));
#7894 = DEFINITIONAL_REPRESENTATION('',(#7895),#7899);
#7895 = LINE('',#7896,#7897);
#7896 = CARTESIAN_POINT('',(0.,0.));
#7897 = VECTOR('',#7898,1.);
#7898 = DIRECTION('',(1.,0.));
#7899 = ( GEOMETRIC_REPRESENTATION_CONTEXT(2) 
PARAMETRIC_REPRESENTATION_CONTEXT() REPRESENTATION_CONTEXT('2D SPACE',''
  ) );
#7900 = PCURVE('',#7901,#7906);
#7901 = PLANE('',#7902);
#7902 = AXIS2_PLACEMENT_3D('',#7903,#7904,#7905);
#7903 = CARTESIAN_POINT('',(-136.,157.41387626418,39.522989290108));
#7904 = DIRECTION('',(0.,0.848048096156,-0.529919264233));
#7905 = DIRECTION('',(0.,0.529919264233,0.848048096156));
#7906 = DEFINITIONAL_REPRESENTATION('',(#7907),#7911);
#7907 = LINE('',#7908,#7909);
#7908 = CARTESIAN_POINT('',(0.,0.));
#7909 = VECTOR('',#7910,1.);
#7910 = DIRECTION('',(1.,0.));
#7911 = ( GEOMETRIC_REPRESENTATION_CONTEXT(2) 
PARAMETRIC_REPRESENTATION_CONTEXT() REPRESENTATION_CONTEXT('2D SPACE',''
  ) );
#7912 = ORIENTED_EDGE('',*,*,#7913,.T.);
#7913 = EDGE_CURVE('',#7879,#7914,#7916,.T.);
#7914 = VERTEX_POINT('',#7915);
#7915 = CARTESIAN_POINT('',(-136.,159.44919169495,38.251183055948));
#7916 = SURFACE_CURVE('',#7917,(#7921,#7928),.PCURVE_S1.);
#7917 = LINE('',#7918,#7919);
#7918 = CARTESIAN_POINT('',(-136.,157.41387626418,39.522989290108));
#7919 = VECTOR('',#7920,1.);
#7920 = DIRECTION('',(0.,0.848048096156,-0.529919264233));
#7921 = PCURVE('',#7889,#7922);
#7922 = DEFINITIONAL_REPRESENTATION('',(#7923),#7927);
#7923 = LINE('',#7924,#7925);
#7924 = CARTESIAN_POINT('',(0.,0.));
#7925 = VECTOR('',#7926,1.);
#7926 = DIRECTION('',(0.,-1.));
#7927 = ( GEOMETRIC_REPRESENTATION_CONTEXT(2) 
PARAMETRIC_REPRESENTATION_CONTEXT() REPRESENTATION_CONTEXT('2D SPACE',''
  ) );
#7928 = PCURVE('',#7929,#7934);
#7929 = PLANE('',#7930);
#7930 = AXIS2_PLACEMENT_3D('',#7931,#7932,#7933);
#7931 = CARTESIAN_POINT('',(-136.,157.41387626418,39.522989290108));
#7932 = DIRECTION('',(0.,0.529919264233,0.848048096156));
#7933 = DIRECTION('',(1.,0.,0.));
#7934 = DEFINITIONAL_REPRESENTATION('',(#7935),#7939);
#7935 = LINE('',#7936,#7937);
#7936 = CARTESIAN_POINT('',(0.,0.));
#7937 = VECTOR('',#7938,1.);
#7938 = DIRECTION('',(0.,1.));
#7939 = ( GEOMETRIC_REPRESENTATION_CONTEXT(2) 
PARAMETRIC_REPRESENTATION_CONTEXT() REPRESENTATION_CONTEXT('2D SPACE',''
  ) );
#7940 = ORIENTED_EDGE('',*,*,#7941,.T.);
#7941 = EDGE_CURVE('',#7914,#7942,#7944,.T.);
#7942 = VERTEX_POINT('',#7943);
#7943 = CARTESIAN_POINT('',(-136.,179.58612373581,70.477010709892));
#7944 = SURFACE_CURVE('',#7945,(#7949,#7956),.PCURVE_S1.);
#7945 = LINE('',#7946,#7947);
#7946 = CARTESIAN_POINT('',(-136.,159.44919169495,38.251183055948));
#7947 = VECTOR('',#7948,1.);
#7948 = DIRECTION('',(0.,0.529919264233,0.848048096156));
#7949 = PCURVE('',#7889,#7950);
#7950 = DEFINITIONAL_REPRESENTATION('',(#7951),#7955);
#7951 = LINE('',#7952,#7953);
#7952 = CARTESIAN_POINT('',(3.330669073875E-15,-2.4));
#7953 = VECTOR('',#7954,1.);
#7954 = DIRECTION('',(1.,0.));
#7955 = ( GEOMETRIC_REPRESENTATION_CONTEXT(2) 
PARAMETRIC_REPRESENTATION_CONTEXT() REPRESENTATION_CONTEXT('2D SPACE',''
  ) );
#7956 = PCURVE('',#7957,#7962);
#7957 = PLANE('',#7958);
#7958 = AXIS2_PLACEMENT_3D('',#7959,#7960,#7961);
#7959 = CARTESIAN_POINT('',(-136.,159.44919169495,38.251183055948));
#7960 = DIRECTION('',(0.,0.848048096156,-0.529919264233));
#7961 = DIRECTION('',(0.,0.529919264233,0.848048096156));
#7962 = DEFINITIONAL_REPRESENTATION('',(#7963),#7967);
#7963 = LINE('',#7964,#7965);
#7964 = CARTESIAN_POINT('',(0.,0.));
#7965 = VECTOR('',#7966,1.);
#7966 = DIRECTION('',(1.,0.));
#7967 = ( GEOMETRIC_REPRESENTATION_CONTEXT(2) 
PARAMETRIC_REPRESENTATION_CONTEXT() REPRESENTATION_CONTEXT('2D SPACE',''
  ) );
#7968 = ORIENTED_EDGE('',*,*,#7969,.F.);
#7969 = EDGE_CURVE('',#7881,#7942,#7970,.T.);
#7970 = SURFACE_CURVE('',#7971,(#7975,#7982),.PCURVE_S1.);
#7971 = LINE('',#7972,#7973);
#7972 = CARTESIAN_POINT('',(-136.,177.55080830504,71.748816944052));
#7973 = VECTOR('',#7974,1.);
#7974 = DIRECTION('',(0.,0.848048096156,-0.529919264233));
#7975 = PCURVE('',#7889,#7976);
#7976 = DEFINITIONAL_REPRESENTATION('',(#7977),#7981);
#7977 = LINE('',#7978,#7979);
#7978 = CARTESIAN_POINT('',(38.,3.552713678801E-15));
#7979 = VECTOR('',#7980,1.);
#7980 = DIRECTION('',(0.,-1.));
#7981 = ( GEOMETRIC_REPRESENTATION_CONTEXT(2) 
PARAMETRIC_REPRESENTATION_CONTEXT() REPRESENTATION_CONTEXT('2D SPACE',''
  ) );
#7982 = PCURVE('',#7983,#7988);
#7983 = PLANE('',#7984);
#7984 = AXIS2_PLACEMENT_3D('',#7985,#7986,#7987);
#7985 = CARTESIAN_POINT('',(-136.,177.55080830504,71.748816944052));
#7986 = DIRECTION('',(0.,0.529919264233,0.848048096156));
#7987 = DIRECTION('',(1.,0.,0.));
#7988 = DEFINITIONAL_REPRESENTATION('',(#7989),#7993);
#7989 = LINE('',#7990,#7991);
#7990 = CARTESIAN_POINT('',(0.,0.));
#7991 = VECTOR('',#7992,1.);
#7992 = DIRECTION('',(0.,1.));
#7993 = ( GEOMETRIC_REPRESENTATION_CONTEXT(2) 
PARAMETRIC_REPRESENTATION_CONTEXT() REPRESENTATION_CONTEXT('2D SPACE',''
  ) );
#7994 = ADVANCED_FACE('',(#7995),#8009,.T.);
#7995 = FACE_BOUND('',#7996,.T.);
#7996 = EDGE_LOOP('',(#7997,#8027,#8050,#8073));
#7997 = ORIENTED_EDGE('',*,*,#7998,.F.);
#7998 = EDGE_CURVE('',#7999,#8001,#8003,.T.);
#7999 = VERTEX_POINT('',#8000);
#8000 = CARTESIAN_POINT('',(136.,157.41387626418,39.522989290108));
#8001 = VERTEX_POINT('',#8002);
#8002 = CARTESIAN_POINT('',(136.,177.55080830504,71.748816944052));
#8003 = SURFACE_CURVE('',#8004,(#8008,#8020),.PCURVE_S1.);
#8004 = LINE('',#8005,#8006);
#8005 = CARTESIAN_POINT('',(136.,157.41387626418,39.522989290108));
#8006 = VECTOR('',#8007,1.);
#8007 = DIRECTION('',(0.,0.529919264233,0.848048096156));
#8008 = PCURVE('',#8009,#8014);
#8009 = PLANE('',#8010);
#8010 = AXIS2_PLACEMENT_3D('',#8011,#8012,#8013);
#8011 = CARTESIAN_POINT('',(136.,157.41387626418,39.522989290108));
#8012 = DIRECTION('',(1.,0.,0.));
#8013 = DIRECTION('',(0.,0.529919264233,0.848048096156));
#8014 = DEFINITIONAL_REPRESENTATION('',(#8015),#8019);
#8015 = LINE('',#8016,#8017);
#8016 = CARTESIAN_POINT('',(0.,0.));
#8017 = VECTOR('',#8018,1.);
#8018 = DIRECTION('',(1.,0.));
#8019 = ( GEOMETRIC_REPRESENTATION_CONTEXT(2) 
PARAMETRIC_REPRESENTATION_CONTEXT() REPRESENTATION_CONTEXT('2D SPACE',''
  ) );
#8020 = PCURVE('',#7901,#8021);
#8021 = DEFINITIONAL_REPRESENTATION('',(#8022),#8026);
#8022 = LINE('',#8023,#8024);
#8023 = CARTESIAN_POINT('',(0.,272.));
#8024 = VECTOR('',#8025,1.);
#8025 = DIRECTION('',(1.,0.));
#8026 = ( GEOMETRIC_REPRESENTATION_CONTEXT(2) 
PARAMETRIC_REPRESENTATION_CONTEXT() REPRESENTATION_CONTEXT('2D SPACE',''
  ) );
#8027 = ORIENTED_EDGE('',*,*,#8028,.T.);
#8028 = EDGE_CURVE('',#7999,#8029,#8031,.T.);
#8029 = VERTEX_POINT('',#8030);
#8030 = CARTESIAN_POINT('',(136.,159.44919169495,38.251183055948));
#8031 = SURFACE_CURVE('',#8032,(#8036,#8043),.PCURVE_S1.);
#8032 = LINE('',#8033,#8034);
#8033 = CARTESIAN_POINT('',(136.,157.41387626418,39.522989290108));
#8034 = VECTOR('',#8035,1.);
#8035 = DIRECTION('',(0.,0.848048096156,-0.529919264233));
#8036 = PCURVE('',#8009,#8037);
#8037 = DEFINITIONAL_REPRESENTATION('',(#8038),#8042);
#8038 = LINE('',#8039,#8040);
#8039 = CARTESIAN_POINT('',(0.,0.));
#8040 = VECTOR('',#8041,1.);
#8041 = DIRECTION('',(0.,-1.));
#8042 = ( GEOMETRIC_REPRESENTATION_CONTEXT(2) 
PARAMETRIC_REPRESENTATION_CONTEXT() REPRESENTATION_CONTEXT('2D SPACE',''
  ) );
#8043 = PCURVE('',#7929,#8044);
#8044 = DEFINITIONAL_REPRESENTATION('',(#8045),#8049);
#8045 = LINE('',#8046,#8047);
#8046 = CARTESIAN_POINT('',(272.,0.));
#8047 = VECTOR('',#8048,1.);
#8048 = DIRECTION('',(0.,1.));
#8049 = ( GEOMETRIC_REPRESENTATION_CONTEXT(2) 
PARAMETRIC_REPRESENTATION_CONTEXT() REPRESENTATION_CONTEXT('2D SPACE',''
  ) );
#8050 = ORIENTED_EDGE('',*,*,#8051,.T.);
#8051 = EDGE_CURVE('',#8029,#8052,#8054,.T.);
#8052 = VERTEX_POINT('',#8053);
#8053 = CARTESIAN_POINT('',(136.,179.58612373581,70.477010709892));
#8054 = SURFACE_CURVE('',#8055,(#8059,#8066),.PCURVE_S1.);
#8055 = LINE('',#8056,#8057);
#8056 = CARTESIAN_POINT('',(136.,159.44919169495,38.251183055948));
#8057 = VECTOR('',#8058,1.);
#8058 = DIRECTION('',(0.,0.529919264233,0.848048096156));
#8059 = PCURVE('',#8009,#8060);
#8060 = DEFINITIONAL_REPRESENTATION('',(#8061),#8065);
#8061 = LINE('',#8062,#8063);
#8062 = CARTESIAN_POINT('',(3.330669073875E-15,-2.4));
#8063 = VECTOR('',#8064,1.);
#8064 = DIRECTION('',(1.,0.));
#8065 = ( GEOMETRIC_REPRESENTATION_CONTEXT(2) 
PARAMETRIC_REPRESENTATION_CONTEXT() REPRESENTATION_CONTEXT('2D SPACE',''
  ) );
#8066 = PCURVE('',#7957,#8067);
#8067 = DEFINITIONAL_REPRESENTATION('',(#8068),#8072);
#8068 = LINE('',#8069,#8070);
#8069 = CARTESIAN_POINT('',(0.,272.));
#8070 = VECTOR('',#8071,1.);
#8071 = DIRECTION('',(1.,0.));
#8072 = ( GEOMETRIC_REPRESENTATION_CONTEXT(2) 
PARAMETRIC_REPRESENTATION_CONTEXT() REPRESENTATION_CONTEXT('2D SPACE',''
  ) );
#8073 = ORIENTED_EDGE('',*,*,#8074,.F.);
#8074 = EDGE_CURVE('',#8001,#8052,#8075,.T.);
#8075 = SURFACE_CURVE('',#8076,(#8080,#8087),.PCURVE_S1.);
#8076 = LINE('',#8077,#8078);
#8077 = CARTESIAN_POINT('',(136.,177.55080830504,71.748816944052));
#8078 = VECTOR('',#8079,1.);
#8079 = DIRECTION('',(0.,0.848048096156,-0.529919264233));
#8080 = PCURVE('',#8009,#8081);
#8081 = DEFINITIONAL_REPRESENTATION('',(#8082),#8086);
#8082 = LINE('',#8083,#8084);
#8083 = CARTESIAN_POINT('',(38.,3.552713678801E-15));
#8084 = VECTOR('',#8085,1.);
#8085 = DIRECTION('',(0.,-1.));
#8086 = ( GEOMETRIC_REPRESENTATION_CONTEXT(2) 
PARAMETRIC_REPRESENTATION_CONTEXT() REPRESENTATION_CONTEXT('2D SPACE',''
  ) );
#8087 = PCURVE('',#7983,#8088);
#8088 = DEFINITIONAL_REPRESENTATION('',(#8089),#8093);
#8089 = LINE('',#8090,#8091);
#8090 = CARTESIAN_POINT('',(272.,0.));
#8091 = VECTOR('',#8092,1.);
#8092 = DIRECTION('',(0.,1.));
#8093 = ( GEOMETRIC_REPRESENTATION_CONTEXT(2) 
PARAMETRIC_REPRESENTATION_CONTEXT() REPRESENTATION_CONTEXT('2D SPACE',''
  ) );
#8094 = ADVANCED_FACE('',(#8095),#7901,.F.);
#8095 = FACE_BOUND('',#8096,.F.);
#8096 = EDGE_LOOP('',(#8097,#8118,#8119,#8140));
#8097 = ORIENTED_EDGE('',*,*,#8098,.F.);
#8098 = EDGE_CURVE('',#7879,#7999,#8099,.T.);
#8099 = SURFACE_CURVE('',#8100,(#8104,#8111),.PCURVE_S1.);
#8100 = LINE('',#8101,#8102);
#8101 = CARTESIAN_POINT('',(-136.,157.41387626418,39.522989290108));
#8102 = VECTOR('',#8103,1.);
#8103 = DIRECTION('',(1.,0.,0.));
#8104 = PCURVE('',#7901,#8105);
#8105 = DEFINITIONAL_REPRESENTATION('',(#8106),#8110);
#8106 = LINE('',#8107,#8108);
#8107 = CARTESIAN_POINT('',(0.,0.));
#8108 = VECTOR('',#8109,1.);
#8109 = DIRECTION('',(0.,1.));
#8110 = ( GEOMETRIC_REPRESENTATION_CONTEXT(2) 
PARAMETRIC_REPRESENTATION_CONTEXT() REPRESENTATION_CONTEXT('2D SPACE',''
  ) );
#8111 = PCURVE('',#7929,#8112);
#8112 = DEFINITIONAL_REPRESENTATION('',(#8113),#8117);
#8113 = LINE('',#8114,#8115);
#8114 = CARTESIAN_POINT('',(0.,0.));
#8115 = VECTOR('',#8116,1.);
#8116 = DIRECTION('',(1.,0.));
#8117 = ( GEOMETRIC_REPRESENTATION_CONTEXT(2) 
PARAMETRIC_REPRESENTATION_CONTEXT() REPRESENTATION_CONTEXT('2D SPACE',''
  ) );
#8118 = ORIENTED_EDGE('',*,*,#7878,.T.);
#8119 = ORIENTED_EDGE('',*,*,#8120,.T.);
#8120 = EDGE_CURVE('',#7881,#8001,#8121,.T.);
#8121 = SURFACE_CURVE('',#8122,(#8126,#8133),.PCURVE_S1.);
#8122 = LINE('',#8123,#8124);
#8123 = CARTESIAN_POINT('',(-136.,177.55080830504,71.748816944052));
#8124 = VECTOR('',#8125,1.);
#8125 = DIRECTION('',(1.,0.,0.));
#8126 = PCURVE('',#7901,#8127);
#8127 = DEFINITIONAL_REPRESENTATION('',(#8128),#8132);
#8128 = LINE('',#8129,#8130);
#8129 = CARTESIAN_POINT('',(38.,0.));
#8130 = VECTOR('',#8131,1.);
#8131 = DIRECTION('',(0.,1.));
#8132 = ( GEOMETRIC_REPRESENTATION_CONTEXT(2) 
PARAMETRIC_REPRESENTATION_CONTEXT() REPRESENTATION_CONTEXT('2D SPACE',''
  ) );
#8133 = PCURVE('',#7983,#8134);
#8134 = DEFINITIONAL_REPRESENTATION('',(#8135),#8139);
#8135 = LINE('',#8136,#8137);
#8136 = CARTESIAN_POINT('',(0.,0.));
#8137 = VECTOR('',#8138,1.);
#8138 = DIRECTION('',(1.,0.));
#8139 = ( GEOMETRIC_REPRESENTATION_CONTEXT(2) 
PARAMETRIC_REPRESENTATION_CONTEXT() REPRESENTATION_CONTEXT('2D SPACE',''
  ) );
#8140 = ORIENTED_EDGE('',*,*,#7998,.F.);
#8141 = ADVANCED_FACE('',(#8142),#7957,.T.);
#8142 = FACE_BOUND('',#8143,.T.);
#8143 = EDGE_LOOP('',(#8144,#8165,#8166,#8187));
#8144 = ORIENTED_EDGE('',*,*,#8145,.F.);
#8145 = EDGE_CURVE('',#7914,#8029,#8146,.T.);
#8146 = SURFACE_CURVE('',#8147,(#8151,#8158),.PCURVE_S1.);
#8147 = LINE('',#8148,#8149);
#8148 = CARTESIAN_POINT('',(-136.,159.44919169495,38.251183055948));
#8149 = VECTOR('',#8150,1.);
#8150 = DIRECTION('',(1.,0.,0.));
#8151 = PCURVE('',#7957,#8152);
#8152 = DEFINITIONAL_REPRESENTATION('',(#8153),#8157);
#8153 = LINE('',#8154,#8155);
#8154 = CARTESIAN_POINT('',(0.,0.));
#8155 = VECTOR('',#8156,1.);
#8156 = DIRECTION('',(0.,1.));
#8157 = ( GEOMETRIC_REPRESENTATION_CONTEXT(2) 
PARAMETRIC_REPRESENTATION_CONTEXT() REPRESENTATION_CONTEXT('2D SPACE',''
  ) );
#8158 = PCURVE('',#7929,#8159);
#8159 = DEFINITIONAL_REPRESENTATION('',(#8160),#8164);
#8160 = LINE('',#8161,#8162);
#8161 = CARTESIAN_POINT('',(0.,2.4));
#8162 = VECTOR('',#8163,1.);
#8163 = DIRECTION('',(1.,0.));
#8164 = ( GEOMETRIC_REPRESENTATION_CONTEXT(2) 
PARAMETRIC_REPRESENTATION_CONTEXT() REPRESENTATION_CONTEXT('2D SPACE',''
  ) );
#8165 = ORIENTED_EDGE('',*,*,#7941,.T.);
#8166 = ORIENTED_EDGE('',*,*,#8167,.T.);
#8167 = EDGE_CURVE('',#7942,#8052,#8168,.T.);
#8168 = SURFACE_CURVE('',#8169,(#8173,#8180),.PCURVE_S1.);
#8169 = LINE('',#8170,#8171);
#8170 = CARTESIAN_POINT('',(-136.,179.58612373581,70.477010709892));
#8171 = VECTOR('',#8172,1.);
#8172 = DIRECTION('',(1.,0.,0.));
#8173 = PCURVE('',#7957,#8174);
#8174 = DEFINITIONAL_REPRESENTATION('',(#8175),#8179);
#8175 = LINE('',#8176,#8177);
#8176 = CARTESIAN_POINT('',(38.,0.));
#8177 = VECTOR('',#8178,1.);
#8178 = DIRECTION('',(0.,1.));
#8179 = ( GEOMETRIC_REPRESENTATION_CONTEXT(2) 
PARAMETRIC_REPRESENTATION_CONTEXT() REPRESENTATION_CONTEXT('2D SPACE',''
  ) );
#8180 = PCURVE('',#7983,#8181);
#8181 = DEFINITIONAL_REPRESENTATION('',(#8182),#8186);
#8182 = LINE('',#8183,#8184);
#8183 = CARTESIAN_POINT('',(0.,2.4));
#8184 = VECTOR('',#8185,1.);
#8185 = DIRECTION('',(1.,0.));
#8186 = ( GEOMETRIC_REPRESENTATION_CONTEXT(2) 
PARAMETRIC_REPRESENTATION_CONTEXT() REPRESENTATION_CONTEXT('2D SPACE',''
  ) );
#8187 = ORIENTED_EDGE('',*,*,#8051,.F.);
#8188 = ADVANCED_FACE('',(#8189),#7929,.F.);
#8189 = FACE_BOUND('',#8190,.F.);
#8190 = EDGE_LOOP('',(#8191,#8192,#8193,#8194));
#8191 = ORIENTED_EDGE('',*,*,#7913,.F.);
#8192 = ORIENTED_EDGE('',*,*,#8098,.T.);
#8193 = ORIENTED_EDGE('',*,*,#8028,.T.);
#8194 = ORIENTED_EDGE('',*,*,#8145,.F.);
#8195 = ADVANCED_FACE('',(#8196),#7983,.T.);
#8196 = FACE_BOUND('',#8197,.T.);
#8197 = EDGE_LOOP('',(#8198,#8199,#8200,#8201));
#8198 = ORIENTED_EDGE('',*,*,#7969,.F.);
#8199 = ORIENTED_EDGE('',*,*,#8120,.T.);
#8200 = ORIENTED_EDGE('',*,*,#8074,.T.);
#8201 = ORIENTED_EDGE('',*,*,#8167,.F.);
#8202 = MANIFOLD_SOLID_BREP('',#8203);
#8203 = CLOSED_SHELL('',(#8204,#8324,#8424,#8471,#8518,#8525));
#8204 = ADVANCED_FACE('',(#8205),#8219,.F.);
#8205 = FACE_BOUND('',#8206,.F.);
#8206 = EDGE_LOOP('',(#8207,#8242,#8270,#8298));
#8207 = ORIENTED_EDGE('',*,*,#8208,.F.);
#8208 = EDGE_CURVE('',#8209,#8211,#8213,.T.);
#8209 = VERTEX_POINT('',#8210);
#8210 = CARTESIAN_POINT('',(-136.,174.41387626418,39.522989290108));
#8211 = VERTEX_POINT('',#8212);
#8212 = CARTESIAN_POINT('',(-136.,194.55080830504,71.748816944052));
#8213 = SURFACE_CURVE('',#8214,(#8218,#8230),.PCURVE_S1.);
#8214 = LINE('',#8215,#8216);
#8215 = CARTESIAN_POINT('',(-136.,174.41387626418,39.522989290108));
#8216 = VECTOR('',#8217,1.);
#8217 = DIRECTION('',(0.,0.529919264233,0.848048096156));
#8218 = PCURVE('',#8219,#8224);
#8219 = PLANE('',#8220);
#8220 = AXIS2_PLACEMENT_3D('',#8221,#8222,#8223);
#8221 = CARTESIAN_POINT('',(-136.,174.41387626418,39.522989290108));
#8222 = DIRECTION('',(1.,0.,0.));
#8223 = DIRECTION('',(0.,0.529919264233,0.848048096156));
#8224 = DEFINITIONAL_REPRESENTATION('',(#8225),#8229);
#8225 = LINE('',#8226,#8227);
#8226 = CARTESIAN_POINT('',(0.,0.));
#8227 = VECTOR('',#8228,1.);
#8228 = DIRECTION('',(1.,0.));
#8229 = ( GEOMETRIC_REPRESENTATION_CONTEXT(2) 
PARAMETRIC_REPRESENTATION_CONTEXT() REPRESENTATION_CONTEXT('2D SPACE',''
  ) );
#8230 = PCURVE('',#8231,#8236);
#8231 = PLANE('',#8232);
#8232 = AXIS2_PLACEMENT_3D('',#8233,#8234,#8235);
#8233 = CARTESIAN_POINT('',(-136.,174.41387626418,39.522989290108));
#8234 = DIRECTION('',(0.,0.848048096156,-0.529919264233));
#8235 = DIRECTION('',(0.,0.529919264233,0.848048096156));
#8236 = DEFINITIONAL_REPRESENTATION('',(#8237),#8241);
#8237 = LINE('',#8238,#8239);
#8238 = CARTESIAN_POINT('',(0.,0.));
#8239 = VECTOR('',#8240,1.);
#8240 = DIRECTION('',(1.,0.));
#8241 = ( GEOMETRIC_REPRESENTATION_CONTEXT(2) 
PARAMETRIC_REPRESENTATION_CONTEXT() REPRESENTATION_CONTEXT('2D SPACE',''
  ) );
#8242 = ORIENTED_EDGE('',*,*,#8243,.T.);
#8243 = EDGE_CURVE('',#8209,#8244,#8246,.T.);
#8244 = VERTEX_POINT('',#8245);
#8245 = CARTESIAN_POINT('',(-136.,176.44919169495,38.251183055948));
#8246 = SURFACE_CURVE('',#8247,(#8251,#8258),.PCURVE_S1.);
#8247 = LINE('',#8248,#8249);
#8248 = CARTESIAN_POINT('',(-136.,174.41387626418,39.522989290108));
#8249 = VECTOR('',#8250,1.);
#8250 = DIRECTION('',(0.,0.848048096156,-0.529919264233));
#8251 = PCURVE('',#8219,#8252);
#8252 = DEFINITIONAL_REPRESENTATION('',(#8253),#8257);
#8253 = LINE('',#8254,#8255);
#8254 = CARTESIAN_POINT('',(0.,0.));
#8255 = VECTOR('',#8256,1.);
#8256 = DIRECTION('',(0.,-1.));
#8257 = ( GEOMETRIC_REPRESENTATION_CONTEXT(2) 
PARAMETRIC_REPRESENTATION_CONTEXT() REPRESENTATION_CONTEXT('2D SPACE',''
  ) );
#8258 = PCURVE('',#8259,#8264);
#8259 = PLANE('',#8260);
#8260 = AXIS2_PLACEMENT_3D('',#8261,#8262,#8263);
#8261 = CARTESIAN_POINT('',(-136.,174.41387626418,39.522989290108));
#8262 = DIRECTION('',(0.,0.529919264233,0.848048096156));
#8263 = DIRECTION('',(1.,0.,0.));
#8264 = DEFINITIONAL_REPRESENTATION('',(#8265),#8269);
#8265 = LINE('',#8266,#8267);
#8266 = CARTESIAN_POINT('',(0.,0.));
#8267 = VECTOR('',#8268,1.);
#8268 = DIRECTION('',(0.,1.));
#8269 = ( GEOMETRIC_REPRESENTATION_CONTEXT(2) 
PARAMETRIC_REPRESENTATION_CONTEXT() REPRESENTATION_CONTEXT('2D SPACE',''
  ) );
#8270 = ORIENTED_EDGE('',*,*,#8271,.T.);
#8271 = EDGE_CURVE('',#8244,#8272,#8274,.T.);
#8272 = VERTEX_POINT('',#8273);
#8273 = CARTESIAN_POINT('',(-136.,196.58612373581,70.477010709892));
#8274 = SURFACE_CURVE('',#8275,(#8279,#8286),.PCURVE_S1.);
#8275 = LINE('',#8276,#8277);
#8276 = CARTESIAN_POINT('',(-136.,176.44919169495,38.251183055948));
#8277 = VECTOR('',#8278,1.);
#8278 = DIRECTION('',(0.,0.529919264233,0.848048096156));
#8279 = PCURVE('',#8219,#8280);
#8280 = DEFINITIONAL_REPRESENTATION('',(#8281),#8285);
#8281 = LINE('',#8282,#8283);
#8282 = CARTESIAN_POINT('',(3.330669073875E-15,-2.4));
#8283 = VECTOR('',#8284,1.);
#8284 = DIRECTION('',(1.,0.));
#8285 = ( GEOMETRIC_REPRESENTATION_CONTEXT(2) 
PARAMETRIC_REPRESENTATION_CONTEXT() REPRESENTATION_CONTEXT('2D SPACE',''
  ) );
#8286 = PCURVE('',#8287,#8292);
#8287 = PLANE('',#8288);
#8288 = AXIS2_PLACEMENT_3D('',#8289,#8290,#8291);
#8289 = CARTESIAN_POINT('',(-136.,176.44919169495,38.251183055948));
#8290 = DIRECTION('',(0.,0.848048096156,-0.529919264233));
#8291 = DIRECTION('',(0.,0.529919264233,0.848048096156));
#8292 = DEFINITIONAL_REPRESENTATION('',(#8293),#8297);
#8293 = LINE('',#8294,#8295);
#8294 = CARTESIAN_POINT('',(0.,0.));
#8295 = VECTOR('',#8296,1.);
#8296 = DIRECTION('',(1.,0.));
#8297 = ( GEOMETRIC_REPRESENTATION_CONTEXT(2) 
PARAMETRIC_REPRESENTATION_CONTEXT() REPRESENTATION_CONTEXT('2D SPACE',''
  ) );
#8298 = ORIENTED_EDGE('',*,*,#8299,.F.);
#8299 = EDGE_CURVE('',#8211,#8272,#8300,.T.);
#8300 = SURFACE_CURVE('',#8301,(#8305,#8312),.PCURVE_S1.);
#8301 = LINE('',#8302,#8303);
#8302 = CARTESIAN_POINT('',(-136.,194.55080830504,71.748816944052));
#8303 = VECTOR('',#8304,1.);
#8304 = DIRECTION('',(0.,0.848048096156,-0.529919264233));
#8305 = PCURVE('',#8219,#8306);
#8306 = DEFINITIONAL_REPRESENTATION('',(#8307),#8311);
#8307 = LINE('',#8308,#8309);
#8308 = CARTESIAN_POINT('',(38.,3.552713678801E-15));
#8309 = VECTOR('',#8310,1.);
#8310 = DIRECTION('',(0.,-1.));
#8311 = ( GEOMETRIC_REPRESENTATION_CONTEXT(2) 
PARAMETRIC_REPRESENTATION_CONTEXT() REPRESENTATION_CONTEXT('2D SPACE',''
  ) );
#8312 = PCURVE('',#8313,#8318);
#8313 = PLANE('',#8314);
#8314 = AXIS2_PLACEMENT_3D('',#8315,#8316,#8317);
#8315 = CARTESIAN_POINT('',(-136.,194.55080830504,71.748816944052));
#8316 = DIRECTION('',(0.,0.529919264233,0.848048096156));
#8317 = DIRECTION('',(1.,0.,0.));
#8318 = DEFINITIONAL_REPRESENTATION('',(#8319),#8323);
#8319 = LINE('',#8320,#8321);
#8320 = CARTESIAN_POINT('',(0.,0.));
#8321 = VECTOR('',#8322,1.);
#8322 = DIRECTION('',(0.,1.));
#8323 = ( GEOMETRIC_REPRESENTATION_CONTEXT(2) 
PARAMETRIC_REPRESENTATION_CONTEXT() REPRESENTATION_CONTEXT('2D SPACE',''
  ) );
#8324 = ADVANCED_FACE('',(#8325),#8339,.T.);
#8325 = FACE_BOUND('',#8326,.T.);
#8326 = EDGE_LOOP('',(#8327,#8357,#8380,#8403));
#8327 = ORIENTED_EDGE('',*,*,#8328,.F.);
#8328 = EDGE_CURVE('',#8329,#8331,#8333,.T.);
#8329 = VERTEX_POINT('',#8330);
#8330 = CARTESIAN_POINT('',(136.,174.41387626418,39.522989290108));
#8331 = VERTEX_POINT('',#8332);
#8332 = CARTESIAN_POINT('',(136.,194.55080830504,71.748816944052));
#8333 = SURFACE_CURVE('',#8334,(#8338,#8350),.PCURVE_S1.);
#8334 = LINE('',#8335,#8336);
#8335 = CARTESIAN_POINT('',(136.,174.41387626418,39.522989290108));
#8336 = VECTOR('',#8337,1.);
#8337 = DIRECTION('',(0.,0.529919264233,0.848048096156));
#8338 = PCURVE('',#8339,#8344);
#8339 = PLANE('',#8340);
#8340 = AXIS2_PLACEMENT_3D('',#8341,#8342,#8343);
#8341 = CARTESIAN_POINT('',(136.,174.41387626418,39.522989290108));
#8342 = DIRECTION('',(1.,0.,0.));
#8343 = DIRECTION('',(0.,0.529919264233,0.848048096156));
#8344 = DEFINITIONAL_REPRESENTATION('',(#8345),#8349);
#8345 = LINE('',#8346,#8347);
#8346 = CARTESIAN_POINT('',(0.,0.));
#8347 = VECTOR('',#8348,1.);
#8348 = DIRECTION('',(1.,0.));
#8349 = ( GEOMETRIC_REPRESENTATION_CONTEXT(2) 
PARAMETRIC_REPRESENTATION_CONTEXT() REPRESENTATION_CONTEXT('2D SPACE',''
  ) );
#8350 = PCURVE('',#8231,#8351);
#8351 = DEFINITIONAL_REPRESENTATION('',(#8352),#8356);
#8352 = LINE('',#8353,#8354);
#8353 = CARTESIAN_POINT('',(0.,272.));
#8354 = VECTOR('',#8355,1.);
#8355 = DIRECTION('',(1.,0.));
#8356 = ( GEOMETRIC_REPRESENTATION_CONTEXT(2) 
PARAMETRIC_REPRESENTATION_CONTEXT() REPRESENTATION_CONTEXT('2D SPACE',''
  ) );
#8357 = ORIENTED_EDGE('',*,*,#8358,.T.);
#8358 = EDGE_CURVE('',#8329,#8359,#8361,.T.);
#8359 = VERTEX_POINT('',#8360);
#8360 = CARTESIAN_POINT('',(136.,176.44919169495,38.251183055948));
#8361 = SURFACE_CURVE('',#8362,(#8366,#8373),.PCURVE_S1.);
#8362 = LINE('',#8363,#8364);
#8363 = CARTESIAN_POINT('',(136.,174.41387626418,39.522989290108));
#8364 = VECTOR('',#8365,1.);
#8365 = DIRECTION('',(0.,0.848048096156,-0.529919264233));
#8366 = PCURVE('',#8339,#8367);
#8367 = DEFINITIONAL_REPRESENTATION('',(#8368),#8372);
#8368 = LINE('',#8369,#8370);
#8369 = CARTESIAN_POINT('',(0.,0.));
#8370 = VECTOR('',#8371,1.);
#8371 = DIRECTION('',(0.,-1.));
#8372 = ( GEOMETRIC_REPRESENTATION_CONTEXT(2) 
PARAMETRIC_REPRESENTATION_CONTEXT() REPRESENTATION_CONTEXT('2D SPACE',''
  ) );
#8373 = PCURVE('',#8259,#8374);
#8374 = DEFINITIONAL_REPRESENTATION('',(#8375),#8379);
#8375 = LINE('',#8376,#8377);
#8376 = CARTESIAN_POINT('',(272.,0.));
#8377 = VECTOR('',#8378,1.);
#8378 = DIRECTION('',(0.,1.));
#8379 = ( GEOMETRIC_REPRESENTATION_CONTEXT(2) 
PARAMETRIC_REPRESENTATION_CONTEXT() REPRESENTATION_CONTEXT('2D SPACE',''
  ) );
#8380 = ORIENTED_EDGE('',*,*,#8381,.T.);
#8381 = EDGE_CURVE('',#8359,#8382,#8384,.T.);
#8382 = VERTEX_POINT('',#8383);
#8383 = CARTESIAN_POINT('',(136.,196.58612373581,70.477010709892));
#8384 = SURFACE_CURVE('',#8385,(#8389,#8396),.PCURVE_S1.);
#8385 = LINE('',#8386,#8387);
#8386 = CARTESIAN_POINT('',(136.,176.44919169495,38.251183055948));
#8387 = VECTOR('',#8388,1.);
#8388 = DIRECTION('',(0.,0.529919264233,0.848048096156));
#8389 = PCURVE('',#8339,#8390);
#8390 = DEFINITIONAL_REPRESENTATION('',(#8391),#8395);
#8391 = LINE('',#8392,#8393);
#8392 = CARTESIAN_POINT('',(3.330669073875E-15,-2.4));
#8393 = VECTOR('',#8394,1.);
#8394 = DIRECTION('',(1.,0.));
#8395 = ( GEOMETRIC_REPRESENTATION_CONTEXT(2) 
PARAMETRIC_REPRESENTATION_CONTEXT() REPRESENTATION_CONTEXT('2D SPACE',''
  ) );
#8396 = PCURVE('',#8287,#8397);
#8397 = DEFINITIONAL_REPRESENTATION('',(#8398),#8402);
#8398 = LINE('',#8399,#8400);
#8399 = CARTESIAN_POINT('',(0.,272.));
#8400 = VECTOR('',#8401,1.);
#8401 = DIRECTION('',(1.,0.));
#8402 = ( GEOMETRIC_REPRESENTATION_CONTEXT(2) 
PARAMETRIC_REPRESENTATION_CONTEXT() REPRESENTATION_CONTEXT('2D SPACE',''
  ) );
#8403 = ORIENTED_EDGE('',*,*,#8404,.F.);
#8404 = EDGE_CURVE('',#8331,#8382,#8405,.T.);
#8405 = SURFACE_CURVE('',#8406,(#8410,#8417),.PCURVE_S1.);
#8406 = LINE('',#8407,#8408);
#8407 = CARTESIAN_POINT('',(136.,194.55080830504,71.748816944052));
#8408 = VECTOR('',#8409,1.);
#8409 = DIRECTION('',(0.,0.848048096156,-0.529919264233));
#8410 = PCURVE('',#8339,#8411);
#8411 = DEFINITIONAL_REPRESENTATION('',(#8412),#8416);
#8412 = LINE('',#8413,#8414);
#8413 = CARTESIAN_POINT('',(38.,3.552713678801E-15));
#8414 = VECTOR('',#8415,1.);
#8415 = DIRECTION('',(0.,-1.));
#8416 = ( GEOMETRIC_REPRESENTATION_CONTEXT(2) 
PARAMETRIC_REPRESENTATION_CONTEXT() REPRESENTATION_CONTEXT('2D SPACE',''
  ) );
#8417 = PCURVE('',#8313,#8418);
#8418 = DEFINITIONAL_REPRESENTATION('',(#8419),#8423);
#8419 = LINE('',#8420,#8421);
#8420 = CARTESIAN_POINT('',(272.,0.));
#8421 = VECTOR('',#8422,1.);
#8422 = DIRECTION('',(0.,1.));
#8423 = ( GEOMETRIC_REPRESENTATION_CONTEXT(2) 
PARAMETRIC_REPRESENTATION_CONTEXT() REPRESENTATION_CONTEXT('2D SPACE',''
  ) );
#8424 = ADVANCED_FACE('',(#8425),#8231,.F.);
#8425 = FACE_BOUND('',#8426,.F.);
#8426 = EDGE_LOOP('',(#8427,#8448,#8449,#8470));
#8427 = ORIENTED_EDGE('',*,*,#8428,.F.);
#8428 = EDGE_CURVE('',#8209,#8329,#8429,.T.);
#8429 = SURFACE_CURVE('',#8430,(#8434,#8441),.PCURVE_S1.);
#8430 = LINE('',#8431,#8432);
#8431 = CARTESIAN_POINT('',(-136.,174.41387626418,39.522989290108));
#8432 = VECTOR('',#8433,1.);
#8433 = DIRECTION('',(1.,0.,0.));
#8434 = PCURVE('',#8231,#8435);
#8435 = DEFINITIONAL_REPRESENTATION('',(#8436),#8440);
#8436 = LINE('',#8437,#8438);
#8437 = CARTESIAN_POINT('',(0.,0.));
#8438 = VECTOR('',#8439,1.);
#8439 = DIRECTION('',(0.,1.));
#8440 = ( GEOMETRIC_REPRESENTATION_CONTEXT(2) 
PARAMETRIC_REPRESENTATION_CONTEXT() REPRESENTATION_CONTEXT('2D SPACE',''
  ) );
#8441 = PCURVE('',#8259,#8442);
#8442 = DEFINITIONAL_REPRESENTATION('',(#8443),#8447);
#8443 = LINE('',#8444,#8445);
#8444 = CARTESIAN_POINT('',(0.,0.));
#8445 = VECTOR('',#8446,1.);
#8446 = DIRECTION('',(1.,0.));
#8447 = ( GEOMETRIC_REPRESENTATION_CONTEXT(2) 
PARAMETRIC_REPRESENTATION_CONTEXT() REPRESENTATION_CONTEXT('2D SPACE',''
  ) );
#8448 = ORIENTED_EDGE('',*,*,#8208,.T.);
#8449 = ORIENTED_EDGE('',*,*,#8450,.T.);
#8450 = EDGE_CURVE('',#8211,#8331,#8451,.T.);
#8451 = SURFACE_CURVE('',#8452,(#8456,#8463),.PCURVE_S1.);
#8452 = LINE('',#8453,#8454);
#8453 = CARTESIAN_POINT('',(-136.,194.55080830504,71.748816944052));
#8454 = VECTOR('',#8455,1.);
#8455 = DIRECTION('',(1.,0.,0.));
#8456 = PCURVE('',#8231,#8457);
#8457 = DEFINITIONAL_REPRESENTATION('',(#8458),#8462);
#8458 = LINE('',#8459,#8460);
#8459 = CARTESIAN_POINT('',(38.,0.));
#8460 = VECTOR('',#8461,1.);
#8461 = DIRECTION('',(0.,1.));
#8462 = ( GEOMETRIC_REPRESENTATION_CONTEXT(2) 
PARAMETRIC_REPRESENTATION_CONTEXT() REPRESENTATION_CONTEXT('2D SPACE',''
  ) );
#8463 = PCURVE('',#8313,#8464);
#8464 = DEFINITIONAL_REPRESENTATION('',(#8465),#8469);
#8465 = LINE('',#8466,#8467);
#8466 = CARTESIAN_POINT('',(0.,0.));
#8467 = VECTOR('',#8468,1.);
#8468 = DIRECTION('',(1.,0.));
#8469 = ( GEOMETRIC_REPRESENTATION_CONTEXT(2) 
PARAMETRIC_REPRESENTATION_CONTEXT() REPRESENTATION_CONTEXT('2D SPACE',''
  ) );
#8470 = ORIENTED_EDGE('',*,*,#8328,.F.);
#8471 = ADVANCED_FACE('',(#8472),#8287,.T.);
#8472 = FACE_BOUND('',#8473,.T.);
#8473 = EDGE_LOOP('',(#8474,#8495,#8496,#8517));
#8474 = ORIENTED_EDGE('',*,*,#8475,.F.);
#8475 = EDGE_CURVE('',#8244,#8359,#8476,.T.);
#8476 = SURFACE_CURVE('',#8477,(#8481,#8488),.PCURVE_S1.);
#8477 = LINE('',#8478,#8479);
#8478 = CARTESIAN_POINT('',(-136.,176.44919169495,38.251183055948));
#8479 = VECTOR('',#8480,1.);
#8480 = DIRECTION('',(1.,0.,0.));
#8481 = PCURVE('',#8287,#8482);
#8482 = DEFINITIONAL_REPRESENTATION('',(#8483),#8487);
#8483 = LINE('',#8484,#8485);
#8484 = CARTESIAN_POINT('',(0.,0.));
#8485 = VECTOR('',#8486,1.);
#8486 = DIRECTION('',(0.,1.));
#8487 = ( GEOMETRIC_REPRESENTATION_CONTEXT(2) 
PARAMETRIC_REPRESENTATION_CONTEXT() REPRESENTATION_CONTEXT('2D SPACE',''
  ) );
#8488 = PCURVE('',#8259,#8489);
#8489 = DEFINITIONAL_REPRESENTATION('',(#8490),#8494);
#8490 = LINE('',#8491,#8492);
#8491 = CARTESIAN_POINT('',(0.,2.4));
#8492 = VECTOR('',#8493,1.);
#8493 = DIRECTION('',(1.,0.));
#8494 = ( GEOMETRIC_REPRESENTATION_CONTEXT(2) 
PARAMETRIC_REPRESENTATION_CONTEXT() REPRESENTATION_CONTEXT('2D SPACE',''
  ) );
#8495 = ORIENTED_EDGE('',*,*,#8271,.T.);
#8496 = ORIENTED_EDGE('',*,*,#8497,.T.);
#8497 = EDGE_CURVE('',#8272,#8382,#8498,.T.);
#8498 = SURFACE_CURVE('',#8499,(#8503,#8510),.PCURVE_S1.);
#8499 = LINE('',#8500,#8501);
#8500 = CARTESIAN_POINT('',(-136.,196.58612373581,70.477010709892));
#8501 = VECTOR('',#8502,1.);
#8502 = DIRECTION('',(1.,0.,0.));
#8503 = PCURVE('',#8287,#8504);
#8504 = DEFINITIONAL_REPRESENTATION('',(#8505),#8509);
#8505 = LINE('',#8506,#8507);
#8506 = CARTESIAN_POINT('',(38.,0.));
#8507 = VECTOR('',#8508,1.);
#8508 = DIRECTION('',(0.,1.));
#8509 = ( GEOMETRIC_REPRESENTATION_CONTEXT(2) 
PARAMETRIC_REPRESENTATION_CONTEXT() REPRESENTATION_CONTEXT('2D SPACE',''
  ) );
#8510 = PCURVE('',#8313,#8511);
#8511 = DEFINITIONAL_REPRESENTATION('',(#8512),#8516);
#8512 = LINE('',#8513,#8514);
#8513 = CARTESIAN_POINT('',(0.,2.4));
#8514 = VECTOR('',#8515,1.);
#8515 = DIRECTION('',(1.,0.));
#8516 = ( GEOMETRIC_REPRESENTATION_CONTEXT(2) 
PARAMETRIC_REPRESENTATION_CONTEXT() REPRESENTATION_CONTEXT('2D SPACE',''
  ) );
#8517 = ORIENTED_EDGE('',*,*,#8381,.F.);
#8518 = ADVANCED_FACE('',(#8519),#8259,.F.);
#8519 = FACE_BOUND('',#8520,.F.);
#8520 = EDGE_LOOP('',(#8521,#8522,#8523,#8524));
#8521 = ORIENTED_EDGE('',*,*,#8243,.F.);
#8522 = ORIENTED_EDGE('',*,*,#8428,.T.);
#8523 = ORIENTED_EDGE('',*,*,#8358,.T.);
#8524 = ORIENTED_EDGE('',*,*,#8475,.F.);
#8525 = ADVANCED_FACE('',(#8526),#8313,.T.);
#8526 = FACE_BOUND('',#8527,.T.);
#8527 = EDGE_LOOP('',(#8528,#8529,#8530,#8531));
#8528 = ORIENTED_EDGE('',*,*,#8299,.F.);
#8529 = ORIENTED_EDGE('',*,*,#8450,.T.);
#8530 = ORIENTED_EDGE('',*,*,#8404,.T.);
#8531 = ORIENTED_EDGE('',*,*,#8497,.F.);
#8532 = MANIFOLD_SOLID_BREP('',#8533);
#8533 = CLOSED_SHELL('',(#8534,#8654,#8754,#8801,#8848,#8855));
#8534 = ADVANCED_FACE('',(#8535),#8549,.F.);
#8535 = FACE_BOUND('',#8536,.F.);
#8536 = EDGE_LOOP('',(#8537,#8572,#8600,#8628));
#8537 = ORIENTED_EDGE('',*,*,#8538,.F.);
#8538 = EDGE_CURVE('',#8539,#8541,#8543,.T.);
#8539 = VERTEX_POINT('',#8540);
#8540 = CARTESIAN_POINT('',(-136.,191.41387626418,39.522989290108));
#8541 = VERTEX_POINT('',#8542);
#8542 = CARTESIAN_POINT('',(-136.,211.55080830504,71.748816944052));
#8543 = SURFACE_CURVE('',#8544,(#8548,#8560),.PCURVE_S1.);
#8544 = LINE('',#8545,#8546);
#8545 = CARTESIAN_POINT('',(-136.,191.41387626418,39.522989290108));
#8546 = VECTOR('',#8547,1.);
#8547 = DIRECTION('',(0.,0.529919264233,0.848048096156));
#8548 = PCURVE('',#8549,#8554);
#8549 = PLANE('',#8550);
#8550 = AXIS2_PLACEMENT_3D('',#8551,#8552,#8553);
#8551 = CARTESIAN_POINT('',(-136.,191.41387626418,39.522989290108));
#8552 = DIRECTION('',(1.,0.,0.));
#8553 = DIRECTION('',(0.,0.529919264233,0.848048096156));
#8554 = DEFINITIONAL_REPRESENTATION('',(#8555),#8559);
#8555 = LINE('',#8556,#8557);
#8556 = CARTESIAN_POINT('',(0.,0.));
#8557 = VECTOR('',#8558,1.);
#8558 = DIRECTION('',(1.,0.));
#8559 = ( GEOMETRIC_REPRESENTATION_CONTEXT(2) 
PARAMETRIC_REPRESENTATION_CONTEXT() REPRESENTATION_CONTEXT('2D SPACE',''
  ) );
#8560 = PCURVE('',#8561,#8566);
#8561 = PLANE('',#8562);
#8562 = AXIS2_PLACEMENT_3D('',#8563,#8564,#8565);
#8563 = CARTESIAN_POINT('',(-136.,191.41387626418,39.522989290108));
#8564 = DIRECTION('',(0.,0.848048096156,-0.529919264233));
#8565 = DIRECTION('',(0.,0.529919264233,0.848048096156));
#8566 = DEFINITIONAL_REPRESENTATION('',(#8567),#8571);
#8567 = LINE('',#8568,#8569);
#8568 = CARTESIAN_POINT('',(0.,0.));
#8569 = VECTOR('',#8570,1.);
#8570 = DIRECTION('',(1.,0.));
#8571 = ( GEOMETRIC_REPRESENTATION_CONTEXT(2) 
PARAMETRIC_REPRESENTATION_CONTEXT() REPRESENTATION_CONTEXT('2D SPACE',''
  ) );
#8572 = ORIENTED_EDGE('',*,*,#8573,.T.);
#8573 = EDGE_CURVE('',#8539,#8574,#8576,.T.);
#8574 = VERTEX_POINT('',#8575);
#8575 = CARTESIAN_POINT('',(-136.,193.44919169495,38.251183055948));
#8576 = SURFACE_CURVE('',#8577,(#8581,#8588),.PCURVE_S1.);
#8577 = LINE('',#8578,#8579);
#8578 = CARTESIAN_POINT('',(-136.,191.41387626418,39.522989290108));
#8579 = VECTOR('',#8580,1.);
#8580 = DIRECTION('',(0.,0.848048096156,-0.529919264233));
#8581 = PCURVE('',#8549,#8582);
#8582 = DEFINITIONAL_REPRESENTATION('',(#8583),#8587);
#8583 = LINE('',#8584,#8585);
#8584 = CARTESIAN_POINT('',(0.,0.));
#8585 = VECTOR('',#8586,1.);
#8586 = DIRECTION('',(0.,-1.));
#8587 = ( GEOMETRIC_REPRESENTATION_CONTEXT(2) 
PARAMETRIC_REPRESENTATION_CONTEXT() REPRESENTATION_CONTEXT('2D SPACE',''
  ) );
#8588 = PCURVE('',#8589,#8594);
#8589 = PLANE('',#8590);
#8590 = AXIS2_PLACEMENT_3D('',#8591,#8592,#8593);
#8591 = CARTESIAN_POINT('',(-136.,191.41387626418,39.522989290108));
#8592 = DIRECTION('',(0.,0.529919264233,0.848048096156));
#8593 = DIRECTION('',(1.,0.,0.));
#8594 = DEFINITIONAL_REPRESENTATION('',(#8595),#8599);
#8595 = LINE('',#8596,#8597);
#8596 = CARTESIAN_POINT('',(0.,0.));
#8597 = VECTOR('',#8598,1.);
#8598 = DIRECTION('',(0.,1.));
#8599 = ( GEOMETRIC_REPRESENTATION_CONTEXT(2) 
PARAMETRIC_REPRESENTATION_CONTEXT() REPRESENTATION_CONTEXT('2D SPACE',''
  ) );
#8600 = ORIENTED_EDGE('',*,*,#8601,.T.);
#8601 = EDGE_CURVE('',#8574,#8602,#8604,.T.);
#8602 = VERTEX_POINT('',#8603);
#8603 = CARTESIAN_POINT('',(-136.,213.58612373581,70.477010709892));
#8604 = SURFACE_CURVE('',#8605,(#8609,#8616),.PCURVE_S1.);
#8605 = LINE('',#8606,#8607);
#8606 = CARTESIAN_POINT('',(-136.,193.44919169495,38.251183055948));
#8607 = VECTOR('',#8608,1.);
#8608 = DIRECTION('',(0.,0.529919264233,0.848048096156));
#8609 = PCURVE('',#8549,#8610);
#8610 = DEFINITIONAL_REPRESENTATION('',(#8611),#8615);
#8611 = LINE('',#8612,#8613);
#8612 = CARTESIAN_POINT('',(3.330669073875E-15,-2.4));
#8613 = VECTOR('',#8614,1.);
#8614 = DIRECTION('',(1.,0.));
#8615 = ( GEOMETRIC_REPRESENTATION_CONTEXT(2) 
PARAMETRIC_REPRESENTATION_CONTEXT() REPRESENTATION_CONTEXT('2D SPACE',''
  ) );
#8616 = PCURVE('',#8617,#8622);
#8617 = PLANE('',#8618);
#8618 = AXIS2_PLACEMENT_3D('',#8619,#8620,#8621);
#8619 = CARTESIAN_POINT('',(-136.,193.44919169495,38.251183055948));
#8620 = DIRECTION('',(0.,0.848048096156,-0.529919264233));
#8621 = DIRECTION('',(0.,0.529919264233,0.848048096156));
#8622 = DEFINITIONAL_REPRESENTATION('',(#8623),#8627);
#8623 = LINE('',#8624,#8625);
#8624 = CARTESIAN_POINT('',(0.,0.));
#8625 = VECTOR('',#8626,1.);
#8626 = DIRECTION('',(1.,0.));
#8627 = ( GEOMETRIC_REPRESENTATION_CONTEXT(2) 
PARAMETRIC_REPRESENTATION_CONTEXT() REPRESENTATION_CONTEXT('2D SPACE',''
  ) );
#8628 = ORIENTED_EDGE('',*,*,#8629,.F.);
#8629 = EDGE_CURVE('',#8541,#8602,#8630,.T.);
#8630 = SURFACE_CURVE('',#8631,(#8635,#8642),.PCURVE_S1.);
#8631 = LINE('',#8632,#8633);
#8632 = CARTESIAN_POINT('',(-136.,211.55080830504,71.748816944052));
#8633 = VECTOR('',#8634,1.);
#8634 = DIRECTION('',(0.,0.848048096156,-0.529919264233));
#8635 = PCURVE('',#8549,#8636);
#8636 = DEFINITIONAL_REPRESENTATION('',(#8637),#8641);
#8637 = LINE('',#8638,#8639);
#8638 = CARTESIAN_POINT('',(38.,3.552713678801E-15));
#8639 = VECTOR('',#8640,1.);
#8640 = DIRECTION('',(0.,-1.));
#8641 = ( GEOMETRIC_REPRESENTATION_CONTEXT(2) 
PARAMETRIC_REPRESENTATION_CONTEXT() REPRESENTATION_CONTEXT('2D SPACE',''
  ) );
#8642 = PCURVE('',#8643,#8648);
#8643 = PLANE('',#8644);
#8644 = AXIS2_PLACEMENT_3D('',#8645,#8646,#8647);
#8645 = CARTESIAN_POINT('',(-136.,211.55080830504,71.748816944052));
#8646 = DIRECTION('',(0.,0.529919264233,0.848048096156));
#8647 = DIRECTION('',(1.,0.,0.));
#8648 = DEFINITIONAL_REPRESENTATION('',(#8649),#8653);
#8649 = LINE('',#8650,#8651);
#8650 = CARTESIAN_POINT('',(0.,0.));
#8651 = VECTOR('',#8652,1.);
#8652 = DIRECTION('',(0.,1.));
#8653 = ( GEOMETRIC_REPRESENTATION_CONTEXT(2) 
PARAMETRIC_REPRESENTATION_CONTEXT() REPRESENTATION_CONTEXT('2D SPACE',''
  ) );
#8654 = ADVANCED_FACE('',(#8655),#8669,.T.);
#8655 = FACE_BOUND('',#8656,.T.);
#8656 = EDGE_LOOP('',(#8657,#8687,#8710,#8733));
#8657 = ORIENTED_EDGE('',*,*,#8658,.F.);
#8658 = EDGE_CURVE('',#8659,#8661,#8663,.T.);
#8659 = VERTEX_POINT('',#8660);
#8660 = CARTESIAN_POINT('',(136.,191.41387626418,39.522989290108));
#8661 = VERTEX_POINT('',#8662);
#8662 = CARTESIAN_POINT('',(136.,211.55080830504,71.748816944052));
#8663 = SURFACE_CURVE('',#8664,(#8668,#8680),.PCURVE_S1.);
#8664 = LINE('',#8665,#8666);
#8665 = CARTESIAN_POINT('',(136.,191.41387626418,39.522989290108));
#8666 = VECTOR('',#8667,1.);
#8667 = DIRECTION('',(0.,0.529919264233,0.848048096156));
#8668 = PCURVE('',#8669,#8674);
#8669 = PLANE('',#8670);
#8670 = AXIS2_PLACEMENT_3D('',#8671,#8672,#8673);
#8671 = CARTESIAN_POINT('',(136.,191.41387626418,39.522989290108));
#8672 = DIRECTION('',(1.,0.,0.));
#8673 = DIRECTION('',(0.,0.529919264233,0.848048096156));
#8674 = DEFINITIONAL_REPRESENTATION('',(#8675),#8679);
#8675 = LINE('',#8676,#8677);
#8676 = CARTESIAN_POINT('',(0.,0.));
#8677 = VECTOR('',#8678,1.);
#8678 = DIRECTION('',(1.,0.));
#8679 = ( GEOMETRIC_REPRESENTATION_CONTEXT(2) 
PARAMETRIC_REPRESENTATION_CONTEXT() REPRESENTATION_CONTEXT('2D SPACE',''
  ) );
#8680 = PCURVE('',#8561,#8681);
#8681 = DEFINITIONAL_REPRESENTATION('',(#8682),#8686);
#8682 = LINE('',#8683,#8684);
#8683 = CARTESIAN_POINT('',(0.,272.));
#8684 = VECTOR('',#8685,1.);
#8685 = DIRECTION('',(1.,0.));
#8686 = ( GEOMETRIC_REPRESENTATION_CONTEXT(2) 
PARAMETRIC_REPRESENTATION_CONTEXT() REPRESENTATION_CONTEXT('2D SPACE',''
  ) );
#8687 = ORIENTED_EDGE('',*,*,#8688,.T.);
#8688 = EDGE_CURVE('',#8659,#8689,#8691,.T.);
#8689 = VERTEX_POINT('',#8690);
#8690 = CARTESIAN_POINT('',(136.,193.44919169495,38.251183055948));
#8691 = SURFACE_CURVE('',#8692,(#8696,#8703),.PCURVE_S1.);
#8692 = LINE('',#8693,#8694);
#8693 = CARTESIAN_POINT('',(136.,191.41387626418,39.522989290108));
#8694 = VECTOR('',#8695,1.);
#8695 = DIRECTION('',(0.,0.848048096156,-0.529919264233));
#8696 = PCURVE('',#8669,#8697);
#8697 = DEFINITIONAL_REPRESENTATION('',(#8698),#8702);
#8698 = LINE('',#8699,#8700);
#8699 = CARTESIAN_POINT('',(0.,0.));
#8700 = VECTOR('',#8701,1.);
#8701 = DIRECTION('',(0.,-1.));
#8702 = ( GEOMETRIC_REPRESENTATION_CONTEXT(2) 
PARAMETRIC_REPRESENTATION_CONTEXT() REPRESENTATION_CONTEXT('2D SPACE',''
  ) );
#8703 = PCURVE('',#8589,#8704);
#8704 = DEFINITIONAL_REPRESENTATION('',(#8705),#8709);
#8705 = LINE('',#8706,#8707);
#8706 = CARTESIAN_POINT('',(272.,0.));
#8707 = VECTOR('',#8708,1.);
#8708 = DIRECTION('',(0.,1.));
#8709 = ( GEOMETRIC_REPRESENTATION_CONTEXT(2) 
PARAMETRIC_REPRESENTATION_CONTEXT() REPRESENTATION_CONTEXT('2D SPACE',''
  ) );
#8710 = ORIENTED_EDGE('',*,*,#8711,.T.);
#8711 = EDGE_CURVE('',#8689,#8712,#8714,.T.);
#8712 = VERTEX_POINT('',#8713);
#8713 = CARTESIAN_POINT('',(136.,213.58612373581,70.477010709892));
#8714 = SURFACE_CURVE('',#8715,(#8719,#8726),.PCURVE_S1.);
#8715 = LINE('',#8716,#8717);
#8716 = CARTESIAN_POINT('',(136.,193.44919169495,38.251183055948));
#8717 = VECTOR('',#8718,1.);
#8718 = DIRECTION('',(0.,0.529919264233,0.848048096156));
#8719 = PCURVE('',#8669,#8720);
#8720 = DEFINITIONAL_REPRESENTATION('',(#8721),#8725);
#8721 = LINE('',#8722,#8723);
#8722 = CARTESIAN_POINT('',(3.330669073875E-15,-2.4));
#8723 = VECTOR('',#8724,1.);
#8724 = DIRECTION('',(1.,0.));
#8725 = ( GEOMETRIC_REPRESENTATION_CONTEXT(2) 
PARAMETRIC_REPRESENTATION_CONTEXT() REPRESENTATION_CONTEXT('2D SPACE',''
  ) );
#8726 = PCURVE('',#8617,#8727);
#8727 = DEFINITIONAL_REPRESENTATION('',(#8728),#8732);
#8728 = LINE('',#8729,#8730);
#8729 = CARTESIAN_POINT('',(0.,272.));
#8730 = VECTOR('',#8731,1.);
#8731 = DIRECTION('',(1.,0.));
#8732 = ( GEOMETRIC_REPRESENTATION_CONTEXT(2) 
PARAMETRIC_REPRESENTATION_CONTEXT() REPRESENTATION_CONTEXT('2D SPACE',''
  ) );
#8733 = ORIENTED_EDGE('',*,*,#8734,.F.);
#8734 = EDGE_CURVE('',#8661,#8712,#8735,.T.);
#8735 = SURFACE_CURVE('',#8736,(#8740,#8747),.PCURVE_S1.);
#8736 = LINE('',#8737,#8738);
#8737 = CARTESIAN_POINT('',(136.,211.55080830504,71.748816944052));
#8738 = VECTOR('',#8739,1.);
#8739 = DIRECTION('',(0.,0.848048096156,-0.529919264233));
#8740 = PCURVE('',#8669,#8741);
#8741 = DEFINITIONAL_REPRESENTATION('',(#8742),#8746);
#8742 = LINE('',#8743,#8744);
#8743 = CARTESIAN_POINT('',(38.,3.552713678801E-15));
#8744 = VECTOR('',#8745,1.);
#8745 = DIRECTION('',(0.,-1.));
#8746 = ( GEOMETRIC_REPRESENTATION_CONTEXT(2) 
PARAMETRIC_REPRESENTATION_CONTEXT() REPRESENTATION_CONTEXT('2D SPACE',''
  ) );
#8747 = PCURVE('',#8643,#8748);
#8748 = DEFINITIONAL_REPRESENTATION('',(#8749),#8753);
#8749 = LINE('',#8750,#8751);
#8750 = CARTESIAN_POINT('',(272.,0.));
#8751 = VECTOR('',#8752,1.);
#8752 = DIRECTION('',(0.,1.));
#8753 = ( GEOMETRIC_REPRESENTATION_CONTEXT(2) 
PARAMETRIC_REPRESENTATION_CONTEXT() REPRESENTATION_CONTEXT('2D SPACE',''
  ) );
#8754 = ADVANCED_FACE('',(#8755),#8561,.F.);
#8755 = FACE_BOUND('',#8756,.F.);
#8756 = EDGE_LOOP('',(#8757,#8778,#8779,#8800));
#8757 = ORIENTED_EDGE('',*,*,#8758,.F.);
#8758 = EDGE_CURVE('',#8539,#8659,#8759,.T.);
#8759 = SURFACE_CURVE('',#8760,(#8764,#8771),.PCURVE_S1.);
#8760 = LINE('',#8761,#8762);
#8761 = CARTESIAN_POINT('',(-136.,191.41387626418,39.522989290108));
#8762 = VECTOR('',#8763,1.);
#8763 = DIRECTION('',(1.,0.,0.));
#8764 = PCURVE('',#8561,#8765);
#8765 = DEFINITIONAL_REPRESENTATION('',(#8766),#8770);
#8766 = LINE('',#8767,#8768);
#8767 = CARTESIAN_POINT('',(0.,0.));
#8768 = VECTOR('',#8769,1.);
#8769 = DIRECTION('',(0.,1.));
#8770 = ( GEOMETRIC_REPRESENTATION_CONTEXT(2) 
PARAMETRIC_REPRESENTATION_CONTEXT() REPRESENTATION_CONTEXT('2D SPACE',''
  ) );
#8771 = PCURVE('',#8589,#8772);
#8772 = DEFINITIONAL_REPRESENTATION('',(#8773),#8777);
#8773 = LINE('',#8774,#8775);
#8774 = CARTESIAN_POINT('',(0.,0.));
#8775 = VECTOR('',#8776,1.);
#8776 = DIRECTION('',(1.,0.));
#8777 = ( GEOMETRIC_REPRESENTATION_CONTEXT(2) 
PARAMETRIC_REPRESENTATION_CONTEXT() REPRESENTATION_CONTEXT('2D SPACE',''
  ) );
#8778 = ORIENTED_EDGE('',*,*,#8538,.T.);
#8779 = ORIENTED_EDGE('',*,*,#8780,.T.);
#8780 = EDGE_CURVE('',#8541,#8661,#8781,.T.);
#8781 = SURFACE_CURVE('',#8782,(#8786,#8793),.PCURVE_S1.);
#8782 = LINE('',#8783,#8784);
#8783 = CARTESIAN_POINT('',(-136.,211.55080830504,71.748816944052));
#8784 = VECTOR('',#8785,1.);
#8785 = DIRECTION('',(1.,0.,0.));
#8786 = PCURVE('',#8561,#8787);
#8787 = DEFINITIONAL_REPRESENTATION('',(#8788),#8792);
#8788 = LINE('',#8789,#8790);
#8789 = CARTESIAN_POINT('',(38.,0.));
#8790 = VECTOR('',#8791,1.);
#8791 = DIRECTION('',(0.,1.));
#8792 = ( GEOMETRIC_REPRESENTATION_CONTEXT(2) 
PARAMETRIC_REPRESENTATION_CONTEXT() REPRESENTATION_CONTEXT('2D SPACE',''
  ) );
#8793 = PCURVE('',#8643,#8794);
#8794 = DEFINITIONAL_REPRESENTATION('',(#8795),#8799);
#8795 = LINE('',#8796,#8797);
#8796 = CARTESIAN_POINT('',(0.,0.));
#8797 = VECTOR('',#8798,1.);
#8798 = DIRECTION('',(1.,0.));
#8799 = ( GEOMETRIC_REPRESENTATION_CONTEXT(2) 
PARAMETRIC_REPRESENTATION_CONTEXT() REPRESENTATION_CONTEXT('2D SPACE',''
  ) );
#8800 = ORIENTED_EDGE('',*,*,#8658,.F.);
#8801 = ADVANCED_FACE('',(#8802),#8617,.T.);
#8802 = FACE_BOUND('',#8803,.T.);
#8803 = EDGE_LOOP('',(#8804,#8825,#8826,#8847));
#8804 = ORIENTED_EDGE('',*,*,#8805,.F.);
#8805 = EDGE_CURVE('',#8574,#8689,#8806,.T.);
#8806 = SURFACE_CURVE('',#8807,(#8811,#8818),.PCURVE_S1.);
#8807 = LINE('',#8808,#8809);
#8808 = CARTESIAN_POINT('',(-136.,193.44919169495,38.251183055948));
#8809 = VECTOR('',#8810,1.);
#8810 = DIRECTION('',(1.,0.,0.));
#8811 = PCURVE('',#8617,#8812);
#8812 = DEFINITIONAL_REPRESENTATION('',(#8813),#8817);
#8813 = LINE('',#8814,#8815);
#8814 = CARTESIAN_POINT('',(0.,0.));
#8815 = VECTOR('',#8816,1.);
#8816 = DIRECTION('',(0.,1.));
#8817 = ( GEOMETRIC_REPRESENTATION_CONTEXT(2) 
PARAMETRIC_REPRESENTATION_CONTEXT() REPRESENTATION_CONTEXT('2D SPACE',''
  ) );
#8818 = PCURVE('',#8589,#8819);
#8819 = DEFINITIONAL_REPRESENTATION('',(#8820),#8824);
#8820 = LINE('',#8821,#8822);
#8821 = CARTESIAN_POINT('',(0.,2.4));
#8822 = VECTOR('',#8823,1.);
#8823 = DIRECTION('',(1.,0.));
#8824 = ( GEOMETRIC_REPRESENTATION_CONTEXT(2) 
PARAMETRIC_REPRESENTATION_CONTEXT() REPRESENTATION_CONTEXT('2D SPACE',''
  ) );
#8825 = ORIENTED_EDGE('',*,*,#8601,.T.);
#8826 = ORIENTED_EDGE('',*,*,#8827,.T.);
#8827 = EDGE_CURVE('',#8602,#8712,#8828,.T.);
#8828 = SURFACE_CURVE('',#8829,(#8833,#8840),.PCURVE_S1.);
#8829 = LINE('',#8830,#8831);
#8830 = CARTESIAN_POINT('',(-136.,213.58612373581,70.477010709892));
#8831 = VECTOR('',#8832,1.);
#8832 = DIRECTION('',(1.,0.,0.));
#8833 = PCURVE('',#8617,#8834);
#8834 = DEFINITIONAL_REPRESENTATION('',(#8835),#8839);
#8835 = LINE('',#8836,#8837);
#8836 = CARTESIAN_POINT('',(38.,0.));
#8837 = VECTOR('',#8838,1.);
#8838 = DIRECTION('',(0.,1.));
#8839 = ( GEOMETRIC_REPRESENTATION_CONTEXT(2) 
PARAMETRIC_REPRESENTATION_CONTEXT() REPRESENTATION_CONTEXT('2D SPACE',''
  ) );
#8840 = PCURVE('',#8643,#8841);
#8841 = DEFINITIONAL_REPRESENTATION('',(#8842),#8846);
#8842 = LINE('',#8843,#8844);
#8843 = CARTESIAN_POINT('',(0.,2.4));
#8844 = VECTOR('',#8845,1.);
#8845 = DIRECTION('',(1.,0.));
#8846 = ( GEOMETRIC_REPRESENTATION_CONTEXT(2) 
PARAMETRIC_REPRESENTATION_CONTEXT() REPRESENTATION_CONTEXT('2D SPACE',''
  ) );
#8847 = ORIENTED_EDGE('',*,*,#8711,.F.);
#8848 = ADVANCED_FACE('',(#8849),#8589,.F.);
#8849 = FACE_BOUND('',#8850,.F.);
#8850 = EDGE_LOOP('',(#8851,#8852,#8853,#8854));
#8851 = ORIENTED_EDGE('',*,*,#8573,.F.);
#8852 = ORIENTED_EDGE('',*,*,#8758,.T.);
#8853 = ORIENTED_EDGE('',*,*,#8688,.T.);
#8854 = ORIENTED_EDGE('',*,*,#8805,.F.);
#8855 = ADVANCED_FACE('',(#8856),#8643,.T.);
#8856 = FACE_BOUND('',#8857,.T.);
#8857 = EDGE_LOOP('',(#8858,#8859,#8860,#8861));
#8858 = ORIENTED_EDGE('',*,*,#8629,.F.);
#8859 = ORIENTED_EDGE('',*,*,#8780,.T.);
#8860 = ORIENTED_EDGE('',*,*,#8734,.T.);
#8861 = ORIENTED_EDGE('',*,*,#8827,.F.);
#8862 = MANIFOLD_SOLID_BREP('',#8863);
#8863 = CLOSED_SHELL('',(#8864,#8984,#9084,#9131,#9178,#9185));
#8864 = ADVANCED_FACE('',(#8865),#8879,.F.);
#8865 = FACE_BOUND('',#8866,.F.);
#8866 = EDGE_LOOP('',(#8867,#8902,#8930,#8958));
#8867 = ORIENTED_EDGE('',*,*,#8868,.F.);
#8868 = EDGE_CURVE('',#8869,#8871,#8873,.T.);
#8869 = VERTEX_POINT('',#8870);
#8870 = CARTESIAN_POINT('',(-136.,208.41387626418,39.522989290108));
#8871 = VERTEX_POINT('',#8872);
#8872 = CARTESIAN_POINT('',(-136.,228.55080830504,71.748816944052));
#8873 = SURFACE_CURVE('',#8874,(#8878,#8890),.PCURVE_S1.);
#8874 = LINE('',#8875,#8876);
#8875 = CARTESIAN_POINT('',(-136.,208.41387626418,39.522989290108));
#8876 = VECTOR('',#8877,1.);
#8877 = DIRECTION('',(0.,0.529919264233,0.848048096156));
#8878 = PCURVE('',#8879,#8884);
#8879 = PLANE('',#8880);
#8880 = AXIS2_PLACEMENT_3D('',#8881,#8882,#8883);
#8881 = CARTESIAN_POINT('',(-136.,208.41387626418,39.522989290108));
#8882 = DIRECTION('',(1.,0.,0.));
#8883 = DIRECTION('',(0.,0.529919264233,0.848048096156));
#8884 = DEFINITIONAL_REPRESENTATION('',(#8885),#8889);
#8885 = LINE('',#8886,#8887);
#8886 = CARTESIAN_POINT('',(0.,0.));
#8887 = VECTOR('',#8888,1.);
#8888 = DIRECTION('',(1.,0.));
#8889 = ( GEOMETRIC_REPRESENTATION_CONTEXT(2) 
PARAMETRIC_REPRESENTATION_CONTEXT() REPRESENTATION_CONTEXT('2D SPACE',''
  ) );
#8890 = PCURVE('',#8891,#8896);
#8891 = PLANE('',#8892);
#8892 = AXIS2_PLACEMENT_3D('',#8893,#8894,#8895);
#8893 = CARTESIAN_POINT('',(-136.,208.41387626418,39.522989290108));
#8894 = DIRECTION('',(0.,0.848048096156,-0.529919264233));
#8895 = DIRECTION('',(0.,0.529919264233,0.848048096156));
#8896 = DEFINITIONAL_REPRESENTATION('',(#8897),#8901);
#8897 = LINE('',#8898,#8899);
#8898 = CARTESIAN_POINT('',(0.,0.));
#8899 = VECTOR('',#8900,1.);
#8900 = DIRECTION('',(1.,0.));
#8901 = ( GEOMETRIC_REPRESENTATION_CONTEXT(2) 
PARAMETRIC_REPRESENTATION_CONTEXT() REPRESENTATION_CONTEXT('2D SPACE',''
  ) );
#8902 = ORIENTED_EDGE('',*,*,#8903,.T.);
#8903 = EDGE_CURVE('',#8869,#8904,#8906,.T.);
#8904 = VERTEX_POINT('',#8905);
#8905 = CARTESIAN_POINT('',(-136.,210.44919169495,38.251183055948));
#8906 = SURFACE_CURVE('',#8907,(#8911,#8918),.PCURVE_S1.);
#8907 = LINE('',#8908,#8909);
#8908 = CARTESIAN_POINT('',(-136.,208.41387626418,39.522989290108));
#8909 = VECTOR('',#8910,1.);
#8910 = DIRECTION('',(0.,0.848048096156,-0.529919264233));
#8911 = PCURVE('',#8879,#8912);
#8912 = DEFINITIONAL_REPRESENTATION('',(#8913),#8917);
#8913 = LINE('',#8914,#8915);
#8914 = CARTESIAN_POINT('',(0.,0.));
#8915 = VECTOR('',#8916,1.);
#8916 = DIRECTION('',(0.,-1.));
#8917 = ( GEOMETRIC_REPRESENTATION_CONTEXT(2) 
PARAMETRIC_REPRESENTATION_CONTEXT() REPRESENTATION_CONTEXT('2D SPACE',''
  ) );
#8918 = PCURVE('',#8919,#8924);
#8919 = PLANE('',#8920);
#8920 = AXIS2_PLACEMENT_3D('',#8921,#8922,#8923);
#8921 = CARTESIAN_POINT('',(-136.,208.41387626418,39.522989290108));
#8922 = DIRECTION('',(0.,0.529919264233,0.848048096156));
#8923 = DIRECTION('',(1.,0.,0.));
#8924 = DEFINITIONAL_REPRESENTATION('',(#8925),#8929);
#8925 = LINE('',#8926,#8927);
#8926 = CARTESIAN_POINT('',(0.,0.));
#8927 = VECTOR('',#8928,1.);
#8928 = DIRECTION('',(0.,1.));
#8929 = ( GEOMETRIC_REPRESENTATION_CONTEXT(2) 
PARAMETRIC_REPRESENTATION_CONTEXT() REPRESENTATION_CONTEXT('2D SPACE',''
  ) );
#8930 = ORIENTED_EDGE('',*,*,#8931,.T.);
#8931 = EDGE_CURVE('',#8904,#8932,#8934,.T.);
#8932 = VERTEX_POINT('',#8933);
#8933 = CARTESIAN_POINT('',(-136.,230.58612373581,70.477010709892));
#8934 = SURFACE_CURVE('',#8935,(#8939,#8946),.PCURVE_S1.);
#8935 = LINE('',#8936,#8937);
#8936 = CARTESIAN_POINT('',(-136.,210.44919169495,38.251183055948));
#8937 = VECTOR('',#8938,1.);
#8938 = DIRECTION('',(0.,0.529919264233,0.848048096156));
#8939 = PCURVE('',#8879,#8940);
#8940 = DEFINITIONAL_REPRESENTATION('',(#8941),#8945);
#8941 = LINE('',#8942,#8943);
#8942 = CARTESIAN_POINT('',(3.330669073875E-15,-2.4));
#8943 = VECTOR('',#8944,1.);
#8944 = DIRECTION('',(1.,0.));
#8945 = ( GEOMETRIC_REPRESENTATION_CONTEXT(2) 
PARAMETRIC_REPRESENTATION_CONTEXT() REPRESENTATION_CONTEXT('2D SPACE',''
  ) );
#8946 = PCURVE('',#8947,#8952);
#8947 = PLANE('',#8948);
#8948 = AXIS2_PLACEMENT_3D('',#8949,#8950,#8951);
#8949 = CARTESIAN_POINT('',(-136.,210.44919169495,38.251183055948));
#8950 = DIRECTION('',(0.,0.848048096156,-0.529919264233));
#8951 = DIRECTION('',(0.,0.529919264233,0.848048096156));
#8952 = DEFINITIONAL_REPRESENTATION('',(#8953),#8957);
#8953 = LINE('',#8954,#8955);
#8954 = CARTESIAN_POINT('',(0.,0.));
#8955 = VECTOR('',#8956,1.);
#8956 = DIRECTION('',(1.,0.));
#8957 = ( GEOMETRIC_REPRESENTATION_CONTEXT(2) 
PARAMETRIC_REPRESENTATION_CONTEXT() REPRESENTATION_CONTEXT('2D SPACE',''
  ) );
#8958 = ORIENTED_EDGE('',*,*,#8959,.F.);
#8959 = EDGE_CURVE('',#8871,#8932,#8960,.T.);
#8960 = SURFACE_CURVE('',#8961,(#8965,#8972),.PCURVE_S1.);
#8961 = LINE('',#8962,#8963);
#8962 = CARTESIAN_POINT('',(-136.,228.55080830504,71.748816944052));
#8963 = VECTOR('',#8964,1.);
#8964 = DIRECTION('',(0.,0.848048096156,-0.529919264233));
#8965 = PCURVE('',#8879,#8966);
#8966 = DEFINITIONAL_REPRESENTATION('',(#8967),#8971);
#8967 = LINE('',#8968,#8969);
#8968 = CARTESIAN_POINT('',(38.,3.552713678801E-15));
#8969 = VECTOR('',#8970,1.);
#8970 = DIRECTION('',(0.,-1.));
#8971 = ( GEOMETRIC_REPRESENTATION_CONTEXT(2) 
PARAMETRIC_REPRESENTATION_CONTEXT() REPRESENTATION_CONTEXT('2D SPACE',''
  ) );
#8972 = PCURVE('',#8973,#8978);
#8973 = PLANE('',#8974);
#8974 = AXIS2_PLACEMENT_3D('',#8975,#8976,#8977);
#8975 = CARTESIAN_POINT('',(-136.,228.55080830504,71.748816944052));
#8976 = DIRECTION('',(0.,0.529919264233,0.848048096156));
#8977 = DIRECTION('',(1.,0.,0.));
#8978 = DEFINITIONAL_REPRESENTATION('',(#8979),#8983);
#8979 = LINE('',#8980,#8981);
#8980 = CARTESIAN_POINT('',(0.,0.));
#8981 = VECTOR('',#8982,1.);
#8982 = DIRECTION('',(0.,1.));
#8983 = ( GEOMETRIC_REPRESENTATION_CONTEXT(2) 
PARAMETRIC_REPRESENTATION_CONTEXT() REPRESENTATION_CONTEXT('2D SPACE',''
  ) );
#8984 = ADVANCED_FACE('',(#8985),#8999,.T.);
#8985 = FACE_BOUND('',#8986,.T.);
#8986 = EDGE_LOOP('',(#8987,#9017,#9040,#9063));
#8987 = ORIENTED_EDGE('',*,*,#8988,.F.);
#8988 = EDGE_CURVE('',#8989,#8991,#8993,.T.);
#8989 = VERTEX_POINT('',#8990);
#8990 = CARTESIAN_POINT('',(136.,208.41387626418,39.522989290108));
#8991 = VERTEX_POINT('',#8992);
#8992 = CARTESIAN_POINT('',(136.,228.55080830504,71.748816944052));
#8993 = SURFACE_CURVE('',#8994,(#8998,#9010),.PCURVE_S1.);
#8994 = LINE('',#8995,#8996);
#8995 = CARTESIAN_POINT('',(136.,208.41387626418,39.522989290108));
#8996 = VECTOR('',#8997,1.);
#8997 = DIRECTION('',(0.,0.529919264233,0.848048096156));
#8998 = PCURVE('',#8999,#9004);
#8999 = PLANE('',#9000);
#9000 = AXIS2_PLACEMENT_3D('',#9001,#9002,#9003);
#9001 = CARTESIAN_POINT('',(136.,208.41387626418,39.522989290108));
#9002 = DIRECTION('',(1.,0.,0.));
#9003 = DIRECTION('',(0.,0.529919264233,0.848048096156));
#9004 = DEFINITIONAL_REPRESENTATION('',(#9005),#9009);
#9005 = LINE('',#9006,#9007);
#9006 = CARTESIAN_POINT('',(0.,0.));
#9007 = VECTOR('',#9008,1.);
#9008 = DIRECTION('',(1.,0.));
#9009 = ( GEOMETRIC_REPRESENTATION_CONTEXT(2) 
PARAMETRIC_REPRESENTATION_CONTEXT() REPRESENTATION_CONTEXT('2D SPACE',''
  ) );
#9010 = PCURVE('',#8891,#9011);
#9011 = DEFINITIONAL_REPRESENTATION('',(#9012),#9016);
#9012 = LINE('',#9013,#9014);
#9013 = CARTESIAN_POINT('',(0.,272.));
#9014 = VECTOR('',#9015,1.);
#9015 = DIRECTION('',(1.,0.));
#9016 = ( GEOMETRIC_REPRESENTATION_CONTEXT(2) 
PARAMETRIC_REPRESENTATION_CONTEXT() REPRESENTATION_CONTEXT('2D SPACE',''
  ) );
#9017 = ORIENTED_EDGE('',*,*,#9018,.T.);
#9018 = EDGE_CURVE('',#8989,#9019,#9021,.T.);
#9019 = VERTEX_POINT('',#9020);
#9020 = CARTESIAN_POINT('',(136.,210.44919169495,38.251183055948));
#9021 = SURFACE_CURVE('',#9022,(#9026,#9033),.PCURVE_S1.);
#9022 = LINE('',#9023,#9024);
#9023 = CARTESIAN_POINT('',(136.,208.41387626418,39.522989290108));
#9024 = VECTOR('',#9025,1.);
#9025 = DIRECTION('',(0.,0.848048096156,-0.529919264233));
#9026 = PCURVE('',#8999,#9027);
#9027 = DEFINITIONAL_REPRESENTATION('',(#9028),#9032);
#9028 = LINE('',#9029,#9030);
#9029 = CARTESIAN_POINT('',(0.,0.));
#9030 = VECTOR('',#9031,1.);
#9031 = DIRECTION('',(0.,-1.));
#9032 = ( GEOMETRIC_REPRESENTATION_CONTEXT(2) 
PARAMETRIC_REPRESENTATION_CONTEXT() REPRESENTATION_CONTEXT('2D SPACE',''
  ) );
#9033 = PCURVE('',#8919,#9034);
#9034 = DEFINITIONAL_REPRESENTATION('',(#9035),#9039);
#9035 = LINE('',#9036,#9037);
#9036 = CARTESIAN_POINT('',(272.,0.));
#9037 = VECTOR('',#9038,1.);
#9038 = DIRECTION('',(0.,1.));
#9039 = ( GEOMETRIC_REPRESENTATION_CONTEXT(2) 
PARAMETRIC_REPRESENTATION_CONTEXT() REPRESENTATION_CONTEXT('2D SPACE',''
  ) );
#9040 = ORIENTED_EDGE('',*,*,#9041,.T.);
#9041 = EDGE_CURVE('',#9019,#9042,#9044,.T.);
#9042 = VERTEX_POINT('',#9043);
#9043 = CARTESIAN_POINT('',(136.,230.58612373581,70.477010709892));
#9044 = SURFACE_CURVE('',#9045,(#9049,#9056),.PCURVE_S1.);
#9045 = LINE('',#9046,#9047);
#9046 = CARTESIAN_POINT('',(136.,210.44919169495,38.251183055948));
#9047 = VECTOR('',#9048,1.);
#9048 = DIRECTION('',(0.,0.529919264233,0.848048096156));
#9049 = PCURVE('',#8999,#9050);
#9050 = DEFINITIONAL_REPRESENTATION('',(#9051),#9055);
#9051 = LINE('',#9052,#9053);
#9052 = CARTESIAN_POINT('',(3.330669073875E-15,-2.4));
#9053 = VECTOR('',#9054,1.);
#9054 = DIRECTION('',(1.,0.));
#9055 = ( GEOMETRIC_REPRESENTATION_CONTEXT(2) 
PARAMETRIC_REPRESENTATION_CONTEXT() REPRESENTATION_CONTEXT('2D SPACE',''
  ) );
#9056 = PCURVE('',#8947,#9057);
#9057 = DEFINITIONAL_REPRESENTATION('',(#9058),#9062);
#9058 = LINE('',#9059,#9060);
#9059 = CARTESIAN_POINT('',(0.,272.));
#9060 = VECTOR('',#9061,1.);
#9061 = DIRECTION('',(1.,0.));
#9062 = ( GEOMETRIC_REPRESENTATION_CONTEXT(2) 
PARAMETRIC_REPRESENTATION_CONTEXT() REPRESENTATION_CONTEXT('2D SPACE',''
  ) );
#9063 = ORIENTED_EDGE('',*,*,#9064,.F.);
#9064 = EDGE_CURVE('',#8991,#9042,#9065,.T.);
#9065 = SURFACE_CURVE('',#9066,(#9070,#9077),.PCURVE_S1.);
#9066 = LINE('',#9067,#9068);
#9067 = CARTESIAN_POINT('',(136.,228.55080830504,71.748816944052));
#9068 = VECTOR('',#9069,1.);
#9069 = DIRECTION('',(0.,0.848048096156,-0.529919264233));
#9070 = PCURVE('',#8999,#9071);
#9071 = DEFINITIONAL_REPRESENTATION('',(#9072),#9076);
#9072 = LINE('',#9073,#9074);
#9073 = CARTESIAN_POINT('',(38.,3.552713678801E-15));
#9074 = VECTOR('',#9075,1.);
#9075 = DIRECTION('',(0.,-1.));
#9076 = ( GEOMETRIC_REPRESENTATION_CONTEXT(2) 
PARAMETRIC_REPRESENTATION_CONTEXT() REPRESENTATION_CONTEXT('2D SPACE',''
  ) );
#9077 = PCURVE('',#8973,#9078);
#9078 = DEFINITIONAL_REPRESENTATION('',(#9079),#9083);
#9079 = LINE('',#9080,#9081);
#9080 = CARTESIAN_POINT('',(272.,0.));
#9081 = VECTOR('',#9082,1.);
#9082 = DIRECTION('',(0.,1.));
#9083 = ( GEOMETRIC_REPRESENTATION_CONTEXT(2) 
PARAMETRIC_REPRESENTATION_CONTEXT() REPRESENTATION_CONTEXT('2D SPACE',''
  ) );
#9084 = ADVANCED_FACE('',(#9085),#8891,.F.);
#9085 = FACE_BOUND('',#9086,.F.);
#9086 = EDGE_LOOP('',(#9087,#9108,#9109,#9130));
#9087 = ORIENTED_EDGE('',*,*,#9088,.F.);
#9088 = EDGE_CURVE('',#8869,#8989,#9089,.T.);
#9089 = SURFACE_CURVE('',#9090,(#9094,#9101),.PCURVE_S1.);
#9090 = LINE('',#9091,#9092);
#9091 = CARTESIAN_POINT('',(-136.,208.41387626418,39.522989290108));
#9092 = VECTOR('',#9093,1.);
#9093 = DIRECTION('',(1.,0.,0.));
#9094 = PCURVE('',#8891,#9095);
#9095 = DEFINITIONAL_REPRESENTATION('',(#9096),#9100);
#9096 = LINE('',#9097,#9098);
#9097 = CARTESIAN_POINT('',(0.,0.));
#9098 = VECTOR('',#9099,1.);
#9099 = DIRECTION('',(0.,1.));
#9100 = ( GEOMETRIC_REPRESENTATION_CONTEXT(2) 
PARAMETRIC_REPRESENTATION_CONTEXT() REPRESENTATION_CONTEXT('2D SPACE',''
  ) );
#9101 = PCURVE('',#8919,#9102);
#9102 = DEFINITIONAL_REPRESENTATION('',(#9103),#9107);
#9103 = LINE('',#9104,#9105);
#9104 = CARTESIAN_POINT('',(0.,0.));
#9105 = VECTOR('',#9106,1.);
#9106 = DIRECTION('',(1.,0.));
#9107 = ( GEOMETRIC_REPRESENTATION_CONTEXT(2) 
PARAMETRIC_REPRESENTATION_CONTEXT() REPRESENTATION_CONTEXT('2D SPACE',''
  ) );
#9108 = ORIENTED_EDGE('',*,*,#8868,.T.);
#9109 = ORIENTED_EDGE('',*,*,#9110,.T.);
#9110 = EDGE_CURVE('',#8871,#8991,#9111,.T.);
#9111 = SURFACE_CURVE('',#9112,(#9116,#9123),.PCURVE_S1.);
#9112 = LINE('',#9113,#9114);
#9113 = CARTESIAN_POINT('',(-136.,228.55080830504,71.748816944052));
#9114 = VECTOR('',#9115,1.);
#9115 = DIRECTION('',(1.,0.,0.));
#9116 = PCURVE('',#8891,#9117);
#9117 = DEFINITIONAL_REPRESENTATION('',(#9118),#9122);
#9118 = LINE('',#9119,#9120);
#9119 = CARTESIAN_POINT('',(38.,0.));
#9120 = VECTOR('',#9121,1.);
#9121 = DIRECTION('',(0.,1.));
#9122 = ( GEOMETRIC_REPRESENTATION_CONTEXT(2) 
PARAMETRIC_REPRESENTATION_CONTEXT() REPRESENTATION_CONTEXT('2D SPACE',''
  ) );
#9123 = PCURVE('',#8973,#9124);
#9124 = DEFINITIONAL_REPRESENTATION('',(#9125),#9129);
#9125 = LINE('',#9126,#9127);
#9126 = CARTESIAN_POINT('',(0.,0.));
#9127 = VECTOR('',#9128,1.);
#9128 = DIRECTION('',(1.,0.));
#9129 = ( GEOMETRIC_REPRESENTATION_CONTEXT(2) 
PARAMETRIC_REPRESENTATION_CONTEXT() REPRESENTATION_CONTEXT('2D SPACE',''
  ) );
#9130 = ORIENTED_EDGE('',*,*,#8988,.F.);
#9131 = ADVANCED_FACE('',(#9132),#8947,.T.);
#9132 = FACE_BOUND('',#9133,.T.);
#9133 = EDGE_LOOP('',(#9134,#9155,#9156,#9177));
#9134 = ORIENTED_EDGE('',*,*,#9135,.F.);
#9135 = EDGE_CURVE('',#8904,#9019,#9136,.T.);
#9136 = SURFACE_CURVE('',#9137,(#9141,#9148),.PCURVE_S1.);
#9137 = LINE('',#9138,#9139);
#9138 = CARTESIAN_POINT('',(-136.,210.44919169495,38.251183055948));
#9139 = VECTOR('',#9140,1.);
#9140 = DIRECTION('',(1.,0.,0.));
#9141 = PCURVE('',#8947,#9142);
#9142 = DEFINITIONAL_REPRESENTATION('',(#9143),#9147);
#9143 = LINE('',#9144,#9145);
#9144 = CARTESIAN_POINT('',(0.,0.));
#9145 = VECTOR('',#9146,1.);
#9146 = DIRECTION('',(0.,1.));
#9147 = ( GEOMETRIC_REPRESENTATION_CONTEXT(2) 
PARAMETRIC_REPRESENTATION_CONTEXT() REPRESENTATION_CONTEXT('2D SPACE',''
  ) );
#9148 = PCURVE('',#8919,#9149);
#9149 = DEFINITIONAL_REPRESENTATION('',(#9150),#9154);
#9150 = LINE('',#9151,#9152);
#9151 = CARTESIAN_POINT('',(0.,2.4));
#9152 = VECTOR('',#9153,1.);
#9153 = DIRECTION('',(1.,0.));
#9154 = ( GEOMETRIC_REPRESENTATION_CONTEXT(2) 
PARAMETRIC_REPRESENTATION_CONTEXT() REPRESENTATION_CONTEXT('2D SPACE',''
  ) );
#9155 = ORIENTED_EDGE('',*,*,#8931,.T.);
#9156 = ORIENTED_EDGE('',*,*,#9157,.T.);
#9157 = EDGE_CURVE('',#8932,#9042,#9158,.T.);
#9158 = SURFACE_CURVE('',#9159,(#9163,#9170),.PCURVE_S1.);
#9159 = LINE('',#9160,#9161);
#9160 = CARTESIAN_POINT('',(-136.,230.58612373581,70.477010709892));
#9161 = VECTOR('',#9162,1.);
#9162 = DIRECTION('',(1.,0.,0.));
#9163 = PCURVE('',#8947,#9164);
#9164 = DEFINITIONAL_REPRESENTATION('',(#9165),#9169);
#9165 = LINE('',#9166,#9167);
#9166 = CARTESIAN_POINT('',(38.,0.));
#9167 = VECTOR('',#9168,1.);
#9168 = DIRECTION('',(0.,1.));
#9169 = ( GEOMETRIC_REPRESENTATION_CONTEXT(2) 
PARAMETRIC_REPRESENTATION_CONTEXT() REPRESENTATION_CONTEXT('2D SPACE',''
  ) );
#9170 = PCURVE('',#8973,#9171);
#9171 = DEFINITIONAL_REPRESENTATION('',(#9172),#9176);
#9172 = LINE('',#9173,#9174);
#9173 = CARTESIAN_POINT('',(0.,2.4));
#9174 = VECTOR('',#9175,1.);
#9175 = DIRECTION('',(1.,0.));
#9176 = ( GEOMETRIC_REPRESENTATION_CONTEXT(2) 
PARAMETRIC_REPRESENTATION_CONTEXT() REPRESENTATION_CONTEXT('2D SPACE',''
  ) );
#9177 = ORIENTED_EDGE('',*,*,#9041,.F.);
#9178 = ADVANCED_FACE('',(#9179),#8919,.F.);
#9179 = FACE_BOUND('',#9180,.F.);
#9180 = EDGE_LOOP('',(#9181,#9182,#9183,#9184));
#9181 = ORIENTED_EDGE('',*,*,#8903,.F.);
#9182 = ORIENTED_EDGE('',*,*,#9088,.T.);
#9183 = ORIENTED_EDGE('',*,*,#9018,.T.);
#9184 = ORIENTED_EDGE('',*,*,#9135,.F.);
#9185 = ADVANCED_FACE('',(#9186),#8973,.T.);
#9186 = FACE_BOUND('',#9187,.T.);
#9187 = EDGE_LOOP('',(#9188,#9189,#9190,#9191));
#9188 = ORIENTED_EDGE('',*,*,#8959,.F.);
#9189 = ORIENTED_EDGE('',*,*,#9110,.T.);
#9190 = ORIENTED_EDGE('',*,*,#9064,.T.);
#9191 = ORIENTED_EDGE('',*,*,#9157,.F.);
#9192 = MANIFOLD_SOLID_BREP('',#9193);
#9193 = CLOSED_SHELL('',(#9194,#9314,#9414,#9461,#9508,#9515));
#9194 = ADVANCED_FACE('',(#9195),#9209,.F.);
#9195 = FACE_BOUND('',#9196,.F.);
#9196 = EDGE_LOOP('',(#9197,#9232,#9260,#9288));
#9197 = ORIENTED_EDGE('',*,*,#9198,.F.);
#9198 = EDGE_CURVE('',#9199,#9201,#9203,.T.);
#9199 = VERTEX_POINT('',#9200);
#9200 = CARTESIAN_POINT('',(-136.,225.41387626418,39.522989290108));
#9201 = VERTEX_POINT('',#9202);
#9202 = CARTESIAN_POINT('',(-136.,245.55080830504,71.748816944052));
#9203 = SURFACE_CURVE('',#9204,(#9208,#9220),.PCURVE_S1.);
#9204 = LINE('',#9205,#9206);
#9205 = CARTESIAN_POINT('',(-136.,225.41387626418,39.522989290108));
#9206 = VECTOR('',#9207,1.);
#9207 = DIRECTION('',(0.,0.529919264233,0.848048096156));
#9208 = PCURVE('',#9209,#9214);
#9209 = PLANE('',#9210);
#9210 = AXIS2_PLACEMENT_3D('',#9211,#9212,#9213);
#9211 = CARTESIAN_POINT('',(-136.,225.41387626418,39.522989290108));
#9212 = DIRECTION('',(1.,0.,0.));
#9213 = DIRECTION('',(0.,0.529919264233,0.848048096156));
#9214 = DEFINITIONAL_REPRESENTATION('',(#9215),#9219);
#9215 = LINE('',#9216,#9217);
#9216 = CARTESIAN_POINT('',(0.,0.));
#9217 = VECTOR('',#9218,1.);
#9218 = DIRECTION('',(1.,0.));
#9219 = ( GEOMETRIC_REPRESENTATION_CONTEXT(2) 
PARAMETRIC_REPRESENTATION_CONTEXT() REPRESENTATION_CONTEXT('2D SPACE',''
  ) );
#9220 = PCURVE('',#9221,#9226);
#9221 = PLANE('',#9222);
#9222 = AXIS2_PLACEMENT_3D('',#9223,#9224,#9225);
#9223 = CARTESIAN_POINT('',(-136.,225.41387626418,39.522989290108));
#9224 = DIRECTION('',(0.,0.848048096156,-0.529919264233));
#9225 = DIRECTION('',(0.,0.529919264233,0.848048096156));
#9226 = DEFINITIONAL_REPRESENTATION('',(#9227),#9231);
#9227 = LINE('',#9228,#9229);
#9228 = CARTESIAN_POINT('',(0.,0.));
#9229 = VECTOR('',#9230,1.);
#9230 = DIRECTION('',(1.,0.));
#9231 = ( GEOMETRIC_REPRESENTATION_CONTEXT(2) 
PARAMETRIC_REPRESENTATION_CONTEXT() REPRESENTATION_CONTEXT('2D SPACE',''
  ) );
#9232 = ORIENTED_EDGE('',*,*,#9233,.T.);
#9233 = EDGE_CURVE('',#9199,#9234,#9236,.T.);
#9234 = VERTEX_POINT('',#9235);
#9235 = CARTESIAN_POINT('',(-136.,227.44919169495,38.251183055948));
#9236 = SURFACE_CURVE('',#9237,(#9241,#9248),.PCURVE_S1.);
#9237 = LINE('',#9238,#9239);
#9238 = CARTESIAN_POINT('',(-136.,225.41387626418,39.522989290108));
#9239 = VECTOR('',#9240,1.);
#9240 = DIRECTION('',(0.,0.848048096156,-0.529919264233));
#9241 = PCURVE('',#9209,#9242);
#9242 = DEFINITIONAL_REPRESENTATION('',(#9243),#9247);
#9243 = LINE('',#9244,#9245);
#9244 = CARTESIAN_POINT('',(0.,0.));
#9245 = VECTOR('',#9246,1.);
#9246 = DIRECTION('',(0.,-1.));
#9247 = ( GEOMETRIC_REPRESENTATION_CONTEXT(2) 
PARAMETRIC_REPRESENTATION_CONTEXT() REPRESENTATION_CONTEXT('2D SPACE',''
  ) );
#9248 = PCURVE('',#9249,#9254);
#9249 = PLANE('',#9250);
#9250 = AXIS2_PLACEMENT_3D('',#9251,#9252,#9253);
#9251 = CARTESIAN_POINT('',(-136.,225.41387626418,39.522989290108));
#9252 = DIRECTION('',(0.,0.529919264233,0.848048096156));
#9253 = DIRECTION('',(1.,0.,0.));
#9254 = DEFINITIONAL_REPRESENTATION('',(#9255),#9259);
#9255 = LINE('',#9256,#9257);
#9256 = CARTESIAN_POINT('',(0.,0.));
#9257 = VECTOR('',#9258,1.);
#9258 = DIRECTION('',(0.,1.));
#9259 = ( GEOMETRIC_REPRESENTATION_CONTEXT(2) 
PARAMETRIC_REPRESENTATION_CONTEXT() REPRESENTATION_CONTEXT('2D SPACE',''
  ) );
#9260 = ORIENTED_EDGE('',*,*,#9261,.T.);
#9261 = EDGE_CURVE('',#9234,#9262,#9264,.T.);
#9262 = VERTEX_POINT('',#9263);
#9263 = CARTESIAN_POINT('',(-136.,247.58612373581,70.477010709892));
#9264 = SURFACE_CURVE('',#9265,(#9269,#9276),.PCURVE_S1.);
#9265 = LINE('',#9266,#9267);
#9266 = CARTESIAN_POINT('',(-136.,227.44919169495,38.251183055948));
#9267 = VECTOR('',#9268,1.);
#9268 = DIRECTION('',(0.,0.529919264233,0.848048096156));
#9269 = PCURVE('',#9209,#9270);
#9270 = DEFINITIONAL_REPRESENTATION('',(#9271),#9275);
#9271 = LINE('',#9272,#9273);
#9272 = CARTESIAN_POINT('',(3.330669073875E-15,-2.4));
#9273 = VECTOR('',#9274,1.);
#9274 = DIRECTION('',(1.,0.));
#9275 = ( GEOMETRIC_REPRESENTATION_CONTEXT(2) 
PARAMETRIC_REPRESENTATION_CONTEXT() REPRESENTATION_CONTEXT('2D SPACE',''
  ) );
#9276 = PCURVE('',#9277,#9282);
#9277 = PLANE('',#9278);
#9278 = AXIS2_PLACEMENT_3D('',#9279,#9280,#9281);
#9279 = CARTESIAN_POINT('',(-136.,227.44919169495,38.251183055948));
#9280 = DIRECTION('',(0.,0.848048096156,-0.529919264233));
#9281 = DIRECTION('',(0.,0.529919264233,0.848048096156));
#9282 = DEFINITIONAL_REPRESENTATION('',(#9283),#9287);
#9283 = LINE('',#9284,#9285);
#9284 = CARTESIAN_POINT('',(0.,0.));
#9285 = VECTOR('',#9286,1.);
#9286 = DIRECTION('',(1.,0.));
#9287 = ( GEOMETRIC_REPRESENTATION_CONTEXT(2) 
PARAMETRIC_REPRESENTATION_CONTEXT() REPRESENTATION_CONTEXT('2D SPACE',''
  ) );
#9288 = ORIENTED_EDGE('',*,*,#9289,.F.);
#9289 = EDGE_CURVE('',#9201,#9262,#9290,.T.);
#9290 = SURFACE_CURVE('',#9291,(#9295,#9302),.PCURVE_S1.);
#9291 = LINE('',#9292,#9293);
#9292 = CARTESIAN_POINT('',(-136.,245.55080830504,71.748816944052));
#9293 = VECTOR('',#9294,1.);
#9294 = DIRECTION('',(0.,0.848048096156,-0.529919264233));
#9295 = PCURVE('',#9209,#9296);
#9296 = DEFINITIONAL_REPRESENTATION('',(#9297),#9301);
#9297 = LINE('',#9298,#9299);
#9298 = CARTESIAN_POINT('',(38.,3.552713678801E-15));
#9299 = VECTOR('',#9300,1.);
#9300 = DIRECTION('',(0.,-1.));
#9301 = ( GEOMETRIC_REPRESENTATION_CONTEXT(2) 
PARAMETRIC_REPRESENTATION_CONTEXT() REPRESENTATION_CONTEXT('2D SPACE',''
  ) );
#9302 = PCURVE('',#9303,#9308);
#9303 = PLANE('',#9304);
#9304 = AXIS2_PLACEMENT_3D('',#9305,#9306,#9307);
#9305 = CARTESIAN_POINT('',(-136.,245.55080830504,71.748816944052));
#9306 = DIRECTION('',(0.,0.529919264233,0.848048096156));
#9307 = DIRECTION('',(1.,0.,0.));
#9308 = DEFINITIONAL_REPRESENTATION('',(#9309),#9313);
#9309 = LINE('',#9310,#9311);
#9310 = CARTESIAN_POINT('',(0.,0.));
#9311 = VECTOR('',#9312,1.);
#9312 = DIRECTION('',(0.,1.));
#9313 = ( GEOMETRIC_REPRESENTATION_CONTEXT(2) 
PARAMETRIC_REPRESENTATION_CONTEXT() REPRESENTATION_CONTEXT('2D SPACE',''
  ) );
#9314 = ADVANCED_FACE('',(#9315),#9329,.T.);
#9315 = FACE_BOUND('',#9316,.T.);
#9316 = EDGE_LOOP('',(#9317,#9347,#9370,#9393));
#9317 = ORIENTED_EDGE('',*,*,#9318,.F.);
#9318 = EDGE_CURVE('',#9319,#9321,#9323,.T.);
#9319 = VERTEX_POINT('',#9320);
#9320 = CARTESIAN_POINT('',(136.,225.41387626418,39.522989290108));
#9321 = VERTEX_POINT('',#9322);
#9322 = CARTESIAN_POINT('',(136.,245.55080830504,71.748816944052));
#9323 = SURFACE_CURVE('',#9324,(#9328,#9340),.PCURVE_S1.);
#9324 = LINE('',#9325,#9326);
#9325 = CARTESIAN_POINT('',(136.,225.41387626418,39.522989290108));
#9326 = VECTOR('',#9327,1.);
#9327 = DIRECTION('',(0.,0.529919264233,0.848048096156));
#9328 = PCURVE('',#9329,#9334);
#9329 = PLANE('',#9330);
#9330 = AXIS2_PLACEMENT_3D('',#9331,#9332,#9333);
#9331 = CARTESIAN_POINT('',(136.,225.41387626418,39.522989290108));
#9332 = DIRECTION('',(1.,0.,0.));
#9333 = DIRECTION('',(0.,0.529919264233,0.848048096156));
#9334 = DEFINITIONAL_REPRESENTATION('',(#9335),#9339);
#9335 = LINE('',#9336,#9337);
#9336 = CARTESIAN_POINT('',(0.,0.));
#9337 = VECTOR('',#9338,1.);
#9338 = DIRECTION('',(1.,0.));
#9339 = ( GEOMETRIC_REPRESENTATION_CONTEXT(2) 
PARAMETRIC_REPRESENTATION_CONTEXT() REPRESENTATION_CONTEXT('2D SPACE',''
  ) );
#9340 = PCURVE('',#9221,#9341);
#9341 = DEFINITIONAL_REPRESENTATION('',(#9342),#9346);
#9342 = LINE('',#9343,#9344);
#9343 = CARTESIAN_POINT('',(0.,272.));
#9344 = VECTOR('',#9345,1.);
#9345 = DIRECTION('',(1.,0.));
#9346 = ( GEOMETRIC_REPRESENTATION_CONTEXT(2) 
PARAMETRIC_REPRESENTATION_CONTEXT() REPRESENTATION_CONTEXT('2D SPACE',''
  ) );
#9347 = ORIENTED_EDGE('',*,*,#9348,.T.);
#9348 = EDGE_CURVE('',#9319,#9349,#9351,.T.);
#9349 = VERTEX_POINT('',#9350);
#9350 = CARTESIAN_POINT('',(136.,227.44919169495,38.251183055948));
#9351 = SURFACE_CURVE('',#9352,(#9356,#9363),.PCURVE_S1.);
#9352 = LINE('',#9353,#9354);
#9353 = CARTESIAN_POINT('',(136.,225.41387626418,39.522989290108));
#9354 = VECTOR('',#9355,1.);
#9355 = DIRECTION('',(0.,0.848048096156,-0.529919264233));
#9356 = PCURVE('',#9329,#9357);
#9357 = DEFINITIONAL_REPRESENTATION('',(#9358),#9362);
#9358 = LINE('',#9359,#9360);
#9359 = CARTESIAN_POINT('',(0.,0.));
#9360 = VECTOR('',#9361,1.);
#9361 = DIRECTION('',(0.,-1.));
#9362 = ( GEOMETRIC_REPRESENTATION_CONTEXT(2) 
PARAMETRIC_REPRESENTATION_CONTEXT() REPRESENTATION_CONTEXT('2D SPACE',''
  ) );
#9363 = PCURVE('',#9249,#9364);
#9364 = DEFINITIONAL_REPRESENTATION('',(#9365),#9369);
#9365 = LINE('',#9366,#9367);
#9366 = CARTESIAN_POINT('',(272.,0.));
#9367 = VECTOR('',#9368,1.);
#9368 = DIRECTION('',(0.,1.));
#9369 = ( GEOMETRIC_REPRESENTATION_CONTEXT(2) 
PARAMETRIC_REPRESENTATION_CONTEXT() REPRESENTATION_CONTEXT('2D SPACE',''
  ) );
#9370 = ORIENTED_EDGE('',*,*,#9371,.T.);
#9371 = EDGE_CURVE('',#9349,#9372,#9374,.T.);
#9372 = VERTEX_POINT('',#9373);
#9373 = CARTESIAN_POINT('',(136.,247.58612373581,70.477010709892));
#9374 = SURFACE_CURVE('',#9375,(#9379,#9386),.PCURVE_S1.);
#9375 = LINE('',#9376,#9377);
#9376 = CARTESIAN_POINT('',(136.,227.44919169495,38.251183055948));
#9377 = VECTOR('',#9378,1.);
#9378 = DIRECTION('',(0.,0.529919264233,0.848048096156));
#9379 = PCURVE('',#9329,#9380);
#9380 = DEFINITIONAL_REPRESENTATION('',(#9381),#9385);
#9381 = LINE('',#9382,#9383);
#9382 = CARTESIAN_POINT('',(3.330669073875E-15,-2.4));
#9383 = VECTOR('',#9384,1.);
#9384 = DIRECTION('',(1.,0.));
#9385 = ( GEOMETRIC_REPRESENTATION_CONTEXT(2) 
PARAMETRIC_REPRESENTATION_CONTEXT() REPRESENTATION_CONTEXT('2D SPACE',''
  ) );
#9386 = PCURVE('',#9277,#9387);
#9387 = DEFINITIONAL_REPRESENTATION('',(#9388),#9392);
#9388 = LINE('',#9389,#9390);
#9389 = CARTESIAN_POINT('',(0.,272.));
#9390 = VECTOR('',#9391,1.);
#9391 = DIRECTION('',(1.,0.));
#9392 = ( GEOMETRIC_REPRESENTATION_CONTEXT(2) 
PARAMETRIC_REPRESENTATION_CONTEXT() REPRESENTATION_CONTEXT('2D SPACE',''
  ) );
#9393 = ORIENTED_EDGE('',*,*,#9394,.F.);
#9394 = EDGE_CURVE('',#9321,#9372,#9395,.T.);
#9395 = SURFACE_CURVE('',#9396,(#9400,#9407),.PCURVE_S1.);
#9396 = LINE('',#9397,#9398);
#9397 = CARTESIAN_POINT('',(136.,245.55080830504,71.748816944052));
#9398 = VECTOR('',#9399,1.);
#9399 = DIRECTION('',(0.,0.848048096156,-0.529919264233));
#9400 = PCURVE('',#9329,#9401);
#9401 = DEFINITIONAL_REPRESENTATION('',(#9402),#9406);
#9402 = LINE('',#9403,#9404);
#9403 = CARTESIAN_POINT('',(38.,3.552713678801E-15));
#9404 = VECTOR('',#9405,1.);
#9405 = DIRECTION('',(0.,-1.));
#9406 = ( GEOMETRIC_REPRESENTATION_CONTEXT(2) 
PARAMETRIC_REPRESENTATION_CONTEXT() REPRESENTATION_CONTEXT('2D SPACE',''
  ) );
#9407 = PCURVE('',#9303,#9408);
#9408 = DEFINITIONAL_REPRESENTATION('',(#9409),#9413);
#9409 = LINE('',#9410,#9411);
#9410 = CARTESIAN_POINT('',(272.,0.));
#9411 = VECTOR('',#9412,1.);
#9412 = DIRECTION('',(0.,1.));
#9413 = ( GEOMETRIC_REPRESENTATION_CONTEXT(2) 
PARAMETRIC_REPRESENTATION_CONTEXT() REPRESENTATION_CONTEXT('2D SPACE',''
  ) );
#9414 = ADVANCED_FACE('',(#9415),#9221,.F.);
#9415 = FACE_BOUND('',#9416,.F.);
#9416 = EDGE_LOOP('',(#9417,#9438,#9439,#9460));
#9417 = ORIENTED_EDGE('',*,*,#9418,.F.);
#9418 = EDGE_CURVE('',#9199,#9319,#9419,.T.);
#9419 = SURFACE_CURVE('',#9420,(#9424,#9431),.PCURVE_S1.);
#9420 = LINE('',#9421,#9422);
#9421 = CARTESIAN_POINT('',(-136.,225.41387626418,39.522989290108));
#9422 = VECTOR('',#9423,1.);
#9423 = DIRECTION('',(1.,0.,0.));
#9424 = PCURVE('',#9221,#9425);
#9425 = DEFINITIONAL_REPRESENTATION('',(#9426),#9430);
#9426 = LINE('',#9427,#9428);
#9427 = CARTESIAN_POINT('',(0.,0.));
#9428 = VECTOR('',#9429,1.);
#9429 = DIRECTION('',(0.,1.));
#9430 = ( GEOMETRIC_REPRESENTATION_CONTEXT(2) 
PARAMETRIC_REPRESENTATION_CONTEXT() REPRESENTATION_CONTEXT('2D SPACE',''
  ) );
#9431 = PCURVE('',#9249,#9432);
#9432 = DEFINITIONAL_REPRESENTATION('',(#9433),#9437);
#9433 = LINE('',#9434,#9435);
#9434 = CARTESIAN_POINT('',(0.,0.));
#9435 = VECTOR('',#9436,1.);
#9436 = DIRECTION('',(1.,0.));
#9437 = ( GEOMETRIC_REPRESENTATION_CONTEXT(2) 
PARAMETRIC_REPRESENTATION_CONTEXT() REPRESENTATION_CONTEXT('2D SPACE',''
  ) );
#9438 = ORIENTED_EDGE('',*,*,#9198,.T.);
#9439 = ORIENTED_EDGE('',*,*,#9440,.T.);
#9440 = EDGE_CURVE('',#9201,#9321,#9441,.T.);
#9441 = SURFACE_CURVE('',#9442,(#9446,#9453),.PCURVE_S1.);
#9442 = LINE('',#9443,#9444);
#9443 = CARTESIAN_POINT('',(-136.,245.55080830504,71.748816944052));
#9444 = VECTOR('',#9445,1.);
#9445 = DIRECTION('',(1.,0.,0.));
#9446 = PCURVE('',#9221,#9447);
#9447 = DEFINITIONAL_REPRESENTATION('',(#9448),#9452);
#9448 = LINE('',#9449,#9450);
#9449 = CARTESIAN_POINT('',(38.,0.));
#9450 = VECTOR('',#9451,1.);
#9451 = DIRECTION('',(0.,1.));
#9452 = ( GEOMETRIC_REPRESENTATION_CONTEXT(2) 
PARAMETRIC_REPRESENTATION_CONTEXT() REPRESENTATION_CONTEXT('2D SPACE',''
  ) );
#9453 = PCURVE('',#9303,#9454);
#9454 = DEFINITIONAL_REPRESENTATION('',(#9455),#9459);
#9455 = LINE('',#9456,#9457);
#9456 = CARTESIAN_POINT('',(0.,0.));
#9457 = VECTOR('',#9458,1.);
#9458 = DIRECTION('',(1.,0.));
#9459 = ( GEOMETRIC_REPRESENTATION_CONTEXT(2) 
PARAMETRIC_REPRESENTATION_CONTEXT() REPRESENTATION_CONTEXT('2D SPACE',''
  ) );
#9460 = ORIENTED_EDGE('',*,*,#9318,.F.);
#9461 = ADVANCED_FACE('',(#9462),#9277,.T.);
#9462 = FACE_BOUND('',#9463,.T.);
#9463 = EDGE_LOOP('',(#9464,#9485,#9486,#9507));
#9464 = ORIENTED_EDGE('',*,*,#9465,.F.);
#9465 = EDGE_CURVE('',#9234,#9349,#9466,.T.);
#9466 = SURFACE_CURVE('',#9467,(#9471,#9478),.PCURVE_S1.);
#9467 = LINE('',#9468,#9469);
#9468 = CARTESIAN_POINT('',(-136.,227.44919169495,38.251183055948));
#9469 = VECTOR('',#9470,1.);
#9470 = DIRECTION('',(1.,0.,0.));
#9471 = PCURVE('',#9277,#9472);
#9472 = DEFINITIONAL_REPRESENTATION('',(#9473),#9477);
#9473 = LINE('',#9474,#9475);
#9474 = CARTESIAN_POINT('',(0.,0.));
#9475 = VECTOR('',#9476,1.);
#9476 = DIRECTION('',(0.,1.));
#9477 = ( GEOMETRIC_REPRESENTATION_CONTEXT(2) 
PARAMETRIC_REPRESENTATION_CONTEXT() REPRESENTATION_CONTEXT('2D SPACE',''
  ) );
#9478 = PCURVE('',#9249,#9479);
#9479 = DEFINITIONAL_REPRESENTATION('',(#9480),#9484);
#9480 = LINE('',#9481,#9482);
#9481 = CARTESIAN_POINT('',(0.,2.4));
#9482 = VECTOR('',#9483,1.);
#9483 = DIRECTION('',(1.,0.));
#9484 = ( GEOMETRIC_REPRESENTATION_CONTEXT(2) 
PARAMETRIC_REPRESENTATION_CONTEXT() REPRESENTATION_CONTEXT('2D SPACE',''
  ) );
#9485 = ORIENTED_EDGE('',*,*,#9261,.T.);
#9486 = ORIENTED_EDGE('',*,*,#9487,.T.);
#9487 = EDGE_CURVE('',#9262,#9372,#9488,.T.);
#9488 = SURFACE_CURVE('',#9489,(#9493,#9500),.PCURVE_S1.);
#9489 = LINE('',#9490,#9491);
#9490 = CARTESIAN_POINT('',(-136.,247.58612373581,70.477010709892));
#9491 = VECTOR('',#9492,1.);
#9492 = DIRECTION('',(1.,0.,0.));
#9493 = PCURVE('',#9277,#9494);
#9494 = DEFINITIONAL_REPRESENTATION('',(#9495),#9499);
#9495 = LINE('',#9496,#9497);
#9496 = CARTESIAN_POINT('',(38.,0.));
#9497 = VECTOR('',#9498,1.);
#9498 = DIRECTION('',(0.,1.));
#9499 = ( GEOMETRIC_REPRESENTATION_CONTEXT(2) 
PARAMETRIC_REPRESENTATION_CONTEXT() REPRESENTATION_CONTEXT('2D SPACE',''
  ) );
#9500 = PCURVE('',#9303,#9501);
#9501 = DEFINITIONAL_REPRESENTATION('',(#9502),#9506);
#9502 = LINE('',#9503,#9504);
#9503 = CARTESIAN_POINT('',(0.,2.4));
#9504 = VECTOR('',#9505,1.);
#9505 = DIRECTION('',(1.,0.));
#9506 = ( GEOMETRIC_REPRESENTATION_CONTEXT(2) 
PARAMETRIC_REPRESENTATION_CONTEXT() REPRESENTATION_CONTEXT('2D SPACE',''
  ) );
#9507 = ORIENTED_EDGE('',*,*,#9371,.F.);
#9508 = ADVANCED_FACE('',(#9509),#9249,.F.);
#9509 = FACE_BOUND('',#9510,.F.);
#9510 = EDGE_LOOP('',(#9511,#9512,#9513,#9514));
#9511 = ORIENTED_EDGE('',*,*,#9233,.F.);
#9512 = ORIENTED_EDGE('',*,*,#9418,.T.);
#9513 = ORIENTED_EDGE('',*,*,#9348,.T.);
#9514 = ORIENTED_EDGE('',*,*,#9465,.F.);
#9515 = ADVANCED_FACE('',(#9516),#9303,.T.);
#9516 = FACE_BOUND('',#9517,.T.);
#9517 = EDGE_LOOP('',(#9518,#9519,#9520,#9521));
#9518 = ORIENTED_EDGE('',*,*,#9289,.F.);
#9519 = ORIENTED_EDGE('',*,*,#9440,.T.);
#9520 = ORIENTED_EDGE('',*,*,#9394,.T.);
#9521 = ORIENTED_EDGE('',*,*,#9487,.F.);
#9522 = MANIFOLD_SOLID_BREP('',#9523);
#9523 = CLOSED_SHELL('',(#9524,#9644,#9744,#9791,#9838,#9845));
#9524 = ADVANCED_FACE('',(#9525),#9539,.F.);
#9525 = FACE_BOUND('',#9526,.F.);
#9526 = EDGE_LOOP('',(#9527,#9562,#9590,#9618));
#9527 = ORIENTED_EDGE('',*,*,#9528,.F.);
#9528 = EDGE_CURVE('',#9529,#9531,#9533,.T.);
#9529 = VERTEX_POINT('',#9530);
#9530 = CARTESIAN_POINT('',(-136.,242.41387626418,39.522989290108));
#9531 = VERTEX_POINT('',#9532);
#9532 = CARTESIAN_POINT('',(-136.,262.55080830504,71.748816944052));
#9533 = SURFACE_CURVE('',#9534,(#9538,#9550),.PCURVE_S1.);
#9534 = LINE('',#9535,#9536);
#9535 = CARTESIAN_POINT('',(-136.,242.41387626418,39.522989290108));
#9536 = VECTOR('',#9537,1.);
#9537 = DIRECTION('',(0.,0.529919264233,0.848048096156));
#9538 = PCURVE('',#9539,#9544);
#9539 = PLANE('',#9540);
#9540 = AXIS2_PLACEMENT_3D('',#9541,#9542,#9543);
#9541 = CARTESIAN_POINT('',(-136.,242.41387626418,39.522989290108));
#9542 = DIRECTION('',(1.,0.,0.));
#9543 = DIRECTION('',(0.,0.529919264233,0.848048096156));
#9544 = DEFINITIONAL_REPRESENTATION('',(#9545),#9549);
#9545 = LINE('',#9546,#9547);
#9546 = CARTESIAN_POINT('',(0.,0.));
#9547 = VECTOR('',#9548,1.);
#9548 = DIRECTION('',(1.,0.));
#9549 = ( GEOMETRIC_REPRESENTATION_CONTEXT(2) 
PARAMETRIC_REPRESENTATION_CONTEXT() REPRESENTATION_CONTEXT('2D SPACE',''
  ) );
#9550 = PCURVE('',#9551,#9556);
#9551 = PLANE('',#9552);
#9552 = AXIS2_PLACEMENT_3D('',#9553,#9554,#9555);
#9553 = CARTESIAN_POINT('',(-136.,242.41387626418,39.522989290108));
#9554 = DIRECTION('',(0.,0.848048096156,-0.529919264233));
#9555 = DIRECTION('',(0.,0.529919264233,0.848048096156));
#9556 = DEFINITIONAL_REPRESENTATION('',(#9557),#9561);
#9557 = LINE('',#9558,#9559);
#9558 = CARTESIAN_POINT('',(0.,0.));
#9559 = VECTOR('',#9560,1.);
#9560 = DIRECTION('',(1.,0.));
#9561 = ( GEOMETRIC_REPRESENTATION_CONTEXT(2) 
PARAMETRIC_REPRESENTATION_CONTEXT() REPRESENTATION_CONTEXT('2D SPACE',''
  ) );
#9562 = ORIENTED_EDGE('',*,*,#9563,.T.);
#9563 = EDGE_CURVE('',#9529,#9564,#9566,.T.);
#9564 = VERTEX_POINT('',#9565);
#9565 = CARTESIAN_POINT('',(-136.,244.44919169495,38.251183055948));
#9566 = SURFACE_CURVE('',#9567,(#9571,#9578),.PCURVE_S1.);
#9567 = LINE('',#9568,#9569);
#9568 = CARTESIAN_POINT('',(-136.,242.41387626418,39.522989290108));
#9569 = VECTOR('',#9570,1.);
#9570 = DIRECTION('',(0.,0.848048096156,-0.529919264233));
#9571 = PCURVE('',#9539,#9572);
#9572 = DEFINITIONAL_REPRESENTATION('',(#9573),#9577);
#9573 = LINE('',#9574,#9575);
#9574 = CARTESIAN_POINT('',(0.,0.));
#9575 = VECTOR('',#9576,1.);
#9576 = DIRECTION('',(0.,-1.));
#9577 = ( GEOMETRIC_REPRESENTATION_CONTEXT(2) 
PARAMETRIC_REPRESENTATION_CONTEXT() REPRESENTATION_CONTEXT('2D SPACE',''
  ) );
#9578 = PCURVE('',#9579,#9584);
#9579 = PLANE('',#9580);
#9580 = AXIS2_PLACEMENT_3D('',#9581,#9582,#9583);
#9581 = CARTESIAN_POINT('',(-136.,242.41387626418,39.522989290108));
#9582 = DIRECTION('',(0.,0.529919264233,0.848048096156));
#9583 = DIRECTION('',(1.,0.,0.));
#9584 = DEFINITIONAL_REPRESENTATION('',(#9585),#9589);
#9585 = LINE('',#9586,#9587);
#9586 = CARTESIAN_POINT('',(0.,0.));
#9587 = VECTOR('',#9588,1.);
#9588 = DIRECTION('',(0.,1.));
#9589 = ( GEOMETRIC_REPRESENTATION_CONTEXT(2) 
PARAMETRIC_REPRESENTATION_CONTEXT() REPRESENTATION_CONTEXT('2D SPACE',''
  ) );
#9590 = ORIENTED_EDGE('',*,*,#9591,.T.);
#9591 = EDGE_CURVE('',#9564,#9592,#9594,.T.);
#9592 = VERTEX_POINT('',#9593);
#9593 = CARTESIAN_POINT('',(-136.,264.58612373581,70.477010709892));
#9594 = SURFACE_CURVE('',#9595,(#9599,#9606),.PCURVE_S1.);
#9595 = LINE('',#9596,#9597);
#9596 = CARTESIAN_POINT('',(-136.,244.44919169495,38.251183055948));
#9597 = VECTOR('',#9598,1.);
#9598 = DIRECTION('',(0.,0.529919264233,0.848048096156));
#9599 = PCURVE('',#9539,#9600);
#9600 = DEFINITIONAL_REPRESENTATION('',(#9601),#9605);
#9601 = LINE('',#9602,#9603);
#9602 = CARTESIAN_POINT('',(3.330669073875E-15,-2.4));
#9603 = VECTOR('',#9604,1.);
#9604 = DIRECTION('',(1.,0.));
#9605 = ( GEOMETRIC_REPRESENTATION_CONTEXT(2) 
PARAMETRIC_REPRESENTATION_CONTEXT() REPRESENTATION_CONTEXT('2D SPACE',''
  ) );
#9606 = PCURVE('',#9607,#9612);
#9607 = PLANE('',#9608);
#9608 = AXIS2_PLACEMENT_3D('',#9609,#9610,#9611);
#9609 = CARTESIAN_POINT('',(-136.,244.44919169495,38.251183055948));
#9610 = DIRECTION('',(0.,0.848048096156,-0.529919264233));
#9611 = DIRECTION('',(0.,0.529919264233,0.848048096156));
#9612 = DEFINITIONAL_REPRESENTATION('',(#9613),#9617);
#9613 = LINE('',#9614,#9615);
#9614 = CARTESIAN_POINT('',(0.,0.));
#9615 = VECTOR('',#9616,1.);
#9616 = DIRECTION('',(1.,0.));
#9617 = ( GEOMETRIC_REPRESENTATION_CONTEXT(2) 
PARAMETRIC_REPRESENTATION_CONTEXT() REPRESENTATION_CONTEXT('2D SPACE',''
  ) );
#9618 = ORIENTED_EDGE('',*,*,#9619,.F.);
#9619 = EDGE_CURVE('',#9531,#9592,#9620,.T.);
#9620 = SURFACE_CURVE('',#9621,(#9625,#9632),.PCURVE_S1.);
#9621 = LINE('',#9622,#9623);
#9622 = CARTESIAN_POINT('',(-136.,262.55080830504,71.748816944052));
#9623 = VECTOR('',#9624,1.);
#9624 = DIRECTION('',(0.,0.848048096156,-0.529919264233));
#9625 = PCURVE('',#9539,#9626);
#9626 = DEFINITIONAL_REPRESENTATION('',(#9627),#9631);
#9627 = LINE('',#9628,#9629);
#9628 = CARTESIAN_POINT('',(38.,3.552713678801E-15));
#9629 = VECTOR('',#9630,1.);
#9630 = DIRECTION('',(0.,-1.));
#9631 = ( GEOMETRIC_REPRESENTATION_CONTEXT(2) 
PARAMETRIC_REPRESENTATION_CONTEXT() REPRESENTATION_CONTEXT('2D SPACE',''
  ) );
#9632 = PCURVE('',#9633,#9638);
#9633 = PLANE('',#9634);
#9634 = AXIS2_PLACEMENT_3D('',#9635,#9636,#9637);
#9635 = CARTESIAN_POINT('',(-136.,262.55080830504,71.748816944052));
#9636 = DIRECTION('',(0.,0.529919264233,0.848048096156));
#9637 = DIRECTION('',(1.,0.,0.));
#9638 = DEFINITIONAL_REPRESENTATION('',(#9639),#9643);
#9639 = LINE('',#9640,#9641);
#9640 = CARTESIAN_POINT('',(0.,0.));
#9641 = VECTOR('',#9642,1.);
#9642 = DIRECTION('',(0.,1.));
#9643 = ( GEOMETRIC_REPRESENTATION_CONTEXT(2) 
PARAMETRIC_REPRESENTATION_CONTEXT() REPRESENTATION_CONTEXT('2D SPACE',''
  ) );
#9644 = ADVANCED_FACE('',(#9645),#9659,.T.);
#9645 = FACE_BOUND('',#9646,.T.);
#9646 = EDGE_LOOP('',(#9647,#9677,#9700,#9723));
#9647 = ORIENTED_EDGE('',*,*,#9648,.F.);
#9648 = EDGE_CURVE('',#9649,#9651,#9653,.T.);
#9649 = VERTEX_POINT('',#9650);
#9650 = CARTESIAN_POINT('',(136.,242.41387626418,39.522989290108));
#9651 = VERTEX_POINT('',#9652);
#9652 = CARTESIAN_POINT('',(136.,262.55080830504,71.748816944052));
#9653 = SURFACE_CURVE('',#9654,(#9658,#9670),.PCURVE_S1.);
#9654 = LINE('',#9655,#9656);
#9655 = CARTESIAN_POINT('',(136.,242.41387626418,39.522989290108));
#9656 = VECTOR('',#9657,1.);
#9657 = DIRECTION('',(0.,0.529919264233,0.848048096156));
#9658 = PCURVE('',#9659,#9664);
#9659 = PLANE('',#9660);
#9660 = AXIS2_PLACEMENT_3D('',#9661,#9662,#9663);
#9661 = CARTESIAN_POINT('',(136.,242.41387626418,39.522989290108));
#9662 = DIRECTION('',(1.,0.,0.));
#9663 = DIRECTION('',(0.,0.529919264233,0.848048096156));
#9664 = DEFINITIONAL_REPRESENTATION('',(#9665),#9669);
#9665 = LINE('',#9666,#9667);
#9666 = CARTESIAN_POINT('',(0.,0.));
#9667 = VECTOR('',#9668,1.);
#9668 = DIRECTION('',(1.,0.));
#9669 = ( GEOMETRIC_REPRESENTATION_CONTEXT(2) 
PARAMETRIC_REPRESENTATION_CONTEXT() REPRESENTATION_CONTEXT('2D SPACE',''
  ) );
#9670 = PCURVE('',#9551,#9671);
#9671 = DEFINITIONAL_REPRESENTATION('',(#9672),#9676);
#9672 = LINE('',#9673,#9674);
#9673 = CARTESIAN_POINT('',(0.,272.));
#9674 = VECTOR('',#9675,1.);
#9675 = DIRECTION('',(1.,0.));
#9676 = ( GEOMETRIC_REPRESENTATION_CONTEXT(2) 
PARAMETRIC_REPRESENTATION_CONTEXT() REPRESENTATION_CONTEXT('2D SPACE',''
  ) );
#9677 = ORIENTED_EDGE('',*,*,#9678,.T.);
#9678 = EDGE_CURVE('',#9649,#9679,#9681,.T.);
#9679 = VERTEX_POINT('',#9680);
#9680 = CARTESIAN_POINT('',(136.,244.44919169495,38.251183055948));
#9681 = SURFACE_CURVE('',#9682,(#9686,#9693),.PCURVE_S1.);
#9682 = LINE('',#9683,#9684);
#9683 = CARTESIAN_POINT('',(136.,242.41387626418,39.522989290108));
#9684 = VECTOR('',#9685,1.);
#9685 = DIRECTION('',(0.,0.848048096156,-0.529919264233));
#9686 = PCURVE('',#9659,#9687);
#9687 = DEFINITIONAL_REPRESENTATION('',(#9688),#9692);
#9688 = LINE('',#9689,#9690);
#9689 = CARTESIAN_POINT('',(0.,0.));
#9690 = VECTOR('',#9691,1.);
#9691 = DIRECTION('',(0.,-1.));
#9692 = ( GEOMETRIC_REPRESENTATION_CONTEXT(2) 
PARAMETRIC_REPRESENTATION_CONTEXT() REPRESENTATION_CONTEXT('2D SPACE',''
  ) );
#9693 = PCURVE('',#9579,#9694);
#9694 = DEFINITIONAL_REPRESENTATION('',(#9695),#9699);
#9695 = LINE('',#9696,#9697);
#9696 = CARTESIAN_POINT('',(272.,0.));
#9697 = VECTOR('',#9698,1.);
#9698 = DIRECTION('',(0.,1.));
#9699 = ( GEOMETRIC_REPRESENTATION_CONTEXT(2) 
PARAMETRIC_REPRESENTATION_CONTEXT() REPRESENTATION_CONTEXT('2D SPACE',''
  ) );
#9700 = ORIENTED_EDGE('',*,*,#9701,.T.);
#9701 = EDGE_CURVE('',#9679,#9702,#9704,.T.);
#9702 = VERTEX_POINT('',#9703);
#9703 = CARTESIAN_POINT('',(136.,264.58612373581,70.477010709892));
#9704 = SURFACE_CURVE('',#9705,(#9709,#9716),.PCURVE_S1.);
#9705 = LINE('',#9706,#9707);
#9706 = CARTESIAN_POINT('',(136.,244.44919169495,38.251183055948));
#9707 = VECTOR('',#9708,1.);
#9708 = DIRECTION('',(0.,0.529919264233,0.848048096156));
#9709 = PCURVE('',#9659,#9710);
#9710 = DEFINITIONAL_REPRESENTATION('',(#9711),#9715);
#9711 = LINE('',#9712,#9713);
#9712 = CARTESIAN_POINT('',(3.330669073875E-15,-2.4));
#9713 = VECTOR('',#9714,1.);
#9714 = DIRECTION('',(1.,0.));
#9715 = ( GEOMETRIC_REPRESENTATION_CONTEXT(2) 
PARAMETRIC_REPRESENTATION_CONTEXT() REPRESENTATION_CONTEXT('2D SPACE',''
  ) );
#9716 = PCURVE('',#9607,#9717);
#9717 = DEFINITIONAL_REPRESENTATION('',(#9718),#9722);
#9718 = LINE('',#9719,#9720);
#9719 = CARTESIAN_POINT('',(0.,272.));
#9720 = VECTOR('',#9721,1.);
#9721 = DIRECTION('',(1.,0.));
#9722 = ( GEOMETRIC_REPRESENTATION_CONTEXT(2) 
PARAMETRIC_REPRESENTATION_CONTEXT() REPRESENTATION_CONTEXT('2D SPACE',''
  ) );
#9723 = ORIENTED_EDGE('',*,*,#9724,.F.);
#9724 = EDGE_CURVE('',#9651,#9702,#9725,.T.);
#9725 = SURFACE_CURVE('',#9726,(#9730,#9737),.PCURVE_S1.);
#9726 = LINE('',#9727,#9728);
#9727 = CARTESIAN_POINT('',(136.,262.55080830504,71.748816944052));
#9728 = VECTOR('',#9729,1.);
#9729 = DIRECTION('',(0.,0.848048096156,-0.529919264233));
#9730 = PCURVE('',#9659,#9731);
#9731 = DEFINITIONAL_REPRESENTATION('',(#9732),#9736);
#9732 = LINE('',#9733,#9734);
#9733 = CARTESIAN_POINT('',(38.,3.552713678801E-15));
#9734 = VECTOR('',#9735,1.);
#9735 = DIRECTION('',(0.,-1.));
#9736 = ( GEOMETRIC_REPRESENTATION_CONTEXT(2) 
PARAMETRIC_REPRESENTATION_CONTEXT() REPRESENTATION_CONTEXT('2D SPACE',''
  ) );
#9737 = PCURVE('',#9633,#9738);
#9738 = DEFINITIONAL_REPRESENTATION('',(#9739),#9743);
#9739 = LINE('',#9740,#9741);
#9740 = CARTESIAN_POINT('',(272.,0.));
#9741 = VECTOR('',#9742,1.);
#9742 = DIRECTION('',(0.,1.));
#9743 = ( GEOMETRIC_REPRESENTATION_CONTEXT(2) 
PARAMETRIC_REPRESENTATION_CONTEXT() REPRESENTATION_CONTEXT('2D SPACE',''
  ) );
#9744 = ADVANCED_FACE('',(#9745),#9551,.F.);
#9745 = FACE_BOUND('',#9746,.F.);
#9746 = EDGE_LOOP('',(#9747,#9768,#9769,#9790));
#9747 = ORIENTED_EDGE('',*,*,#9748,.F.);
#9748 = EDGE_CURVE('',#9529,#9649,#9749,.T.);
#9749 = SURFACE_CURVE('',#9750,(#9754,#9761),.PCURVE_S1.);
#9750 = LINE('',#9751,#9752);
#9751 = CARTESIAN_POINT('',(-136.,242.41387626418,39.522989290108));
#9752 = VECTOR('',#9753,1.);
#9753 = DIRECTION('',(1.,0.,0.));
#9754 = PCURVE('',#9551,#9755);
#9755 = DEFINITIONAL_REPRESENTATION('',(#9756),#9760);
#9756 = LINE('',#9757,#9758);
#9757 = CARTESIAN_POINT('',(0.,0.));
#9758 = VECTOR('',#9759,1.);
#9759 = DIRECTION('',(0.,1.));
#9760 = ( GEOMETRIC_REPRESENTATION_CONTEXT(2) 
PARAMETRIC_REPRESENTATION_CONTEXT() REPRESENTATION_CONTEXT('2D SPACE',''
  ) );
#9761 = PCURVE('',#9579,#9762);
#9762 = DEFINITIONAL_REPRESENTATION('',(#9763),#9767);
#9763 = LINE('',#9764,#9765);
#9764 = CARTESIAN_POINT('',(0.,0.));
#9765 = VECTOR('',#9766,1.);
#9766 = DIRECTION('',(1.,0.));
#9767 = ( GEOMETRIC_REPRESENTATION_CONTEXT(2) 
PARAMETRIC_REPRESENTATION_CONTEXT() REPRESENTATION_CONTEXT('2D SPACE',''
  ) );
#9768 = ORIENTED_EDGE('',*,*,#9528,.T.);
#9769 = ORIENTED_EDGE('',*,*,#9770,.T.);
#9770 = EDGE_CURVE('',#9531,#9651,#9771,.T.);
#9771 = SURFACE_CURVE('',#9772,(#9776,#9783),.PCURVE_S1.);
#9772 = LINE('',#9773,#9774);
#9773 = CARTESIAN_POINT('',(-136.,262.55080830504,71.748816944052));
#9774 = VECTOR('',#9775,1.);
#9775 = DIRECTION('',(1.,0.,0.));
#9776 = PCURVE('',#9551,#9777);
#9777 = DEFINITIONAL_REPRESENTATION('',(#9778),#9782);
#9778 = LINE('',#9779,#9780);
#9779 = CARTESIAN_POINT('',(38.,0.));
#9780 = VECTOR('',#9781,1.);
#9781 = DIRECTION('',(0.,1.));
#9782 = ( GEOMETRIC_REPRESENTATION_CONTEXT(2) 
PARAMETRIC_REPRESENTATION_CONTEXT() REPRESENTATION_CONTEXT('2D SPACE',''
  ) );
#9783 = PCURVE('',#9633,#9784);
#9784 = DEFINITIONAL_REPRESENTATION('',(#9785),#9789);
#9785 = LINE('',#9786,#9787);
#9786 = CARTESIAN_POINT('',(0.,0.));
#9787 = VECTOR('',#9788,1.);
#9788 = DIRECTION('',(1.,0.));
#9789 = ( GEOMETRIC_REPRESENTATION_CONTEXT(2) 
PARAMETRIC_REPRESENTATION_CONTEXT() REPRESENTATION_CONTEXT('2D SPACE',''
  ) );
#9790 = ORIENTED_EDGE('',*,*,#9648,.F.);
#9791 = ADVANCED_FACE('',(#9792),#9607,.T.);
#9792 = FACE_BOUND('',#9793,.T.);
#9793 = EDGE_LOOP('',(#9794,#9815,#9816,#9837));
#9794 = ORIENTED_EDGE('',*,*,#9795,.F.);
#9795 = EDGE_CURVE('',#9564,#9679,#9796,.T.);
#9796 = SURFACE_CURVE('',#9797,(#9801,#9808),.PCURVE_S1.);
#9797 = LINE('',#9798,#9799);
#9798 = CARTESIAN_POINT('',(-136.,244.44919169495,38.251183055948));
#9799 = VECTOR('',#9800,1.);
#9800 = DIRECTION('',(1.,0.,0.));
#9801 = PCURVE('',#9607,#9802);
#9802 = DEFINITIONAL_REPRESENTATION('',(#9803),#9807);
#9803 = LINE('',#9804,#9805);
#9804 = CARTESIAN_POINT('',(0.,0.));
#9805 = VECTOR('',#9806,1.);
#9806 = DIRECTION('',(0.,1.));
#9807 = ( GEOMETRIC_REPRESENTATION_CONTEXT(2) 
PARAMETRIC_REPRESENTATION_CONTEXT() REPRESENTATION_CONTEXT('2D SPACE',''
  ) );
#9808 = PCURVE('',#9579,#9809);
#9809 = DEFINITIONAL_REPRESENTATION('',(#9810),#9814);
#9810 = LINE('',#9811,#9812);
#9811 = CARTESIAN_POINT('',(0.,2.4));
#9812 = VECTOR('',#9813,1.);
#9813 = DIRECTION('',(1.,0.));
#9814 = ( GEOMETRIC_REPRESENTATION_CONTEXT(2) 
PARAMETRIC_REPRESENTATION_CONTEXT() REPRESENTATION_CONTEXT('2D SPACE',''
  ) );
#9815 = ORIENTED_EDGE('',*,*,#9591,.T.);
#9816 = ORIENTED_EDGE('',*,*,#9817,.T.);
#9817 = EDGE_CURVE('',#9592,#9702,#9818,.T.);
#9818 = SURFACE_CURVE('',#9819,(#9823,#9830),.PCURVE_S1.);
#9819 = LINE('',#9820,#9821);
#9820 = CARTESIAN_POINT('',(-136.,264.58612373581,70.477010709892));
#9821 = VECTOR('',#9822,1.);
#9822 = DIRECTION('',(1.,0.,0.));
#9823 = PCURVE('',#9607,#9824);
#9824 = DEFINITIONAL_REPRESENTATION('',(#9825),#9829);
#9825 = LINE('',#9826,#9827);
#9826 = CARTESIAN_POINT('',(38.,0.));
#9827 = VECTOR('',#9828,1.);
#9828 = DIRECTION('',(0.,1.));
#9829 = ( GEOMETRIC_REPRESENTATION_CONTEXT(2) 
PARAMETRIC_REPRESENTATION_CONTEXT() REPRESENTATION_CONTEXT('2D SPACE',''
  ) );
#9830 = PCURVE('',#9633,#9831);
#9831 = DEFINITIONAL_REPRESENTATION('',(#9832),#9836);
#9832 = LINE('',#9833,#9834);
#9833 = CARTESIAN_POINT('',(0.,2.4));
#9834 = VECTOR('',#9835,1.);
#9835 = DIRECTION('',(1.,0.));
#9836 = ( GEOMETRIC_REPRESENTATION_CONTEXT(2) 
PARAMETRIC_REPRESENTATION_CONTEXT() REPRESENTATION_CONTEXT('2D SPACE',''
  ) );
#9837 = ORIENTED_EDGE('',*,*,#9701,.F.);
#9838 = ADVANCED_FACE('',(#9839),#9579,.F.);
#9839 = FACE_BOUND('',#9840,.F.);
#9840 = EDGE_LOOP('',(#9841,#9842,#9843,#9844));
#9841 = ORIENTED_EDGE('',*,*,#9563,.F.);
#9842 = ORIENTED_EDGE('',*,*,#9748,.T.);
#9843 = ORIENTED_EDGE('',*,*,#9678,.T.);
#9844 = ORIENTED_EDGE('',*,*,#9795,.F.);
#9845 = ADVANCED_FACE('',(#9846),#9633,.T.);
#9846 = FACE_BOUND('',#9847,.T.);
#9847 = EDGE_LOOP('',(#9848,#9849,#9850,#9851));
#9848 = ORIENTED_EDGE('',*,*,#9619,.F.);
#9849 = ORIENTED_EDGE('',*,*,#9770,.T.);
#9850 = ORIENTED_EDGE('',*,*,#9724,.T.);
#9851 = ORIENTED_EDGE('',*,*,#9817,.F.);
#9852 = MANIFOLD_SOLID_BREP('',#9853);
#9853 = CLOSED_SHELL('',(#9854,#9974,#10074,#10121,#10168,#10175));
#9854 = ADVANCED_FACE('',(#9855),#9869,.F.);
#9855 = FACE_BOUND('',#9856,.F.);
#9856 = EDGE_LOOP('',(#9857,#9892,#9920,#9948));
#9857 = ORIENTED_EDGE('',*,*,#9858,.F.);
#9858 = EDGE_CURVE('',#9859,#9861,#9863,.T.);
#9859 = VERTEX_POINT('',#9860);
#9860 = CARTESIAN_POINT('',(-136.,259.41387626418,39.522989290108));
#9861 = VERTEX_POINT('',#9862);
#9862 = CARTESIAN_POINT('',(-136.,279.55080830504,71.748816944052));
#9863 = SURFACE_CURVE('',#9864,(#9868,#9880),.PCURVE_S1.);
#9864 = LINE('',#9865,#9866);
#9865 = CARTESIAN_POINT('',(-136.,259.41387626418,39.522989290108));
#9866 = VECTOR('',#9867,1.);
#9867 = DIRECTION('',(0.,0.529919264233,0.848048096156));
#9868 = PCURVE('',#9869,#9874);
#9869 = PLANE('',#9870);
#9870 = AXIS2_PLACEMENT_3D('',#9871,#9872,#9873);
#9871 = CARTESIAN_POINT('',(-136.,259.41387626418,39.522989290108));
#9872 = DIRECTION('',(1.,0.,0.));
#9873 = DIRECTION('',(0.,0.529919264233,0.848048096156));
#9874 = DEFINITIONAL_REPRESENTATION('',(#9875),#9879);
#9875 = LINE('',#9876,#9877);
#9876 = CARTESIAN_POINT('',(0.,0.));
#9877 = VECTOR('',#9878,1.);
#9878 = DIRECTION('',(1.,0.));
#9879 = ( GEOMETRIC_REPRESENTATION_CONTEXT(2) 
PARAMETRIC_REPRESENTATION_CONTEXT() REPRESENTATION_CONTEXT('2D SPACE',''
  ) );
#9880 = PCURVE('',#9881,#9886);
#9881 = PLANE('',#9882);
#9882 = AXIS2_PLACEMENT_3D('',#9883,#9884,#9885);
#9883 = CARTESIAN_POINT('',(-136.,259.41387626418,39.522989290108));
#9884 = DIRECTION('',(0.,0.848048096156,-0.529919264233));
#9885 = DIRECTION('',(0.,0.529919264233,0.848048096156));
#9886 = DEFINITIONAL_REPRESENTATION('',(#9887),#9891);
#9887 = LINE('',#9888,#9889);
#9888 = CARTESIAN_POINT('',(0.,0.));
#9889 = VECTOR('',#9890,1.);
#9890 = DIRECTION('',(1.,0.));
#9891 = ( GEOMETRIC_REPRESENTATION_CONTEXT(2) 
PARAMETRIC_REPRESENTATION_CONTEXT() REPRESENTATION_CONTEXT('2D SPACE',''
  ) );
#9892 = ORIENTED_EDGE('',*,*,#9893,.T.);
#9893 = EDGE_CURVE('',#9859,#9894,#9896,.T.);
#9894 = VERTEX_POINT('',#9895);
#9895 = CARTESIAN_POINT('',(-136.,261.44919169495,38.251183055948));
#9896 = SURFACE_CURVE('',#9897,(#9901,#9908),.PCURVE_S1.);
#9897 = LINE('',#9898,#9899);
#9898 = CARTESIAN_POINT('',(-136.,259.41387626418,39.522989290108));
#9899 = VECTOR('',#9900,1.);
#9900 = DIRECTION('',(0.,0.848048096156,-0.529919264233));
#9901 = PCURVE('',#9869,#9902);
#9902 = DEFINITIONAL_REPRESENTATION('',(#9903),#9907);
#9903 = LINE('',#9904,#9905);
#9904 = CARTESIAN_POINT('',(0.,0.));
#9905 = VECTOR('',#9906,1.);
#9906 = DIRECTION('',(0.,-1.));
#9907 = ( GEOMETRIC_REPRESENTATION_CONTEXT(2) 
PARAMETRIC_REPRESENTATION_CONTEXT() REPRESENTATION_CONTEXT('2D SPACE',''
  ) );
#9908 = PCURVE('',#9909,#9914);
#9909 = PLANE('',#9910);
#9910 = AXIS2_PLACEMENT_3D('',#9911,#9912,#9913);
#9911 = CARTESIAN_POINT('',(-136.,259.41387626418,39.522989290108));
#9912 = DIRECTION('',(0.,0.529919264233,0.848048096156));
#9913 = DIRECTION('',(1.,0.,0.));
#9914 = DEFINITIONAL_REPRESENTATION('',(#9915),#9919);
#9915 = LINE('',#9916,#9917);
#9916 = CARTESIAN_POINT('',(0.,0.));
#9917 = VECTOR('',#9918,1.);
#9918 = DIRECTION('',(0.,1.));
#9919 = ( GEOMETRIC_REPRESENTATION_CONTEXT(2) 
PARAMETRIC_REPRESENTATION_CONTEXT() REPRESENTATION_CONTEXT('2D SPACE',''
  ) );
#9920 = ORIENTED_EDGE('',*,*,#9921,.T.);
#9921 = EDGE_CURVE('',#9894,#9922,#9924,.T.);
#9922 = VERTEX_POINT('',#9923);
#9923 = CARTESIAN_POINT('',(-136.,281.58612373581,70.477010709892));
#9924 = SURFACE_CURVE('',#9925,(#9929,#9936),.PCURVE_S1.);
#9925 = LINE('',#9926,#9927);
#9926 = CARTESIAN_POINT('',(-136.,261.44919169495,38.251183055948));
#9927 = VECTOR('',#9928,1.);
#9928 = DIRECTION('',(0.,0.529919264233,0.848048096156));
#9929 = PCURVE('',#9869,#9930);
#9930 = DEFINITIONAL_REPRESENTATION('',(#9931),#9935);
#9931 = LINE('',#9932,#9933);
#9932 = CARTESIAN_POINT('',(3.330669073875E-15,-2.4));
#9933 = VECTOR('',#9934,1.);
#9934 = DIRECTION('',(1.,0.));
#9935 = ( GEOMETRIC_REPRESENTATION_CONTEXT(2) 
PARAMETRIC_REPRESENTATION_CONTEXT() REPRESENTATION_CONTEXT('2D SPACE',''
  ) );
#9936 = PCURVE('',#9937,#9942);
#9937 = PLANE('',#9938);
#9938 = AXIS2_PLACEMENT_3D('',#9939,#9940,#9941);
#9939 = CARTESIAN_POINT('',(-136.,261.44919169495,38.251183055948));
#9940 = DIRECTION('',(0.,0.848048096156,-0.529919264233));
#9941 = DIRECTION('',(0.,0.529919264233,0.848048096156));
#9942 = DEFINITIONAL_REPRESENTATION('',(#9943),#9947);
#9943 = LINE('',#9944,#9945);
#9944 = CARTESIAN_POINT('',(0.,0.));
#9945 = VECTOR('',#9946,1.);
#9946 = DIRECTION('',(1.,0.));
#9947 = ( GEOMETRIC_REPRESENTATION_CONTEXT(2) 
PARAMETRIC_REPRESENTATION_CONTEXT() REPRESENTATION_CONTEXT('2D SPACE',''
  ) );
#9948 = ORIENTED_EDGE('',*,*,#9949,.F.);
#9949 = EDGE_CURVE('',#9861,#9922,#9950,.T.);
#9950 = SURFACE_CURVE('',#9951,(#9955,#9962),.PCURVE_S1.);
#9951 = LINE('',#9952,#9953);
#9952 = CARTESIAN_POINT('',(-136.,279.55080830504,71.748816944052));
#9953 = VECTOR('',#9954,1.);
#9954 = DIRECTION('',(0.,0.848048096156,-0.529919264233));
#9955 = PCURVE('',#9869,#9956);
#9956 = DEFINITIONAL_REPRESENTATION('',(#9957),#9961);
#9957 = LINE('',#9958,#9959);
#9958 = CARTESIAN_POINT('',(38.,3.552713678801E-15));
#9959 = VECTOR('',#9960,1.);
#9960 = DIRECTION('',(0.,-1.));
#9961 = ( GEOMETRIC_REPRESENTATION_CONTEXT(2) 
PARAMETRIC_REPRESENTATION_CONTEXT() REPRESENTATION_CONTEXT('2D SPACE',''
  ) );
#9962 = PCURVE('',#9963,#9968);
#9963 = PLANE('',#9964);
#9964 = AXIS2_PLACEMENT_3D('',#9965,#9966,#9967);
#9965 = CARTESIAN_POINT('',(-136.,279.55080830504,71.748816944052));
#9966 = DIRECTION('',(0.,0.529919264233,0.848048096156));
#9967 = DIRECTION('',(1.,0.,0.));
#9968 = DEFINITIONAL_REPRESENTATION('',(#9969),#9973);
#9969 = LINE('',#9970,#9971);
#9970 = CARTESIAN_POINT('',(0.,0.));
#9971 = VECTOR('',#9972,1.);
#9972 = DIRECTION('',(0.,1.));
#9973 = ( GEOMETRIC_REPRESENTATION_CONTEXT(2) 
PARAMETRIC_REPRESENTATION_CONTEXT() REPRESENTATION_CONTEXT('2D SPACE',''
  ) );
#9974 = ADVANCED_FACE('',(#9975),#9989,.T.);
#9975 = FACE_BOUND('',#9976,.T.);
#9976 = EDGE_LOOP('',(#9977,#10007,#10030,#10053));
#9977 = ORIENTED_EDGE('',*,*,#9978,.F.);
#9978 = EDGE_CURVE('',#9979,#9981,#9983,.T.);
#9979 = VERTEX_POINT('',#9980);
#9980 = CARTESIAN_POINT('',(136.,259.41387626418,39.522989290108));
#9981 = VERTEX_POINT('',#9982);
#9982 = CARTESIAN_POINT('',(136.,279.55080830504,71.748816944052));
#9983 = SURFACE_CURVE('',#9984,(#9988,#10000),.PCURVE_S1.);
#9984 = LINE('',#9985,#9986);
#9985 = CARTESIAN_POINT('',(136.,259.41387626418,39.522989290108));
#9986 = VECTOR('',#9987,1.);
#9987 = DIRECTION('',(0.,0.529919264233,0.848048096156));
#9988 = PCURVE('',#9989,#9994);
#9989 = PLANE('',#9990);
#9990 = AXIS2_PLACEMENT_3D('',#9991,#9992,#9993);
#9991 = CARTESIAN_POINT('',(136.,259.41387626418,39.522989290108));
#9992 = DIRECTION('',(1.,0.,0.));
#9993 = DIRECTION('',(0.,0.529919264233,0.848048096156));
#9994 = DEFINITIONAL_REPRESENTATION('',(#9995),#9999);
#9995 = LINE('',#9996,#9997);
#9996 = CARTESIAN_POINT('',(0.,0.));
#9997 = VECTOR('',#9998,1.);
#9998 = DIRECTION('',(1.,0.));
#9999 = ( GEOMETRIC_REPRESENTATION_CONTEXT(2) 
PARAMETRIC_REPRESENTATION_CONTEXT() REPRESENTATION_CONTEXT('2D SPACE',''
  ) );
#10000 = PCURVE('',#9881,#10001);
#10001 = DEFINITIONAL_REPRESENTATION('',(#10002),#10006);
#10002 = LINE('',#10003,#10004);
#10003 = CARTESIAN_POINT('',(0.,272.));
#10004 = VECTOR('',#10005,1.);
#10005 = DIRECTION('',(1.,0.));
#10006 = ( GEOMETRIC_REPRESENTATION_CONTEXT(2) 
PARAMETRIC_REPRESENTATION_CONTEXT() REPRESENTATION_CONTEXT('2D SPACE',''
  ) );
#10007 = ORIENTED_EDGE('',*,*,#10008,.T.);
#10008 = EDGE_CURVE('',#9979,#10009,#10011,.T.);
#10009 = VERTEX_POINT('',#10010);
#10010 = CARTESIAN_POINT('',(136.,261.44919169495,38.251183055948));
#10011 = SURFACE_CURVE('',#10012,(#10016,#10023),.PCURVE_S1.);
#10012 = LINE('',#10013,#10014);
#10013 = CARTESIAN_POINT('',(136.,259.41387626418,39.522989290108));
#10014 = VECTOR('',#10015,1.);
#10015 = DIRECTION('',(0.,0.848048096156,-0.529919264233));
#10016 = PCURVE('',#9989,#10017);
#10017 = DEFINITIONAL_REPRESENTATION('',(#10018),#10022);
#10018 = LINE('',#10019,#10020);
#10019 = CARTESIAN_POINT('',(0.,0.));
#10020 = VECTOR('',#10021,1.);
#10021 = DIRECTION('',(0.,-1.));
#10022 = ( GEOMETRIC_REPRESENTATION_CONTEXT(2) 
PARAMETRIC_REPRESENTATION_CONTEXT() REPRESENTATION_CONTEXT('2D SPACE',''
  ) );
#10023 = PCURVE('',#9909,#10024);
#10024 = DEFINITIONAL_REPRESENTATION('',(#10025),#10029);
#10025 = LINE('',#10026,#10027);
#10026 = CARTESIAN_POINT('',(272.,0.));
#10027 = VECTOR('',#10028,1.);
#10028 = DIRECTION('',(0.,1.));
#10029 = ( GEOMETRIC_REPRESENTATION_CONTEXT(2) 
PARAMETRIC_REPRESENTATION_CONTEXT() REPRESENTATION_CONTEXT('2D SPACE',''
  ) );
#10030 = ORIENTED_EDGE('',*,*,#10031,.T.);
#10031 = EDGE_CURVE('',#10009,#10032,#10034,.T.);
#10032 = VERTEX_POINT('',#10033);
#10033 = CARTESIAN_POINT('',(136.,281.58612373581,70.477010709892));
#10034 = SURFACE_CURVE('',#10035,(#10039,#10046),.PCURVE_S1.);
#10035 = LINE('',#10036,#10037);
#10036 = CARTESIAN_POINT('',(136.,261.44919169495,38.251183055948));
#10037 = VECTOR('',#10038,1.);
#10038 = DIRECTION('',(0.,0.529919264233,0.848048096156));
#10039 = PCURVE('',#9989,#10040);
#10040 = DEFINITIONAL_REPRESENTATION('',(#10041),#10045);
#10041 = LINE('',#10042,#10043);
#10042 = CARTESIAN_POINT('',(3.330669073875E-15,-2.4));
#10043 = VECTOR('',#10044,1.);
#10044 = DIRECTION('',(1.,0.));
#10045 = ( GEOMETRIC_REPRESENTATION_CONTEXT(2) 
PARAMETRIC_REPRESENTATION_CONTEXT() REPRESENTATION_CONTEXT('2D SPACE',''
  ) );
#10046 = PCURVE('',#9937,#10047);
#10047 = DEFINITIONAL_REPRESENTATION('',(#10048),#10052);
#10048 = LINE('',#10049,#10050);
#10049 = CARTESIAN_POINT('',(0.,272.));
#10050 = VECTOR('',#10051,1.);
#10051 = DIRECTION('',(1.,0.));
#10052 = ( GEOMETRIC_REPRESENTATION_CONTEXT(2) 
PARAMETRIC_REPRESENTATION_CONTEXT() REPRESENTATION_CONTEXT('2D SPACE',''
  ) );
#10053 = ORIENTED_EDGE('',*,*,#10054,.F.);
#10054 = EDGE_CURVE('',#9981,#10032,#10055,.T.);
#10055 = SURFACE_CURVE('',#10056,(#10060,#10067),.PCURVE_S1.);
#10056 = LINE('',#10057,#10058);
#10057 = CARTESIAN_POINT('',(136.,279.55080830504,71.748816944052));
#10058 = VECTOR('',#10059,1.);
#10059 = DIRECTION('',(0.,0.848048096156,-0.529919264233));
#10060 = PCURVE('',#9989,#10061);
#10061 = DEFINITIONAL_REPRESENTATION('',(#10062),#10066);
#10062 = LINE('',#10063,#10064);
#10063 = CARTESIAN_POINT('',(38.,3.552713678801E-15));
#10064 = VECTOR('',#10065,1.);
#10065 = DIRECTION('',(0.,-1.));
#10066 = ( GEOMETRIC_REPRESENTATION_CONTEXT(2) 
PARAMETRIC_REPRESENTATION_CONTEXT() REPRESENTATION_CONTEXT('2D SPACE',''
  ) );
#10067 = PCURVE('',#9963,#10068);
#10068 = DEFINITIONAL_REPRESENTATION('',(#10069),#10073);
#10069 = LINE('',#10070,#10071);
#10070 = CARTESIAN_POINT('',(272.,0.));
#10071 = VECTOR('',#10072,1.);
#10072 = DIRECTION('',(0.,1.));
#10073 = ( GEOMETRIC_REPRESENTATION_CONTEXT(2) 
PARAMETRIC_REPRESENTATION_CONTEXT() REPRESENTATION_CONTEXT('2D SPACE',''
  ) );
#10074 = ADVANCED_FACE('',(#10075),#9881,.F.);
#10075 = FACE_BOUND('',#10076,.F.);
#10076 = EDGE_LOOP('',(#10077,#10098,#10099,#10120));
#10077 = ORIENTED_EDGE('',*,*,#10078,.F.);
#10078 = EDGE_CURVE('',#9859,#9979,#10079,.T.);
#10079 = SURFACE_CURVE('',#10080,(#10084,#10091),.PCURVE_S1.);
#10080 = LINE('',#10081,#10082);
#10081 = CARTESIAN_POINT('',(-136.,259.41387626418,39.522989290108));
#10082 = VECTOR('',#10083,1.);
#10083 = DIRECTION('',(1.,0.,0.));
#10084 = PCURVE('',#9881,#10085);
#10085 = DEFINITIONAL_REPRESENTATION('',(#10086),#10090);
#10086 = LINE('',#10087,#10088);
#10087 = CARTESIAN_POINT('',(0.,0.));
#10088 = VECTOR('',#10089,1.);
#10089 = DIRECTION('',(0.,1.));
#10090 = ( GEOMETRIC_REPRESENTATION_CONTEXT(2) 
PARAMETRIC_REPRESENTATION_CONTEXT() REPRESENTATION_CONTEXT('2D SPACE',''
  ) );
#10091 = PCURVE('',#9909,#10092);
#10092 = DEFINITIONAL_REPRESENTATION('',(#10093),#10097);
#10093 = LINE('',#10094,#10095);
#10094 = CARTESIAN_POINT('',(0.,0.));
#10095 = VECTOR('',#10096,1.);
#10096 = DIRECTION('',(1.,0.));
#10097 = ( GEOMETRIC_REPRESENTATION_CONTEXT(2) 
PARAMETRIC_REPRESENTATION_CONTEXT() REPRESENTATION_CONTEXT('2D SPACE',''
  ) );
#10098 = ORIENTED_EDGE('',*,*,#9858,.T.);
#10099 = ORIENTED_EDGE('',*,*,#10100,.T.);
#10100 = EDGE_CURVE('',#9861,#9981,#10101,.T.);
#10101 = SURFACE_CURVE('',#10102,(#10106,#10113),.PCURVE_S1.);
#10102 = LINE('',#10103,#10104);
#10103 = CARTESIAN_POINT('',(-136.,279.55080830504,71.748816944052));
#10104 = VECTOR('',#10105,1.);
#10105 = DIRECTION('',(1.,0.,0.));
#10106 = PCURVE('',#9881,#10107);
#10107 = DEFINITIONAL_REPRESENTATION('',(#10108),#10112);
#10108 = LINE('',#10109,#10110);
#10109 = CARTESIAN_POINT('',(38.,0.));
#10110 = VECTOR('',#10111,1.);
#10111 = DIRECTION('',(0.,1.));
#10112 = ( GEOMETRIC_REPRESENTATION_CONTEXT(2) 
PARAMETRIC_REPRESENTATION_CONTEXT() REPRESENTATION_CONTEXT('2D SPACE',''
  ) );
#10113 = PCURVE('',#9963,#10114);
#10114 = DEFINITIONAL_REPRESENTATION('',(#10115),#10119);
#10115 = LINE('',#10116,#10117);
#10116 = CARTESIAN_POINT('',(0.,0.));
#10117 = VECTOR('',#10118,1.);
#10118 = DIRECTION('',(1.,0.));
#10119 = ( GEOMETRIC_REPRESENTATION_CONTEXT(2) 
PARAMETRIC_REPRESENTATION_CONTEXT() REPRESENTATION_CONTEXT('2D SPACE',''
  ) );
#10120 = ORIENTED_EDGE('',*,*,#9978,.F.);
#10121 = ADVANCED_FACE('',(#10122),#9937,.T.);
#10122 = FACE_BOUND('',#10123,.T.);
#10123 = EDGE_LOOP('',(#10124,#10145,#10146,#10167));
#10124 = ORIENTED_EDGE('',*,*,#10125,.F.);
#10125 = EDGE_CURVE('',#9894,#10009,#10126,.T.);
#10126 = SURFACE_CURVE('',#10127,(#10131,#10138),.PCURVE_S1.);
#10127 = LINE('',#10128,#10129);
#10128 = CARTESIAN_POINT('',(-136.,261.44919169495,38.251183055948));
#10129 = VECTOR('',#10130,1.);
#10130 = DIRECTION('',(1.,0.,0.));
#10131 = PCURVE('',#9937,#10132);
#10132 = DEFINITIONAL_REPRESENTATION('',(#10133),#10137);
#10133 = LINE('',#10134,#10135);
#10134 = CARTESIAN_POINT('',(0.,0.));
#10135 = VECTOR('',#10136,1.);
#10136 = DIRECTION('',(0.,1.));
#10137 = ( GEOMETRIC_REPRESENTATION_CONTEXT(2) 
PARAMETRIC_REPRESENTATION_CONTEXT() REPRESENTATION_CONTEXT('2D SPACE',''
  ) );
#10138 = PCURVE('',#9909,#10139);
#10139 = DEFINITIONAL_REPRESENTATION('',(#10140),#10144);
#10140 = LINE('',#10141,#10142);
#10141 = CARTESIAN_POINT('',(0.,2.4));
#10142 = VECTOR('',#10143,1.);
#10143 = DIRECTION('',(1.,0.));
#10144 = ( GEOMETRIC_REPRESENTATION_CONTEXT(2) 
PARAMETRIC_REPRESENTATION_CONTEXT() REPRESENTATION_CONTEXT('2D SPACE',''
  ) );
#10145 = ORIENTED_EDGE('',*,*,#9921,.T.);
#10146 = ORIENTED_EDGE('',*,*,#10147,.T.);
#10147 = EDGE_CURVE('',#9922,#10032,#10148,.T.);
#10148 = SURFACE_CURVE('',#10149,(#10153,#10160),.PCURVE_S1.);
#10149 = LINE('',#10150,#10151);
#10150 = CARTESIAN_POINT('',(-136.,281.58612373581,70.477010709892));
#10151 = VECTOR('',#10152,1.);
#10152 = DIRECTION('',(1.,0.,0.));
#10153 = PCURVE('',#9937,#10154);
#10154 = DEFINITIONAL_REPRESENTATION('',(#10155),#10159);
#10155 = LINE('',#10156,#10157);
#10156 = CARTESIAN_POINT('',(38.,0.));
#10157 = VECTOR('',#10158,1.);
#10158 = DIRECTION('',(0.,1.));
#10159 = ( GEOMETRIC_REPRESENTATION_CONTEXT(2) 
PARAMETRIC_REPRESENTATION_CONTEXT() REPRESENTATION_CONTEXT('2D SPACE',''
  ) );
#10160 = PCURVE('',#9963,#10161);
#10161 = DEFINITIONAL_REPRESENTATION('',(#10162),#10166);
#10162 = LINE('',#10163,#10164);
#10163 = CARTESIAN_POINT('',(0.,2.4));
#10164 = VECTOR('',#10165,1.);
#10165 = DIRECTION('',(1.,0.));
#10166 = ( GEOMETRIC_REPRESENTATION_CONTEXT(2) 
PARAMETRIC_REPRESENTATION_CONTEXT() REPRESENTATION_CONTEXT('2D SPACE',''
  ) );
#10167 = ORIENTED_EDGE('',*,*,#10031,.F.);
#10168 = ADVANCED_FACE('',(#10169),#9909,.F.);
#10169 = FACE_BOUND('',#10170,.F.);
#10170 = EDGE_LOOP('',(#10171,#10172,#10173,#10174));
#10171 = ORIENTED_EDGE('',*,*,#9893,.F.);
#10172 = ORIENTED_EDGE('',*,*,#10078,.T.);
#10173 = ORIENTED_EDGE('',*,*,#10008,.T.);
#10174 = ORIENTED_EDGE('',*,*,#10125,.F.);
#10175 = ADVANCED_FACE('',(#10176),#9963,.T.);
#10176 = FACE_BOUND('',#10177,.T.);
#10177 = EDGE_LOOP('',(#10178,#10179,#10180,#10181));
#10178 = ORIENTED_EDGE('',*,*,#9949,.F.);
#10179 = ORIENTED_EDGE('',*,*,#10100,.T.);
#10180 = ORIENTED_EDGE('',*,*,#10054,.T.);
#10181 = ORIENTED_EDGE('',*,*,#10147,.F.);
#10182 = MANIFOLD_SOLID_BREP('',#10183);
#10183 = CLOSED_SHELL('',(#10184,#10304,#10404,#10451,#10498,#10505));
#10184 = ADVANCED_FACE('',(#10185),#10199,.F.);
#10185 = FACE_BOUND('',#10186,.F.);
#10186 = EDGE_LOOP('',(#10187,#10222,#10250,#10278));
#10187 = ORIENTED_EDGE('',*,*,#10188,.F.);
#10188 = EDGE_CURVE('',#10189,#10191,#10193,.T.);
#10189 = VERTEX_POINT('',#10190);
#10190 = CARTESIAN_POINT('',(-136.,276.41387626418,39.522989290108));
#10191 = VERTEX_POINT('',#10192);
#10192 = CARTESIAN_POINT('',(-136.,296.55080830504,71.748816944052));
#10193 = SURFACE_CURVE('',#10194,(#10198,#10210),.PCURVE_S1.);
#10194 = LINE('',#10195,#10196);
#10195 = CARTESIAN_POINT('',(-136.,276.41387626418,39.522989290108));
#10196 = VECTOR('',#10197,1.);
#10197 = DIRECTION('',(0.,0.529919264233,0.848048096156));
#10198 = PCURVE('',#10199,#10204);
#10199 = PLANE('',#10200);
#10200 = AXIS2_PLACEMENT_3D('',#10201,#10202,#10203);
#10201 = CARTESIAN_POINT('',(-136.,276.41387626418,39.522989290108));
#10202 = DIRECTION('',(1.,0.,0.));
#10203 = DIRECTION('',(0.,0.529919264233,0.848048096156));
#10204 = DEFINITIONAL_REPRESENTATION('',(#10205),#10209);
#10205 = LINE('',#10206,#10207);
#10206 = CARTESIAN_POINT('',(0.,0.));
#10207 = VECTOR('',#10208,1.);
#10208 = DIRECTION('',(1.,0.));
#10209 = ( GEOMETRIC_REPRESENTATION_CONTEXT(2) 
PARAMETRIC_REPRESENTATION_CONTEXT() REPRESENTATION_CONTEXT('2D SPACE',''
  ) );
#10210 = PCURVE('',#10211,#10216);
#10211 = PLANE('',#10212);
#10212 = AXIS2_PLACEMENT_3D('',#10213,#10214,#10215);
#10213 = CARTESIAN_POINT('',(-136.,276.41387626418,39.522989290108));
#10214 = DIRECTION('',(0.,0.848048096156,-0.529919264233));
#10215 = DIRECTION('',(0.,0.529919264233,0.848048096156));
#10216 = DEFINITIONAL_REPRESENTATION('',(#10217),#10221);
#10217 = LINE('',#10218,#10219);
#10218 = CARTESIAN_POINT('',(0.,0.));
#10219 = VECTOR('',#10220,1.);
#10220 = DIRECTION('',(1.,0.));
#10221 = ( GEOMETRIC_REPRESENTATION_CONTEXT(2) 
PARAMETRIC_REPRESENTATION_CONTEXT() REPRESENTATION_CONTEXT('2D SPACE',''
  ) );
#10222 = ORIENTED_EDGE('',*,*,#10223,.T.);
#10223 = EDGE_CURVE('',#10189,#10224,#10226,.T.);
#10224 = VERTEX_POINT('',#10225);
#10225 = CARTESIAN_POINT('',(-136.,278.44919169495,38.251183055948));
#10226 = SURFACE_CURVE('',#10227,(#10231,#10238),.PCURVE_S1.);
#10227 = LINE('',#10228,#10229);
#10228 = CARTESIAN_POINT('',(-136.,276.41387626418,39.522989290108));
#10229 = VECTOR('',#10230,1.);
#10230 = DIRECTION('',(0.,0.848048096156,-0.529919264233));
#10231 = PCURVE('',#10199,#10232);
#10232 = DEFINITIONAL_REPRESENTATION('',(#10233),#10237);
#10233 = LINE('',#10234,#10235);
#10234 = CARTESIAN_POINT('',(0.,0.));
#10235 = VECTOR('',#10236,1.);
#10236 = DIRECTION('',(0.,-1.));
#10237 = ( GEOMETRIC_REPRESENTATION_CONTEXT(2) 
PARAMETRIC_REPRESENTATION_CONTEXT() REPRESENTATION_CONTEXT('2D SPACE',''
  ) );
#10238 = PCURVE('',#10239,#10244);
#10239 = PLANE('',#10240);
#10240 = AXIS2_PLACEMENT_3D('',#10241,#10242,#10243);
#10241 = CARTESIAN_POINT('',(-136.,276.41387626418,39.522989290108));
#10242 = DIRECTION('',(0.,0.529919264233,0.848048096156));
#10243 = DIRECTION('',(1.,0.,0.));
#10244 = DEFINITIONAL_REPRESENTATION('',(#10245),#10249);
#10245 = LINE('',#10246,#10247);
#10246 = CARTESIAN_POINT('',(0.,0.));
#10247 = VECTOR('',#10248,1.);
#10248 = DIRECTION('',(0.,1.));
#10249 = ( GEOMETRIC_REPRESENTATION_CONTEXT(2) 
PARAMETRIC_REPRESENTATION_CONTEXT() REPRESENTATION_CONTEXT('2D SPACE',''
  ) );
#10250 = ORIENTED_EDGE('',*,*,#10251,.T.);
#10251 = EDGE_CURVE('',#10224,#10252,#10254,.T.);
#10252 = VERTEX_POINT('',#10253);
#10253 = CARTESIAN_POINT('',(-136.,298.58612373581,70.477010709892));
#10254 = SURFACE_CURVE('',#10255,(#10259,#10266),.PCURVE_S1.);
#10255 = LINE('',#10256,#10257);
#10256 = CARTESIAN_POINT('',(-136.,278.44919169495,38.251183055948));
#10257 = VECTOR('',#10258,1.);
#10258 = DIRECTION('',(0.,0.529919264233,0.848048096156));
#10259 = PCURVE('',#10199,#10260);
#10260 = DEFINITIONAL_REPRESENTATION('',(#10261),#10265);
#10261 = LINE('',#10262,#10263);
#10262 = CARTESIAN_POINT('',(3.330669073875E-15,-2.4));
#10263 = VECTOR('',#10264,1.);
#10264 = DIRECTION('',(1.,0.));
#10265 = ( GEOMETRIC_REPRESENTATION_CONTEXT(2) 
PARAMETRIC_REPRESENTATION_CONTEXT() REPRESENTATION_CONTEXT('2D SPACE',''
  ) );
#10266 = PCURVE('',#10267,#10272);
#10267 = PLANE('',#10268);
#10268 = AXIS2_PLACEMENT_3D('',#10269,#10270,#10271);
#10269 = CARTESIAN_POINT('',(-136.,278.44919169495,38.251183055948));
#10270 = DIRECTION('',(0.,0.848048096156,-0.529919264233));
#10271 = DIRECTION('',(0.,0.529919264233,0.848048096156));
#10272 = DEFINITIONAL_REPRESENTATION('',(#10273),#10277);
#10273 = LINE('',#10274,#10275);
#10274 = CARTESIAN_POINT('',(0.,0.));
#10275 = VECTOR('',#10276,1.);
#10276 = DIRECTION('',(1.,0.));
#10277 = ( GEOMETRIC_REPRESENTATION_CONTEXT(2) 
PARAMETRIC_REPRESENTATION_CONTEXT() REPRESENTATION_CONTEXT('2D SPACE',''
  ) );
#10278 = ORIENTED_EDGE('',*,*,#10279,.F.);
#10279 = EDGE_CURVE('',#10191,#10252,#10280,.T.);
#10280 = SURFACE_CURVE('',#10281,(#10285,#10292),.PCURVE_S1.);
#10281 = LINE('',#10282,#10283);
#10282 = CARTESIAN_POINT('',(-136.,296.55080830504,71.748816944052));
#10283 = VECTOR('',#10284,1.);
#10284 = DIRECTION('',(0.,0.848048096156,-0.529919264233));
#10285 = PCURVE('',#10199,#10286);
#10286 = DEFINITIONAL_REPRESENTATION('',(#10287),#10291);
#10287 = LINE('',#10288,#10289);
#10288 = CARTESIAN_POINT('',(38.,3.552713678801E-15));
#10289 = VECTOR('',#10290,1.);
#10290 = DIRECTION('',(0.,-1.));
#10291 = ( GEOMETRIC_REPRESENTATION_CONTEXT(2) 
PARAMETRIC_REPRESENTATION_CONTEXT() REPRESENTATION_CONTEXT('2D SPACE',''
  ) );
#10292 = PCURVE('',#10293,#10298);
#10293 = PLANE('',#10294);
#10294 = AXIS2_PLACEMENT_3D('',#10295,#10296,#10297);
#10295 = CARTESIAN_POINT('',(-136.,296.55080830504,71.748816944052));
#10296 = DIRECTION('',(0.,0.529919264233,0.848048096156));
#10297 = DIRECTION('',(1.,0.,0.));
#10298 = DEFINITIONAL_REPRESENTATION('',(#10299),#10303);
#10299 = LINE('',#10300,#10301);
#10300 = CARTESIAN_POINT('',(0.,0.));
#10301 = VECTOR('',#10302,1.);
#10302 = DIRECTION('',(0.,1.));
#10303 = ( GEOMETRIC_REPRESENTATION_CONTEXT(2) 
PARAMETRIC_REPRESENTATION_CONTEXT() REPRESENTATION_CONTEXT('2D SPACE',''
  ) );
#10304 = ADVANCED_FACE('',(#10305),#10319,.T.);
#10305 = FACE_BOUND('',#10306,.T.);
#10306 = EDGE_LOOP('',(#10307,#10337,#10360,#10383));
#10307 = ORIENTED_EDGE('',*,*,#10308,.F.);
#10308 = EDGE_CURVE('',#10309,#10311,#10313,.T.);
#10309 = VERTEX_POINT('',#10310);
#10310 = CARTESIAN_POINT('',(136.,276.41387626418,39.522989290108));
#10311 = VERTEX_POINT('',#10312);
#10312 = CARTESIAN_POINT('',(136.,296.55080830504,71.748816944052));
#10313 = SURFACE_CURVE('',#10314,(#10318,#10330),.PCURVE_S1.);
#10314 = LINE('',#10315,#10316);
#10315 = CARTESIAN_POINT('',(136.,276.41387626418,39.522989290108));
#10316 = VECTOR('',#10317,1.);
#10317 = DIRECTION('',(0.,0.529919264233,0.848048096156));
#10318 = PCURVE('',#10319,#10324);
#10319 = PLANE('',#10320);
#10320 = AXIS2_PLACEMENT_3D('',#10321,#10322,#10323);
#10321 = CARTESIAN_POINT('',(136.,276.41387626418,39.522989290108));
#10322 = DIRECTION('',(1.,0.,0.));
#10323 = DIRECTION('',(0.,0.529919264233,0.848048096156));
#10324 = DEFINITIONAL_REPRESENTATION('',(#10325),#10329);
#10325 = LINE('',#10326,#10327);
#10326 = CARTESIAN_POINT('',(0.,0.));
#10327 = VECTOR('',#10328,1.);
#10328 = DIRECTION('',(1.,0.));
#10329 = ( GEOMETRIC_REPRESENTATION_CONTEXT(2) 
PARAMETRIC_REPRESENTATION_CONTEXT() REPRESENTATION_CONTEXT('2D SPACE',''
  ) );
#10330 = PCURVE('',#10211,#10331);
#10331 = DEFINITIONAL_REPRESENTATION('',(#10332),#10336);
#10332 = LINE('',#10333,#10334);
#10333 = CARTESIAN_POINT('',(0.,272.));
#10334 = VECTOR('',#10335,1.);
#10335 = DIRECTION('',(1.,0.));
#10336 = ( GEOMETRIC_REPRESENTATION_CONTEXT(2) 
PARAMETRIC_REPRESENTATION_CONTEXT() REPRESENTATION_CONTEXT('2D SPACE',''
  ) );
#10337 = ORIENTED_EDGE('',*,*,#10338,.T.);
#10338 = EDGE_CURVE('',#10309,#10339,#10341,.T.);
#10339 = VERTEX_POINT('',#10340);
#10340 = CARTESIAN_POINT('',(136.,278.44919169495,38.251183055948));
#10341 = SURFACE_CURVE('',#10342,(#10346,#10353),.PCURVE_S1.);
#10342 = LINE('',#10343,#10344);
#10343 = CARTESIAN_POINT('',(136.,276.41387626418,39.522989290108));
#10344 = VECTOR('',#10345,1.);
#10345 = DIRECTION('',(0.,0.848048096156,-0.529919264233));
#10346 = PCURVE('',#10319,#10347);
#10347 = DEFINITIONAL_REPRESENTATION('',(#10348),#10352);
#10348 = LINE('',#10349,#10350);
#10349 = CARTESIAN_POINT('',(0.,0.));
#10350 = VECTOR('',#10351,1.);
#10351 = DIRECTION('',(0.,-1.));
#10352 = ( GEOMETRIC_REPRESENTATION_CONTEXT(2) 
PARAMETRIC_REPRESENTATION_CONTEXT() REPRESENTATION_CONTEXT('2D SPACE',''
  ) );
#10353 = PCURVE('',#10239,#10354);
#10354 = DEFINITIONAL_REPRESENTATION('',(#10355),#10359);
#10355 = LINE('',#10356,#10357);
#10356 = CARTESIAN_POINT('',(272.,0.));
#10357 = VECTOR('',#10358,1.);
#10358 = DIRECTION('',(0.,1.));
#10359 = ( GEOMETRIC_REPRESENTATION_CONTEXT(2) 
PARAMETRIC_REPRESENTATION_CONTEXT() REPRESENTATION_CONTEXT('2D SPACE',''
  ) );
#10360 = ORIENTED_EDGE('',*,*,#10361,.T.);
#10361 = EDGE_CURVE('',#10339,#10362,#10364,.T.);
#10362 = VERTEX_POINT('',#10363);
#10363 = CARTESIAN_POINT('',(136.,298.58612373581,70.477010709892));
#10364 = SURFACE_CURVE('',#10365,(#10369,#10376),.PCURVE_S1.);
#10365 = LINE('',#10366,#10367);
#10366 = CARTESIAN_POINT('',(136.,278.44919169495,38.251183055948));
#10367 = VECTOR('',#10368,1.);
#10368 = DIRECTION('',(0.,0.529919264233,0.848048096156));
#10369 = PCURVE('',#10319,#10370);
#10370 = DEFINITIONAL_REPRESENTATION('',(#10371),#10375);
#10371 = LINE('',#10372,#10373);
#10372 = CARTESIAN_POINT('',(3.330669073875E-15,-2.4));
#10373 = VECTOR('',#10374,1.);
#10374 = DIRECTION('',(1.,0.));
#10375 = ( GEOMETRIC_REPRESENTATION_CONTEXT(2) 
PARAMETRIC_REPRESENTATION_CONTEXT() REPRESENTATION_CONTEXT('2D SPACE',''
  ) );
#10376 = PCURVE('',#10267,#10377);
#10377 = DEFINITIONAL_REPRESENTATION('',(#10378),#10382);
#10378 = LINE('',#10379,#10380);
#10379 = CARTESIAN_POINT('',(0.,272.));
#10380 = VECTOR('',#10381,1.);
#10381 = DIRECTION('',(1.,0.));
#10382 = ( GEOMETRIC_REPRESENTATION_CONTEXT(2) 
PARAMETRIC_REPRESENTATION_CONTEXT() REPRESENTATION_CONTEXT('2D SPACE',''
  ) );
#10383 = ORIENTED_EDGE('',*,*,#10384,.F.);
#10384 = EDGE_CURVE('',#10311,#10362,#10385,.T.);
#10385 = SURFACE_CURVE('',#10386,(#10390,#10397),.PCURVE_S1.);
#10386 = LINE('',#10387,#10388);
#10387 = CARTESIAN_POINT('',(136.,296.55080830504,71.748816944052));
#10388 = VECTOR('',#10389,1.);
#10389 = DIRECTION('',(0.,0.848048096156,-0.529919264233));
#10390 = PCURVE('',#10319,#10391);
#10391 = DEFINITIONAL_REPRESENTATION('',(#10392),#10396);
#10392 = LINE('',#10393,#10394);
#10393 = CARTESIAN_POINT('',(38.,3.552713678801E-15));
#10394 = VECTOR('',#10395,1.);
#10395 = DIRECTION('',(0.,-1.));
#10396 = ( GEOMETRIC_REPRESENTATION_CONTEXT(2) 
PARAMETRIC_REPRESENTATION_CONTEXT() REPRESENTATION_CONTEXT('2D SPACE',''
  ) );
#10397 = PCURVE('',#10293,#10398);
#10398 = DEFINITIONAL_REPRESENTATION('',(#10399),#10403);
#10399 = LINE('',#10400,#10401);
#10400 = CARTESIAN_POINT('',(272.,0.));
#10401 = VECTOR('',#10402,1.);
#10402 = DIRECTION('',(0.,1.));
#10403 = ( GEOMETRIC_REPRESENTATION_CONTEXT(2) 
PARAMETRIC_REPRESENTATION_CONTEXT() REPRESENTATION_CONTEXT('2D SPACE',''
  ) );
#10404 = ADVANCED_FACE('',(#10405),#10211,.F.);
#10405 = FACE_BOUND('',#10406,.F.);
#10406 = EDGE_LOOP('',(#10407,#10428,#10429,#10450));
#10407 = ORIENTED_EDGE('',*,*,#10408,.F.);
#10408 = EDGE_CURVE('',#10189,#10309,#10409,.T.);
#10409 = SURFACE_CURVE('',#10410,(#10414,#10421),.PCURVE_S1.);
#10410 = LINE('',#10411,#10412);
#10411 = CARTESIAN_POINT('',(-136.,276.41387626418,39.522989290108));
#10412 = VECTOR('',#10413,1.);
#10413 = DIRECTION('',(1.,0.,0.));
#10414 = PCURVE('',#10211,#10415);
#10415 = DEFINITIONAL_REPRESENTATION('',(#10416),#10420);
#10416 = LINE('',#10417,#10418);
#10417 = CARTESIAN_POINT('',(0.,0.));
#10418 = VECTOR('',#10419,1.);
#10419 = DIRECTION('',(0.,1.));
#10420 = ( GEOMETRIC_REPRESENTATION_CONTEXT(2) 
PARAMETRIC_REPRESENTATION_CONTEXT() REPRESENTATION_CONTEXT('2D SPACE',''
  ) );
#10421 = PCURVE('',#10239,#10422);
#10422 = DEFINITIONAL_REPRESENTATION('',(#10423),#10427);
#10423 = LINE('',#10424,#10425);
#10424 = CARTESIAN_POINT('',(0.,0.));
#10425 = VECTOR('',#10426,1.);
#10426 = DIRECTION('',(1.,0.));
#10427 = ( GEOMETRIC_REPRESENTATION_CONTEXT(2) 
PARAMETRIC_REPRESENTATION_CONTEXT() REPRESENTATION_CONTEXT('2D SPACE',''
  ) );
#10428 = ORIENTED_EDGE('',*,*,#10188,.T.);
#10429 = ORIENTED_EDGE('',*,*,#10430,.T.);
#10430 = EDGE_CURVE('',#10191,#10311,#10431,.T.);
#10431 = SURFACE_CURVE('',#10432,(#10436,#10443),.PCURVE_S1.);
#10432 = LINE('',#10433,#10434);
#10433 = CARTESIAN_POINT('',(-136.,296.55080830504,71.748816944052));
#10434 = VECTOR('',#10435,1.);
#10435 = DIRECTION('',(1.,0.,0.));
#10436 = PCURVE('',#10211,#10437);
#10437 = DEFINITIONAL_REPRESENTATION('',(#10438),#10442);
#10438 = LINE('',#10439,#10440);
#10439 = CARTESIAN_POINT('',(38.,0.));
#10440 = VECTOR('',#10441,1.);
#10441 = DIRECTION('',(0.,1.));
#10442 = ( GEOMETRIC_REPRESENTATION_CONTEXT(2) 
PARAMETRIC_REPRESENTATION_CONTEXT() REPRESENTATION_CONTEXT('2D SPACE',''
  ) );
#10443 = PCURVE('',#10293,#10444);
#10444 = DEFINITIONAL_REPRESENTATION('',(#10445),#10449);
#10445 = LINE('',#10446,#10447);
#10446 = CARTESIAN_POINT('',(0.,0.));
#10447 = VECTOR('',#10448,1.);
#10448 = DIRECTION('',(1.,0.));
#10449 = ( GEOMETRIC_REPRESENTATION_CONTEXT(2) 
PARAMETRIC_REPRESENTATION_CONTEXT() REPRESENTATION_CONTEXT('2D SPACE',''
  ) );
#10450 = ORIENTED_EDGE('',*,*,#10308,.F.);
#10451 = ADVANCED_FACE('',(#10452),#10267,.T.);
#10452 = FACE_BOUND('',#10453,.T.);
#10453 = EDGE_LOOP('',(#10454,#10475,#10476,#10497));
#10454 = ORIENTED_EDGE('',*,*,#10455,.F.);
#10455 = EDGE_CURVE('',#10224,#10339,#10456,.T.);
#10456 = SURFACE_CURVE('',#10457,(#10461,#10468),.PCURVE_S1.);
#10457 = LINE('',#10458,#10459);
#10458 = CARTESIAN_POINT('',(-136.,278.44919169495,38.251183055948));
#10459 = VECTOR('',#10460,1.);
#10460 = DIRECTION('',(1.,0.,0.));
#10461 = PCURVE('',#10267,#10462);
#10462 = DEFINITIONAL_REPRESENTATION('',(#10463),#10467);
#10463 = LINE('',#10464,#10465);
#10464 = CARTESIAN_POINT('',(0.,0.));
#10465 = VECTOR('',#10466,1.);
#10466 = DIRECTION('',(0.,1.));
#10467 = ( GEOMETRIC_REPRESENTATION_CONTEXT(2) 
PARAMETRIC_REPRESENTATION_CONTEXT() REPRESENTATION_CONTEXT('2D SPACE',''
  ) );
#10468 = PCURVE('',#10239,#10469);
#10469 = DEFINITIONAL_REPRESENTATION('',(#10470),#10474);
#10470 = LINE('',#10471,#10472);
#10471 = CARTESIAN_POINT('',(0.,2.4));
#10472 = VECTOR('',#10473,1.);
#10473 = DIRECTION('',(1.,0.));
#10474 = ( GEOMETRIC_REPRESENTATION_CONTEXT(2) 
PARAMETRIC_REPRESENTATION_CONTEXT() REPRESENTATION_CONTEXT('2D SPACE',''
  ) );
#10475 = ORIENTED_EDGE('',*,*,#10251,.T.);
#10476 = ORIENTED_EDGE('',*,*,#10477,.T.);
#10477 = EDGE_CURVE('',#10252,#10362,#10478,.T.);
#10478 = SURFACE_CURVE('',#10479,(#10483,#10490),.PCURVE_S1.);
#10479 = LINE('',#10480,#10481);
#10480 = CARTESIAN_POINT('',(-136.,298.58612373581,70.477010709892));
#10481 = VECTOR('',#10482,1.);
#10482 = DIRECTION('',(1.,0.,0.));
#10483 = PCURVE('',#10267,#10484);
#10484 = DEFINITIONAL_REPRESENTATION('',(#10485),#10489);
#10485 = LINE('',#10486,#10487);
#10486 = CARTESIAN_POINT('',(38.,0.));
#10487 = VECTOR('',#10488,1.);
#10488 = DIRECTION('',(0.,1.));
#10489 = ( GEOMETRIC_REPRESENTATION_CONTEXT(2) 
PARAMETRIC_REPRESENTATION_CONTEXT() REPRESENTATION_CONTEXT('2D SPACE',''
  ) );
#10490 = PCURVE('',#10293,#10491);
#10491 = DEFINITIONAL_REPRESENTATION('',(#10492),#10496);
#10492 = LINE('',#10493,#10494);
#10493 = CARTESIAN_POINT('',(0.,2.4));
#10494 = VECTOR('',#10495,1.);
#10495 = DIRECTION('',(1.,0.));
#10496 = ( GEOMETRIC_REPRESENTATION_CONTEXT(2) 
PARAMETRIC_REPRESENTATION_CONTEXT() REPRESENTATION_CONTEXT('2D SPACE',''
  ) );
#10497 = ORIENTED_EDGE('',*,*,#10361,.F.);
#10498 = ADVANCED_FACE('',(#10499),#10239,.F.);
#10499 = FACE_BOUND('',#10500,.F.);
#10500 = EDGE_LOOP('',(#10501,#10502,#10503,#10504));
#10501 = ORIENTED_EDGE('',*,*,#10223,.F.);
#10502 = ORIENTED_EDGE('',*,*,#10408,.T.);
#10503 = ORIENTED_EDGE('',*,*,#10338,.T.);
#10504 = ORIENTED_EDGE('',*,*,#10455,.F.);
#10505 = ADVANCED_FACE('',(#10506),#10293,.T.);
#10506 = FACE_BOUND('',#10507,.T.);
#10507 = EDGE_LOOP('',(#10508,#10509,#10510,#10511));
#10508 = ORIENTED_EDGE('',*,*,#10279,.F.);
#10509 = ORIENTED_EDGE('',*,*,#10430,.T.);
#10510 = ORIENTED_EDGE('',*,*,#10384,.T.);
#10511 = ORIENTED_EDGE('',*,*,#10477,.F.);
#10512 = MANIFOLD_SOLID_BREP('',#10513);
#10513 = CLOSED_SHELL('',(#10514,#10634,#10734,#10781,#10828,#10835));
#10514 = ADVANCED_FACE('',(#10515),#10529,.F.);
#10515 = FACE_BOUND('',#10516,.F.);
#10516 = EDGE_LOOP('',(#10517,#10552,#10580,#10608));
#10517 = ORIENTED_EDGE('',*,*,#10518,.F.);
#10518 = EDGE_CURVE('',#10519,#10521,#10523,.T.);
#10519 = VERTEX_POINT('',#10520);
#10520 = CARTESIAN_POINT('',(-136.,293.41387626418,39.522989290108));
#10521 = VERTEX_POINT('',#10522);
#10522 = CARTESIAN_POINT('',(-136.,313.55080830504,71.748816944052));
#10523 = SURFACE_CURVE('',#10524,(#10528,#10540),.PCURVE_S1.);
#10524 = LINE('',#10525,#10526);
#10525 = CARTESIAN_POINT('',(-136.,293.41387626418,39.522989290108));
#10526 = VECTOR('',#10527,1.);
#10527 = DIRECTION('',(0.,0.529919264233,0.848048096156));
#10528 = PCURVE('',#10529,#10534);
#10529 = PLANE('',#10530);
#10530 = AXIS2_PLACEMENT_3D('',#10531,#10532,#10533);
#10531 = CARTESIAN_POINT('',(-136.,293.41387626418,39.522989290108));
#10532 = DIRECTION('',(1.,0.,0.));
#10533 = DIRECTION('',(0.,0.529919264233,0.848048096156));
#10534 = DEFINITIONAL_REPRESENTATION('',(#10535),#10539);
#10535 = LINE('',#10536,#10537);
#10536 = CARTESIAN_POINT('',(0.,0.));
#10537 = VECTOR('',#10538,1.);
#10538 = DIRECTION('',(1.,0.));
#10539 = ( GEOMETRIC_REPRESENTATION_CONTEXT(2) 
PARAMETRIC_REPRESENTATION_CONTEXT() REPRESENTATION_CONTEXT('2D SPACE',''
  ) );
#10540 = PCURVE('',#10541,#10546);
#10541 = PLANE('',#10542);
#10542 = AXIS2_PLACEMENT_3D('',#10543,#10544,#10545);
#10543 = CARTESIAN_POINT('',(-136.,293.41387626418,39.522989290108));
#10544 = DIRECTION('',(0.,0.848048096156,-0.529919264233));
#10545 = DIRECTION('',(0.,0.529919264233,0.848048096156));
#10546 = DEFINITIONAL_REPRESENTATION('',(#10547),#10551);
#10547 = LINE('',#10548,#10549);
#10548 = CARTESIAN_POINT('',(0.,0.));
#10549 = VECTOR('',#10550,1.);
#10550 = DIRECTION('',(1.,0.));
#10551 = ( GEOMETRIC_REPRESENTATION_CONTEXT(2) 
PARAMETRIC_REPRESENTATION_CONTEXT() REPRESENTATION_CONTEXT('2D SPACE',''
  ) );
#10552 = ORIENTED_EDGE('',*,*,#10553,.T.);
#10553 = EDGE_CURVE('',#10519,#10554,#10556,.T.);
#10554 = VERTEX_POINT('',#10555);
#10555 = CARTESIAN_POINT('',(-136.,295.44919169495,38.251183055948));
#10556 = SURFACE_CURVE('',#10557,(#10561,#10568),.PCURVE_S1.);
#10557 = LINE('',#10558,#10559);
#10558 = CARTESIAN_POINT('',(-136.,293.41387626418,39.522989290108));
#10559 = VECTOR('',#10560,1.);
#10560 = DIRECTION('',(0.,0.848048096156,-0.529919264233));
#10561 = PCURVE('',#10529,#10562);
#10562 = DEFINITIONAL_REPRESENTATION('',(#10563),#10567);
#10563 = LINE('',#10564,#10565);
#10564 = CARTESIAN_POINT('',(0.,0.));
#10565 = VECTOR('',#10566,1.);
#10566 = DIRECTION('',(0.,-1.));
#10567 = ( GEOMETRIC_REPRESENTATION_CONTEXT(2) 
PARAMETRIC_REPRESENTATION_CONTEXT() REPRESENTATION_CONTEXT('2D SPACE',''
  ) );
#10568 = PCURVE('',#10569,#10574);
#10569 = PLANE('',#10570);
#10570 = AXIS2_PLACEMENT_3D('',#10571,#10572,#10573);
#10571 = CARTESIAN_POINT('',(-136.,293.41387626418,39.522989290108));
#10572 = DIRECTION('',(0.,0.529919264233,0.848048096156));
#10573 = DIRECTION('',(1.,0.,0.));
#10574 = DEFINITIONAL_REPRESENTATION('',(#10575),#10579);
#10575 = LINE('',#10576,#10577);
#10576 = CARTESIAN_POINT('',(0.,0.));
#10577 = VECTOR('',#10578,1.);
#10578 = DIRECTION('',(0.,1.));
#10579 = ( GEOMETRIC_REPRESENTATION_CONTEXT(2) 
PARAMETRIC_REPRESENTATION_CONTEXT() REPRESENTATION_CONTEXT('2D SPACE',''
  ) );
#10580 = ORIENTED_EDGE('',*,*,#10581,.T.);
#10581 = EDGE_CURVE('',#10554,#10582,#10584,.T.);
#10582 = VERTEX_POINT('',#10583);
#10583 = CARTESIAN_POINT('',(-136.,315.58612373581,70.477010709892));
#10584 = SURFACE_CURVE('',#10585,(#10589,#10596),.PCURVE_S1.);
#10585 = LINE('',#10586,#10587);
#10586 = CARTESIAN_POINT('',(-136.,295.44919169495,38.251183055948));
#10587 = VECTOR('',#10588,1.);
#10588 = DIRECTION('',(0.,0.529919264233,0.848048096156));
#10589 = PCURVE('',#10529,#10590);
#10590 = DEFINITIONAL_REPRESENTATION('',(#10591),#10595);
#10591 = LINE('',#10592,#10593);
#10592 = CARTESIAN_POINT('',(3.330669073875E-15,-2.4));
#10593 = VECTOR('',#10594,1.);
#10594 = DIRECTION('',(1.,0.));
#10595 = ( GEOMETRIC_REPRESENTATION_CONTEXT(2) 
PARAMETRIC_REPRESENTATION_CONTEXT() REPRESENTATION_CONTEXT('2D SPACE',''
  ) );
#10596 = PCURVE('',#10597,#10602);
#10597 = PLANE('',#10598);
#10598 = AXIS2_PLACEMENT_3D('',#10599,#10600,#10601);
#10599 = CARTESIAN_POINT('',(-136.,295.44919169495,38.251183055948));
#10600 = DIRECTION('',(0.,0.848048096156,-0.529919264233));
#10601 = DIRECTION('',(0.,0.529919264233,0.848048096156));
#10602 = DEFINITIONAL_REPRESENTATION('',(#10603),#10607);
#10603 = LINE('',#10604,#10605);
#10604 = CARTESIAN_POINT('',(0.,0.));
#10605 = VECTOR('',#10606,1.);
#10606 = DIRECTION('',(1.,0.));
#10607 = ( GEOMETRIC_REPRESENTATION_CONTEXT(2) 
PARAMETRIC_REPRESENTATION_CONTEXT() REPRESENTATION_CONTEXT('2D SPACE',''
  ) );
#10608 = ORIENTED_EDGE('',*,*,#10609,.F.);
#10609 = EDGE_CURVE('',#10521,#10582,#10610,.T.);
#10610 = SURFACE_CURVE('',#10611,(#10615,#10622),.PCURVE_S1.);
#10611 = LINE('',#10612,#10613);
#10612 = CARTESIAN_POINT('',(-136.,313.55080830504,71.748816944052));
#10613 = VECTOR('',#10614,1.);
#10614 = DIRECTION('',(0.,0.848048096156,-0.529919264233));
#10615 = PCURVE('',#10529,#10616);
#10616 = DEFINITIONAL_REPRESENTATION('',(#10617),#10621);
#10617 = LINE('',#10618,#10619);
#10618 = CARTESIAN_POINT('',(38.,3.552713678801E-15));
#10619 = VECTOR('',#10620,1.);
#10620 = DIRECTION('',(0.,-1.));
#10621 = ( GEOMETRIC_REPRESENTATION_CONTEXT(2) 
PARAMETRIC_REPRESENTATION_CONTEXT() REPRESENTATION_CONTEXT('2D SPACE',''
  ) );
#10622 = PCURVE('',#10623,#10628);
#10623 = PLANE('',#10624);
#10624 = AXIS2_PLACEMENT_3D('',#10625,#10626,#10627);
#10625 = CARTESIAN_POINT('',(-136.,313.55080830504,71.748816944052));
#10626 = DIRECTION('',(0.,0.529919264233,0.848048096156));
#10627 = DIRECTION('',(1.,0.,0.));
#10628 = DEFINITIONAL_REPRESENTATION('',(#10629),#10633);
#10629 = LINE('',#10630,#10631);
#10630 = CARTESIAN_POINT('',(0.,0.));
#10631 = VECTOR('',#10632,1.);
#10632 = DIRECTION('',(0.,1.));
#10633 = ( GEOMETRIC_REPRESENTATION_CONTEXT(2) 
PARAMETRIC_REPRESENTATION_CONTEXT() REPRESENTATION_CONTEXT('2D SPACE',''
  ) );
#10634 = ADVANCED_FACE('',(#10635),#10649,.T.);
#10635 = FACE_BOUND('',#10636,.T.);
#10636 = EDGE_LOOP('',(#10637,#10667,#10690,#10713));
#10637 = ORIENTED_EDGE('',*,*,#10638,.F.);
#10638 = EDGE_CURVE('',#10639,#10641,#10643,.T.);
#10639 = VERTEX_POINT('',#10640);
#10640 = CARTESIAN_POINT('',(136.,293.41387626418,39.522989290108));
#10641 = VERTEX_POINT('',#10642);
#10642 = CARTESIAN_POINT('',(136.,313.55080830504,71.748816944052));
#10643 = SURFACE_CURVE('',#10644,(#10648,#10660),.PCURVE_S1.);
#10644 = LINE('',#10645,#10646);
#10645 = CARTESIAN_POINT('',(136.,293.41387626418,39.522989290108));
#10646 = VECTOR('',#10647,1.);
#10647 = DIRECTION('',(0.,0.529919264233,0.848048096156));
#10648 = PCURVE('',#10649,#10654);
#10649 = PLANE('',#10650);
#10650 = AXIS2_PLACEMENT_3D('',#10651,#10652,#10653);
#10651 = CARTESIAN_POINT('',(136.,293.41387626418,39.522989290108));
#10652 = DIRECTION('',(1.,0.,0.));
#10653 = DIRECTION('',(0.,0.529919264233,0.848048096156));
#10654 = DEFINITIONAL_REPRESENTATION('',(#10655),#10659);
#10655 = LINE('',#10656,#10657);
#10656 = CARTESIAN_POINT('',(0.,0.));
#10657 = VECTOR('',#10658,1.);
#10658 = DIRECTION('',(1.,0.));
#10659 = ( GEOMETRIC_REPRESENTATION_CONTEXT(2) 
PARAMETRIC_REPRESENTATION_CONTEXT() REPRESENTATION_CONTEXT('2D SPACE',''
  ) );
#10660 = PCURVE('',#10541,#10661);
#10661 = DEFINITIONAL_REPRESENTATION('',(#10662),#10666);
#10662 = LINE('',#10663,#10664);
#10663 = CARTESIAN_POINT('',(0.,272.));
#10664 = VECTOR('',#10665,1.);
#10665 = DIRECTION('',(1.,0.));
#10666 = ( GEOMETRIC_REPRESENTATION_CONTEXT(2) 
PARAMETRIC_REPRESENTATION_CONTEXT() REPRESENTATION_CONTEXT('2D SPACE',''
  ) );
#10667 = ORIENTED_EDGE('',*,*,#10668,.T.);
#10668 = EDGE_CURVE('',#10639,#10669,#10671,.T.);
#10669 = VERTEX_POINT('',#10670);
#10670 = CARTESIAN_POINT('',(136.,295.44919169495,38.251183055948));
#10671 = SURFACE_CURVE('',#10672,(#10676,#10683),.PCURVE_S1.);
#10672 = LINE('',#10673,#10674);
#10673 = CARTESIAN_POINT('',(136.,293.41387626418,39.522989290108));
#10674 = VECTOR('',#10675,1.);
#10675 = DIRECTION('',(0.,0.848048096156,-0.529919264233));
#10676 = PCURVE('',#10649,#10677);
#10677 = DEFINITIONAL_REPRESENTATION('',(#10678),#10682);
#10678 = LINE('',#10679,#10680);
#10679 = CARTESIAN_POINT('',(0.,0.));
#10680 = VECTOR('',#10681,1.);
#10681 = DIRECTION('',(0.,-1.));
#10682 = ( GEOMETRIC_REPRESENTATION_CONTEXT(2) 
PARAMETRIC_REPRESENTATION_CONTEXT() REPRESENTATION_CONTEXT('2D SPACE',''
  ) );
#10683 = PCURVE('',#10569,#10684);
#10684 = DEFINITIONAL_REPRESENTATION('',(#10685),#10689);
#10685 = LINE('',#10686,#10687);
#10686 = CARTESIAN_POINT('',(272.,0.));
#10687 = VECTOR('',#10688,1.);
#10688 = DIRECTION('',(0.,1.));
#10689 = ( GEOMETRIC_REPRESENTATION_CONTEXT(2) 
PARAMETRIC_REPRESENTATION_CONTEXT() REPRESENTATION_CONTEXT('2D SPACE',''
  ) );
#10690 = ORIENTED_EDGE('',*,*,#10691,.T.);
#10691 = EDGE_CURVE('',#10669,#10692,#10694,.T.);
#10692 = VERTEX_POINT('',#10693);
#10693 = CARTESIAN_POINT('',(136.,315.58612373581,70.477010709892));
#10694 = SURFACE_CURVE('',#10695,(#10699,#10706),.PCURVE_S1.);
#10695 = LINE('',#10696,#10697);
#10696 = CARTESIAN_POINT('',(136.,295.44919169495,38.251183055948));
#10697 = VECTOR('',#10698,1.);
#10698 = DIRECTION('',(0.,0.529919264233,0.848048096156));
#10699 = PCURVE('',#10649,#10700);
#10700 = DEFINITIONAL_REPRESENTATION('',(#10701),#10705);
#10701 = LINE('',#10702,#10703);
#10702 = CARTESIAN_POINT('',(3.330669073875E-15,-2.4));
#10703 = VECTOR('',#10704,1.);
#10704 = DIRECTION('',(1.,0.));
#10705 = ( GEOMETRIC_REPRESENTATION_CONTEXT(2) 
PARAMETRIC_REPRESENTATION_CONTEXT() REPRESENTATION_CONTEXT('2D SPACE',''
  ) );
#10706 = PCURVE('',#10597,#10707);
#10707 = DEFINITIONAL_REPRESENTATION('',(#10708),#10712);
#10708 = LINE('',#10709,#10710);
#10709 = CARTESIAN_POINT('',(0.,272.));
#10710 = VECTOR('',#10711,1.);
#10711 = DIRECTION('',(1.,0.));
#10712 = ( GEOMETRIC_REPRESENTATION_CONTEXT(2) 
PARAMETRIC_REPRESENTATION_CONTEXT() REPRESENTATION_CONTEXT('2D SPACE',''
  ) );
#10713 = ORIENTED_EDGE('',*,*,#10714,.F.);
#10714 = EDGE_CURVE('',#10641,#10692,#10715,.T.);
#10715 = SURFACE_CURVE('',#10716,(#10720,#10727),.PCURVE_S1.);
#10716 = LINE('',#10717,#10718);
#10717 = CARTESIAN_POINT('',(136.,313.55080830504,71.748816944052));
#10718 = VECTOR('',#10719,1.);
#10719 = DIRECTION('',(0.,0.848048096156,-0.529919264233));
#10720 = PCURVE('',#10649,#10721);
#10721 = DEFINITIONAL_REPRESENTATION('',(#10722),#10726);
#10722 = LINE('',#10723,#10724);
#10723 = CARTESIAN_POINT('',(38.,3.552713678801E-15));
#10724 = VECTOR('',#10725,1.);
#10725 = DIRECTION('',(0.,-1.));
#10726 = ( GEOMETRIC_REPRESENTATION_CONTEXT(2) 
PARAMETRIC_REPRESENTATION_CONTEXT() REPRESENTATION_CONTEXT('2D SPACE',''
  ) );
#10727 = PCURVE('',#10623,#10728);
#10728 = DEFINITIONAL_REPRESENTATION('',(#10729),#10733);
#10729 = LINE('',#10730,#10731);
#10730 = CARTESIAN_POINT('',(272.,0.));
#10731 = VECTOR('',#10732,1.);
#10732 = DIRECTION('',(0.,1.));
#10733 = ( GEOMETRIC_REPRESENTATION_CONTEXT(2) 
PARAMETRIC_REPRESENTATION_CONTEXT() REPRESENTATION_CONTEXT('2D SPACE',''
  ) );
#10734 = ADVANCED_FACE('',(#10735),#10541,.F.);
#10735 = FACE_BOUND('',#10736,.F.);
#10736 = EDGE_LOOP('',(#10737,#10758,#10759,#10780));
#10737 = ORIENTED_EDGE('',*,*,#10738,.F.);
#10738 = EDGE_CURVE('',#10519,#10639,#10739,.T.);
#10739 = SURFACE_CURVE('',#10740,(#10744,#10751),.PCURVE_S1.);
#10740 = LINE('',#10741,#10742);
#10741 = CARTESIAN_POINT('',(-136.,293.41387626418,39.522989290108));
#10742 = VECTOR('',#10743,1.);
#10743 = DIRECTION('',(1.,0.,0.));
#10744 = PCURVE('',#10541,#10745);
#10745 = DEFINITIONAL_REPRESENTATION('',(#10746),#10750);
#10746 = LINE('',#10747,#10748);
#10747 = CARTESIAN_POINT('',(0.,0.));
#10748 = VECTOR('',#10749,1.);
#10749 = DIRECTION('',(0.,1.));
#10750 = ( GEOMETRIC_REPRESENTATION_CONTEXT(2) 
PARAMETRIC_REPRESENTATION_CONTEXT() REPRESENTATION_CONTEXT('2D SPACE',''
  ) );
#10751 = PCURVE('',#10569,#10752);
#10752 = DEFINITIONAL_REPRESENTATION('',(#10753),#10757);
#10753 = LINE('',#10754,#10755);
#10754 = CARTESIAN_POINT('',(0.,0.));
#10755 = VECTOR('',#10756,1.);
#10756 = DIRECTION('',(1.,0.));
#10757 = ( GEOMETRIC_REPRESENTATION_CONTEXT(2) 
PARAMETRIC_REPRESENTATION_CONTEXT() REPRESENTATION_CONTEXT('2D SPACE',''
  ) );
#10758 = ORIENTED_EDGE('',*,*,#10518,.T.);
#10759 = ORIENTED_EDGE('',*,*,#10760,.T.);
#10760 = EDGE_CURVE('',#10521,#10641,#10761,.T.);
#10761 = SURFACE_CURVE('',#10762,(#10766,#10773),.PCURVE_S1.);
#10762 = LINE('',#10763,#10764);
#10763 = CARTESIAN_POINT('',(-136.,313.55080830504,71.748816944052));
#10764 = VECTOR('',#10765,1.);
#10765 = DIRECTION('',(1.,0.,0.));
#10766 = PCURVE('',#10541,#10767);
#10767 = DEFINITIONAL_REPRESENTATION('',(#10768),#10772);
#10768 = LINE('',#10769,#10770);
#10769 = CARTESIAN_POINT('',(38.,0.));
#10770 = VECTOR('',#10771,1.);
#10771 = DIRECTION('',(0.,1.));
#10772 = ( GEOMETRIC_REPRESENTATION_CONTEXT(2) 
PARAMETRIC_REPRESENTATION_CONTEXT() REPRESENTATION_CONTEXT('2D SPACE',''
  ) );
#10773 = PCURVE('',#10623,#10774);
#10774 = DEFINITIONAL_REPRESENTATION('',(#10775),#10779);
#10775 = LINE('',#10776,#10777);
#10776 = CARTESIAN_POINT('',(0.,0.));
#10777 = VECTOR('',#10778,1.);
#10778 = DIRECTION('',(1.,0.));
#10779 = ( GEOMETRIC_REPRESENTATION_CONTEXT(2) 
PARAMETRIC_REPRESENTATION_CONTEXT() REPRESENTATION_CONTEXT('2D SPACE',''
  ) );
#10780 = ORIENTED_EDGE('',*,*,#10638,.F.);
#10781 = ADVANCED_FACE('',(#10782),#10597,.T.);
#10782 = FACE_BOUND('',#10783,.T.);
#10783 = EDGE_LOOP('',(#10784,#10805,#10806,#10827));
#10784 = ORIENTED_EDGE('',*,*,#10785,.F.);
#10785 = EDGE_CURVE('',#10554,#10669,#10786,.T.);
#10786 = SURFACE_CURVE('',#10787,(#10791,#10798),.PCURVE_S1.);
#10787 = LINE('',#10788,#10789);
#10788 = CARTESIAN_POINT('',(-136.,295.44919169495,38.251183055948));
#10789 = VECTOR('',#10790,1.);
#10790 = DIRECTION('',(1.,0.,0.));
#10791 = PCURVE('',#10597,#10792);
#10792 = DEFINITIONAL_REPRESENTATION('',(#10793),#10797);
#10793 = LINE('',#10794,#10795);
#10794 = CARTESIAN_POINT('',(0.,0.));
#10795 = VECTOR('',#10796,1.);
#10796 = DIRECTION('',(0.,1.));
#10797 = ( GEOMETRIC_REPRESENTATION_CONTEXT(2) 
PARAMETRIC_REPRESENTATION_CONTEXT() REPRESENTATION_CONTEXT('2D SPACE',''
  ) );
#10798 = PCURVE('',#10569,#10799);
#10799 = DEFINITIONAL_REPRESENTATION('',(#10800),#10804);
#10800 = LINE('',#10801,#10802);
#10801 = CARTESIAN_POINT('',(0.,2.4));
#10802 = VECTOR('',#10803,1.);
#10803 = DIRECTION('',(1.,0.));
#10804 = ( GEOMETRIC_REPRESENTATION_CONTEXT(2) 
PARAMETRIC_REPRESENTATION_CONTEXT() REPRESENTATION_CONTEXT('2D SPACE',''
  ) );
#10805 = ORIENTED_EDGE('',*,*,#10581,.T.);
#10806 = ORIENTED_EDGE('',*,*,#10807,.T.);
#10807 = EDGE_CURVE('',#10582,#10692,#10808,.T.);
#10808 = SURFACE_CURVE('',#10809,(#10813,#10820),.PCURVE_S1.);
#10809 = LINE('',#10810,#10811);
#10810 = CARTESIAN_POINT('',(-136.,315.58612373581,70.477010709892));
#10811 = VECTOR('',#10812,1.);
#10812 = DIRECTION('',(1.,0.,0.));
#10813 = PCURVE('',#10597,#10814);
#10814 = DEFINITIONAL_REPRESENTATION('',(#10815),#10819);
#10815 = LINE('',#10816,#10817);
#10816 = CARTESIAN_POINT('',(38.,0.));
#10817 = VECTOR('',#10818,1.);
#10818 = DIRECTION('',(0.,1.));
#10819 = ( GEOMETRIC_REPRESENTATION_CONTEXT(2) 
PARAMETRIC_REPRESENTATION_CONTEXT() REPRESENTATION_CONTEXT('2D SPACE',''
  ) );
#10820 = PCURVE('',#10623,#10821);
#10821 = DEFINITIONAL_REPRESENTATION('',(#10822),#10826);
#10822 = LINE('',#10823,#10824);
#10823 = CARTESIAN_POINT('',(0.,2.4));
#10824 = VECTOR('',#10825,1.);
#10825 = DIRECTION('',(1.,0.));
#10826 = ( GEOMETRIC_REPRESENTATION_CONTEXT(2) 
PARAMETRIC_REPRESENTATION_CONTEXT() REPRESENTATION_CONTEXT('2D SPACE',''
  ) );
#10827 = ORIENTED_EDGE('',*,*,#10691,.F.);
#10828 = ADVANCED_FACE('',(#10829),#10569,.F.);
#10829 = FACE_BOUND('',#10830,.F.);
#10830 = EDGE_LOOP('',(#10831,#10832,#10833,#10834));
#10831 = ORIENTED_EDGE('',*,*,#10553,.F.);
#10832 = ORIENTED_EDGE('',*,*,#10738,.T.);
#10833 = ORIENTED_EDGE('',*,*,#10668,.T.);
#10834 = ORIENTED_EDGE('',*,*,#10785,.F.);
#10835 = ADVANCED_FACE('',(#10836),#10623,.T.);
#10836 = FACE_BOUND('',#10837,.T.);
#10837 = EDGE_LOOP('',(#10838,#10839,#10840,#10841));
#10838 = ORIENTED_EDGE('',*,*,#10609,.F.);
#10839 = ORIENTED_EDGE('',*,*,#10760,.T.);
#10840 = ORIENTED_EDGE('',*,*,#10714,.T.);
#10841 = ORIENTED_EDGE('',*,*,#10807,.F.);
#10842 = MANIFOLD_SOLID_BREP('',#10843);
#10843 = CLOSED_SHELL('',(#10844,#10964,#11064,#11111,#11158,#11165));
#10844 = ADVANCED_FACE('',(#10845),#10859,.F.);
#10845 = FACE_BOUND('',#10846,.F.);
#10846 = EDGE_LOOP('',(#10847,#10882,#10910,#10938));
#10847 = ORIENTED_EDGE('',*,*,#10848,.F.);
#10848 = EDGE_CURVE('',#10849,#10851,#10853,.T.);
#10849 = VERTEX_POINT('',#10850);
#10850 = CARTESIAN_POINT('',(-136.,310.41387626418,39.522989290108));
#10851 = VERTEX_POINT('',#10852);
#10852 = CARTESIAN_POINT('',(-136.,330.55080830504,71.748816944052));
#10853 = SURFACE_CURVE('',#10854,(#10858,#10870),.PCURVE_S1.);
#10854 = LINE('',#10855,#10856);
#10855 = CARTESIAN_POINT('',(-136.,310.41387626418,39.522989290108));
#10856 = VECTOR('',#10857,1.);
#10857 = DIRECTION('',(0.,0.529919264233,0.848048096156));
#10858 = PCURVE('',#10859,#10864);
#10859 = PLANE('',#10860);
#10860 = AXIS2_PLACEMENT_3D('',#10861,#10862,#10863);
#10861 = CARTESIAN_POINT('',(-136.,310.41387626418,39.522989290108));
#10862 = DIRECTION('',(1.,0.,0.));
#10863 = DIRECTION('',(0.,0.529919264233,0.848048096156));
#10864 = DEFINITIONAL_REPRESENTATION('',(#10865),#10869);
#10865 = LINE('',#10866,#10867);
#10866 = CARTESIAN_POINT('',(0.,0.));
#10867 = VECTOR('',#10868,1.);
#10868 = DIRECTION('',(1.,0.));
#10869 = ( GEOMETRIC_REPRESENTATION_CONTEXT(2) 
PARAMETRIC_REPRESENTATION_CONTEXT() REPRESENTATION_CONTEXT('2D SPACE',''
  ) );
#10870 = PCURVE('',#10871,#10876);
#10871 = PLANE('',#10872);
#10872 = AXIS2_PLACEMENT_3D('',#10873,#10874,#10875);
#10873 = CARTESIAN_POINT('',(-136.,310.41387626418,39.522989290108));
#10874 = DIRECTION('',(0.,0.848048096156,-0.529919264233));
#10875 = DIRECTION('',(0.,0.529919264233,0.848048096156));
#10876 = DEFINITIONAL_REPRESENTATION('',(#10877),#10881);
#10877 = LINE('',#10878,#10879);
#10878 = CARTESIAN_POINT('',(0.,0.));
#10879 = VECTOR('',#10880,1.);
#10880 = DIRECTION('',(1.,0.));
#10881 = ( GEOMETRIC_REPRESENTATION_CONTEXT(2) 
PARAMETRIC_REPRESENTATION_CONTEXT() REPRESENTATION_CONTEXT('2D SPACE',''
  ) );
#10882 = ORIENTED_EDGE('',*,*,#10883,.T.);
#10883 = EDGE_CURVE('',#10849,#10884,#10886,.T.);
#10884 = VERTEX_POINT('',#10885);
#10885 = CARTESIAN_POINT('',(-136.,312.44919169495,38.251183055948));
#10886 = SURFACE_CURVE('',#10887,(#10891,#10898),.PCURVE_S1.);
#10887 = LINE('',#10888,#10889);
#10888 = CARTESIAN_POINT('',(-136.,310.41387626418,39.522989290108));
#10889 = VECTOR('',#10890,1.);
#10890 = DIRECTION('',(0.,0.848048096156,-0.529919264233));
#10891 = PCURVE('',#10859,#10892);
#10892 = DEFINITIONAL_REPRESENTATION('',(#10893),#10897);
#10893 = LINE('',#10894,#10895);
#10894 = CARTESIAN_POINT('',(0.,0.));
#10895 = VECTOR('',#10896,1.);
#10896 = DIRECTION('',(0.,-1.));
#10897 = ( GEOMETRIC_REPRESENTATION_CONTEXT(2) 
PARAMETRIC_REPRESENTATION_CONTEXT() REPRESENTATION_CONTEXT('2D SPACE',''
  ) );
#10898 = PCURVE('',#10899,#10904);
#10899 = PLANE('',#10900);
#10900 = AXIS2_PLACEMENT_3D('',#10901,#10902,#10903);
#10901 = CARTESIAN_POINT('',(-136.,310.41387626418,39.522989290108));
#10902 = DIRECTION('',(0.,0.529919264233,0.848048096156));
#10903 = DIRECTION('',(1.,0.,0.));
#10904 = DEFINITIONAL_REPRESENTATION('',(#10905),#10909);
#10905 = LINE('',#10906,#10907);
#10906 = CARTESIAN_POINT('',(0.,0.));
#10907 = VECTOR('',#10908,1.);
#10908 = DIRECTION('',(0.,1.));
#10909 = ( GEOMETRIC_REPRESENTATION_CONTEXT(2) 
PARAMETRIC_REPRESENTATION_CONTEXT() REPRESENTATION_CONTEXT('2D SPACE',''
  ) );
#10910 = ORIENTED_EDGE('',*,*,#10911,.T.);
#10911 = EDGE_CURVE('',#10884,#10912,#10914,.T.);
#10912 = VERTEX_POINT('',#10913);
#10913 = CARTESIAN_POINT('',(-136.,332.58612373581,70.477010709892));
#10914 = SURFACE_CURVE('',#10915,(#10919,#10926),.PCURVE_S1.);
#10915 = LINE('',#10916,#10917);
#10916 = CARTESIAN_POINT('',(-136.,312.44919169495,38.251183055948));
#10917 = VECTOR('',#10918,1.);
#10918 = DIRECTION('',(0.,0.529919264233,0.848048096156));
#10919 = PCURVE('',#10859,#10920);
#10920 = DEFINITIONAL_REPRESENTATION('',(#10921),#10925);
#10921 = LINE('',#10922,#10923);
#10922 = CARTESIAN_POINT('',(3.330669073875E-15,-2.4));
#10923 = VECTOR('',#10924,1.);
#10924 = DIRECTION('',(1.,0.));
#10925 = ( GEOMETRIC_REPRESENTATION_CONTEXT(2) 
PARAMETRIC_REPRESENTATION_CONTEXT() REPRESENTATION_CONTEXT('2D SPACE',''
  ) );
#10926 = PCURVE('',#10927,#10932);
#10927 = PLANE('',#10928);
#10928 = AXIS2_PLACEMENT_3D('',#10929,#10930,#10931);
#10929 = CARTESIAN_POINT('',(-136.,312.44919169495,38.251183055948));
#10930 = DIRECTION('',(0.,0.848048096156,-0.529919264233));
#10931 = DIRECTION('',(0.,0.529919264233,0.848048096156));
#10932 = DEFINITIONAL_REPRESENTATION('',(#10933),#10937);
#10933 = LINE('',#10934,#10935);
#10934 = CARTESIAN_POINT('',(0.,0.));
#10935 = VECTOR('',#10936,1.);
#10936 = DIRECTION('',(1.,0.));
#10937 = ( GEOMETRIC_REPRESENTATION_CONTEXT(2) 
PARAMETRIC_REPRESENTATION_CONTEXT() REPRESENTATION_CONTEXT('2D SPACE',''
  ) );
#10938 = ORIENTED_EDGE('',*,*,#10939,.F.);
#10939 = EDGE_CURVE('',#10851,#10912,#10940,.T.);
#10940 = SURFACE_CURVE('',#10941,(#10945,#10952),.PCURVE_S1.);
#10941 = LINE('',#10942,#10943);
#10942 = CARTESIAN_POINT('',(-136.,330.55080830504,71.748816944052));
#10943 = VECTOR('',#10944,1.);
#10944 = DIRECTION('',(0.,0.848048096156,-0.529919264233));
#10945 = PCURVE('',#10859,#10946);
#10946 = DEFINITIONAL_REPRESENTATION('',(#10947),#10951);
#10947 = LINE('',#10948,#10949);
#10948 = CARTESIAN_POINT('',(38.,3.552713678801E-15));
#10949 = VECTOR('',#10950,1.);
#10950 = DIRECTION('',(0.,-1.));
#10951 = ( GEOMETRIC_REPRESENTATION_CONTEXT(2) 
PARAMETRIC_REPRESENTATION_CONTEXT() REPRESENTATION_CONTEXT('2D SPACE',''
  ) );
#10952 = PCURVE('',#10953,#10958);
#10953 = PLANE('',#10954);
#10954 = AXIS2_PLACEMENT_3D('',#10955,#10956,#10957);
#10955 = CARTESIAN_POINT('',(-136.,330.55080830504,71.748816944052));
#10956 = DIRECTION('',(0.,0.529919264233,0.848048096156));
#10957 = DIRECTION('',(1.,0.,0.));
#10958 = DEFINITIONAL_REPRESENTATION('',(#10959),#10963);
#10959 = LINE('',#10960,#10961);
#10960 = CARTESIAN_POINT('',(0.,0.));
#10961 = VECTOR('',#10962,1.);
#10962 = DIRECTION('',(0.,1.));
#10963 = ( GEOMETRIC_REPRESENTATION_CONTEXT(2) 
PARAMETRIC_REPRESENTATION_CONTEXT() REPRESENTATION_CONTEXT('2D SPACE',''
  ) );
#10964 = ADVANCED_FACE('',(#10965),#10979,.T.);
#10965 = FACE_BOUND('',#10966,.T.);
#10966 = EDGE_LOOP('',(#10967,#10997,#11020,#11043));
#10967 = ORIENTED_EDGE('',*,*,#10968,.F.);
#10968 = EDGE_CURVE('',#10969,#10971,#10973,.T.);
#10969 = VERTEX_POINT('',#10970);
#10970 = CARTESIAN_POINT('',(136.,310.41387626418,39.522989290108));
#10971 = VERTEX_POINT('',#10972);
#10972 = CARTESIAN_POINT('',(136.,330.55080830504,71.748816944052));
#10973 = SURFACE_CURVE('',#10974,(#10978,#10990),.PCURVE_S1.);
#10974 = LINE('',#10975,#10976);
#10975 = CARTESIAN_POINT('',(136.,310.41387626418,39.522989290108));
#10976 = VECTOR('',#10977,1.);
#10977 = DIRECTION('',(0.,0.529919264233,0.848048096156));
#10978 = PCURVE('',#10979,#10984);
#10979 = PLANE('',#10980);
#10980 = AXIS2_PLACEMENT_3D('',#10981,#10982,#10983);
#10981 = CARTESIAN_POINT('',(136.,310.41387626418,39.522989290108));
#10982 = DIRECTION('',(1.,0.,0.));
#10983 = DIRECTION('',(0.,0.529919264233,0.848048096156));
#10984 = DEFINITIONAL_REPRESENTATION('',(#10985),#10989);
#10985 = LINE('',#10986,#10987);
#10986 = CARTESIAN_POINT('',(0.,0.));
#10987 = VECTOR('',#10988,1.);
#10988 = DIRECTION('',(1.,0.));
#10989 = ( GEOMETRIC_REPRESENTATION_CONTEXT(2) 
PARAMETRIC_REPRESENTATION_CONTEXT() REPRESENTATION_CONTEXT('2D SPACE',''
  ) );
#10990 = PCURVE('',#10871,#10991);
#10991 = DEFINITIONAL_REPRESENTATION('',(#10992),#10996);
#10992 = LINE('',#10993,#10994);
#10993 = CARTESIAN_POINT('',(0.,272.));
#10994 = VECTOR('',#10995,1.);
#10995 = DIRECTION('',(1.,0.));
#10996 = ( GEOMETRIC_REPRESENTATION_CONTEXT(2) 
PARAMETRIC_REPRESENTATION_CONTEXT() REPRESENTATION_CONTEXT('2D SPACE',''
  ) );
#10997 = ORIENTED_EDGE('',*,*,#10998,.T.);
#10998 = EDGE_CURVE('',#10969,#10999,#11001,.T.);
#10999 = VERTEX_POINT('',#11000);
#11000 = CARTESIAN_POINT('',(136.,312.44919169495,38.251183055948));
#11001 = SURFACE_CURVE('',#11002,(#11006,#11013),.PCURVE_S1.);
#11002 = LINE('',#11003,#11004);
#11003 = CARTESIAN_POINT('',(136.,310.41387626418,39.522989290108));
#11004 = VECTOR('',#11005,1.);
#11005 = DIRECTION('',(0.,0.848048096156,-0.529919264233));
#11006 = PCURVE('',#10979,#11007);
#11007 = DEFINITIONAL_REPRESENTATION('',(#11008),#11012);
#11008 = LINE('',#11009,#11010);
#11009 = CARTESIAN_POINT('',(0.,0.));
#11010 = VECTOR('',#11011,1.);
#11011 = DIRECTION('',(0.,-1.));
#11012 = ( GEOMETRIC_REPRESENTATION_CONTEXT(2) 
PARAMETRIC_REPRESENTATION_CONTEXT() REPRESENTATION_CONTEXT('2D SPACE',''
  ) );
#11013 = PCURVE('',#10899,#11014);
#11014 = DEFINITIONAL_REPRESENTATION('',(#11015),#11019);
#11015 = LINE('',#11016,#11017);
#11016 = CARTESIAN_POINT('',(272.,0.));
#11017 = VECTOR('',#11018,1.);
#11018 = DIRECTION('',(0.,1.));
#11019 = ( GEOMETRIC_REPRESENTATION_CONTEXT(2) 
PARAMETRIC_REPRESENTATION_CONTEXT() REPRESENTATION_CONTEXT('2D SPACE',''
  ) );
#11020 = ORIENTED_EDGE('',*,*,#11021,.T.);
#11021 = EDGE_CURVE('',#10999,#11022,#11024,.T.);
#11022 = VERTEX_POINT('',#11023);
#11023 = CARTESIAN_POINT('',(136.,332.58612373581,70.477010709892));
#11024 = SURFACE_CURVE('',#11025,(#11029,#11036),.PCURVE_S1.);
#11025 = LINE('',#11026,#11027);
#11026 = CARTESIAN_POINT('',(136.,312.44919169495,38.251183055948));
#11027 = VECTOR('',#11028,1.);
#11028 = DIRECTION('',(0.,0.529919264233,0.848048096156));
#11029 = PCURVE('',#10979,#11030);
#11030 = DEFINITIONAL_REPRESENTATION('',(#11031),#11035);
#11031 = LINE('',#11032,#11033);
#11032 = CARTESIAN_POINT('',(3.330669073875E-15,-2.4));
#11033 = VECTOR('',#11034,1.);
#11034 = DIRECTION('',(1.,0.));
#11035 = ( GEOMETRIC_REPRESENTATION_CONTEXT(2) 
PARAMETRIC_REPRESENTATION_CONTEXT() REPRESENTATION_CONTEXT('2D SPACE',''
  ) );
#11036 = PCURVE('',#10927,#11037);
#11037 = DEFINITIONAL_REPRESENTATION('',(#11038),#11042);
#11038 = LINE('',#11039,#11040);
#11039 = CARTESIAN_POINT('',(0.,272.));
#11040 = VECTOR('',#11041,1.);
#11041 = DIRECTION('',(1.,0.));
#11042 = ( GEOMETRIC_REPRESENTATION_CONTEXT(2) 
PARAMETRIC_REPRESENTATION_CONTEXT() REPRESENTATION_CONTEXT('2D SPACE',''
  ) );
#11043 = ORIENTED_EDGE('',*,*,#11044,.F.);
#11044 = EDGE_CURVE('',#10971,#11022,#11045,.T.);
#11045 = SURFACE_CURVE('',#11046,(#11050,#11057),.PCURVE_S1.);
#11046 = LINE('',#11047,#11048);
#11047 = CARTESIAN_POINT('',(136.,330.55080830504,71.748816944052));
#11048 = VECTOR('',#11049,1.);
#11049 = DIRECTION('',(0.,0.848048096156,-0.529919264233));
#11050 = PCURVE('',#10979,#11051);
#11051 = DEFINITIONAL_REPRESENTATION('',(#11052),#11056);
#11052 = LINE('',#11053,#11054);
#11053 = CARTESIAN_POINT('',(38.,3.552713678801E-15));
#11054 = VECTOR('',#11055,1.);
#11055 = DIRECTION('',(0.,-1.));
#11056 = ( GEOMETRIC_REPRESENTATION_CONTEXT(2) 
PARAMETRIC_REPRESENTATION_CONTEXT() REPRESENTATION_CONTEXT('2D SPACE',''
  ) );
#11057 = PCURVE('',#10953,#11058);
#11058 = DEFINITIONAL_REPRESENTATION('',(#11059),#11063);
#11059 = LINE('',#11060,#11061);
#11060 = CARTESIAN_POINT('',(272.,0.));
#11061 = VECTOR('',#11062,1.);
#11062 = DIRECTION('',(0.,1.));
#11063 = ( GEOMETRIC_REPRESENTATION_CONTEXT(2) 
PARAMETRIC_REPRESENTATION_CONTEXT() REPRESENTATION_CONTEXT('2D SPACE',''
  ) );
#11064 = ADVANCED_FACE('',(#11065),#10871,.F.);
#11065 = FACE_BOUND('',#11066,.F.);
#11066 = EDGE_LOOP('',(#11067,#11088,#11089,#11110));
#11067 = ORIENTED_EDGE('',*,*,#11068,.F.);
#11068 = EDGE_CURVE('',#10849,#10969,#11069,.T.);
#11069 = SURFACE_CURVE('',#11070,(#11074,#11081),.PCURVE_S1.);
#11070 = LINE('',#11071,#11072);
#11071 = CARTESIAN_POINT('',(-136.,310.41387626418,39.522989290108));
#11072 = VECTOR('',#11073,1.);
#11073 = DIRECTION('',(1.,0.,0.));
#11074 = PCURVE('',#10871,#11075);
#11075 = DEFINITIONAL_REPRESENTATION('',(#11076),#11080);
#11076 = LINE('',#11077,#11078);
#11077 = CARTESIAN_POINT('',(0.,0.));
#11078 = VECTOR('',#11079,1.);
#11079 = DIRECTION('',(0.,1.));
#11080 = ( GEOMETRIC_REPRESENTATION_CONTEXT(2) 
PARAMETRIC_REPRESENTATION_CONTEXT() REPRESENTATION_CONTEXT('2D SPACE',''
  ) );
#11081 = PCURVE('',#10899,#11082);
#11082 = DEFINITIONAL_REPRESENTATION('',(#11083),#11087);
#11083 = LINE('',#11084,#11085);
#11084 = CARTESIAN_POINT('',(0.,0.));
#11085 = VECTOR('',#11086,1.);
#11086 = DIRECTION('',(1.,0.));
#11087 = ( GEOMETRIC_REPRESENTATION_CONTEXT(2) 
PARAMETRIC_REPRESENTATION_CONTEXT() REPRESENTATION_CONTEXT('2D SPACE',''
  ) );
#11088 = ORIENTED_EDGE('',*,*,#10848,.T.);
#11089 = ORIENTED_EDGE('',*,*,#11090,.T.);
#11090 = EDGE_CURVE('',#10851,#10971,#11091,.T.);
#11091 = SURFACE_CURVE('',#11092,(#11096,#11103),.PCURVE_S1.);
#11092 = LINE('',#11093,#11094);
#11093 = CARTESIAN_POINT('',(-136.,330.55080830504,71.748816944052));
#11094 = VECTOR('',#11095,1.);
#11095 = DIRECTION('',(1.,0.,0.));
#11096 = PCURVE('',#10871,#11097);
#11097 = DEFINITIONAL_REPRESENTATION('',(#11098),#11102);
#11098 = LINE('',#11099,#11100);
#11099 = CARTESIAN_POINT('',(38.,0.));
#11100 = VECTOR('',#11101,1.);
#11101 = DIRECTION('',(0.,1.));
#11102 = ( GEOMETRIC_REPRESENTATION_CONTEXT(2) 
PARAMETRIC_REPRESENTATION_CONTEXT() REPRESENTATION_CONTEXT('2D SPACE',''
  ) );
#11103 = PCURVE('',#10953,#11104);
#11104 = DEFINITIONAL_REPRESENTATION('',(#11105),#11109);
#11105 = LINE('',#11106,#11107);
#11106 = CARTESIAN_POINT('',(0.,0.));
#11107 = VECTOR('',#11108,1.);
#11108 = DIRECTION('',(1.,0.));
#11109 = ( GEOMETRIC_REPRESENTATION_CONTEXT(2) 
PARAMETRIC_REPRESENTATION_CONTEXT() REPRESENTATION_CONTEXT('2D SPACE',''
  ) );
#11110 = ORIENTED_EDGE('',*,*,#10968,.F.);
#11111 = ADVANCED_FACE('',(#11112),#10927,.T.);
#11112 = FACE_BOUND('',#11113,.T.);
#11113 = EDGE_LOOP('',(#11114,#11135,#11136,#11157));
#11114 = ORIENTED_EDGE('',*,*,#11115,.F.);
#11115 = EDGE_CURVE('',#10884,#10999,#11116,.T.);
#11116 = SURFACE_CURVE('',#11117,(#11121,#11128),.PCURVE_S1.);
#11117 = LINE('',#11118,#11119);
#11118 = CARTESIAN_POINT('',(-136.,312.44919169495,38.251183055948));
#11119 = VECTOR('',#11120,1.);
#11120 = DIRECTION('',(1.,0.,0.));
#11121 = PCURVE('',#10927,#11122);
#11122 = DEFINITIONAL_REPRESENTATION('',(#11123),#11127);
#11123 = LINE('',#11124,#11125);
#11124 = CARTESIAN_POINT('',(0.,0.));
#11125 = VECTOR('',#11126,1.);
#11126 = DIRECTION('',(0.,1.));
#11127 = ( GEOMETRIC_REPRESENTATION_CONTEXT(2) 
PARAMETRIC_REPRESENTATION_CONTEXT() REPRESENTATION_CONTEXT('2D SPACE',''
  ) );
#11128 = PCURVE('',#10899,#11129);
#11129 = DEFINITIONAL_REPRESENTATION('',(#11130),#11134);
#11130 = LINE('',#11131,#11132);
#11131 = CARTESIAN_POINT('',(0.,2.4));
#11132 = VECTOR('',#11133,1.);
#11133 = DIRECTION('',(1.,0.));
#11134 = ( GEOMETRIC_REPRESENTATION_CONTEXT(2) 
PARAMETRIC_REPRESENTATION_CONTEXT() REPRESENTATION_CONTEXT('2D SPACE',''
  ) );
#11135 = ORIENTED_EDGE('',*,*,#10911,.T.);
#11136 = ORIENTED_EDGE('',*,*,#11137,.T.);
#11137 = EDGE_CURVE('',#10912,#11022,#11138,.T.);
#11138 = SURFACE_CURVE('',#11139,(#11143,#11150),.PCURVE_S1.);
#11139 = LINE('',#11140,#11141);
#11140 = CARTESIAN_POINT('',(-136.,332.58612373581,70.477010709892));
#11141 = VECTOR('',#11142,1.);
#11142 = DIRECTION('',(1.,0.,0.));
#11143 = PCURVE('',#10927,#11144);
#11144 = DEFINITIONAL_REPRESENTATION('',(#11145),#11149);
#11145 = LINE('',#11146,#11147);
#11146 = CARTESIAN_POINT('',(38.,0.));
#11147 = VECTOR('',#11148,1.);
#11148 = DIRECTION('',(0.,1.));
#11149 = ( GEOMETRIC_REPRESENTATION_CONTEXT(2) 
PARAMETRIC_REPRESENTATION_CONTEXT() REPRESENTATION_CONTEXT('2D SPACE',''
  ) );
#11150 = PCURVE('',#10953,#11151);
#11151 = DEFINITIONAL_REPRESENTATION('',(#11152),#11156);
#11152 = LINE('',#11153,#11154);
#11153 = CARTESIAN_POINT('',(0.,2.4));
#11154 = VECTOR('',#11155,1.);
#11155 = DIRECTION('',(1.,0.));
#11156 = ( GEOMETRIC_REPRESENTATION_CONTEXT(2) 
PARAMETRIC_REPRESENTATION_CONTEXT() REPRESENTATION_CONTEXT('2D SPACE',''
  ) );
#11157 = ORIENTED_EDGE('',*,*,#11021,.F.);
#11158 = ADVANCED_FACE('',(#11159),#10899,.F.);
#11159 = FACE_BOUND('',#11160,.F.);
#11160 = EDGE_LOOP('',(#11161,#11162,#11163,#11164));
#11161 = ORIENTED_EDGE('',*,*,#10883,.F.);
#11162 = ORIENTED_EDGE('',*,*,#11068,.T.);
#11163 = ORIENTED_EDGE('',*,*,#10998,.T.);
#11164 = ORIENTED_EDGE('',*,*,#11115,.F.);
#11165 = ADVANCED_FACE('',(#11166),#10953,.T.);
#11166 = FACE_BOUND('',#11167,.T.);
#11167 = EDGE_LOOP('',(#11168,#11169,#11170,#11171));
#11168 = ORIENTED_EDGE('',*,*,#10939,.F.);
#11169 = ORIENTED_EDGE('',*,*,#11090,.T.);
#11170 = ORIENTED_EDGE('',*,*,#11044,.T.);
#11171 = ORIENTED_EDGE('',*,*,#11137,.F.);
#11172 = MANIFOLD_SOLID_BREP('',#11173);
#11173 = CLOSED_SHELL('',(#11174,#11294,#11394,#11441,#11488,#11495));
#11174 = ADVANCED_FACE('',(#11175),#11189,.F.);
#11175 = FACE_BOUND('',#11176,.F.);
#11176 = EDGE_LOOP('',(#11177,#11212,#11240,#11268));
#11177 = ORIENTED_EDGE('',*,*,#11178,.F.);
#11178 = EDGE_CURVE('',#11179,#11181,#11183,.T.);
#11179 = VERTEX_POINT('',#11180);
#11180 = CARTESIAN_POINT('',(-136.,327.41387626418,39.522989290108));
#11181 = VERTEX_POINT('',#11182);
#11182 = CARTESIAN_POINT('',(-136.,347.55080830504,71.748816944052));
#11183 = SURFACE_CURVE('',#11184,(#11188,#11200),.PCURVE_S1.);
#11184 = LINE('',#11185,#11186);
#11185 = CARTESIAN_POINT('',(-136.,327.41387626418,39.522989290108));
#11186 = VECTOR('',#11187,1.);
#11187 = DIRECTION('',(0.,0.529919264233,0.848048096156));
#11188 = PCURVE('',#11189,#11194);
#11189 = PLANE('',#11190);
#11190 = AXIS2_PLACEMENT_3D('',#11191,#11192,#11193);
#11191 = CARTESIAN_POINT('',(-136.,327.41387626418,39.522989290108));
#11192 = DIRECTION('',(1.,0.,0.));
#11193 = DIRECTION('',(0.,0.529919264233,0.848048096156));
#11194 = DEFINITIONAL_REPRESENTATION('',(#11195),#11199);
#11195 = LINE('',#11196,#11197);
#11196 = CARTESIAN_POINT('',(0.,0.));
#11197 = VECTOR('',#11198,1.);
#11198 = DIRECTION('',(1.,0.));
#11199 = ( GEOMETRIC_REPRESENTATION_CONTEXT(2) 
PARAMETRIC_REPRESENTATION_CONTEXT() REPRESENTATION_CONTEXT('2D SPACE',''
  ) );
#11200 = PCURVE('',#11201,#11206);
#11201 = PLANE('',#11202);
#11202 = AXIS2_PLACEMENT_3D('',#11203,#11204,#11205);
#11203 = CARTESIAN_POINT('',(-136.,327.41387626418,39.522989290108));
#11204 = DIRECTION('',(0.,0.848048096156,-0.529919264233));
#11205 = DIRECTION('',(0.,0.529919264233,0.848048096156));
#11206 = DEFINITIONAL_REPRESENTATION('',(#11207),#11211);
#11207 = LINE('',#11208,#11209);
#11208 = CARTESIAN_POINT('',(0.,0.));
#11209 = VECTOR('',#11210,1.);
#11210 = DIRECTION('',(1.,0.));
#11211 = ( GEOMETRIC_REPRESENTATION_CONTEXT(2) 
PARAMETRIC_REPRESENTATION_CONTEXT() REPRESENTATION_CONTEXT('2D SPACE',''
  ) );
#11212 = ORIENTED_EDGE('',*,*,#11213,.T.);
#11213 = EDGE_CURVE('',#11179,#11214,#11216,.T.);
#11214 = VERTEX_POINT('',#11215);
#11215 = CARTESIAN_POINT('',(-136.,329.44919169495,38.251183055948));
#11216 = SURFACE_CURVE('',#11217,(#11221,#11228),.PCURVE_S1.);
#11217 = LINE('',#11218,#11219);
#11218 = CARTESIAN_POINT('',(-136.,327.41387626418,39.522989290108));
#11219 = VECTOR('',#11220,1.);
#11220 = DIRECTION('',(0.,0.848048096156,-0.529919264233));
#11221 = PCURVE('',#11189,#11222);
#11222 = DEFINITIONAL_REPRESENTATION('',(#11223),#11227);
#11223 = LINE('',#11224,#11225);
#11224 = CARTESIAN_POINT('',(0.,0.));
#11225 = VECTOR('',#11226,1.);
#11226 = DIRECTION('',(0.,-1.));
#11227 = ( GEOMETRIC_REPRESENTATION_CONTEXT(2) 
PARAMETRIC_REPRESENTATION_CONTEXT() REPRESENTATION_CONTEXT('2D SPACE',''
  ) );
#11228 = PCURVE('',#11229,#11234);
#11229 = PLANE('',#11230);
#11230 = AXIS2_PLACEMENT_3D('',#11231,#11232,#11233);
#11231 = CARTESIAN_POINT('',(-136.,327.41387626418,39.522989290108));
#11232 = DIRECTION('',(0.,0.529919264233,0.848048096156));
#11233 = DIRECTION('',(1.,0.,0.));
#11234 = DEFINITIONAL_REPRESENTATION('',(#11235),#11239);
#11235 = LINE('',#11236,#11237);
#11236 = CARTESIAN_POINT('',(0.,0.));
#11237 = VECTOR('',#11238,1.);
#11238 = DIRECTION('',(0.,1.));
#11239 = ( GEOMETRIC_REPRESENTATION_CONTEXT(2) 
PARAMETRIC_REPRESENTATION_CONTEXT() REPRESENTATION_CONTEXT('2D SPACE',''
  ) );
#11240 = ORIENTED_EDGE('',*,*,#11241,.T.);
#11241 = EDGE_CURVE('',#11214,#11242,#11244,.T.);
#11242 = VERTEX_POINT('',#11243);
#11243 = CARTESIAN_POINT('',(-136.,349.58612373581,70.477010709892));
#11244 = SURFACE_CURVE('',#11245,(#11249,#11256),.PCURVE_S1.);
#11245 = LINE('',#11246,#11247);
#11246 = CARTESIAN_POINT('',(-136.,329.44919169495,38.251183055948));
#11247 = VECTOR('',#11248,1.);
#11248 = DIRECTION('',(0.,0.529919264233,0.848048096156));
#11249 = PCURVE('',#11189,#11250);
#11250 = DEFINITIONAL_REPRESENTATION('',(#11251),#11255);
#11251 = LINE('',#11252,#11253);
#11252 = CARTESIAN_POINT('',(3.330669073875E-15,-2.4));
#11253 = VECTOR('',#11254,1.);
#11254 = DIRECTION('',(1.,0.));
#11255 = ( GEOMETRIC_REPRESENTATION_CONTEXT(2) 
PARAMETRIC_REPRESENTATION_CONTEXT() REPRESENTATION_CONTEXT('2D SPACE',''
  ) );
#11256 = PCURVE('',#11257,#11262);
#11257 = PLANE('',#11258);
#11258 = AXIS2_PLACEMENT_3D('',#11259,#11260,#11261);
#11259 = CARTESIAN_POINT('',(-136.,329.44919169495,38.251183055948));
#11260 = DIRECTION('',(0.,0.848048096156,-0.529919264233));
#11261 = DIRECTION('',(0.,0.529919264233,0.848048096156));
#11262 = DEFINITIONAL_REPRESENTATION('',(#11263),#11267);
#11263 = LINE('',#11264,#11265);
#11264 = CARTESIAN_POINT('',(0.,0.));
#11265 = VECTOR('',#11266,1.);
#11266 = DIRECTION('',(1.,0.));
#11267 = ( GEOMETRIC_REPRESENTATION_CONTEXT(2) 
PARAMETRIC_REPRESENTATION_CONTEXT() REPRESENTATION_CONTEXT('2D SPACE',''
  ) );
#11268 = ORIENTED_EDGE('',*,*,#11269,.F.);
#11269 = EDGE_CURVE('',#11181,#11242,#11270,.T.);
#11270 = SURFACE_CURVE('',#11271,(#11275,#11282),.PCURVE_S1.);
#11271 = LINE('',#11272,#11273);
#11272 = CARTESIAN_POINT('',(-136.,347.55080830504,71.748816944052));
#11273 = VECTOR('',#11274,1.);
#11274 = DIRECTION('',(0.,0.848048096156,-0.529919264233));
#11275 = PCURVE('',#11189,#11276);
#11276 = DEFINITIONAL_REPRESENTATION('',(#11277),#11281);
#11277 = LINE('',#11278,#11279);
#11278 = CARTESIAN_POINT('',(38.,3.552713678801E-15));
#11279 = VECTOR('',#11280,1.);
#11280 = DIRECTION('',(0.,-1.));
#11281 = ( GEOMETRIC_REPRESENTATION_CONTEXT(2) 
PARAMETRIC_REPRESENTATION_CONTEXT() REPRESENTATION_CONTEXT('2D SPACE',''
  ) );
#11282 = PCURVE('',#11283,#11288);
#11283 = PLANE('',#11284);
#11284 = AXIS2_PLACEMENT_3D('',#11285,#11286,#11287);
#11285 = CARTESIAN_POINT('',(-136.,347.55080830504,71.748816944052));
#11286 = DIRECTION('',(0.,0.529919264233,0.848048096156));
#11287 = DIRECTION('',(1.,0.,0.));
#11288 = DEFINITIONAL_REPRESENTATION('',(#11289),#11293);
#11289 = LINE('',#11290,#11291);
#11290 = CARTESIAN_POINT('',(0.,0.));
#11291 = VECTOR('',#11292,1.);
#11292 = DIRECTION('',(0.,1.));
#11293 = ( GEOMETRIC_REPRESENTATION_CONTEXT(2) 
PARAMETRIC_REPRESENTATION_CONTEXT() REPRESENTATION_CONTEXT('2D SPACE',''
  ) );
#11294 = ADVANCED_FACE('',(#11295),#11309,.T.);
#11295 = FACE_BOUND('',#11296,.T.);
#11296 = EDGE_LOOP('',(#11297,#11327,#11350,#11373));
#11297 = ORIENTED_EDGE('',*,*,#11298,.F.);
#11298 = EDGE_CURVE('',#11299,#11301,#11303,.T.);
#11299 = VERTEX_POINT('',#11300);
#11300 = CARTESIAN_POINT('',(136.,327.41387626418,39.522989290108));
#11301 = VERTEX_POINT('',#11302);
#11302 = CARTESIAN_POINT('',(136.,347.55080830504,71.748816944052));
#11303 = SURFACE_CURVE('',#11304,(#11308,#11320),.PCURVE_S1.);
#11304 = LINE('',#11305,#11306);
#11305 = CARTESIAN_POINT('',(136.,327.41387626418,39.522989290108));
#11306 = VECTOR('',#11307,1.);
#11307 = DIRECTION('',(0.,0.529919264233,0.848048096156));
#11308 = PCURVE('',#11309,#11314);
#11309 = PLANE('',#11310);
#11310 = AXIS2_PLACEMENT_3D('',#11311,#11312,#11313);
#11311 = CARTESIAN_POINT('',(136.,327.41387626418,39.522989290108));
#11312 = DIRECTION('',(1.,0.,0.));
#11313 = DIRECTION('',(0.,0.529919264233,0.848048096156));
#11314 = DEFINITIONAL_REPRESENTATION('',(#11315),#11319);
#11315 = LINE('',#11316,#11317);
#11316 = CARTESIAN_POINT('',(0.,0.));
#11317 = VECTOR('',#11318,1.);
#11318 = DIRECTION('',(1.,0.));
#11319 = ( GEOMETRIC_REPRESENTATION_CONTEXT(2) 
PARAMETRIC_REPRESENTATION_CONTEXT() REPRESENTATION_CONTEXT('2D SPACE',''
  ) );
#11320 = PCURVE('',#11201,#11321);
#11321 = DEFINITIONAL_REPRESENTATION('',(#11322),#11326);
#11322 = LINE('',#11323,#11324);
#11323 = CARTESIAN_POINT('',(0.,272.));
#11324 = VECTOR('',#11325,1.);
#11325 = DIRECTION('',(1.,0.));
#11326 = ( GEOMETRIC_REPRESENTATION_CONTEXT(2) 
PARAMETRIC_REPRESENTATION_CONTEXT() REPRESENTATION_CONTEXT('2D SPACE',''
  ) );
#11327 = ORIENTED_EDGE('',*,*,#11328,.T.);
#11328 = EDGE_CURVE('',#11299,#11329,#11331,.T.);
#11329 = VERTEX_POINT('',#11330);
#11330 = CARTESIAN_POINT('',(136.,329.44919169495,38.251183055948));
#11331 = SURFACE_CURVE('',#11332,(#11336,#11343),.PCURVE_S1.);
#11332 = LINE('',#11333,#11334);
#11333 = CARTESIAN_POINT('',(136.,327.41387626418,39.522989290108));
#11334 = VECTOR('',#11335,1.);
#11335 = DIRECTION('',(0.,0.848048096156,-0.529919264233));
#11336 = PCURVE('',#11309,#11337);
#11337 = DEFINITIONAL_REPRESENTATION('',(#11338),#11342);
#11338 = LINE('',#11339,#11340);
#11339 = CARTESIAN_POINT('',(0.,0.));
#11340 = VECTOR('',#11341,1.);
#11341 = DIRECTION('',(0.,-1.));
#11342 = ( GEOMETRIC_REPRESENTATION_CONTEXT(2) 
PARAMETRIC_REPRESENTATION_CONTEXT() REPRESENTATION_CONTEXT('2D SPACE',''
  ) );
#11343 = PCURVE('',#11229,#11344);
#11344 = DEFINITIONAL_REPRESENTATION('',(#11345),#11349);
#11345 = LINE('',#11346,#11347);
#11346 = CARTESIAN_POINT('',(272.,0.));
#11347 = VECTOR('',#11348,1.);
#11348 = DIRECTION('',(0.,1.));
#11349 = ( GEOMETRIC_REPRESENTATION_CONTEXT(2) 
PARAMETRIC_REPRESENTATION_CONTEXT() REPRESENTATION_CONTEXT('2D SPACE',''
  ) );
#11350 = ORIENTED_EDGE('',*,*,#11351,.T.);
#11351 = EDGE_CURVE('',#11329,#11352,#11354,.T.);
#11352 = VERTEX_POINT('',#11353);
#11353 = CARTESIAN_POINT('',(136.,349.58612373581,70.477010709892));
#11354 = SURFACE_CURVE('',#11355,(#11359,#11366),.PCURVE_S1.);
#11355 = LINE('',#11356,#11357);
#11356 = CARTESIAN_POINT('',(136.,329.44919169495,38.251183055948));
#11357 = VECTOR('',#11358,1.);
#11358 = DIRECTION('',(0.,0.529919264233,0.848048096156));
#11359 = PCURVE('',#11309,#11360);
#11360 = DEFINITIONAL_REPRESENTATION('',(#11361),#11365);
#11361 = LINE('',#11362,#11363);
#11362 = CARTESIAN_POINT('',(3.330669073875E-15,-2.4));
#11363 = VECTOR('',#11364,1.);
#11364 = DIRECTION('',(1.,0.));
#11365 = ( GEOMETRIC_REPRESENTATION_CONTEXT(2) 
PARAMETRIC_REPRESENTATION_CONTEXT() REPRESENTATION_CONTEXT('2D SPACE',''
  ) );
#11366 = PCURVE('',#11257,#11367);
#11367 = DEFINITIONAL_REPRESENTATION('',(#11368),#11372);
#11368 = LINE('',#11369,#11370);
#11369 = CARTESIAN_POINT('',(0.,272.));
#11370 = VECTOR('',#11371,1.);
#11371 = DIRECTION('',(1.,0.));
#11372 = ( GEOMETRIC_REPRESENTATION_CONTEXT(2) 
PARAMETRIC_REPRESENTATION_CONTEXT() REPRESENTATION_CONTEXT('2D SPACE',''
  ) );
#11373 = ORIENTED_EDGE('',*,*,#11374,.F.);
#11374 = EDGE_CURVE('',#11301,#11352,#11375,.T.);
#11375 = SURFACE_CURVE('',#11376,(#11380,#11387),.PCURVE_S1.);
#11376 = LINE('',#11377,#11378);
#11377 = CARTESIAN_POINT('',(136.,347.55080830504,71.748816944052));
#11378 = VECTOR('',#11379,1.);
#11379 = DIRECTION('',(0.,0.848048096156,-0.529919264233));
#11380 = PCURVE('',#11309,#11381);
#11381 = DEFINITIONAL_REPRESENTATION('',(#11382),#11386);
#11382 = LINE('',#11383,#11384);
#11383 = CARTESIAN_POINT('',(38.,3.552713678801E-15));
#11384 = VECTOR('',#11385,1.);
#11385 = DIRECTION('',(0.,-1.));
#11386 = ( GEOMETRIC_REPRESENTATION_CONTEXT(2) 
PARAMETRIC_REPRESENTATION_CONTEXT() REPRESENTATION_CONTEXT('2D SPACE',''
  ) );
#11387 = PCURVE('',#11283,#11388);
#11388 = DEFINITIONAL_REPRESENTATION('',(#11389),#11393);
#11389 = LINE('',#11390,#11391);
#11390 = CARTESIAN_POINT('',(272.,0.));
#11391 = VECTOR('',#11392,1.);
#11392 = DIRECTION('',(0.,1.));
#11393 = ( GEOMETRIC_REPRESENTATION_CONTEXT(2) 
PARAMETRIC_REPRESENTATION_CONTEXT() REPRESENTATION_CONTEXT('2D SPACE',''
  ) );
#11394 = ADVANCED_FACE('',(#11395),#11201,.F.);
#11395 = FACE_BOUND('',#11396,.F.);
#11396 = EDGE_LOOP('',(#11397,#11418,#11419,#11440));
#11397 = ORIENTED_EDGE('',*,*,#11398,.F.);
#11398 = EDGE_CURVE('',#11179,#11299,#11399,.T.);
#11399 = SURFACE_CURVE('',#11400,(#11404,#11411),.PCURVE_S1.);
#11400 = LINE('',#11401,#11402);
#11401 = CARTESIAN_POINT('',(-136.,327.41387626418,39.522989290108));
#11402 = VECTOR('',#11403,1.);
#11403 = DIRECTION('',(1.,0.,0.));
#11404 = PCURVE('',#11201,#11405);
#11405 = DEFINITIONAL_REPRESENTATION('',(#11406),#11410);
#11406 = LINE('',#11407,#11408);
#11407 = CARTESIAN_POINT('',(0.,0.));
#11408 = VECTOR('',#11409,1.);
#11409 = DIRECTION('',(0.,1.));
#11410 = ( GEOMETRIC_REPRESENTATION_CONTEXT(2) 
PARAMETRIC_REPRESENTATION_CONTEXT() REPRESENTATION_CONTEXT('2D SPACE',''
  ) );
#11411 = PCURVE('',#11229,#11412);
#11412 = DEFINITIONAL_REPRESENTATION('',(#11413),#11417);
#11413 = LINE('',#11414,#11415);
#11414 = CARTESIAN_POINT('',(0.,0.));
#11415 = VECTOR('',#11416,1.);
#11416 = DIRECTION('',(1.,0.));
#11417 = ( GEOMETRIC_REPRESENTATION_CONTEXT(2) 
PARAMETRIC_REPRESENTATION_CONTEXT() REPRESENTATION_CONTEXT('2D SPACE',''
  ) );
#11418 = ORIENTED_EDGE('',*,*,#11178,.T.);
#11419 = ORIENTED_EDGE('',*,*,#11420,.T.);
#11420 = EDGE_CURVE('',#11181,#11301,#11421,.T.);
#11421 = SURFACE_CURVE('',#11422,(#11426,#11433),.PCURVE_S1.);
#11422 = LINE('',#11423,#11424);
#11423 = CARTESIAN_POINT('',(-136.,347.55080830504,71.748816944052));
#11424 = VECTOR('',#11425,1.);
#11425 = DIRECTION('',(1.,0.,0.));
#11426 = PCURVE('',#11201,#11427);
#11427 = DEFINITIONAL_REPRESENTATION('',(#11428),#11432);
#11428 = LINE('',#11429,#11430);
#11429 = CARTESIAN_POINT('',(38.,0.));
#11430 = VECTOR('',#11431,1.);
#11431 = DIRECTION('',(0.,1.));
#11432 = ( GEOMETRIC_REPRESENTATION_CONTEXT(2) 
PARAMETRIC_REPRESENTATION_CONTEXT() REPRESENTATION_CONTEXT('2D SPACE',''
  ) );
#11433 = PCURVE('',#11283,#11434);
#11434 = DEFINITIONAL_REPRESENTATION('',(#11435),#11439);
#11435 = LINE('',#11436,#11437);
#11436 = CARTESIAN_POINT('',(0.,0.));
#11437 = VECTOR('',#11438,1.);
#11438 = DIRECTION('',(1.,0.));
#11439 = ( GEOMETRIC_REPRESENTATION_CONTEXT(2) 
PARAMETRIC_REPRESENTATION_CONTEXT() REPRESENTATION_CONTEXT('2D SPACE',''
  ) );
#11440 = ORIENTED_EDGE('',*,*,#11298,.F.);
#11441 = ADVANCED_FACE('',(#11442),#11257,.T.);
#11442 = FACE_BOUND('',#11443,.T.);
#11443 = EDGE_LOOP('',(#11444,#11465,#11466,#11487));
#11444 = ORIENTED_EDGE('',*,*,#11445,.F.);
#11445 = EDGE_CURVE('',#11214,#11329,#11446,.T.);
#11446 = SURFACE_CURVE('',#11447,(#11451,#11458),.PCURVE_S1.);
#11447 = LINE('',#11448,#11449);
#11448 = CARTESIAN_POINT('',(-136.,329.44919169495,38.251183055948));
#11449 = VECTOR('',#11450,1.);
#11450 = DIRECTION('',(1.,0.,0.));
#11451 = PCURVE('',#11257,#11452);
#11452 = DEFINITIONAL_REPRESENTATION('',(#11453),#11457);
#11453 = LINE('',#11454,#11455);
#11454 = CARTESIAN_POINT('',(0.,0.));
#11455 = VECTOR('',#11456,1.);
#11456 = DIRECTION('',(0.,1.));
#11457 = ( GEOMETRIC_REPRESENTATION_CONTEXT(2) 
PARAMETRIC_REPRESENTATION_CONTEXT() REPRESENTATION_CONTEXT('2D SPACE',''
  ) );
#11458 = PCURVE('',#11229,#11459);
#11459 = DEFINITIONAL_REPRESENTATION('',(#11460),#11464);
#11460 = LINE('',#11461,#11462);
#11461 = CARTESIAN_POINT('',(0.,2.4));
#11462 = VECTOR('',#11463,1.);
#11463 = DIRECTION('',(1.,0.));
#11464 = ( GEOMETRIC_REPRESENTATION_CONTEXT(2) 
PARAMETRIC_REPRESENTATION_CONTEXT() REPRESENTATION_CONTEXT('2D SPACE',''
  ) );
#11465 = ORIENTED_EDGE('',*,*,#11241,.T.);
#11466 = ORIENTED_EDGE('',*,*,#11467,.T.);
#11467 = EDGE_CURVE('',#11242,#11352,#11468,.T.);
#11468 = SURFACE_CURVE('',#11469,(#11473,#11480),.PCURVE_S1.);
#11469 = LINE('',#11470,#11471);
#11470 = CARTESIAN_POINT('',(-136.,349.58612373581,70.477010709892));
#11471 = VECTOR('',#11472,1.);
#11472 = DIRECTION('',(1.,0.,0.));
#11473 = PCURVE('',#11257,#11474);
#11474 = DEFINITIONAL_REPRESENTATION('',(#11475),#11479);
#11475 = LINE('',#11476,#11477);
#11476 = CARTESIAN_POINT('',(38.,0.));
#11477 = VECTOR('',#11478,1.);
#11478 = DIRECTION('',(0.,1.));
#11479 = ( GEOMETRIC_REPRESENTATION_CONTEXT(2) 
PARAMETRIC_REPRESENTATION_CONTEXT() REPRESENTATION_CONTEXT('2D SPACE',''
  ) );
#11480 = PCURVE('',#11283,#11481);
#11481 = DEFINITIONAL_REPRESENTATION('',(#11482),#11486);
#11482 = LINE('',#11483,#11484);
#11483 = CARTESIAN_POINT('',(0.,2.4));
#11484 = VECTOR('',#11485,1.);
#11485 = DIRECTION('',(1.,0.));
#11486 = ( GEOMETRIC_REPRESENTATION_CONTEXT(2) 
PARAMETRIC_REPRESENTATION_CONTEXT() REPRESENTATION_CONTEXT('2D SPACE',''
  ) );
#11487 = ORIENTED_EDGE('',*,*,#11351,.F.);
#11488 = ADVANCED_FACE('',(#11489),#11229,.F.);
#11489 = FACE_BOUND('',#11490,.F.);
#11490 = EDGE_LOOP('',(#11491,#11492,#11493,#11494));
#11491 = ORIENTED_EDGE('',*,*,#11213,.F.);
#11492 = ORIENTED_EDGE('',*,*,#11398,.T.);
#11493 = ORIENTED_EDGE('',*,*,#11328,.T.);
#11494 = ORIENTED_EDGE('',*,*,#11445,.F.);
#11495 = ADVANCED_FACE('',(#11496),#11283,.T.);
#11496 = FACE_BOUND('',#11497,.T.);
#11497 = EDGE_LOOP('',(#11498,#11499,#11500,#11501));
#11498 = ORIENTED_EDGE('',*,*,#11269,.F.);
#11499 = ORIENTED_EDGE('',*,*,#11420,.T.);
#11500 = ORIENTED_EDGE('',*,*,#11374,.T.);
#11501 = ORIENTED_EDGE('',*,*,#11467,.F.);
#11502 = MANIFOLD_SOLID_BREP('',#11503);
#11503 = CLOSED_SHELL('',(#11504,#11624,#11724,#11771,#11818,#11825));
#11504 = ADVANCED_FACE('',(#11505),#11519,.F.);
#11505 = FACE_BOUND('',#11506,.F.);
#11506 = EDGE_LOOP('',(#11507,#11542,#11570,#11598));
#11507 = ORIENTED_EDGE('',*,*,#11508,.F.);
#11508 = EDGE_CURVE('',#11509,#11511,#11513,.T.);
#11509 = VERTEX_POINT('',#11510);
#11510 = CARTESIAN_POINT('',(-136.,344.41387626418,39.522989290108));
#11511 = VERTEX_POINT('',#11512);
#11512 = CARTESIAN_POINT('',(-136.,364.55080830504,71.748816944052));
#11513 = SURFACE_CURVE('',#11514,(#11518,#11530),.PCURVE_S1.);
#11514 = LINE('',#11515,#11516);
#11515 = CARTESIAN_POINT('',(-136.,344.41387626418,39.522989290108));
#11516 = VECTOR('',#11517,1.);
#11517 = DIRECTION('',(0.,0.529919264233,0.848048096156));
#11518 = PCURVE('',#11519,#11524);
#11519 = PLANE('',#11520);
#11520 = AXIS2_PLACEMENT_3D('',#11521,#11522,#11523);
#11521 = CARTESIAN_POINT('',(-136.,344.41387626418,39.522989290108));
#11522 = DIRECTION('',(1.,0.,0.));
#11523 = DIRECTION('',(0.,0.529919264233,0.848048096156));
#11524 = DEFINITIONAL_REPRESENTATION('',(#11525),#11529);
#11525 = LINE('',#11526,#11527);
#11526 = CARTESIAN_POINT('',(0.,0.));
#11527 = VECTOR('',#11528,1.);
#11528 = DIRECTION('',(1.,0.));
#11529 = ( GEOMETRIC_REPRESENTATION_CONTEXT(2) 
PARAMETRIC_REPRESENTATION_CONTEXT() REPRESENTATION_CONTEXT('2D SPACE',''
  ) );
#11530 = PCURVE('',#11531,#11536);
#11531 = PLANE('',#11532);
#11532 = AXIS2_PLACEMENT_3D('',#11533,#11534,#11535);
#11533 = CARTESIAN_POINT('',(-136.,344.41387626418,39.522989290108));
#11534 = DIRECTION('',(0.,0.848048096156,-0.529919264233));
#11535 = DIRECTION('',(0.,0.529919264233,0.848048096156));
#11536 = DEFINITIONAL_REPRESENTATION('',(#11537),#11541);
#11537 = LINE('',#11538,#11539);
#11538 = CARTESIAN_POINT('',(0.,0.));
#11539 = VECTOR('',#11540,1.);
#11540 = DIRECTION('',(1.,0.));
#11541 = ( GEOMETRIC_REPRESENTATION_CONTEXT(2) 
PARAMETRIC_REPRESENTATION_CONTEXT() REPRESENTATION_CONTEXT('2D SPACE',''
  ) );
#11542 = ORIENTED_EDGE('',*,*,#11543,.T.);
#11543 = EDGE_CURVE('',#11509,#11544,#11546,.T.);
#11544 = VERTEX_POINT('',#11545);
#11545 = CARTESIAN_POINT('',(-136.,346.44919169495,38.251183055948));
#11546 = SURFACE_CURVE('',#11547,(#11551,#11558),.PCURVE_S1.);
#11547 = LINE('',#11548,#11549);
#11548 = CARTESIAN_POINT('',(-136.,344.41387626418,39.522989290108));
#11549 = VECTOR('',#11550,1.);
#11550 = DIRECTION('',(0.,0.848048096156,-0.529919264233));
#11551 = PCURVE('',#11519,#11552);
#11552 = DEFINITIONAL_REPRESENTATION('',(#11553),#11557);
#11553 = LINE('',#11554,#11555);
#11554 = CARTESIAN_POINT('',(0.,0.));
#11555 = VECTOR('',#11556,1.);
#11556 = DIRECTION('',(0.,-1.));
#11557 = ( GEOMETRIC_REPRESENTATION_CONTEXT(2) 
PARAMETRIC_REPRESENTATION_CONTEXT() REPRESENTATION_CONTEXT('2D SPACE',''
  ) );
#11558 = PCURVE('',#11559,#11564);
#11559 = PLANE('',#11560);
#11560 = AXIS2_PLACEMENT_3D('',#11561,#11562,#11563);
#11561 = CARTESIAN_POINT('',(-136.,344.41387626418,39.522989290108));
#11562 = DIRECTION('',(0.,0.529919264233,0.848048096156));
#11563 = DIRECTION('',(1.,0.,0.));
#11564 = DEFINITIONAL_REPRESENTATION('',(#11565),#11569);
#11565 = LINE('',#11566,#11567);
#11566 = CARTESIAN_POINT('',(0.,0.));
#11567 = VECTOR('',#11568,1.);
#11568 = DIRECTION('',(0.,1.));
#11569 = ( GEOMETRIC_REPRESENTATION_CONTEXT(2) 
PARAMETRIC_REPRESENTATION_CONTEXT() REPRESENTATION_CONTEXT('2D SPACE',''
  ) );
#11570 = ORIENTED_EDGE('',*,*,#11571,.T.);
#11571 = EDGE_CURVE('',#11544,#11572,#11574,.T.);
#11572 = VERTEX_POINT('',#11573);
#11573 = CARTESIAN_POINT('',(-136.,366.58612373581,70.477010709892));
#11574 = SURFACE_CURVE('',#11575,(#11579,#11586),.PCURVE_S1.);
#11575 = LINE('',#11576,#11577);
#11576 = CARTESIAN_POINT('',(-136.,346.44919169495,38.251183055948));
#11577 = VECTOR('',#11578,1.);
#11578 = DIRECTION('',(0.,0.529919264233,0.848048096156));
#11579 = PCURVE('',#11519,#11580);
#11580 = DEFINITIONAL_REPRESENTATION('',(#11581),#11585);
#11581 = LINE('',#11582,#11583);
#11582 = CARTESIAN_POINT('',(3.330669073875E-15,-2.4));
#11583 = VECTOR('',#11584,1.);
#11584 = DIRECTION('',(1.,0.));
#11585 = ( GEOMETRIC_REPRESENTATION_CONTEXT(2) 
PARAMETRIC_REPRESENTATION_CONTEXT() REPRESENTATION_CONTEXT('2D SPACE',''
  ) );
#11586 = PCURVE('',#11587,#11592);
#11587 = PLANE('',#11588);
#11588 = AXIS2_PLACEMENT_3D('',#11589,#11590,#11591);
#11589 = CARTESIAN_POINT('',(-136.,346.44919169495,38.251183055948));
#11590 = DIRECTION('',(0.,0.848048096156,-0.529919264233));
#11591 = DIRECTION('',(0.,0.529919264233,0.848048096156));
#11592 = DEFINITIONAL_REPRESENTATION('',(#11593),#11597);
#11593 = LINE('',#11594,#11595);
#11594 = CARTESIAN_POINT('',(0.,0.));
#11595 = VECTOR('',#11596,1.);
#11596 = DIRECTION('',(1.,0.));
#11597 = ( GEOMETRIC_REPRESENTATION_CONTEXT(2) 
PARAMETRIC_REPRESENTATION_CONTEXT() REPRESENTATION_CONTEXT('2D SPACE',''
  ) );
#11598 = ORIENTED_EDGE('',*,*,#11599,.F.);
#11599 = EDGE_CURVE('',#11511,#11572,#11600,.T.);
#11600 = SURFACE_CURVE('',#11601,(#11605,#11612),.PCURVE_S1.);
#11601 = LINE('',#11602,#11603);
#11602 = CARTESIAN_POINT('',(-136.,364.55080830504,71.748816944052));
#11603 = VECTOR('',#11604,1.);
#11604 = DIRECTION('',(0.,0.848048096156,-0.529919264233));
#11605 = PCURVE('',#11519,#11606);
#11606 = DEFINITIONAL_REPRESENTATION('',(#11607),#11611);
#11607 = LINE('',#11608,#11609);
#11608 = CARTESIAN_POINT('',(38.,3.552713678801E-15));
#11609 = VECTOR('',#11610,1.);
#11610 = DIRECTION('',(0.,-1.));
#11611 = ( GEOMETRIC_REPRESENTATION_CONTEXT(2) 
PARAMETRIC_REPRESENTATION_CONTEXT() REPRESENTATION_CONTEXT('2D SPACE',''
  ) );
#11612 = PCURVE('',#11613,#11618);
#11613 = PLANE('',#11614);
#11614 = AXIS2_PLACEMENT_3D('',#11615,#11616,#11617);
#11615 = CARTESIAN_POINT('',(-136.,364.55080830504,71.748816944052));
#11616 = DIRECTION('',(0.,0.529919264233,0.848048096156));
#11617 = DIRECTION('',(1.,0.,0.));
#11618 = DEFINITIONAL_REPRESENTATION('',(#11619),#11623);
#11619 = LINE('',#11620,#11621);
#11620 = CARTESIAN_POINT('',(0.,0.));
#11621 = VECTOR('',#11622,1.);
#11622 = DIRECTION('',(0.,1.));
#11623 = ( GEOMETRIC_REPRESENTATION_CONTEXT(2) 
PARAMETRIC_REPRESENTATION_CONTEXT() REPRESENTATION_CONTEXT('2D SPACE',''
  ) );
#11624 = ADVANCED_FACE('',(#11625),#11639,.T.);
#11625 = FACE_BOUND('',#11626,.T.);
#11626 = EDGE_LOOP('',(#11627,#11657,#11680,#11703));
#11627 = ORIENTED_EDGE('',*,*,#11628,.F.);
#11628 = EDGE_CURVE('',#11629,#11631,#11633,.T.);
#11629 = VERTEX_POINT('',#11630);
#11630 = CARTESIAN_POINT('',(136.,344.41387626418,39.522989290108));
#11631 = VERTEX_POINT('',#11632);
#11632 = CARTESIAN_POINT('',(136.,364.55080830504,71.748816944052));
#11633 = SURFACE_CURVE('',#11634,(#11638,#11650),.PCURVE_S1.);
#11634 = LINE('',#11635,#11636);
#11635 = CARTESIAN_POINT('',(136.,344.41387626418,39.522989290108));
#11636 = VECTOR('',#11637,1.);
#11637 = DIRECTION('',(0.,0.529919264233,0.848048096156));
#11638 = PCURVE('',#11639,#11644);
#11639 = PLANE('',#11640);
#11640 = AXIS2_PLACEMENT_3D('',#11641,#11642,#11643);
#11641 = CARTESIAN_POINT('',(136.,344.41387626418,39.522989290108));
#11642 = DIRECTION('',(1.,0.,0.));
#11643 = DIRECTION('',(0.,0.529919264233,0.848048096156));
#11644 = DEFINITIONAL_REPRESENTATION('',(#11645),#11649);
#11645 = LINE('',#11646,#11647);
#11646 = CARTESIAN_POINT('',(0.,0.));
#11647 = VECTOR('',#11648,1.);
#11648 = DIRECTION('',(1.,0.));
#11649 = ( GEOMETRIC_REPRESENTATION_CONTEXT(2) 
PARAMETRIC_REPRESENTATION_CONTEXT() REPRESENTATION_CONTEXT('2D SPACE',''
  ) );
#11650 = PCURVE('',#11531,#11651);
#11651 = DEFINITIONAL_REPRESENTATION('',(#11652),#11656);
#11652 = LINE('',#11653,#11654);
#11653 = CARTESIAN_POINT('',(0.,272.));
#11654 = VECTOR('',#11655,1.);
#11655 = DIRECTION('',(1.,0.));
#11656 = ( GEOMETRIC_REPRESENTATION_CONTEXT(2) 
PARAMETRIC_REPRESENTATION_CONTEXT() REPRESENTATION_CONTEXT('2D SPACE',''
  ) );
#11657 = ORIENTED_EDGE('',*,*,#11658,.T.);
#11658 = EDGE_CURVE('',#11629,#11659,#11661,.T.);
#11659 = VERTEX_POINT('',#11660);
#11660 = CARTESIAN_POINT('',(136.,346.44919169495,38.251183055948));
#11661 = SURFACE_CURVE('',#11662,(#11666,#11673),.PCURVE_S1.);
#11662 = LINE('',#11663,#11664);
#11663 = CARTESIAN_POINT('',(136.,344.41387626418,39.522989290108));
#11664 = VECTOR('',#11665,1.);
#11665 = DIRECTION('',(0.,0.848048096156,-0.529919264233));
#11666 = PCURVE('',#11639,#11667);
#11667 = DEFINITIONAL_REPRESENTATION('',(#11668),#11672);
#11668 = LINE('',#11669,#11670);
#11669 = CARTESIAN_POINT('',(0.,0.));
#11670 = VECTOR('',#11671,1.);
#11671 = DIRECTION('',(0.,-1.));
#11672 = ( GEOMETRIC_REPRESENTATION_CONTEXT(2) 
PARAMETRIC_REPRESENTATION_CONTEXT() REPRESENTATION_CONTEXT('2D SPACE',''
  ) );
#11673 = PCURVE('',#11559,#11674);
#11674 = DEFINITIONAL_REPRESENTATION('',(#11675),#11679);
#11675 = LINE('',#11676,#11677);
#11676 = CARTESIAN_POINT('',(272.,0.));
#11677 = VECTOR('',#11678,1.);
#11678 = DIRECTION('',(0.,1.));
#11679 = ( GEOMETRIC_REPRESENTATION_CONTEXT(2) 
PARAMETRIC_REPRESENTATION_CONTEXT() REPRESENTATION_CONTEXT('2D SPACE',''
  ) );
#11680 = ORIENTED_EDGE('',*,*,#11681,.T.);
#11681 = EDGE_CURVE('',#11659,#11682,#11684,.T.);
#11682 = VERTEX_POINT('',#11683);
#11683 = CARTESIAN_POINT('',(136.,366.58612373581,70.477010709892));
#11684 = SURFACE_CURVE('',#11685,(#11689,#11696),.PCURVE_S1.);
#11685 = LINE('',#11686,#11687);
#11686 = CARTESIAN_POINT('',(136.,346.44919169495,38.251183055948));
#11687 = VECTOR('',#11688,1.);
#11688 = DIRECTION('',(0.,0.529919264233,0.848048096156));
#11689 = PCURVE('',#11639,#11690);
#11690 = DEFINITIONAL_REPRESENTATION('',(#11691),#11695);
#11691 = LINE('',#11692,#11693);
#11692 = CARTESIAN_POINT('',(3.330669073875E-15,-2.4));
#11693 = VECTOR('',#11694,1.);
#11694 = DIRECTION('',(1.,0.));
#11695 = ( GEOMETRIC_REPRESENTATION_CONTEXT(2) 
PARAMETRIC_REPRESENTATION_CONTEXT() REPRESENTATION_CONTEXT('2D SPACE',''
  ) );
#11696 = PCURVE('',#11587,#11697);
#11697 = DEFINITIONAL_REPRESENTATION('',(#11698),#11702);
#11698 = LINE('',#11699,#11700);
#11699 = CARTESIAN_POINT('',(0.,272.));
#11700 = VECTOR('',#11701,1.);
#11701 = DIRECTION('',(1.,0.));
#11702 = ( GEOMETRIC_REPRESENTATION_CONTEXT(2) 
PARAMETRIC_REPRESENTATION_CONTEXT() REPRESENTATION_CONTEXT('2D SPACE',''
  ) );
#11703 = ORIENTED_EDGE('',*,*,#11704,.F.);
#11704 = EDGE_CURVE('',#11631,#11682,#11705,.T.);
#11705 = SURFACE_CURVE('',#11706,(#11710,#11717),.PCURVE_S1.);
#11706 = LINE('',#11707,#11708);
#11707 = CARTESIAN_POINT('',(136.,364.55080830504,71.748816944052));
#11708 = VECTOR('',#11709,1.);
#11709 = DIRECTION('',(0.,0.848048096156,-0.529919264233));
#11710 = PCURVE('',#11639,#11711);
#11711 = DEFINITIONAL_REPRESENTATION('',(#11712),#11716);
#11712 = LINE('',#11713,#11714);
#11713 = CARTESIAN_POINT('',(38.,3.552713678801E-15));
#11714 = VECTOR('',#11715,1.);
#11715 = DIRECTION('',(0.,-1.));
#11716 = ( GEOMETRIC_REPRESENTATION_CONTEXT(2) 
PARAMETRIC_REPRESENTATION_CONTEXT() REPRESENTATION_CONTEXT('2D SPACE',''
  ) );
#11717 = PCURVE('',#11613,#11718);
#11718 = DEFINITIONAL_REPRESENTATION('',(#11719),#11723);
#11719 = LINE('',#11720,#11721);
#11720 = CARTESIAN_POINT('',(272.,0.));
#11721 = VECTOR('',#11722,1.);
#11722 = DIRECTION('',(0.,1.));
#11723 = ( GEOMETRIC_REPRESENTATION_CONTEXT(2) 
PARAMETRIC_REPRESENTATION_CONTEXT() REPRESENTATION_CONTEXT('2D SPACE',''
  ) );
#11724 = ADVANCED_FACE('',(#11725),#11531,.F.);
#11725 = FACE_BOUND('',#11726,.F.);
#11726 = EDGE_LOOP('',(#11727,#11748,#11749,#11770));
#11727 = ORIENTED_EDGE('',*,*,#11728,.F.);
#11728 = EDGE_CURVE('',#11509,#11629,#11729,.T.);
#11729 = SURFACE_CURVE('',#11730,(#11734,#11741),.PCURVE_S1.);
#11730 = LINE('',#11731,#11732);
#11731 = CARTESIAN_POINT('',(-136.,344.41387626418,39.522989290108));
#11732 = VECTOR('',#11733,1.);
#11733 = DIRECTION('',(1.,0.,0.));
#11734 = PCURVE('',#11531,#11735);
#11735 = DEFINITIONAL_REPRESENTATION('',(#11736),#11740);
#11736 = LINE('',#11737,#11738);
#11737 = CARTESIAN_POINT('',(0.,0.));
#11738 = VECTOR('',#11739,1.);
#11739 = DIRECTION('',(0.,1.));
#11740 = ( GEOMETRIC_REPRESENTATION_CONTEXT(2) 
PARAMETRIC_REPRESENTATION_CONTEXT() REPRESENTATION_CONTEXT('2D SPACE',''
  ) );
#11741 = PCURVE('',#11559,#11742);
#11742 = DEFINITIONAL_REPRESENTATION('',(#11743),#11747);
#11743 = LINE('',#11744,#11745);
#11744 = CARTESIAN_POINT('',(0.,0.));
#11745 = VECTOR('',#11746,1.);
#11746 = DIRECTION('',(1.,0.));
#11747 = ( GEOMETRIC_REPRESENTATION_CONTEXT(2) 
PARAMETRIC_REPRESENTATION_CONTEXT() REPRESENTATION_CONTEXT('2D SPACE',''
  ) );
#11748 = ORIENTED_EDGE('',*,*,#11508,.T.);
#11749 = ORIENTED_EDGE('',*,*,#11750,.T.);
#11750 = EDGE_CURVE('',#11511,#11631,#11751,.T.);
#11751 = SURFACE_CURVE('',#11752,(#11756,#11763),.PCURVE_S1.);
#11752 = LINE('',#11753,#11754);
#11753 = CARTESIAN_POINT('',(-136.,364.55080830504,71.748816944052));
#11754 = VECTOR('',#11755,1.);
#11755 = DIRECTION('',(1.,0.,0.));
#11756 = PCURVE('',#11531,#11757);
#11757 = DEFINITIONAL_REPRESENTATION('',(#11758),#11762);
#11758 = LINE('',#11759,#11760);
#11759 = CARTESIAN_POINT('',(38.,0.));
#11760 = VECTOR('',#11761,1.);
#11761 = DIRECTION('',(0.,1.));
#11762 = ( GEOMETRIC_REPRESENTATION_CONTEXT(2) 
PARAMETRIC_REPRESENTATION_CONTEXT() REPRESENTATION_CONTEXT('2D SPACE',''
  ) );
#11763 = PCURVE('',#11613,#11764);
#11764 = DEFINITIONAL_REPRESENTATION('',(#11765),#11769);
#11765 = LINE('',#11766,#11767);
#11766 = CARTESIAN_POINT('',(0.,0.));
#11767 = VECTOR('',#11768,1.);
#11768 = DIRECTION('',(1.,0.));
#11769 = ( GEOMETRIC_REPRESENTATION_CONTEXT(2) 
PARAMETRIC_REPRESENTATION_CONTEXT() REPRESENTATION_CONTEXT('2D SPACE',''
  ) );
#11770 = ORIENTED_EDGE('',*,*,#11628,.F.);
#11771 = ADVANCED_FACE('',(#11772),#11587,.T.);
#11772 = FACE_BOUND('',#11773,.T.);
#11773 = EDGE_LOOP('',(#11774,#11795,#11796,#11817));
#11774 = ORIENTED_EDGE('',*,*,#11775,.F.);
#11775 = EDGE_CURVE('',#11544,#11659,#11776,.T.);
#11776 = SURFACE_CURVE('',#11777,(#11781,#11788),.PCURVE_S1.);
#11777 = LINE('',#11778,#11779);
#11778 = CARTESIAN_POINT('',(-136.,346.44919169495,38.251183055948));
#11779 = VECTOR('',#11780,1.);
#11780 = DIRECTION('',(1.,0.,0.));
#11781 = PCURVE('',#11587,#11782);
#11782 = DEFINITIONAL_REPRESENTATION('',(#11783),#11787);
#11783 = LINE('',#11784,#11785);
#11784 = CARTESIAN_POINT('',(0.,0.));
#11785 = VECTOR('',#11786,1.);
#11786 = DIRECTION('',(0.,1.));
#11787 = ( GEOMETRIC_REPRESENTATION_CONTEXT(2) 
PARAMETRIC_REPRESENTATION_CONTEXT() REPRESENTATION_CONTEXT('2D SPACE',''
  ) );
#11788 = PCURVE('',#11559,#11789);
#11789 = DEFINITIONAL_REPRESENTATION('',(#11790),#11794);
#11790 = LINE('',#11791,#11792);
#11791 = CARTESIAN_POINT('',(0.,2.4));
#11792 = VECTOR('',#11793,1.);
#11793 = DIRECTION('',(1.,0.));
#11794 = ( GEOMETRIC_REPRESENTATION_CONTEXT(2) 
PARAMETRIC_REPRESENTATION_CONTEXT() REPRESENTATION_CONTEXT('2D SPACE',''
  ) );
#11795 = ORIENTED_EDGE('',*,*,#11571,.T.);
#11796 = ORIENTED_EDGE('',*,*,#11797,.T.);
#11797 = EDGE_CURVE('',#11572,#11682,#11798,.T.);
#11798 = SURFACE_CURVE('',#11799,(#11803,#11810),.PCURVE_S1.);
#11799 = LINE('',#11800,#11801);
#11800 = CARTESIAN_POINT('',(-136.,366.58612373581,70.477010709892));
#11801 = VECTOR('',#11802,1.);
#11802 = DIRECTION('',(1.,0.,0.));
#11803 = PCURVE('',#11587,#11804);
#11804 = DEFINITIONAL_REPRESENTATION('',(#11805),#11809);
#11805 = LINE('',#11806,#11807);
#11806 = CARTESIAN_POINT('',(38.,0.));
#11807 = VECTOR('',#11808,1.);
#11808 = DIRECTION('',(0.,1.));
#11809 = ( GEOMETRIC_REPRESENTATION_CONTEXT(2) 
PARAMETRIC_REPRESENTATION_CONTEXT() REPRESENTATION_CONTEXT('2D SPACE',''
  ) );
#11810 = PCURVE('',#11613,#11811);
#11811 = DEFINITIONAL_REPRESENTATION('',(#11812),#11816);
#11812 = LINE('',#11813,#11814);
#11813 = CARTESIAN_POINT('',(0.,2.4));
#11814 = VECTOR('',#11815,1.);
#11815 = DIRECTION('',(1.,0.));
#11816 = ( GEOMETRIC_REPRESENTATION_CONTEXT(2) 
PARAMETRIC_REPRESENTATION_CONTEXT() REPRESENTATION_CONTEXT('2D SPACE',''
  ) );
#11817 = ORIENTED_EDGE('',*,*,#11681,.F.);
#11818 = ADVANCED_FACE('',(#11819),#11559,.F.);
#11819 = FACE_BOUND('',#11820,.F.);
#11820 = EDGE_LOOP('',(#11821,#11822,#11823,#11824));
#11821 = ORIENTED_EDGE('',*,*,#11543,.F.);
#11822 = ORIENTED_EDGE('',*,*,#11728,.T.);
#11823 = ORIENTED_EDGE('',*,*,#11658,.T.);
#11824 = ORIENTED_EDGE('',*,*,#11775,.F.);
#11825 = ADVANCED_FACE('',(#11826),#11613,.T.);
#11826 = FACE_BOUND('',#11827,.T.);
#11827 = EDGE_LOOP('',(#11828,#11829,#11830,#11831));
#11828 = ORIENTED_EDGE('',*,*,#11599,.F.);
#11829 = ORIENTED_EDGE('',*,*,#11750,.T.);
#11830 = ORIENTED_EDGE('',*,*,#11704,.T.);
#11831 = ORIENTED_EDGE('',*,*,#11797,.F.);
#11832 = MANIFOLD_SOLID_BREP('',#11833);
#11833 = CLOSED_SHELL('',(#11834,#11954,#12054,#12101,#12148,#12155));
#11834 = ADVANCED_FACE('',(#11835),#11849,.F.);
#11835 = FACE_BOUND('',#11836,.F.);
#11836 = EDGE_LOOP('',(#11837,#11872,#11900,#11928));
#11837 = ORIENTED_EDGE('',*,*,#11838,.F.);
#11838 = EDGE_CURVE('',#11839,#11841,#11843,.T.);
#11839 = VERTEX_POINT('',#11840);
#11840 = CARTESIAN_POINT('',(-136.,361.41387626418,39.522989290108));
#11841 = VERTEX_POINT('',#11842);
#11842 = CARTESIAN_POINT('',(-136.,381.55080830504,71.748816944052));
#11843 = SURFACE_CURVE('',#11844,(#11848,#11860),.PCURVE_S1.);
#11844 = LINE('',#11845,#11846);
#11845 = CARTESIAN_POINT('',(-136.,361.41387626418,39.522989290108));
#11846 = VECTOR('',#11847,1.);
#11847 = DIRECTION('',(0.,0.529919264233,0.848048096156));
#11848 = PCURVE('',#11849,#11854);
#11849 = PLANE('',#11850);
#11850 = AXIS2_PLACEMENT_3D('',#11851,#11852,#11853);
#11851 = CARTESIAN_POINT('',(-136.,361.41387626418,39.522989290108));
#11852 = DIRECTION('',(1.,0.,0.));
#11853 = DIRECTION('',(0.,0.529919264233,0.848048096156));
#11854 = DEFINITIONAL_REPRESENTATION('',(#11855),#11859);
#11855 = LINE('',#11856,#11857);
#11856 = CARTESIAN_POINT('',(0.,0.));
#11857 = VECTOR('',#11858,1.);
#11858 = DIRECTION('',(1.,0.));
#11859 = ( GEOMETRIC_REPRESENTATION_CONTEXT(2) 
PARAMETRIC_REPRESENTATION_CONTEXT() REPRESENTATION_CONTEXT('2D SPACE',''
  ) );
#11860 = PCURVE('',#11861,#11866);
#11861 = PLANE('',#11862);
#11862 = AXIS2_PLACEMENT_3D('',#11863,#11864,#11865);
#11863 = CARTESIAN_POINT('',(-136.,361.41387626418,39.522989290108));
#11864 = DIRECTION('',(0.,0.848048096156,-0.529919264233));
#11865 = DIRECTION('',(0.,0.529919264233,0.848048096156));
#11866 = DEFINITIONAL_REPRESENTATION('',(#11867),#11871);
#11867 = LINE('',#11868,#11869);
#11868 = CARTESIAN_POINT('',(0.,0.));
#11869 = VECTOR('',#11870,1.);
#11870 = DIRECTION('',(1.,0.));
#11871 = ( GEOMETRIC_REPRESENTATION_CONTEXT(2) 
PARAMETRIC_REPRESENTATION_CONTEXT() REPRESENTATION_CONTEXT('2D SPACE',''
  ) );
#11872 = ORIENTED_EDGE('',*,*,#11873,.T.);
#11873 = EDGE_CURVE('',#11839,#11874,#11876,.T.);
#11874 = VERTEX_POINT('',#11875);
#11875 = CARTESIAN_POINT('',(-136.,363.44919169495,38.251183055948));
#11876 = SURFACE_CURVE('',#11877,(#11881,#11888),.PCURVE_S1.);
#11877 = LINE('',#11878,#11879);
#11878 = CARTESIAN_POINT('',(-136.,361.41387626418,39.522989290108));
#11879 = VECTOR('',#11880,1.);
#11880 = DIRECTION('',(0.,0.848048096156,-0.529919264233));
#11881 = PCURVE('',#11849,#11882);
#11882 = DEFINITIONAL_REPRESENTATION('',(#11883),#11887);
#11883 = LINE('',#11884,#11885);
#11884 = CARTESIAN_POINT('',(0.,0.));
#11885 = VECTOR('',#11886,1.);
#11886 = DIRECTION('',(0.,-1.));
#11887 = ( GEOMETRIC_REPRESENTATION_CONTEXT(2) 
PARAMETRIC_REPRESENTATION_CONTEXT() REPRESENTATION_CONTEXT('2D SPACE',''
  ) );
#11888 = PCURVE('',#11889,#11894);
#11889 = PLANE('',#11890);
#11890 = AXIS2_PLACEMENT_3D('',#11891,#11892,#11893);
#11891 = CARTESIAN_POINT('',(-136.,361.41387626418,39.522989290108));
#11892 = DIRECTION('',(0.,0.529919264233,0.848048096156));
#11893 = DIRECTION('',(1.,0.,0.));
#11894 = DEFINITIONAL_REPRESENTATION('',(#11895),#11899);
#11895 = LINE('',#11896,#11897);
#11896 = CARTESIAN_POINT('',(0.,0.));
#11897 = VECTOR('',#11898,1.);
#11898 = DIRECTION('',(0.,1.));
#11899 = ( GEOMETRIC_REPRESENTATION_CONTEXT(2) 
PARAMETRIC_REPRESENTATION_CONTEXT() REPRESENTATION_CONTEXT('2D SPACE',''
  ) );
#11900 = ORIENTED_EDGE('',*,*,#11901,.T.);
#11901 = EDGE_CURVE('',#11874,#11902,#11904,.T.);
#11902 = VERTEX_POINT('',#11903);
#11903 = CARTESIAN_POINT('',(-136.,383.58612373581,70.477010709892));
#11904 = SURFACE_CURVE('',#11905,(#11909,#11916),.PCURVE_S1.);
#11905 = LINE('',#11906,#11907);
#11906 = CARTESIAN_POINT('',(-136.,363.44919169495,38.251183055948));
#11907 = VECTOR('',#11908,1.);
#11908 = DIRECTION('',(0.,0.529919264233,0.848048096156));
#11909 = PCURVE('',#11849,#11910);
#11910 = DEFINITIONAL_REPRESENTATION('',(#11911),#11915);
#11911 = LINE('',#11912,#11913);
#11912 = CARTESIAN_POINT('',(3.330669073875E-15,-2.4));
#11913 = VECTOR('',#11914,1.);
#11914 = DIRECTION('',(1.,0.));
#11915 = ( GEOMETRIC_REPRESENTATION_CONTEXT(2) 
PARAMETRIC_REPRESENTATION_CONTEXT() REPRESENTATION_CONTEXT('2D SPACE',''
  ) );
#11916 = PCURVE('',#11917,#11922);
#11917 = PLANE('',#11918);
#11918 = AXIS2_PLACEMENT_3D('',#11919,#11920,#11921);
#11919 = CARTESIAN_POINT('',(-136.,363.44919169495,38.251183055948));
#11920 = DIRECTION('',(0.,0.848048096156,-0.529919264233));
#11921 = DIRECTION('',(0.,0.529919264233,0.848048096156));
#11922 = DEFINITIONAL_REPRESENTATION('',(#11923),#11927);
#11923 = LINE('',#11924,#11925);
#11924 = CARTESIAN_POINT('',(0.,0.));
#11925 = VECTOR('',#11926,1.);
#11926 = DIRECTION('',(1.,0.));
#11927 = ( GEOMETRIC_REPRESENTATION_CONTEXT(2) 
PARAMETRIC_REPRESENTATION_CONTEXT() REPRESENTATION_CONTEXT('2D SPACE',''
  ) );
#11928 = ORIENTED_EDGE('',*,*,#11929,.F.);
#11929 = EDGE_CURVE('',#11841,#11902,#11930,.T.);
#11930 = SURFACE_CURVE('',#11931,(#11935,#11942),.PCURVE_S1.);
#11931 = LINE('',#11932,#11933);
#11932 = CARTESIAN_POINT('',(-136.,381.55080830504,71.748816944052));
#11933 = VECTOR('',#11934,1.);
#11934 = DIRECTION('',(0.,0.848048096156,-0.529919264233));
#11935 = PCURVE('',#11849,#11936);
#11936 = DEFINITIONAL_REPRESENTATION('',(#11937),#11941);
#11937 = LINE('',#11938,#11939);
#11938 = CARTESIAN_POINT('',(38.,3.552713678801E-15));
#11939 = VECTOR('',#11940,1.);
#11940 = DIRECTION('',(0.,-1.));
#11941 = ( GEOMETRIC_REPRESENTATION_CONTEXT(2) 
PARAMETRIC_REPRESENTATION_CONTEXT() REPRESENTATION_CONTEXT('2D SPACE',''
  ) );
#11942 = PCURVE('',#11943,#11948);
#11943 = PLANE('',#11944);
#11944 = AXIS2_PLACEMENT_3D('',#11945,#11946,#11947);
#11945 = CARTESIAN_POINT('',(-136.,381.55080830504,71.748816944052));
#11946 = DIRECTION('',(0.,0.529919264233,0.848048096156));
#11947 = DIRECTION('',(1.,0.,0.));
#11948 = DEFINITIONAL_REPRESENTATION('',(#11949),#11953);
#11949 = LINE('',#11950,#11951);
#11950 = CARTESIAN_POINT('',(0.,0.));
#11951 = VECTOR('',#11952,1.);
#11952 = DIRECTION('',(0.,1.));
#11953 = ( GEOMETRIC_REPRESENTATION_CONTEXT(2) 
PARAMETRIC_REPRESENTATION_CONTEXT() REPRESENTATION_CONTEXT('2D SPACE',''
  ) );
#11954 = ADVANCED_FACE('',(#11955),#11969,.T.);
#11955 = FACE_BOUND('',#11956,.T.);
#11956 = EDGE_LOOP('',(#11957,#11987,#12010,#12033));
#11957 = ORIENTED_EDGE('',*,*,#11958,.F.);
#11958 = EDGE_CURVE('',#11959,#11961,#11963,.T.);
#11959 = VERTEX_POINT('',#11960);
#11960 = CARTESIAN_POINT('',(136.,361.41387626418,39.522989290108));
#11961 = VERTEX_POINT('',#11962);
#11962 = CARTESIAN_POINT('',(136.,381.55080830504,71.748816944052));
#11963 = SURFACE_CURVE('',#11964,(#11968,#11980),.PCURVE_S1.);
#11964 = LINE('',#11965,#11966);
#11965 = CARTESIAN_POINT('',(136.,361.41387626418,39.522989290108));
#11966 = VECTOR('',#11967,1.);
#11967 = DIRECTION('',(0.,0.529919264233,0.848048096156));
#11968 = PCURVE('',#11969,#11974);
#11969 = PLANE('',#11970);
#11970 = AXIS2_PLACEMENT_3D('',#11971,#11972,#11973);
#11971 = CARTESIAN_POINT('',(136.,361.41387626418,39.522989290108));
#11972 = DIRECTION('',(1.,0.,0.));
#11973 = DIRECTION('',(0.,0.529919264233,0.848048096156));
#11974 = DEFINITIONAL_REPRESENTATION('',(#11975),#11979);
#11975 = LINE('',#11976,#11977);
#11976 = CARTESIAN_POINT('',(0.,0.));
#11977 = VECTOR('',#11978,1.);
#11978 = DIRECTION('',(1.,0.));
#11979 = ( GEOMETRIC_REPRESENTATION_CONTEXT(2) 
PARAMETRIC_REPRESENTATION_CONTEXT() REPRESENTATION_CONTEXT('2D SPACE',''
  ) );
#11980 = PCURVE('',#11861,#11981);
#11981 = DEFINITIONAL_REPRESENTATION('',(#11982),#11986);
#11982 = LINE('',#11983,#11984);
#11983 = CARTESIAN_POINT('',(0.,272.));
#11984 = VECTOR('',#11985,1.);
#11985 = DIRECTION('',(1.,0.));
#11986 = ( GEOMETRIC_REPRESENTATION_CONTEXT(2) 
PARAMETRIC_REPRESENTATION_CONTEXT() REPRESENTATION_CONTEXT('2D SPACE',''
  ) );
#11987 = ORIENTED_EDGE('',*,*,#11988,.T.);
#11988 = EDGE_CURVE('',#11959,#11989,#11991,.T.);
#11989 = VERTEX_POINT('',#11990);
#11990 = CARTESIAN_POINT('',(136.,363.44919169495,38.251183055948));
#11991 = SURFACE_CURVE('',#11992,(#11996,#12003),.PCURVE_S1.);
#11992 = LINE('',#11993,#11994);
#11993 = CARTESIAN_POINT('',(136.,361.41387626418,39.522989290108));
#11994 = VECTOR('',#11995,1.);
#11995 = DIRECTION('',(0.,0.848048096156,-0.529919264233));
#11996 = PCURVE('',#11969,#11997);
#11997 = DEFINITIONAL_REPRESENTATION('',(#11998),#12002);
#11998 = LINE('',#11999,#12000);
#11999 = CARTESIAN_POINT('',(0.,0.));
#12000 = VECTOR('',#12001,1.);
#12001 = DIRECTION('',(0.,-1.));
#12002 = ( GEOMETRIC_REPRESENTATION_CONTEXT(2) 
PARAMETRIC_REPRESENTATION_CONTEXT() REPRESENTATION_CONTEXT('2D SPACE',''
  ) );
#12003 = PCURVE('',#11889,#12004);
#12004 = DEFINITIONAL_REPRESENTATION('',(#12005),#12009);
#12005 = LINE('',#12006,#12007);
#12006 = CARTESIAN_POINT('',(272.,0.));
#12007 = VECTOR('',#12008,1.);
#12008 = DIRECTION('',(0.,1.));
#12009 = ( GEOMETRIC_REPRESENTATION_CONTEXT(2) 
PARAMETRIC_REPRESENTATION_CONTEXT() REPRESENTATION_CONTEXT('2D SPACE',''
  ) );
#12010 = ORIENTED_EDGE('',*,*,#12011,.T.);
#12011 = EDGE_CURVE('',#11989,#12012,#12014,.T.);
#12012 = VERTEX_POINT('',#12013);
#12013 = CARTESIAN_POINT('',(136.,383.58612373581,70.477010709892));
#12014 = SURFACE_CURVE('',#12015,(#12019,#12026),.PCURVE_S1.);
#12015 = LINE('',#12016,#12017);
#12016 = CARTESIAN_POINT('',(136.,363.44919169495,38.251183055948));
#12017 = VECTOR('',#12018,1.);
#12018 = DIRECTION('',(0.,0.529919264233,0.848048096156));
#12019 = PCURVE('',#11969,#12020);
#12020 = DEFINITIONAL_REPRESENTATION('',(#12021),#12025);
#12021 = LINE('',#12022,#12023);
#12022 = CARTESIAN_POINT('',(3.330669073875E-15,-2.4));
#12023 = VECTOR('',#12024,1.);
#12024 = DIRECTION('',(1.,0.));
#12025 = ( GEOMETRIC_REPRESENTATION_CONTEXT(2) 
PARAMETRIC_REPRESENTATION_CONTEXT() REPRESENTATION_CONTEXT('2D SPACE',''
  ) );
#12026 = PCURVE('',#11917,#12027);
#12027 = DEFINITIONAL_REPRESENTATION('',(#12028),#12032);
#12028 = LINE('',#12029,#12030);
#12029 = CARTESIAN_POINT('',(0.,272.));
#12030 = VECTOR('',#12031,1.);
#12031 = DIRECTION('',(1.,0.));
#12032 = ( GEOMETRIC_REPRESENTATION_CONTEXT(2) 
PARAMETRIC_REPRESENTATION_CONTEXT() REPRESENTATION_CONTEXT('2D SPACE',''
  ) );
#12033 = ORIENTED_EDGE('',*,*,#12034,.F.);
#12034 = EDGE_CURVE('',#11961,#12012,#12035,.T.);
#12035 = SURFACE_CURVE('',#12036,(#12040,#12047),.PCURVE_S1.);
#12036 = LINE('',#12037,#12038);
#12037 = CARTESIAN_POINT('',(136.,381.55080830504,71.748816944052));
#12038 = VECTOR('',#12039,1.);
#12039 = DIRECTION('',(0.,0.848048096156,-0.529919264233));
#12040 = PCURVE('',#11969,#12041);
#12041 = DEFINITIONAL_REPRESENTATION('',(#12042),#12046);
#12042 = LINE('',#12043,#12044);
#12043 = CARTESIAN_POINT('',(38.,3.552713678801E-15));
#12044 = VECTOR('',#12045,1.);
#12045 = DIRECTION('',(0.,-1.));
#12046 = ( GEOMETRIC_REPRESENTATION_CONTEXT(2) 
PARAMETRIC_REPRESENTATION_CONTEXT() REPRESENTATION_CONTEXT('2D SPACE',''
  ) );
#12047 = PCURVE('',#11943,#12048);
#12048 = DEFINITIONAL_REPRESENTATION('',(#12049),#12053);
#12049 = LINE('',#12050,#12051);
#12050 = CARTESIAN_POINT('',(272.,0.));
#12051 = VECTOR('',#12052,1.);
#12052 = DIRECTION('',(0.,1.));
#12053 = ( GEOMETRIC_REPRESENTATION_CONTEXT(2) 
PARAMETRIC_REPRESENTATION_CONTEXT() REPRESENTATION_CONTEXT('2D SPACE',''
  ) );
#12054 = ADVANCED_FACE('',(#12055),#11861,.F.);
#12055 = FACE_BOUND('',#12056,.F.);
#12056 = EDGE_LOOP('',(#12057,#12078,#12079,#12100));
#12057 = ORIENTED_EDGE('',*,*,#12058,.F.);
#12058 = EDGE_CURVE('',#11839,#11959,#12059,.T.);
#12059 = SURFACE_CURVE('',#12060,(#12064,#12071),.PCURVE_S1.);
#12060 = LINE('',#12061,#12062);
#12061 = CARTESIAN_POINT('',(-136.,361.41387626418,39.522989290108));
#12062 = VECTOR('',#12063,1.);
#12063 = DIRECTION('',(1.,0.,0.));
#12064 = PCURVE('',#11861,#12065);
#12065 = DEFINITIONAL_REPRESENTATION('',(#12066),#12070);
#12066 = LINE('',#12067,#12068);
#12067 = CARTESIAN_POINT('',(0.,0.));
#12068 = VECTOR('',#12069,1.);
#12069 = DIRECTION('',(0.,1.));
#12070 = ( GEOMETRIC_REPRESENTATION_CONTEXT(2) 
PARAMETRIC_REPRESENTATION_CONTEXT() REPRESENTATION_CONTEXT('2D SPACE',''
  ) );
#12071 = PCURVE('',#11889,#12072);
#12072 = DEFINITIONAL_REPRESENTATION('',(#12073),#12077);
#12073 = LINE('',#12074,#12075);
#12074 = CARTESIAN_POINT('',(0.,0.));
#12075 = VECTOR('',#12076,1.);
#12076 = DIRECTION('',(1.,0.));
#12077 = ( GEOMETRIC_REPRESENTATION_CONTEXT(2) 
PARAMETRIC_REPRESENTATION_CONTEXT() REPRESENTATION_CONTEXT('2D SPACE',''
  ) );
#12078 = ORIENTED_EDGE('',*,*,#11838,.T.);
#12079 = ORIENTED_EDGE('',*,*,#12080,.T.);
#12080 = EDGE_CURVE('',#11841,#11961,#12081,.T.);
#12081 = SURFACE_CURVE('',#12082,(#12086,#12093),.PCURVE_S1.);
#12082 = LINE('',#12083,#12084);
#12083 = CARTESIAN_POINT('',(-136.,381.55080830504,71.748816944052));
#12084 = VECTOR('',#12085,1.);
#12085 = DIRECTION('',(1.,0.,0.));
#12086 = PCURVE('',#11861,#12087);
#12087 = DEFINITIONAL_REPRESENTATION('',(#12088),#12092);
#12088 = LINE('',#12089,#12090);
#12089 = CARTESIAN_POINT('',(38.,0.));
#12090 = VECTOR('',#12091,1.);
#12091 = DIRECTION('',(0.,1.));
#12092 = ( GEOMETRIC_REPRESENTATION_CONTEXT(2) 
PARAMETRIC_REPRESENTATION_CONTEXT() REPRESENTATION_CONTEXT('2D SPACE',''
  ) );
#12093 = PCURVE('',#11943,#12094);
#12094 = DEFINITIONAL_REPRESENTATION('',(#12095),#12099);
#12095 = LINE('',#12096,#12097);
#12096 = CARTESIAN_POINT('',(0.,0.));
#12097 = VECTOR('',#12098,1.);
#12098 = DIRECTION('',(1.,0.));
#12099 = ( GEOMETRIC_REPRESENTATION_CONTEXT(2) 
PARAMETRIC_REPRESENTATION_CONTEXT() REPRESENTATION_CONTEXT('2D SPACE',''
  ) );
#12100 = ORIENTED_EDGE('',*,*,#11958,.F.);
#12101 = ADVANCED_FACE('',(#12102),#11917,.T.);
#12102 = FACE_BOUND('',#12103,.T.);
#12103 = EDGE_LOOP('',(#12104,#12125,#12126,#12147));
#12104 = ORIENTED_EDGE('',*,*,#12105,.F.);
#12105 = EDGE_CURVE('',#11874,#11989,#12106,.T.);
#12106 = SURFACE_CURVE('',#12107,(#12111,#12118),.PCURVE_S1.);
#12107 = LINE('',#12108,#12109);
#12108 = CARTESIAN_POINT('',(-136.,363.44919169495,38.251183055948));
#12109 = VECTOR('',#12110,1.);
#12110 = DIRECTION('',(1.,0.,0.));
#12111 = PCURVE('',#11917,#12112);
#12112 = DEFINITIONAL_REPRESENTATION('',(#12113),#12117);
#12113 = LINE('',#12114,#12115);
#12114 = CARTESIAN_POINT('',(0.,0.));
#12115 = VECTOR('',#12116,1.);
#12116 = DIRECTION('',(0.,1.));
#12117 = ( GEOMETRIC_REPRESENTATION_CONTEXT(2) 
PARAMETRIC_REPRESENTATION_CONTEXT() REPRESENTATION_CONTEXT('2D SPACE',''
  ) );
#12118 = PCURVE('',#11889,#12119);
#12119 = DEFINITIONAL_REPRESENTATION('',(#12120),#12124);
#12120 = LINE('',#12121,#12122);
#12121 = CARTESIAN_POINT('',(0.,2.4));
#12122 = VECTOR('',#12123,1.);
#12123 = DIRECTION('',(1.,0.));
#12124 = ( GEOMETRIC_REPRESENTATION_CONTEXT(2) 
PARAMETRIC_REPRESENTATION_CONTEXT() REPRESENTATION_CONTEXT('2D SPACE',''
  ) );
#12125 = ORIENTED_EDGE('',*,*,#11901,.T.);
#12126 = ORIENTED_EDGE('',*,*,#12127,.T.);
#12127 = EDGE_CURVE('',#11902,#12012,#12128,.T.);
#12128 = SURFACE_CURVE('',#12129,(#12133,#12140),.PCURVE_S1.);
#12129 = LINE('',#12130,#12131);
#12130 = CARTESIAN_POINT('',(-136.,383.58612373581,70.477010709892));
#12131 = VECTOR('',#12132,1.);
#12132 = DIRECTION('',(1.,0.,0.));
#12133 = PCURVE('',#11917,#12134);
#12134 = DEFINITIONAL_REPRESENTATION('',(#12135),#12139);
#12135 = LINE('',#12136,#12137);
#12136 = CARTESIAN_POINT('',(38.,0.));
#12137 = VECTOR('',#12138,1.);
#12138 = DIRECTION('',(0.,1.));
#12139 = ( GEOMETRIC_REPRESENTATION_CONTEXT(2) 
PARAMETRIC_REPRESENTATION_CONTEXT() REPRESENTATION_CONTEXT('2D SPACE',''
  ) );
#12140 = PCURVE('',#11943,#12141);
#12141 = DEFINITIONAL_REPRESENTATION('',(#12142),#12146);
#12142 = LINE('',#12143,#12144);
#12143 = CARTESIAN_POINT('',(0.,2.4));
#12144 = VECTOR('',#12145,1.);
#12145 = DIRECTION('',(1.,0.));
#12146 = ( GEOMETRIC_REPRESENTATION_CONTEXT(2) 
PARAMETRIC_REPRESENTATION_CONTEXT() REPRESENTATION_CONTEXT('2D SPACE',''
  ) );
#12147 = ORIENTED_EDGE('',*,*,#12011,.F.);
#12148 = ADVANCED_FACE('',(#12149),#11889,.F.);
#12149 = FACE_BOUND('',#12150,.F.);
#12150 = EDGE_LOOP('',(#12151,#12152,#12153,#12154));
#12151 = ORIENTED_EDGE('',*,*,#11873,.F.);
#12152 = ORIENTED_EDGE('',*,*,#12058,.T.);
#12153 = ORIENTED_EDGE('',*,*,#11988,.T.);
#12154 = ORIENTED_EDGE('',*,*,#12105,.F.);
#12155 = ADVANCED_FACE('',(#12156),#11943,.T.);
#12156 = FACE_BOUND('',#12157,.T.);
#12157 = EDGE_LOOP('',(#12158,#12159,#12160,#12161));
#12158 = ORIENTED_EDGE('',*,*,#11929,.F.);
#12159 = ORIENTED_EDGE('',*,*,#12080,.T.);
#12160 = ORIENTED_EDGE('',*,*,#12034,.T.);
#12161 = ORIENTED_EDGE('',*,*,#12127,.F.);
#12162 = MANIFOLD_SOLID_BREP('',#12163);
#12163 = CLOSED_SHELL('',(#12164,#12284,#12384,#12431,#12478,#12485));
#12164 = ADVANCED_FACE('',(#12165),#12179,.F.);
#12165 = FACE_BOUND('',#12166,.F.);
#12166 = EDGE_LOOP('',(#12167,#12202,#12230,#12258));
#12167 = ORIENTED_EDGE('',*,*,#12168,.F.);
#12168 = EDGE_CURVE('',#12169,#12171,#12173,.T.);
#12169 = VERTEX_POINT('',#12170);
#12170 = CARTESIAN_POINT('',(-136.,378.41387626418,39.522989290108));
#12171 = VERTEX_POINT('',#12172);
#12172 = CARTESIAN_POINT('',(-136.,398.55080830504,71.748816944052));
#12173 = SURFACE_CURVE('',#12174,(#12178,#12190),.PCURVE_S1.);
#12174 = LINE('',#12175,#12176);
#12175 = CARTESIAN_POINT('',(-136.,378.41387626418,39.522989290108));
#12176 = VECTOR('',#12177,1.);
#12177 = DIRECTION('',(0.,0.529919264233,0.848048096156));
#12178 = PCURVE('',#12179,#12184);
#12179 = PLANE('',#12180);
#12180 = AXIS2_PLACEMENT_3D('',#12181,#12182,#12183);
#12181 = CARTESIAN_POINT('',(-136.,378.41387626418,39.522989290108));
#12182 = DIRECTION('',(1.,0.,0.));
#12183 = DIRECTION('',(0.,0.529919264233,0.848048096156));
#12184 = DEFINITIONAL_REPRESENTATION('',(#12185),#12189);
#12185 = LINE('',#12186,#12187);
#12186 = CARTESIAN_POINT('',(0.,0.));
#12187 = VECTOR('',#12188,1.);
#12188 = DIRECTION('',(1.,0.));
#12189 = ( GEOMETRIC_REPRESENTATION_CONTEXT(2) 
PARAMETRIC_REPRESENTATION_CONTEXT() REPRESENTATION_CONTEXT('2D SPACE',''
  ) );
#12190 = PCURVE('',#12191,#12196);
#12191 = PLANE('',#12192);
#12192 = AXIS2_PLACEMENT_3D('',#12193,#12194,#12195);
#12193 = CARTESIAN_POINT('',(-136.,378.41387626418,39.522989290108));
#12194 = DIRECTION('',(0.,0.848048096156,-0.529919264233));
#12195 = DIRECTION('',(0.,0.529919264233,0.848048096156));
#12196 = DEFINITIONAL_REPRESENTATION('',(#12197),#12201);
#12197 = LINE('',#12198,#12199);
#12198 = CARTESIAN_POINT('',(0.,0.));
#12199 = VECTOR('',#12200,1.);
#12200 = DIRECTION('',(1.,0.));
#12201 = ( GEOMETRIC_REPRESENTATION_CONTEXT(2) 
PARAMETRIC_REPRESENTATION_CONTEXT() REPRESENTATION_CONTEXT('2D SPACE',''
  ) );
#12202 = ORIENTED_EDGE('',*,*,#12203,.T.);
#12203 = EDGE_CURVE('',#12169,#12204,#12206,.T.);
#12204 = VERTEX_POINT('',#12205);
#12205 = CARTESIAN_POINT('',(-136.,380.44919169495,38.251183055948));
#12206 = SURFACE_CURVE('',#12207,(#12211,#12218),.PCURVE_S1.);
#12207 = LINE('',#12208,#12209);
#12208 = CARTESIAN_POINT('',(-136.,378.41387626418,39.522989290108));
#12209 = VECTOR('',#12210,1.);
#12210 = DIRECTION('',(0.,0.848048096156,-0.529919264233));
#12211 = PCURVE('',#12179,#12212);
#12212 = DEFINITIONAL_REPRESENTATION('',(#12213),#12217);
#12213 = LINE('',#12214,#12215);
#12214 = CARTESIAN_POINT('',(0.,0.));
#12215 = VECTOR('',#12216,1.);
#12216 = DIRECTION('',(0.,-1.));
#12217 = ( GEOMETRIC_REPRESENTATION_CONTEXT(2) 
PARAMETRIC_REPRESENTATION_CONTEXT() REPRESENTATION_CONTEXT('2D SPACE',''
  ) );
#12218 = PCURVE('',#12219,#12224);
#12219 = PLANE('',#12220);
#12220 = AXIS2_PLACEMENT_3D('',#12221,#12222,#12223);
#12221 = CARTESIAN_POINT('',(-136.,378.41387626418,39.522989290108));
#12222 = DIRECTION('',(0.,0.529919264233,0.848048096156));
#12223 = DIRECTION('',(1.,0.,0.));
#12224 = DEFINITIONAL_REPRESENTATION('',(#12225),#12229);
#12225 = LINE('',#12226,#12227);
#12226 = CARTESIAN_POINT('',(0.,0.));
#12227 = VECTOR('',#12228,1.);
#12228 = DIRECTION('',(0.,1.));
#12229 = ( GEOMETRIC_REPRESENTATION_CONTEXT(2) 
PARAMETRIC_REPRESENTATION_CONTEXT() REPRESENTATION_CONTEXT('2D SPACE',''
  ) );
#12230 = ORIENTED_EDGE('',*,*,#12231,.T.);
#12231 = EDGE_CURVE('',#12204,#12232,#12234,.T.);
#12232 = VERTEX_POINT('',#12233);
#12233 = CARTESIAN_POINT('',(-136.,400.58612373581,70.477010709892));
#12234 = SURFACE_CURVE('',#12235,(#12239,#12246),.PCURVE_S1.);
#12235 = LINE('',#12236,#12237);
#12236 = CARTESIAN_POINT('',(-136.,380.44919169495,38.251183055948));
#12237 = VECTOR('',#12238,1.);
#12238 = DIRECTION('',(0.,0.529919264233,0.848048096156));
#12239 = PCURVE('',#12179,#12240);
#12240 = DEFINITIONAL_REPRESENTATION('',(#12241),#12245);
#12241 = LINE('',#12242,#12243);
#12242 = CARTESIAN_POINT('',(3.330669073875E-15,-2.4));
#12243 = VECTOR('',#12244,1.);
#12244 = DIRECTION('',(1.,0.));
#12245 = ( GEOMETRIC_REPRESENTATION_CONTEXT(2) 
PARAMETRIC_REPRESENTATION_CONTEXT() REPRESENTATION_CONTEXT('2D SPACE',''
  ) );
#12246 = PCURVE('',#12247,#12252);
#12247 = PLANE('',#12248);
#12248 = AXIS2_PLACEMENT_3D('',#12249,#12250,#12251);
#12249 = CARTESIAN_POINT('',(-136.,380.44919169495,38.251183055948));
#12250 = DIRECTION('',(0.,0.848048096156,-0.529919264233));
#12251 = DIRECTION('',(0.,0.529919264233,0.848048096156));
#12252 = DEFINITIONAL_REPRESENTATION('',(#12253),#12257);
#12253 = LINE('',#12254,#12255);
#12254 = CARTESIAN_POINT('',(0.,0.));
#12255 = VECTOR('',#12256,1.);
#12256 = DIRECTION('',(1.,0.));
#12257 = ( GEOMETRIC_REPRESENTATION_CONTEXT(2) 
PARAMETRIC_REPRESENTATION_CONTEXT() REPRESENTATION_CONTEXT('2D SPACE',''
  ) );
#12258 = ORIENTED_EDGE('',*,*,#12259,.F.);
#12259 = EDGE_CURVE('',#12171,#12232,#12260,.T.);
#12260 = SURFACE_CURVE('',#12261,(#12265,#12272),.PCURVE_S1.);
#12261 = LINE('',#12262,#12263);
#12262 = CARTESIAN_POINT('',(-136.,398.55080830504,71.748816944052));
#12263 = VECTOR('',#12264,1.);
#12264 = DIRECTION('',(0.,0.848048096156,-0.529919264233));
#12265 = PCURVE('',#12179,#12266);
#12266 = DEFINITIONAL_REPRESENTATION('',(#12267),#12271);
#12267 = LINE('',#12268,#12269);
#12268 = CARTESIAN_POINT('',(38.,3.552713678801E-15));
#12269 = VECTOR('',#12270,1.);
#12270 = DIRECTION('',(0.,-1.));
#12271 = ( GEOMETRIC_REPRESENTATION_CONTEXT(2) 
PARAMETRIC_REPRESENTATION_CONTEXT() REPRESENTATION_CONTEXT('2D SPACE',''
  ) );
#12272 = PCURVE('',#12273,#12278);
#12273 = PLANE('',#12274);
#12274 = AXIS2_PLACEMENT_3D('',#12275,#12276,#12277);
#12275 = CARTESIAN_POINT('',(-136.,398.55080830504,71.748816944052));
#12276 = DIRECTION('',(0.,0.529919264233,0.848048096156));
#12277 = DIRECTION('',(1.,0.,0.));
#12278 = DEFINITIONAL_REPRESENTATION('',(#12279),#12283);
#12279 = LINE('',#12280,#12281);
#12280 = CARTESIAN_POINT('',(0.,0.));
#12281 = VECTOR('',#12282,1.);
#12282 = DIRECTION('',(0.,1.));
#12283 = ( GEOMETRIC_REPRESENTATION_CONTEXT(2) 
PARAMETRIC_REPRESENTATION_CONTEXT() REPRESENTATION_CONTEXT('2D SPACE',''
  ) );
#12284 = ADVANCED_FACE('',(#12285),#12299,.T.);
#12285 = FACE_BOUND('',#12286,.T.);
#12286 = EDGE_LOOP('',(#12287,#12317,#12340,#12363));
#12287 = ORIENTED_EDGE('',*,*,#12288,.F.);
#12288 = EDGE_CURVE('',#12289,#12291,#12293,.T.);
#12289 = VERTEX_POINT('',#12290);
#12290 = CARTESIAN_POINT('',(136.,378.41387626418,39.522989290108));
#12291 = VERTEX_POINT('',#12292);
#12292 = CARTESIAN_POINT('',(136.,398.55080830504,71.748816944052));
#12293 = SURFACE_CURVE('',#12294,(#12298,#12310),.PCURVE_S1.);
#12294 = LINE('',#12295,#12296);
#12295 = CARTESIAN_POINT('',(136.,378.41387626418,39.522989290108));
#12296 = VECTOR('',#12297,1.);
#12297 = DIRECTION('',(0.,0.529919264233,0.848048096156));
#12298 = PCURVE('',#12299,#12304);
#12299 = PLANE('',#12300);
#12300 = AXIS2_PLACEMENT_3D('',#12301,#12302,#12303);
#12301 = CARTESIAN_POINT('',(136.,378.41387626418,39.522989290108));
#12302 = DIRECTION('',(1.,0.,0.));
#12303 = DIRECTION('',(0.,0.529919264233,0.848048096156));
#12304 = DEFINITIONAL_REPRESENTATION('',(#12305),#12309);
#12305 = LINE('',#12306,#12307);
#12306 = CARTESIAN_POINT('',(0.,0.));
#12307 = VECTOR('',#12308,1.);
#12308 = DIRECTION('',(1.,0.));
#12309 = ( GEOMETRIC_REPRESENTATION_CONTEXT(2) 
PARAMETRIC_REPRESENTATION_CONTEXT() REPRESENTATION_CONTEXT('2D SPACE',''
  ) );
#12310 = PCURVE('',#12191,#12311);
#12311 = DEFINITIONAL_REPRESENTATION('',(#12312),#12316);
#12312 = LINE('',#12313,#12314);
#12313 = CARTESIAN_POINT('',(0.,272.));
#12314 = VECTOR('',#12315,1.);
#12315 = DIRECTION('',(1.,0.));
#12316 = ( GEOMETRIC_REPRESENTATION_CONTEXT(2) 
PARAMETRIC_REPRESENTATION_CONTEXT() REPRESENTATION_CONTEXT('2D SPACE',''
  ) );
#12317 = ORIENTED_EDGE('',*,*,#12318,.T.);
#12318 = EDGE_CURVE('',#12289,#12319,#12321,.T.);
#12319 = VERTEX_POINT('',#12320);
#12320 = CARTESIAN_POINT('',(136.,380.44919169495,38.251183055948));
#12321 = SURFACE_CURVE('',#12322,(#12326,#12333),.PCURVE_S1.);
#12322 = LINE('',#12323,#12324);
#12323 = CARTESIAN_POINT('',(136.,378.41387626418,39.522989290108));
#12324 = VECTOR('',#12325,1.);
#12325 = DIRECTION('',(0.,0.848048096156,-0.529919264233));
#12326 = PCURVE('',#12299,#12327);
#12327 = DEFINITIONAL_REPRESENTATION('',(#12328),#12332);
#12328 = LINE('',#12329,#12330);
#12329 = CARTESIAN_POINT('',(0.,0.));
#12330 = VECTOR('',#12331,1.);
#12331 = DIRECTION('',(0.,-1.));
#12332 = ( GEOMETRIC_REPRESENTATION_CONTEXT(2) 
PARAMETRIC_REPRESENTATION_CONTEXT() REPRESENTATION_CONTEXT('2D SPACE',''
  ) );
#12333 = PCURVE('',#12219,#12334);
#12334 = DEFINITIONAL_REPRESENTATION('',(#12335),#12339);
#12335 = LINE('',#12336,#12337);
#12336 = CARTESIAN_POINT('',(272.,0.));
#12337 = VECTOR('',#12338,1.);
#12338 = DIRECTION('',(0.,1.));
#12339 = ( GEOMETRIC_REPRESENTATION_CONTEXT(2) 
PARAMETRIC_REPRESENTATION_CONTEXT() REPRESENTATION_CONTEXT('2D SPACE',''
  ) );
#12340 = ORIENTED_EDGE('',*,*,#12341,.T.);
#12341 = EDGE_CURVE('',#12319,#12342,#12344,.T.);
#12342 = VERTEX_POINT('',#12343);
#12343 = CARTESIAN_POINT('',(136.,400.58612373581,70.477010709892));
#12344 = SURFACE_CURVE('',#12345,(#12349,#12356),.PCURVE_S1.);
#12345 = LINE('',#12346,#12347);
#12346 = CARTESIAN_POINT('',(136.,380.44919169495,38.251183055948));
#12347 = VECTOR('',#12348,1.);
#12348 = DIRECTION('',(0.,0.529919264233,0.848048096156));
#12349 = PCURVE('',#12299,#12350);
#12350 = DEFINITIONAL_REPRESENTATION('',(#12351),#12355);
#12351 = LINE('',#12352,#12353);
#12352 = CARTESIAN_POINT('',(3.330669073875E-15,-2.4));
#12353 = VECTOR('',#12354,1.);
#12354 = DIRECTION('',(1.,0.));
#12355 = ( GEOMETRIC_REPRESENTATION_CONTEXT(2) 
PARAMETRIC_REPRESENTATION_CONTEXT() REPRESENTATION_CONTEXT('2D SPACE',''
  ) );
#12356 = PCURVE('',#12247,#12357);
#12357 = DEFINITIONAL_REPRESENTATION('',(#12358),#12362);
#12358 = LINE('',#12359,#12360);
#12359 = CARTESIAN_POINT('',(0.,272.));
#12360 = VECTOR('',#12361,1.);
#12361 = DIRECTION('',(1.,0.));
#12362 = ( GEOMETRIC_REPRESENTATION_CONTEXT(2) 
PARAMETRIC_REPRESENTATION_CONTEXT() REPRESENTATION_CONTEXT('2D SPACE',''
  ) );
#12363 = ORIENTED_EDGE('',*,*,#12364,.F.);
#12364 = EDGE_CURVE('',#12291,#12342,#12365,.T.);
#12365 = SURFACE_CURVE('',#12366,(#12370,#12377),.PCURVE_S1.);
#12366 = LINE('',#12367,#12368);
#12367 = CARTESIAN_POINT('',(136.,398.55080830504,71.748816944052));
#12368 = VECTOR('',#12369,1.);
#12369 = DIRECTION('',(0.,0.848048096156,-0.529919264233));
#12370 = PCURVE('',#12299,#12371);
#12371 = DEFINITIONAL_REPRESENTATION('',(#12372),#12376);
#12372 = LINE('',#12373,#12374);
#12373 = CARTESIAN_POINT('',(38.,3.552713678801E-15));
#12374 = VECTOR('',#12375,1.);
#12375 = DIRECTION('',(0.,-1.));
#12376 = ( GEOMETRIC_REPRESENTATION_CONTEXT(2) 
PARAMETRIC_REPRESENTATION_CONTEXT() REPRESENTATION_CONTEXT('2D SPACE',''
  ) );
#12377 = PCURVE('',#12273,#12378);
#12378 = DEFINITIONAL_REPRESENTATION('',(#12379),#12383);
#12379 = LINE('',#12380,#12381);
#12380 = CARTESIAN_POINT('',(272.,0.));
#12381 = VECTOR('',#12382,1.);
#12382 = DIRECTION('',(0.,1.));
#12383 = ( GEOMETRIC_REPRESENTATION_CONTEXT(2) 
PARAMETRIC_REPRESENTATION_CONTEXT() REPRESENTATION_CONTEXT('2D SPACE',''
  ) );
#12384 = ADVANCED_FACE('',(#12385),#12191,.F.);
#12385 = FACE_BOUND('',#12386,.F.);
#12386 = EDGE_LOOP('',(#12387,#12408,#12409,#12430));
#12387 = ORIENTED_EDGE('',*,*,#12388,.F.);
#12388 = EDGE_CURVE('',#12169,#12289,#12389,.T.);
#12389 = SURFACE_CURVE('',#12390,(#12394,#12401),.PCURVE_S1.);
#12390 = LINE('',#12391,#12392);
#12391 = CARTESIAN_POINT('',(-136.,378.41387626418,39.522989290108));
#12392 = VECTOR('',#12393,1.);
#12393 = DIRECTION('',(1.,0.,0.));
#12394 = PCURVE('',#12191,#12395);
#12395 = DEFINITIONAL_REPRESENTATION('',(#12396),#12400);
#12396 = LINE('',#12397,#12398);
#12397 = CARTESIAN_POINT('',(0.,0.));
#12398 = VECTOR('',#12399,1.);
#12399 = DIRECTION('',(0.,1.));
#12400 = ( GEOMETRIC_REPRESENTATION_CONTEXT(2) 
PARAMETRIC_REPRESENTATION_CONTEXT() REPRESENTATION_CONTEXT('2D SPACE',''
  ) );
#12401 = PCURVE('',#12219,#12402);
#12402 = DEFINITIONAL_REPRESENTATION('',(#12403),#12407);
#12403 = LINE('',#12404,#12405);
#12404 = CARTESIAN_POINT('',(0.,0.));
#12405 = VECTOR('',#12406,1.);
#12406 = DIRECTION('',(1.,0.));
#12407 = ( GEOMETRIC_REPRESENTATION_CONTEXT(2) 
PARAMETRIC_REPRESENTATION_CONTEXT() REPRESENTATION_CONTEXT('2D SPACE',''
  ) );
#12408 = ORIENTED_EDGE('',*,*,#12168,.T.);
#12409 = ORIENTED_EDGE('',*,*,#12410,.T.);
#12410 = EDGE_CURVE('',#12171,#12291,#12411,.T.);
#12411 = SURFACE_CURVE('',#12412,(#12416,#12423),.PCURVE_S1.);
#12412 = LINE('',#12413,#12414);
#12413 = CARTESIAN_POINT('',(-136.,398.55080830504,71.748816944052));
#12414 = VECTOR('',#12415,1.);
#12415 = DIRECTION('',(1.,0.,0.));
#12416 = PCURVE('',#12191,#12417);
#12417 = DEFINITIONAL_REPRESENTATION('',(#12418),#12422);
#12418 = LINE('',#12419,#12420);
#12419 = CARTESIAN_POINT('',(38.,0.));
#12420 = VECTOR('',#12421,1.);
#12421 = DIRECTION('',(0.,1.));
#12422 = ( GEOMETRIC_REPRESENTATION_CONTEXT(2) 
PARAMETRIC_REPRESENTATION_CONTEXT() REPRESENTATION_CONTEXT('2D SPACE',''
  ) );
#12423 = PCURVE('',#12273,#12424);
#12424 = DEFINITIONAL_REPRESENTATION('',(#12425),#12429);
#12425 = LINE('',#12426,#12427);
#12426 = CARTESIAN_POINT('',(0.,0.));
#12427 = VECTOR('',#12428,1.);
#12428 = DIRECTION('',(1.,0.));
#12429 = ( GEOMETRIC_REPRESENTATION_CONTEXT(2) 
PARAMETRIC_REPRESENTATION_CONTEXT() REPRESENTATION_CONTEXT('2D SPACE',''
  ) );
#12430 = ORIENTED_EDGE('',*,*,#12288,.F.);
#12431 = ADVANCED_FACE('',(#12432),#12247,.T.);
#12432 = FACE_BOUND('',#12433,.T.);
#12433 = EDGE_LOOP('',(#12434,#12455,#12456,#12477));
#12434 = ORIENTED_EDGE('',*,*,#12435,.F.);
#12435 = EDGE_CURVE('',#12204,#12319,#12436,.T.);
#12436 = SURFACE_CURVE('',#12437,(#12441,#12448),.PCURVE_S1.);
#12437 = LINE('',#12438,#12439);
#12438 = CARTESIAN_POINT('',(-136.,380.44919169495,38.251183055948));
#12439 = VECTOR('',#12440,1.);
#12440 = DIRECTION('',(1.,0.,0.));
#12441 = PCURVE('',#12247,#12442);
#12442 = DEFINITIONAL_REPRESENTATION('',(#12443),#12447);
#12443 = LINE('',#12444,#12445);
#12444 = CARTESIAN_POINT('',(0.,0.));
#12445 = VECTOR('',#12446,1.);
#12446 = DIRECTION('',(0.,1.));
#12447 = ( GEOMETRIC_REPRESENTATION_CONTEXT(2) 
PARAMETRIC_REPRESENTATION_CONTEXT() REPRESENTATION_CONTEXT('2D SPACE',''
  ) );
#12448 = PCURVE('',#12219,#12449);
#12449 = DEFINITIONAL_REPRESENTATION('',(#12450),#12454);
#12450 = LINE('',#12451,#12452);
#12451 = CARTESIAN_POINT('',(0.,2.4));
#12452 = VECTOR('',#12453,1.);
#12453 = DIRECTION('',(1.,0.));
#12454 = ( GEOMETRIC_REPRESENTATION_CONTEXT(2) 
PARAMETRIC_REPRESENTATION_CONTEXT() REPRESENTATION_CONTEXT('2D SPACE',''
  ) );
#12455 = ORIENTED_EDGE('',*,*,#12231,.T.);
#12456 = ORIENTED_EDGE('',*,*,#12457,.T.);
#12457 = EDGE_CURVE('',#12232,#12342,#12458,.T.);
#12458 = SURFACE_CURVE('',#12459,(#12463,#12470),.PCURVE_S1.);
#12459 = LINE('',#12460,#12461);
#12460 = CARTESIAN_POINT('',(-136.,400.58612373581,70.477010709892));
#12461 = VECTOR('',#12462,1.);
#12462 = DIRECTION('',(1.,0.,0.));
#12463 = PCURVE('',#12247,#12464);
#12464 = DEFINITIONAL_REPRESENTATION('',(#12465),#12469);
#12465 = LINE('',#12466,#12467);
#12466 = CARTESIAN_POINT('',(38.,0.));
#12467 = VECTOR('',#12468,1.);
#12468 = DIRECTION('',(0.,1.));
#12469 = ( GEOMETRIC_REPRESENTATION_CONTEXT(2) 
PARAMETRIC_REPRESENTATION_CONTEXT() REPRESENTATION_CONTEXT('2D SPACE',''
  ) );
#12470 = PCURVE('',#12273,#12471);
#12471 = DEFINITIONAL_REPRESENTATION('',(#12472),#12476);
#12472 = LINE('',#12473,#12474);
#12473 = CARTESIAN_POINT('',(0.,2.4));
#12474 = VECTOR('',#12475,1.);
#12475 = DIRECTION('',(1.,0.));
#12476 = ( GEOMETRIC_REPRESENTATION_CONTEXT(2) 
PARAMETRIC_REPRESENTATION_CONTEXT() REPRESENTATION_CONTEXT('2D SPACE',''
  ) );
#12477 = ORIENTED_EDGE('',*,*,#12341,.F.);
#12478 = ADVANCED_FACE('',(#12479),#12219,.F.);
#12479 = FACE_BOUND('',#12480,.F.);
#12480 = EDGE_LOOP('',(#12481,#12482,#12483,#12484));
#12481 = ORIENTED_EDGE('',*,*,#12203,.F.);
#12482 = ORIENTED_EDGE('',*,*,#12388,.T.);
#12483 = ORIENTED_EDGE('',*,*,#12318,.T.);
#12484 = ORIENTED_EDGE('',*,*,#12435,.F.);
#12485 = ADVANCED_FACE('',(#12486),#12273,.T.);
#12486 = FACE_BOUND('',#12487,.T.);
#12487 = EDGE_LOOP('',(#12488,#12489,#12490,#12491));
#12488 = ORIENTED_EDGE('',*,*,#12259,.F.);
#12489 = ORIENTED_EDGE('',*,*,#12410,.T.);
#12490 = ORIENTED_EDGE('',*,*,#12364,.T.);
#12491 = ORIENTED_EDGE('',*,*,#12457,.F.);
#12492 = MANIFOLD_SOLID_BREP('',#12493);
#12493 = CLOSED_SHELL('',(#12494,#12614,#12714,#12761,#12808,#12815));
#12494 = ADVANCED_FACE('',(#12495),#12509,.F.);
#12495 = FACE_BOUND('',#12496,.F.);
#12496 = EDGE_LOOP('',(#12497,#12532,#12560,#12588));
#12497 = ORIENTED_EDGE('',*,*,#12498,.F.);
#12498 = EDGE_CURVE('',#12499,#12501,#12503,.T.);
#12499 = VERTEX_POINT('',#12500);
#12500 = CARTESIAN_POINT('',(-136.,395.41387626418,39.522989290108));
#12501 = VERTEX_POINT('',#12502);
#12502 = CARTESIAN_POINT('',(-136.,415.55080830504,71.748816944052));
#12503 = SURFACE_CURVE('',#12504,(#12508,#12520),.PCURVE_S1.);
#12504 = LINE('',#12505,#12506);
#12505 = CARTESIAN_POINT('',(-136.,395.41387626418,39.522989290108));
#12506 = VECTOR('',#12507,1.);
#12507 = DIRECTION('',(0.,0.529919264233,0.848048096156));
#12508 = PCURVE('',#12509,#12514);
#12509 = PLANE('',#12510);
#12510 = AXIS2_PLACEMENT_3D('',#12511,#12512,#12513);
#12511 = CARTESIAN_POINT('',(-136.,395.41387626418,39.522989290108));
#12512 = DIRECTION('',(1.,0.,0.));
#12513 = DIRECTION('',(0.,0.529919264233,0.848048096156));
#12514 = DEFINITIONAL_REPRESENTATION('',(#12515),#12519);
#12515 = LINE('',#12516,#12517);
#12516 = CARTESIAN_POINT('',(0.,0.));
#12517 = VECTOR('',#12518,1.);
#12518 = DIRECTION('',(1.,0.));
#12519 = ( GEOMETRIC_REPRESENTATION_CONTEXT(2) 
PARAMETRIC_REPRESENTATION_CONTEXT() REPRESENTATION_CONTEXT('2D SPACE',''
  ) );
#12520 = PCURVE('',#12521,#12526);
#12521 = PLANE('',#12522);
#12522 = AXIS2_PLACEMENT_3D('',#12523,#12524,#12525);
#12523 = CARTESIAN_POINT('',(-136.,395.41387626418,39.522989290108));
#12524 = DIRECTION('',(0.,0.848048096156,-0.529919264233));
#12525 = DIRECTION('',(0.,0.529919264233,0.848048096156));
#12526 = DEFINITIONAL_REPRESENTATION('',(#12527),#12531);
#12527 = LINE('',#12528,#12529);
#12528 = CARTESIAN_POINT('',(0.,0.));
#12529 = VECTOR('',#12530,1.);
#12530 = DIRECTION('',(1.,0.));
#12531 = ( GEOMETRIC_REPRESENTATION_CONTEXT(2) 
PARAMETRIC_REPRESENTATION_CONTEXT() REPRESENTATION_CONTEXT('2D SPACE',''
  ) );
#12532 = ORIENTED_EDGE('',*,*,#12533,.T.);
#12533 = EDGE_CURVE('',#12499,#12534,#12536,.T.);
#12534 = VERTEX_POINT('',#12535);
#12535 = CARTESIAN_POINT('',(-136.,397.44919169495,38.251183055948));
#12536 = SURFACE_CURVE('',#12537,(#12541,#12548),.PCURVE_S1.);
#12537 = LINE('',#12538,#12539);
#12538 = CARTESIAN_POINT('',(-136.,395.41387626418,39.522989290108));
#12539 = VECTOR('',#12540,1.);
#12540 = DIRECTION('',(0.,0.848048096156,-0.529919264233));
#12541 = PCURVE('',#12509,#12542);
#12542 = DEFINITIONAL_REPRESENTATION('',(#12543),#12547);
#12543 = LINE('',#12544,#12545);
#12544 = CARTESIAN_POINT('',(0.,0.));
#12545 = VECTOR('',#12546,1.);
#12546 = DIRECTION('',(0.,-1.));
#12547 = ( GEOMETRIC_REPRESENTATION_CONTEXT(2) 
PARAMETRIC_REPRESENTATION_CONTEXT() REPRESENTATION_CONTEXT('2D SPACE',''
  ) );
#12548 = PCURVE('',#12549,#12554);
#12549 = PLANE('',#12550);
#12550 = AXIS2_PLACEMENT_3D('',#12551,#12552,#12553);
#12551 = CARTESIAN_POINT('',(-136.,395.41387626418,39.522989290108));
#12552 = DIRECTION('',(0.,0.529919264233,0.848048096156));
#12553 = DIRECTION('',(1.,0.,0.));
#12554 = DEFINITIONAL_REPRESENTATION('',(#12555),#12559);
#12555 = LINE('',#12556,#12557);
#12556 = CARTESIAN_POINT('',(0.,0.));
#12557 = VECTOR('',#12558,1.);
#12558 = DIRECTION('',(0.,1.));
#12559 = ( GEOMETRIC_REPRESENTATION_CONTEXT(2) 
PARAMETRIC_REPRESENTATION_CONTEXT() REPRESENTATION_CONTEXT('2D SPACE',''
  ) );
#12560 = ORIENTED_EDGE('',*,*,#12561,.T.);
#12561 = EDGE_CURVE('',#12534,#12562,#12564,.T.);
#12562 = VERTEX_POINT('',#12563);
#12563 = CARTESIAN_POINT('',(-136.,417.58612373581,70.477010709892));
#12564 = SURFACE_CURVE('',#12565,(#12569,#12576),.PCURVE_S1.);
#12565 = LINE('',#12566,#12567);
#12566 = CARTESIAN_POINT('',(-136.,397.44919169495,38.251183055948));
#12567 = VECTOR('',#12568,1.);
#12568 = DIRECTION('',(0.,0.529919264233,0.848048096156));
#12569 = PCURVE('',#12509,#12570);
#12570 = DEFINITIONAL_REPRESENTATION('',(#12571),#12575);
#12571 = LINE('',#12572,#12573);
#12572 = CARTESIAN_POINT('',(3.330669073875E-15,-2.4));
#12573 = VECTOR('',#12574,1.);
#12574 = DIRECTION('',(1.,0.));
#12575 = ( GEOMETRIC_REPRESENTATION_CONTEXT(2) 
PARAMETRIC_REPRESENTATION_CONTEXT() REPRESENTATION_CONTEXT('2D SPACE',''
  ) );
#12576 = PCURVE('',#12577,#12582);
#12577 = PLANE('',#12578);
#12578 = AXIS2_PLACEMENT_3D('',#12579,#12580,#12581);
#12579 = CARTESIAN_POINT('',(-136.,397.44919169495,38.251183055948));
#12580 = DIRECTION('',(0.,0.848048096156,-0.529919264233));
#12581 = DIRECTION('',(0.,0.529919264233,0.848048096156));
#12582 = DEFINITIONAL_REPRESENTATION('',(#12583),#12587);
#12583 = LINE('',#12584,#12585);
#12584 = CARTESIAN_POINT('',(0.,0.));
#12585 = VECTOR('',#12586,1.);
#12586 = DIRECTION('',(1.,0.));
#12587 = ( GEOMETRIC_REPRESENTATION_CONTEXT(2) 
PARAMETRIC_REPRESENTATION_CONTEXT() REPRESENTATION_CONTEXT('2D SPACE',''
  ) );
#12588 = ORIENTED_EDGE('',*,*,#12589,.F.);
#12589 = EDGE_CURVE('',#12501,#12562,#12590,.T.);
#12590 = SURFACE_CURVE('',#12591,(#12595,#12602),.PCURVE_S1.);
#12591 = LINE('',#12592,#12593);
#12592 = CARTESIAN_POINT('',(-136.,415.55080830504,71.748816944052));
#12593 = VECTOR('',#12594,1.);
#12594 = DIRECTION('',(0.,0.848048096156,-0.529919264233));
#12595 = PCURVE('',#12509,#12596);
#12596 = DEFINITIONAL_REPRESENTATION('',(#12597),#12601);
#12597 = LINE('',#12598,#12599);
#12598 = CARTESIAN_POINT('',(38.,3.552713678801E-15));
#12599 = VECTOR('',#12600,1.);
#12600 = DIRECTION('',(0.,-1.));
#12601 = ( GEOMETRIC_REPRESENTATION_CONTEXT(2) 
PARAMETRIC_REPRESENTATION_CONTEXT() REPRESENTATION_CONTEXT('2D SPACE',''
  ) );
#12602 = PCURVE('',#12603,#12608);
#12603 = PLANE('',#12604);
#12604 = AXIS2_PLACEMENT_3D('',#12605,#12606,#12607);
#12605 = CARTESIAN_POINT('',(-136.,415.55080830504,71.748816944052));
#12606 = DIRECTION('',(0.,0.529919264233,0.848048096156));
#12607 = DIRECTION('',(1.,0.,0.));
#12608 = DEFINITIONAL_REPRESENTATION('',(#12609),#12613);
#12609 = LINE('',#12610,#12611);
#12610 = CARTESIAN_POINT('',(0.,0.));
#12611 = VECTOR('',#12612,1.);
#12612 = DIRECTION('',(0.,1.));
#12613 = ( GEOMETRIC_REPRESENTATION_CONTEXT(2) 
PARAMETRIC_REPRESENTATION_CONTEXT() REPRESENTATION_CONTEXT('2D SPACE',''
  ) );
#12614 = ADVANCED_FACE('',(#12615),#12629,.T.);
#12615 = FACE_BOUND('',#12616,.T.);
#12616 = EDGE_LOOP('',(#12617,#12647,#12670,#12693));
#12617 = ORIENTED_EDGE('',*,*,#12618,.F.);
#12618 = EDGE_CURVE('',#12619,#12621,#12623,.T.);
#12619 = VERTEX_POINT('',#12620);
#12620 = CARTESIAN_POINT('',(136.,395.41387626418,39.522989290108));
#12621 = VERTEX_POINT('',#12622);
#12622 = CARTESIAN_POINT('',(136.,415.55080830504,71.748816944052));
#12623 = SURFACE_CURVE('',#12624,(#12628,#12640),.PCURVE_S1.);
#12624 = LINE('',#12625,#12626);
#12625 = CARTESIAN_POINT('',(136.,395.41387626418,39.522989290108));
#12626 = VECTOR('',#12627,1.);
#12627 = DIRECTION('',(0.,0.529919264233,0.848048096156));
#12628 = PCURVE('',#12629,#12634);
#12629 = PLANE('',#12630);
#12630 = AXIS2_PLACEMENT_3D('',#12631,#12632,#12633);
#12631 = CARTESIAN_POINT('',(136.,395.41387626418,39.522989290108));
#12632 = DIRECTION('',(1.,0.,0.));
#12633 = DIRECTION('',(0.,0.529919264233,0.848048096156));
#12634 = DEFINITIONAL_REPRESENTATION('',(#12635),#12639);
#12635 = LINE('',#12636,#12637);
#12636 = CARTESIAN_POINT('',(0.,0.));
#12637 = VECTOR('',#12638,1.);
#12638 = DIRECTION('',(1.,0.));
#12639 = ( GEOMETRIC_REPRESENTATION_CONTEXT(2) 
PARAMETRIC_REPRESENTATION_CONTEXT() REPRESENTATION_CONTEXT('2D SPACE',''
  ) );
#12640 = PCURVE('',#12521,#12641);
#12641 = DEFINITIONAL_REPRESENTATION('',(#12642),#12646);
#12642 = LINE('',#12643,#12644);
#12643 = CARTESIAN_POINT('',(0.,272.));
#12644 = VECTOR('',#12645,1.);
#12645 = DIRECTION('',(1.,0.));
#12646 = ( GEOMETRIC_REPRESENTATION_CONTEXT(2) 
PARAMETRIC_REPRESENTATION_CONTEXT() REPRESENTATION_CONTEXT('2D SPACE',''
  ) );
#12647 = ORIENTED_EDGE('',*,*,#12648,.T.);
#12648 = EDGE_CURVE('',#12619,#12649,#12651,.T.);
#12649 = VERTEX_POINT('',#12650);
#12650 = CARTESIAN_POINT('',(136.,397.44919169495,38.251183055948));
#12651 = SURFACE_CURVE('',#12652,(#12656,#12663),.PCURVE_S1.);
#12652 = LINE('',#12653,#12654);
#12653 = CARTESIAN_POINT('',(136.,395.41387626418,39.522989290108));
#12654 = VECTOR('',#12655,1.);
#12655 = DIRECTION('',(0.,0.848048096156,-0.529919264233));
#12656 = PCURVE('',#12629,#12657);
#12657 = DEFINITIONAL_REPRESENTATION('',(#12658),#12662);
#12658 = LINE('',#12659,#12660);
#12659 = CARTESIAN_POINT('',(0.,0.));
#12660 = VECTOR('',#12661,1.);
#12661 = DIRECTION('',(0.,-1.));
#12662 = ( GEOMETRIC_REPRESENTATION_CONTEXT(2) 
PARAMETRIC_REPRESENTATION_CONTEXT() REPRESENTATION_CONTEXT('2D SPACE',''
  ) );
#12663 = PCURVE('',#12549,#12664);
#12664 = DEFINITIONAL_REPRESENTATION('',(#12665),#12669);
#12665 = LINE('',#12666,#12667);
#12666 = CARTESIAN_POINT('',(272.,0.));
#12667 = VECTOR('',#12668,1.);
#12668 = DIRECTION('',(0.,1.));
#12669 = ( GEOMETRIC_REPRESENTATION_CONTEXT(2) 
PARAMETRIC_REPRESENTATION_CONTEXT() REPRESENTATION_CONTEXT('2D SPACE',''
  ) );
#12670 = ORIENTED_EDGE('',*,*,#12671,.T.);
#12671 = EDGE_CURVE('',#12649,#12672,#12674,.T.);
#12672 = VERTEX_POINT('',#12673);
#12673 = CARTESIAN_POINT('',(136.,417.58612373581,70.477010709892));
#12674 = SURFACE_CURVE('',#12675,(#12679,#12686),.PCURVE_S1.);
#12675 = LINE('',#12676,#12677);
#12676 = CARTESIAN_POINT('',(136.,397.44919169495,38.251183055948));
#12677 = VECTOR('',#12678,1.);
#12678 = DIRECTION('',(0.,0.529919264233,0.848048096156));
#12679 = PCURVE('',#12629,#12680);
#12680 = DEFINITIONAL_REPRESENTATION('',(#12681),#12685);
#12681 = LINE('',#12682,#12683);
#12682 = CARTESIAN_POINT('',(3.330669073875E-15,-2.4));
#12683 = VECTOR('',#12684,1.);
#12684 = DIRECTION('',(1.,0.));
#12685 = ( GEOMETRIC_REPRESENTATION_CONTEXT(2) 
PARAMETRIC_REPRESENTATION_CONTEXT() REPRESENTATION_CONTEXT('2D SPACE',''
  ) );
#12686 = PCURVE('',#12577,#12687);
#12687 = DEFINITIONAL_REPRESENTATION('',(#12688),#12692);
#12688 = LINE('',#12689,#12690);
#12689 = CARTESIAN_POINT('',(0.,272.));
#12690 = VECTOR('',#12691,1.);
#12691 = DIRECTION('',(1.,0.));
#12692 = ( GEOMETRIC_REPRESENTATION_CONTEXT(2) 
PARAMETRIC_REPRESENTATION_CONTEXT() REPRESENTATION_CONTEXT('2D SPACE',''
  ) );
#12693 = ORIENTED_EDGE('',*,*,#12694,.F.);
#12694 = EDGE_CURVE('',#12621,#12672,#12695,.T.);
#12695 = SURFACE_CURVE('',#12696,(#12700,#12707),.PCURVE_S1.);
#12696 = LINE('',#12697,#12698);
#12697 = CARTESIAN_POINT('',(136.,415.55080830504,71.748816944052));
#12698 = VECTOR('',#12699,1.);
#12699 = DIRECTION('',(0.,0.848048096156,-0.529919264233));
#12700 = PCURVE('',#12629,#12701);
#12701 = DEFINITIONAL_REPRESENTATION('',(#12702),#12706);
#12702 = LINE('',#12703,#12704);
#12703 = CARTESIAN_POINT('',(38.,3.552713678801E-15));
#12704 = VECTOR('',#12705,1.);
#12705 = DIRECTION('',(0.,-1.));
#12706 = ( GEOMETRIC_REPRESENTATION_CONTEXT(2) 
PARAMETRIC_REPRESENTATION_CONTEXT() REPRESENTATION_CONTEXT('2D SPACE',''
  ) );
#12707 = PCURVE('',#12603,#12708);
#12708 = DEFINITIONAL_REPRESENTATION('',(#12709),#12713);
#12709 = LINE('',#12710,#12711);
#12710 = CARTESIAN_POINT('',(272.,0.));
#12711 = VECTOR('',#12712,1.);
#12712 = DIRECTION('',(0.,1.));
#12713 = ( GEOMETRIC_REPRESENTATION_CONTEXT(2) 
PARAMETRIC_REPRESENTATION_CONTEXT() REPRESENTATION_CONTEXT('2D SPACE',''
  ) );
#12714 = ADVANCED_FACE('',(#12715),#12521,.F.);
#12715 = FACE_BOUND('',#12716,.F.);
#12716 = EDGE_LOOP('',(#12717,#12738,#12739,#12760));
#12717 = ORIENTED_EDGE('',*,*,#12718,.F.);
#12718 = EDGE_CURVE('',#12499,#12619,#12719,.T.);
#12719 = SURFACE_CURVE('',#12720,(#12724,#12731),.PCURVE_S1.);
#12720 = LINE('',#12721,#12722);
#12721 = CARTESIAN_POINT('',(-136.,395.41387626418,39.522989290108));
#12722 = VECTOR('',#12723,1.);
#12723 = DIRECTION('',(1.,0.,0.));
#12724 = PCURVE('',#12521,#12725);
#12725 = DEFINITIONAL_REPRESENTATION('',(#12726),#12730);
#12726 = LINE('',#12727,#12728);
#12727 = CARTESIAN_POINT('',(0.,0.));
#12728 = VECTOR('',#12729,1.);
#12729 = DIRECTION('',(0.,1.));
#12730 = ( GEOMETRIC_REPRESENTATION_CONTEXT(2) 
PARAMETRIC_REPRESENTATION_CONTEXT() REPRESENTATION_CONTEXT('2D SPACE',''
  ) );
#12731 = PCURVE('',#12549,#12732);
#12732 = DEFINITIONAL_REPRESENTATION('',(#12733),#12737);
#12733 = LINE('',#12734,#12735);
#12734 = CARTESIAN_POINT('',(0.,0.));
#12735 = VECTOR('',#12736,1.);
#12736 = DIRECTION('',(1.,0.));
#12737 = ( GEOMETRIC_REPRESENTATION_CONTEXT(2) 
PARAMETRIC_REPRESENTATION_CONTEXT() REPRESENTATION_CONTEXT('2D SPACE',''
  ) );
#12738 = ORIENTED_EDGE('',*,*,#12498,.T.);
#12739 = ORIENTED_EDGE('',*,*,#12740,.T.);
#12740 = EDGE_CURVE('',#12501,#12621,#12741,.T.);
#12741 = SURFACE_CURVE('',#12742,(#12746,#12753),.PCURVE_S1.);
#12742 = LINE('',#12743,#12744);
#12743 = CARTESIAN_POINT('',(-136.,415.55080830504,71.748816944052));
#12744 = VECTOR('',#12745,1.);
#12745 = DIRECTION('',(1.,0.,0.));
#12746 = PCURVE('',#12521,#12747);
#12747 = DEFINITIONAL_REPRESENTATION('',(#12748),#12752);
#12748 = LINE('',#12749,#12750);
#12749 = CARTESIAN_POINT('',(38.,0.));
#12750 = VECTOR('',#12751,1.);
#12751 = DIRECTION('',(0.,1.));
#12752 = ( GEOMETRIC_REPRESENTATION_CONTEXT(2) 
PARAMETRIC_REPRESENTATION_CONTEXT() REPRESENTATION_CONTEXT('2D SPACE',''
  ) );
#12753 = PCURVE('',#12603,#12754);
#12754 = DEFINITIONAL_REPRESENTATION('',(#12755),#12759);
#12755 = LINE('',#12756,#12757);
#12756 = CARTESIAN_POINT('',(0.,0.));
#12757 = VECTOR('',#12758,1.);
#12758 = DIRECTION('',(1.,0.));
#12759 = ( GEOMETRIC_REPRESENTATION_CONTEXT(2) 
PARAMETRIC_REPRESENTATION_CONTEXT() REPRESENTATION_CONTEXT('2D SPACE',''
  ) );
#12760 = ORIENTED_EDGE('',*,*,#12618,.F.);
#12761 = ADVANCED_FACE('',(#12762),#12577,.T.);
#12762 = FACE_BOUND('',#12763,.T.);
#12763 = EDGE_LOOP('',(#12764,#12785,#12786,#12807));
#12764 = ORIENTED_EDGE('',*,*,#12765,.F.);
#12765 = EDGE_CURVE('',#12534,#12649,#12766,.T.);
#12766 = SURFACE_CURVE('',#12767,(#12771,#12778),.PCURVE_S1.);
#12767 = LINE('',#12768,#12769);
#12768 = CARTESIAN_POINT('',(-136.,397.44919169495,38.251183055948));
#12769 = VECTOR('',#12770,1.);
#12770 = DIRECTION('',(1.,0.,0.));
#12771 = PCURVE('',#12577,#12772);
#12772 = DEFINITIONAL_REPRESENTATION('',(#12773),#12777);
#12773 = LINE('',#12774,#12775);
#12774 = CARTESIAN_POINT('',(0.,0.));
#12775 = VECTOR('',#12776,1.);
#12776 = DIRECTION('',(0.,1.));
#12777 = ( GEOMETRIC_REPRESENTATION_CONTEXT(2) 
PARAMETRIC_REPRESENTATION_CONTEXT() REPRESENTATION_CONTEXT('2D SPACE',''
  ) );
#12778 = PCURVE('',#12549,#12779);
#12779 = DEFINITIONAL_REPRESENTATION('',(#12780),#12784);
#12780 = LINE('',#12781,#12782);
#12781 = CARTESIAN_POINT('',(0.,2.4));
#12782 = VECTOR('',#12783,1.);
#12783 = DIRECTION('',(1.,0.));
#12784 = ( GEOMETRIC_REPRESENTATION_CONTEXT(2) 
PARAMETRIC_REPRESENTATION_CONTEXT() REPRESENTATION_CONTEXT('2D SPACE',''
  ) );
#12785 = ORIENTED_EDGE('',*,*,#12561,.T.);
#12786 = ORIENTED_EDGE('',*,*,#12787,.T.);
#12787 = EDGE_CURVE('',#12562,#12672,#12788,.T.);
#12788 = SURFACE_CURVE('',#12789,(#12793,#12800),.PCURVE_S1.);
#12789 = LINE('',#12790,#12791);
#12790 = CARTESIAN_POINT('',(-136.,417.58612373581,70.477010709892));
#12791 = VECTOR('',#12792,1.);
#12792 = DIRECTION('',(1.,0.,0.));
#12793 = PCURVE('',#12577,#12794);
#12794 = DEFINITIONAL_REPRESENTATION('',(#12795),#12799);
#12795 = LINE('',#12796,#12797);
#12796 = CARTESIAN_POINT('',(38.,0.));
#12797 = VECTOR('',#12798,1.);
#12798 = DIRECTION('',(0.,1.));
#12799 = ( GEOMETRIC_REPRESENTATION_CONTEXT(2) 
PARAMETRIC_REPRESENTATION_CONTEXT() REPRESENTATION_CONTEXT('2D SPACE',''
  ) );
#12800 = PCURVE('',#12603,#12801);
#12801 = DEFINITIONAL_REPRESENTATION('',(#12802),#12806);
#12802 = LINE('',#12803,#12804);
#12803 = CARTESIAN_POINT('',(0.,2.4));
#12804 = VECTOR('',#12805,1.);
#12805 = DIRECTION('',(1.,0.));
#12806 = ( GEOMETRIC_REPRESENTATION_CONTEXT(2) 
PARAMETRIC_REPRESENTATION_CONTEXT() REPRESENTATION_CONTEXT('2D SPACE',''
  ) );
#12807 = ORIENTED_EDGE('',*,*,#12671,.F.);
#12808 = ADVANCED_FACE('',(#12809),#12549,.F.);
#12809 = FACE_BOUND('',#12810,.F.);
#12810 = EDGE_LOOP('',(#12811,#12812,#12813,#12814));
#12811 = ORIENTED_EDGE('',*,*,#12533,.F.);
#12812 = ORIENTED_EDGE('',*,*,#12718,.T.);
#12813 = ORIENTED_EDGE('',*,*,#12648,.T.);
#12814 = ORIENTED_EDGE('',*,*,#12765,.F.);
#12815 = ADVANCED_FACE('',(#12816),#12603,.T.);
#12816 = FACE_BOUND('',#12817,.T.);
#12817 = EDGE_LOOP('',(#12818,#12819,#12820,#12821));
#12818 = ORIENTED_EDGE('',*,*,#12589,.F.);
#12819 = ORIENTED_EDGE('',*,*,#12740,.T.);
#12820 = ORIENTED_EDGE('',*,*,#12694,.T.);
#12821 = ORIENTED_EDGE('',*,*,#12787,.F.);
#12822 = MANIFOLD_SOLID_BREP('',#12823);
#12823 = CLOSED_SHELL('',(#12824,#12944,#13044,#13091,#13138,#13145));
#12824 = ADVANCED_FACE('',(#12825),#12839,.F.);
#12825 = FACE_BOUND('',#12826,.F.);
#12826 = EDGE_LOOP('',(#12827,#12862,#12890,#12918));
#12827 = ORIENTED_EDGE('',*,*,#12828,.F.);
#12828 = EDGE_CURVE('',#12829,#12831,#12833,.T.);
#12829 = VERTEX_POINT('',#12830);
#12830 = CARTESIAN_POINT('',(-136.,412.41387626418,39.522989290108));
#12831 = VERTEX_POINT('',#12832);
#12832 = CARTESIAN_POINT('',(-136.,432.55080830504,71.748816944052));
#12833 = SURFACE_CURVE('',#12834,(#12838,#12850),.PCURVE_S1.);
#12834 = LINE('',#12835,#12836);
#12835 = CARTESIAN_POINT('',(-136.,412.41387626418,39.522989290108));
#12836 = VECTOR('',#12837,1.);
#12837 = DIRECTION('',(0.,0.529919264233,0.848048096156));
#12838 = PCURVE('',#12839,#12844);
#12839 = PLANE('',#12840);
#12840 = AXIS2_PLACEMENT_3D('',#12841,#12842,#12843);
#12841 = CARTESIAN_POINT('',(-136.,412.41387626418,39.522989290108));
#12842 = DIRECTION('',(1.,0.,0.));
#12843 = DIRECTION('',(0.,0.529919264233,0.848048096156));
#12844 = DEFINITIONAL_REPRESENTATION('',(#12845),#12849);
#12845 = LINE('',#12846,#12847);
#12846 = CARTESIAN_POINT('',(0.,0.));
#12847 = VECTOR('',#12848,1.);
#12848 = DIRECTION('',(1.,0.));
#12849 = ( GEOMETRIC_REPRESENTATION_CONTEXT(2) 
PARAMETRIC_REPRESENTATION_CONTEXT() REPRESENTATION_CONTEXT('2D SPACE',''
  ) );
#12850 = PCURVE('',#12851,#12856);
#12851 = PLANE('',#12852);
#12852 = AXIS2_PLACEMENT_3D('',#12853,#12854,#12855);
#12853 = CARTESIAN_POINT('',(-136.,412.41387626418,39.522989290108));
#12854 = DIRECTION('',(0.,0.848048096156,-0.529919264233));
#12855 = DIRECTION('',(0.,0.529919264233,0.848048096156));
#12856 = DEFINITIONAL_REPRESENTATION('',(#12857),#12861);
#12857 = LINE('',#12858,#12859);
#12858 = CARTESIAN_POINT('',(0.,0.));
#12859 = VECTOR('',#12860,1.);
#12860 = DIRECTION('',(1.,0.));
#12861 = ( GEOMETRIC_REPRESENTATION_CONTEXT(2) 
PARAMETRIC_REPRESENTATION_CONTEXT() REPRESENTATION_CONTEXT('2D SPACE',''
  ) );
#12862 = ORIENTED_EDGE('',*,*,#12863,.T.);
#12863 = EDGE_CURVE('',#12829,#12864,#12866,.T.);
#12864 = VERTEX_POINT('',#12865);
#12865 = CARTESIAN_POINT('',(-136.,414.44919169495,38.251183055948));
#12866 = SURFACE_CURVE('',#12867,(#12871,#12878),.PCURVE_S1.);
#12867 = LINE('',#12868,#12869);
#12868 = CARTESIAN_POINT('',(-136.,412.41387626418,39.522989290108));
#12869 = VECTOR('',#12870,1.);
#12870 = DIRECTION('',(0.,0.848048096156,-0.529919264233));
#12871 = PCURVE('',#12839,#12872);
#12872 = DEFINITIONAL_REPRESENTATION('',(#12873),#12877);
#12873 = LINE('',#12874,#12875);
#12874 = CARTESIAN_POINT('',(0.,0.));
#12875 = VECTOR('',#12876,1.);
#12876 = DIRECTION('',(0.,-1.));
#12877 = ( GEOMETRIC_REPRESENTATION_CONTEXT(2) 
PARAMETRIC_REPRESENTATION_CONTEXT() REPRESENTATION_CONTEXT('2D SPACE',''
  ) );
#12878 = PCURVE('',#12879,#12884);
#12879 = PLANE('',#12880);
#12880 = AXIS2_PLACEMENT_3D('',#12881,#12882,#12883);
#12881 = CARTESIAN_POINT('',(-136.,412.41387626418,39.522989290108));
#12882 = DIRECTION('',(0.,0.529919264233,0.848048096156));
#12883 = DIRECTION('',(1.,0.,0.));
#12884 = DEFINITIONAL_REPRESENTATION('',(#12885),#12889);
#12885 = LINE('',#12886,#12887);
#12886 = CARTESIAN_POINT('',(0.,0.));
#12887 = VECTOR('',#12888,1.);
#12888 = DIRECTION('',(0.,1.));
#12889 = ( GEOMETRIC_REPRESENTATION_CONTEXT(2) 
PARAMETRIC_REPRESENTATION_CONTEXT() REPRESENTATION_CONTEXT('2D SPACE',''
  ) );
#12890 = ORIENTED_EDGE('',*,*,#12891,.T.);
#12891 = EDGE_CURVE('',#12864,#12892,#12894,.T.);
#12892 = VERTEX_POINT('',#12893);
#12893 = CARTESIAN_POINT('',(-136.,434.58612373581,70.477010709892));
#12894 = SURFACE_CURVE('',#12895,(#12899,#12906),.PCURVE_S1.);
#12895 = LINE('',#12896,#12897);
#12896 = CARTESIAN_POINT('',(-136.,414.44919169495,38.251183055948));
#12897 = VECTOR('',#12898,1.);
#12898 = DIRECTION('',(0.,0.529919264233,0.848048096156));
#12899 = PCURVE('',#12839,#12900);
#12900 = DEFINITIONAL_REPRESENTATION('',(#12901),#12905);
#12901 = LINE('',#12902,#12903);
#12902 = CARTESIAN_POINT('',(3.330669073875E-15,-2.4));
#12903 = VECTOR('',#12904,1.);
#12904 = DIRECTION('',(1.,0.));
#12905 = ( GEOMETRIC_REPRESENTATION_CONTEXT(2) 
PARAMETRIC_REPRESENTATION_CONTEXT() REPRESENTATION_CONTEXT('2D SPACE',''
  ) );
#12906 = PCURVE('',#12907,#12912);
#12907 = PLANE('',#12908);
#12908 = AXIS2_PLACEMENT_3D('',#12909,#12910,#12911);
#12909 = CARTESIAN_POINT('',(-136.,414.44919169495,38.251183055948));
#12910 = DIRECTION('',(0.,0.848048096156,-0.529919264233));
#12911 = DIRECTION('',(0.,0.529919264233,0.848048096156));
#12912 = DEFINITIONAL_REPRESENTATION('',(#12913),#12917);
#12913 = LINE('',#12914,#12915);
#12914 = CARTESIAN_POINT('',(0.,0.));
#12915 = VECTOR('',#12916,1.);
#12916 = DIRECTION('',(1.,0.));
#12917 = ( GEOMETRIC_REPRESENTATION_CONTEXT(2) 
PARAMETRIC_REPRESENTATION_CONTEXT() REPRESENTATION_CONTEXT('2D SPACE',''
  ) );
#12918 = ORIENTED_EDGE('',*,*,#12919,.F.);
#12919 = EDGE_CURVE('',#12831,#12892,#12920,.T.);
#12920 = SURFACE_CURVE('',#12921,(#12925,#12932),.PCURVE_S1.);
#12921 = LINE('',#12922,#12923);
#12922 = CARTESIAN_POINT('',(-136.,432.55080830504,71.748816944052));
#12923 = VECTOR('',#12924,1.);
#12924 = DIRECTION('',(0.,0.848048096156,-0.529919264233));
#12925 = PCURVE('',#12839,#12926);
#12926 = DEFINITIONAL_REPRESENTATION('',(#12927),#12931);
#12927 = LINE('',#12928,#12929);
#12928 = CARTESIAN_POINT('',(38.,3.552713678801E-15));
#12929 = VECTOR('',#12930,1.);
#12930 = DIRECTION('',(0.,-1.));
#12931 = ( GEOMETRIC_REPRESENTATION_CONTEXT(2) 
PARAMETRIC_REPRESENTATION_CONTEXT() REPRESENTATION_CONTEXT('2D SPACE',''
  ) );
#12932 = PCURVE('',#12933,#12938);
#12933 = PLANE('',#12934);
#12934 = AXIS2_PLACEMENT_3D('',#12935,#12936,#12937);
#12935 = CARTESIAN_POINT('',(-136.,432.55080830504,71.748816944052));
#12936 = DIRECTION('',(0.,0.529919264233,0.848048096156));
#12937 = DIRECTION('',(1.,0.,0.));
#12938 = DEFINITIONAL_REPRESENTATION('',(#12939),#12943);
#12939 = LINE('',#12940,#12941);
#12940 = CARTESIAN_POINT('',(0.,0.));
#12941 = VECTOR('',#12942,1.);
#12942 = DIRECTION('',(0.,1.));
#12943 = ( GEOMETRIC_REPRESENTATION_CONTEXT(2) 
PARAMETRIC_REPRESENTATION_CONTEXT() REPRESENTATION_CONTEXT('2D SPACE',''
  ) );
#12944 = ADVANCED_FACE('',(#12945),#12959,.T.);
#12945 = FACE_BOUND('',#12946,.T.);
#12946 = EDGE_LOOP('',(#12947,#12977,#13000,#13023));
#12947 = ORIENTED_EDGE('',*,*,#12948,.F.);
#12948 = EDGE_CURVE('',#12949,#12951,#12953,.T.);
#12949 = VERTEX_POINT('',#12950);
#12950 = CARTESIAN_POINT('',(136.,412.41387626418,39.522989290108));
#12951 = VERTEX_POINT('',#12952);
#12952 = CARTESIAN_POINT('',(136.,432.55080830504,71.748816944052));
#12953 = SURFACE_CURVE('',#12954,(#12958,#12970),.PCURVE_S1.);
#12954 = LINE('',#12955,#12956);
#12955 = CARTESIAN_POINT('',(136.,412.41387626418,39.522989290108));
#12956 = VECTOR('',#12957,1.);
#12957 = DIRECTION('',(0.,0.529919264233,0.848048096156));
#12958 = PCURVE('',#12959,#12964);
#12959 = PLANE('',#12960);
#12960 = AXIS2_PLACEMENT_3D('',#12961,#12962,#12963);
#12961 = CARTESIAN_POINT('',(136.,412.41387626418,39.522989290108));
#12962 = DIRECTION('',(1.,0.,0.));
#12963 = DIRECTION('',(0.,0.529919264233,0.848048096156));
#12964 = DEFINITIONAL_REPRESENTATION('',(#12965),#12969);
#12965 = LINE('',#12966,#12967);
#12966 = CARTESIAN_POINT('',(0.,0.));
#12967 = VECTOR('',#12968,1.);
#12968 = DIRECTION('',(1.,0.));
#12969 = ( GEOMETRIC_REPRESENTATION_CONTEXT(2) 
PARAMETRIC_REPRESENTATION_CONTEXT() REPRESENTATION_CONTEXT('2D SPACE',''
  ) );
#12970 = PCURVE('',#12851,#12971);
#12971 = DEFINITIONAL_REPRESENTATION('',(#12972),#12976);
#12972 = LINE('',#12973,#12974);
#12973 = CARTESIAN_POINT('',(0.,272.));
#12974 = VECTOR('',#12975,1.);
#12975 = DIRECTION('',(1.,0.));
#12976 = ( GEOMETRIC_REPRESENTATION_CONTEXT(2) 
PARAMETRIC_REPRESENTATION_CONTEXT() REPRESENTATION_CONTEXT('2D SPACE',''
  ) );
#12977 = ORIENTED_EDGE('',*,*,#12978,.T.);
#12978 = EDGE_CURVE('',#12949,#12979,#12981,.T.);
#12979 = VERTEX_POINT('',#12980);
#12980 = CARTESIAN_POINT('',(136.,414.44919169495,38.251183055948));
#12981 = SURFACE_CURVE('',#12982,(#12986,#12993),.PCURVE_S1.);
#12982 = LINE('',#12983,#12984);
#12983 = CARTESIAN_POINT('',(136.,412.41387626418,39.522989290108));
#12984 = VECTOR('',#12985,1.);
#12985 = DIRECTION('',(0.,0.848048096156,-0.529919264233));
#12986 = PCURVE('',#12959,#12987);
#12987 = DEFINITIONAL_REPRESENTATION('',(#12988),#12992);
#12988 = LINE('',#12989,#12990);
#12989 = CARTESIAN_POINT('',(0.,0.));
#12990 = VECTOR('',#12991,1.);
#12991 = DIRECTION('',(0.,-1.));
#12992 = ( GEOMETRIC_REPRESENTATION_CONTEXT(2) 
PARAMETRIC_REPRESENTATION_CONTEXT() REPRESENTATION_CONTEXT('2D SPACE',''
  ) );
#12993 = PCURVE('',#12879,#12994);
#12994 = DEFINITIONAL_REPRESENTATION('',(#12995),#12999);
#12995 = LINE('',#12996,#12997);
#12996 = CARTESIAN_POINT('',(272.,0.));
#12997 = VECTOR('',#12998,1.);
#12998 = DIRECTION('',(0.,1.));
#12999 = ( GEOMETRIC_REPRESENTATION_CONTEXT(2) 
PARAMETRIC_REPRESENTATION_CONTEXT() REPRESENTATION_CONTEXT('2D SPACE',''
  ) );
#13000 = ORIENTED_EDGE('',*,*,#13001,.T.);
#13001 = EDGE_CURVE('',#12979,#13002,#13004,.T.);
#13002 = VERTEX_POINT('',#13003);
#13003 = CARTESIAN_POINT('',(136.,434.58612373581,70.477010709892));
#13004 = SURFACE_CURVE('',#13005,(#13009,#13016),.PCURVE_S1.);
#13005 = LINE('',#13006,#13007);
#13006 = CARTESIAN_POINT('',(136.,414.44919169495,38.251183055948));
#13007 = VECTOR('',#13008,1.);
#13008 = DIRECTION('',(0.,0.529919264233,0.848048096156));
#13009 = PCURVE('',#12959,#13010);
#13010 = DEFINITIONAL_REPRESENTATION('',(#13011),#13015);
#13011 = LINE('',#13012,#13013);
#13012 = CARTESIAN_POINT('',(3.330669073875E-15,-2.4));
#13013 = VECTOR('',#13014,1.);
#13014 = DIRECTION('',(1.,0.));
#13015 = ( GEOMETRIC_REPRESENTATION_CONTEXT(2) 
PARAMETRIC_REPRESENTATION_CONTEXT() REPRESENTATION_CONTEXT('2D SPACE',''
  ) );
#13016 = PCURVE('',#12907,#13017);
#13017 = DEFINITIONAL_REPRESENTATION('',(#13018),#13022);
#13018 = LINE('',#13019,#13020);
#13019 = CARTESIAN_POINT('',(0.,272.));
#13020 = VECTOR('',#13021,1.);
#13021 = DIRECTION('',(1.,0.));
#13022 = ( GEOMETRIC_REPRESENTATION_CONTEXT(2) 
PARAMETRIC_REPRESENTATION_CONTEXT() REPRESENTATION_CONTEXT('2D SPACE',''
  ) );
#13023 = ORIENTED_EDGE('',*,*,#13024,.F.);
#13024 = EDGE_CURVE('',#12951,#13002,#13025,.T.);
#13025 = SURFACE_CURVE('',#13026,(#13030,#13037),.PCURVE_S1.);
#13026 = LINE('',#13027,#13028);
#13027 = CARTESIAN_POINT('',(136.,432.55080830504,71.748816944052));
#13028 = VECTOR('',#13029,1.);
#13029 = DIRECTION('',(0.,0.848048096156,-0.529919264233));
#13030 = PCURVE('',#12959,#13031);
#13031 = DEFINITIONAL_REPRESENTATION('',(#13032),#13036);
#13032 = LINE('',#13033,#13034);
#13033 = CARTESIAN_POINT('',(38.,3.552713678801E-15));
#13034 = VECTOR('',#13035,1.);
#13035 = DIRECTION('',(0.,-1.));
#13036 = ( GEOMETRIC_REPRESENTATION_CONTEXT(2) 
PARAMETRIC_REPRESENTATION_CONTEXT() REPRESENTATION_CONTEXT('2D SPACE',''
  ) );
#13037 = PCURVE('',#12933,#13038);
#13038 = DEFINITIONAL_REPRESENTATION('',(#13039),#13043);
#13039 = LINE('',#13040,#13041);
#13040 = CARTESIAN_POINT('',(272.,0.));
#13041 = VECTOR('',#13042,1.);
#13042 = DIRECTION('',(0.,1.));
#13043 = ( GEOMETRIC_REPRESENTATION_CONTEXT(2) 
PARAMETRIC_REPRESENTATION_CONTEXT() REPRESENTATION_CONTEXT('2D SPACE',''
  ) );
#13044 = ADVANCED_FACE('',(#13045),#12851,.F.);
#13045 = FACE_BOUND('',#13046,.F.);
#13046 = EDGE_LOOP('',(#13047,#13068,#13069,#13090));
#13047 = ORIENTED_EDGE('',*,*,#13048,.F.);
#13048 = EDGE_CURVE('',#12829,#12949,#13049,.T.);
#13049 = SURFACE_CURVE('',#13050,(#13054,#13061),.PCURVE_S1.);
#13050 = LINE('',#13051,#13052);
#13051 = CARTESIAN_POINT('',(-136.,412.41387626418,39.522989290108));
#13052 = VECTOR('',#13053,1.);
#13053 = DIRECTION('',(1.,0.,0.));
#13054 = PCURVE('',#12851,#13055);
#13055 = DEFINITIONAL_REPRESENTATION('',(#13056),#13060);
#13056 = LINE('',#13057,#13058);
#13057 = CARTESIAN_POINT('',(0.,0.));
#13058 = VECTOR('',#13059,1.);
#13059 = DIRECTION('',(0.,1.));
#13060 = ( GEOMETRIC_REPRESENTATION_CONTEXT(2) 
PARAMETRIC_REPRESENTATION_CONTEXT() REPRESENTATION_CONTEXT('2D SPACE',''
  ) );
#13061 = PCURVE('',#12879,#13062);
#13062 = DEFINITIONAL_REPRESENTATION('',(#13063),#13067);
#13063 = LINE('',#13064,#13065);
#13064 = CARTESIAN_POINT('',(0.,0.));
#13065 = VECTOR('',#13066,1.);
#13066 = DIRECTION('',(1.,0.));
#13067 = ( GEOMETRIC_REPRESENTATION_CONTEXT(2) 
PARAMETRIC_REPRESENTATION_CONTEXT() REPRESENTATION_CONTEXT('2D SPACE',''
  ) );
#13068 = ORIENTED_EDGE('',*,*,#12828,.T.);
#13069 = ORIENTED_EDGE('',*,*,#13070,.T.);
#13070 = EDGE_CURVE('',#12831,#12951,#13071,.T.);
#13071 = SURFACE_CURVE('',#13072,(#13076,#13083),.PCURVE_S1.);
#13072 = LINE('',#13073,#13074);
#13073 = CARTESIAN_POINT('',(-136.,432.55080830504,71.748816944052));
#13074 = VECTOR('',#13075,1.);
#13075 = DIRECTION('',(1.,0.,0.));
#13076 = PCURVE('',#12851,#13077);
#13077 = DEFINITIONAL_REPRESENTATION('',(#13078),#13082);
#13078 = LINE('',#13079,#13080);
#13079 = CARTESIAN_POINT('',(38.,0.));
#13080 = VECTOR('',#13081,1.);
#13081 = DIRECTION('',(0.,1.));
#13082 = ( GEOMETRIC_REPRESENTATION_CONTEXT(2) 
PARAMETRIC_REPRESENTATION_CONTEXT() REPRESENTATION_CONTEXT('2D SPACE',''
  ) );
#13083 = PCURVE('',#12933,#13084);
#13084 = DEFINITIONAL_REPRESENTATION('',(#13085),#13089);
#13085 = LINE('',#13086,#13087);
#13086 = CARTESIAN_POINT('',(0.,0.));
#13087 = VECTOR('',#13088,1.);
#13088 = DIRECTION('',(1.,0.));
#13089 = ( GEOMETRIC_REPRESENTATION_CONTEXT(2) 
PARAMETRIC_REPRESENTATION_CONTEXT() REPRESENTATION_CONTEXT('2D SPACE',''
  ) );
#13090 = ORIENTED_EDGE('',*,*,#12948,.F.);
#13091 = ADVANCED_FACE('',(#13092),#12907,.T.);
#13092 = FACE_BOUND('',#13093,.T.);
#13093 = EDGE_LOOP('',(#13094,#13115,#13116,#13137));
#13094 = ORIENTED_EDGE('',*,*,#13095,.F.);
#13095 = EDGE_CURVE('',#12864,#12979,#13096,.T.);
#13096 = SURFACE_CURVE('',#13097,(#13101,#13108),.PCURVE_S1.);
#13097 = LINE('',#13098,#13099);
#13098 = CARTESIAN_POINT('',(-136.,414.44919169495,38.251183055948));
#13099 = VECTOR('',#13100,1.);
#13100 = DIRECTION('',(1.,0.,0.));
#13101 = PCURVE('',#12907,#13102);
#13102 = DEFINITIONAL_REPRESENTATION('',(#13103),#13107);
#13103 = LINE('',#13104,#13105);
#13104 = CARTESIAN_POINT('',(0.,0.));
#13105 = VECTOR('',#13106,1.);
#13106 = DIRECTION('',(0.,1.));
#13107 = ( GEOMETRIC_REPRESENTATION_CONTEXT(2) 
PARAMETRIC_REPRESENTATION_CONTEXT() REPRESENTATION_CONTEXT('2D SPACE',''
  ) );
#13108 = PCURVE('',#12879,#13109);
#13109 = DEFINITIONAL_REPRESENTATION('',(#13110),#13114);
#13110 = LINE('',#13111,#13112);
#13111 = CARTESIAN_POINT('',(0.,2.4));
#13112 = VECTOR('',#13113,1.);
#13113 = DIRECTION('',(1.,0.));
#13114 = ( GEOMETRIC_REPRESENTATION_CONTEXT(2) 
PARAMETRIC_REPRESENTATION_CONTEXT() REPRESENTATION_CONTEXT('2D SPACE',''
  ) );
#13115 = ORIENTED_EDGE('',*,*,#12891,.T.);
#13116 = ORIENTED_EDGE('',*,*,#13117,.T.);
#13117 = EDGE_CURVE('',#12892,#13002,#13118,.T.);
#13118 = SURFACE_CURVE('',#13119,(#13123,#13130),.PCURVE_S1.);
#13119 = LINE('',#13120,#13121);
#13120 = CARTESIAN_POINT('',(-136.,434.58612373581,70.477010709892));
#13121 = VECTOR('',#13122,1.);
#13122 = DIRECTION('',(1.,0.,0.));
#13123 = PCURVE('',#12907,#13124);
#13124 = DEFINITIONAL_REPRESENTATION('',(#13125),#13129);
#13125 = LINE('',#13126,#13127);
#13126 = CARTESIAN_POINT('',(38.,0.));
#13127 = VECTOR('',#13128,1.);
#13128 = DIRECTION('',(0.,1.));
#13129 = ( GEOMETRIC_REPRESENTATION_CONTEXT(2) 
PARAMETRIC_REPRESENTATION_CONTEXT() REPRESENTATION_CONTEXT('2D SPACE',''
  ) );
#13130 = PCURVE('',#12933,#13131);
#13131 = DEFINITIONAL_REPRESENTATION('',(#13132),#13136);
#13132 = LINE('',#13133,#13134);
#13133 = CARTESIAN_POINT('',(0.,2.4));
#13134 = VECTOR('',#13135,1.);
#13135 = DIRECTION('',(1.,0.));
#13136 = ( GEOMETRIC_REPRESENTATION_CONTEXT(2) 
PARAMETRIC_REPRESENTATION_CONTEXT() REPRESENTATION_CONTEXT('2D SPACE',''
  ) );
#13137 = ORIENTED_EDGE('',*,*,#13001,.F.);
#13138 = ADVANCED_FACE('',(#13139),#12879,.F.);
#13139 = FACE_BOUND('',#13140,.F.);
#13140 = EDGE_LOOP('',(#13141,#13142,#13143,#13144));
#13141 = ORIENTED_EDGE('',*,*,#12863,.F.);
#13142 = ORIENTED_EDGE('',*,*,#13048,.T.);
#13143 = ORIENTED_EDGE('',*,*,#12978,.T.);
#13144 = ORIENTED_EDGE('',*,*,#13095,.F.);
#13145 = ADVANCED_FACE('',(#13146),#12933,.T.);
#13146 = FACE_BOUND('',#13147,.T.);
#13147 = EDGE_LOOP('',(#13148,#13149,#13150,#13151));
#13148 = ORIENTED_EDGE('',*,*,#12919,.F.);
#13149 = ORIENTED_EDGE('',*,*,#13070,.T.);
#13150 = ORIENTED_EDGE('',*,*,#13024,.T.);
#13151 = ORIENTED_EDGE('',*,*,#13117,.F.);
#13152 = MANIFOLD_SOLID_BREP('',#13153);
#13153 = CLOSED_SHELL('',(#13154,#13274,#13374,#13421,#13468,#13475));
#13154 = ADVANCED_FACE('',(#13155),#13169,.F.);
#13155 = FACE_BOUND('',#13156,.F.);
#13156 = EDGE_LOOP('',(#13157,#13192,#13220,#13248));
#13157 = ORIENTED_EDGE('',*,*,#13158,.F.);
#13158 = EDGE_CURVE('',#13159,#13161,#13163,.T.);
#13159 = VERTEX_POINT('',#13160);
#13160 = CARTESIAN_POINT('',(-136.,429.41387626418,39.522989290108));
#13161 = VERTEX_POINT('',#13162);
#13162 = CARTESIAN_POINT('',(-136.,449.55080830504,71.748816944052));
#13163 = SURFACE_CURVE('',#13164,(#13168,#13180),.PCURVE_S1.);
#13164 = LINE('',#13165,#13166);
#13165 = CARTESIAN_POINT('',(-136.,429.41387626418,39.522989290108));
#13166 = VECTOR('',#13167,1.);
#13167 = DIRECTION('',(0.,0.529919264233,0.848048096156));
#13168 = PCURVE('',#13169,#13174);
#13169 = PLANE('',#13170);
#13170 = AXIS2_PLACEMENT_3D('',#13171,#13172,#13173);
#13171 = CARTESIAN_POINT('',(-136.,429.41387626418,39.522989290108));
#13172 = DIRECTION('',(1.,0.,0.));
#13173 = DIRECTION('',(0.,0.529919264233,0.848048096156));
#13174 = DEFINITIONAL_REPRESENTATION('',(#13175),#13179);
#13175 = LINE('',#13176,#13177);
#13176 = CARTESIAN_POINT('',(0.,0.));
#13177 = VECTOR('',#13178,1.);
#13178 = DIRECTION('',(1.,0.));
#13179 = ( GEOMETRIC_REPRESENTATION_CONTEXT(2) 
PARAMETRIC_REPRESENTATION_CONTEXT() REPRESENTATION_CONTEXT('2D SPACE',''
  ) );
#13180 = PCURVE('',#13181,#13186);
#13181 = PLANE('',#13182);
#13182 = AXIS2_PLACEMENT_3D('',#13183,#13184,#13185);
#13183 = CARTESIAN_POINT('',(-136.,429.41387626418,39.522989290108));
#13184 = DIRECTION('',(0.,0.848048096156,-0.529919264233));
#13185 = DIRECTION('',(0.,0.529919264233,0.848048096156));
#13186 = DEFINITIONAL_REPRESENTATION('',(#13187),#13191);
#13187 = LINE('',#13188,#13189);
#13188 = CARTESIAN_POINT('',(0.,0.));
#13189 = VECTOR('',#13190,1.);
#13190 = DIRECTION('',(1.,0.));
#13191 = ( GEOMETRIC_REPRESENTATION_CONTEXT(2) 
PARAMETRIC_REPRESENTATION_CONTEXT() REPRESENTATION_CONTEXT('2D SPACE',''
  ) );
#13192 = ORIENTED_EDGE('',*,*,#13193,.T.);
#13193 = EDGE_CURVE('',#13159,#13194,#13196,.T.);
#13194 = VERTEX_POINT('',#13195);
#13195 = CARTESIAN_POINT('',(-136.,431.44919169495,38.251183055948));
#13196 = SURFACE_CURVE('',#13197,(#13201,#13208),.PCURVE_S1.);
#13197 = LINE('',#13198,#13199);
#13198 = CARTESIAN_POINT('',(-136.,429.41387626418,39.522989290108));
#13199 = VECTOR('',#13200,1.);
#13200 = DIRECTION('',(0.,0.848048096156,-0.529919264233));
#13201 = PCURVE('',#13169,#13202);
#13202 = DEFINITIONAL_REPRESENTATION('',(#13203),#13207);
#13203 = LINE('',#13204,#13205);
#13204 = CARTESIAN_POINT('',(0.,0.));
#13205 = VECTOR('',#13206,1.);
#13206 = DIRECTION('',(0.,-1.));
#13207 = ( GEOMETRIC_REPRESENTATION_CONTEXT(2) 
PARAMETRIC_REPRESENTATION_CONTEXT() REPRESENTATION_CONTEXT('2D SPACE',''
  ) );
#13208 = PCURVE('',#13209,#13214);
#13209 = PLANE('',#13210);
#13210 = AXIS2_PLACEMENT_3D('',#13211,#13212,#13213);
#13211 = CARTESIAN_POINT('',(-136.,429.41387626418,39.522989290108));
#13212 = DIRECTION('',(0.,0.529919264233,0.848048096156));
#13213 = DIRECTION('',(1.,0.,0.));
#13214 = DEFINITIONAL_REPRESENTATION('',(#13215),#13219);
#13215 = LINE('',#13216,#13217);
#13216 = CARTESIAN_POINT('',(0.,0.));
#13217 = VECTOR('',#13218,1.);
#13218 = DIRECTION('',(0.,1.));
#13219 = ( GEOMETRIC_REPRESENTATION_CONTEXT(2) 
PARAMETRIC_REPRESENTATION_CONTEXT() REPRESENTATION_CONTEXT('2D SPACE',''
  ) );
#13220 = ORIENTED_EDGE('',*,*,#13221,.T.);
#13221 = EDGE_CURVE('',#13194,#13222,#13224,.T.);
#13222 = VERTEX_POINT('',#13223);
#13223 = CARTESIAN_POINT('',(-136.,451.58612373581,70.477010709892));
#13224 = SURFACE_CURVE('',#13225,(#13229,#13236),.PCURVE_S1.);
#13225 = LINE('',#13226,#13227);
#13226 = CARTESIAN_POINT('',(-136.,431.44919169495,38.251183055948));
#13227 = VECTOR('',#13228,1.);
#13228 = DIRECTION('',(0.,0.529919264233,0.848048096156));
#13229 = PCURVE('',#13169,#13230);
#13230 = DEFINITIONAL_REPRESENTATION('',(#13231),#13235);
#13231 = LINE('',#13232,#13233);
#13232 = CARTESIAN_POINT('',(3.330669073875E-15,-2.4));
#13233 = VECTOR('',#13234,1.);
#13234 = DIRECTION('',(1.,0.));
#13235 = ( GEOMETRIC_REPRESENTATION_CONTEXT(2) 
PARAMETRIC_REPRESENTATION_CONTEXT() REPRESENTATION_CONTEXT('2D SPACE',''
  ) );
#13236 = PCURVE('',#13237,#13242);
#13237 = PLANE('',#13238);
#13238 = AXIS2_PLACEMENT_3D('',#13239,#13240,#13241);
#13239 = CARTESIAN_POINT('',(-136.,431.44919169495,38.251183055948));
#13240 = DIRECTION('',(0.,0.848048096156,-0.529919264233));
#13241 = DIRECTION('',(0.,0.529919264233,0.848048096156));
#13242 = DEFINITIONAL_REPRESENTATION('',(#13243),#13247);
#13243 = LINE('',#13244,#13245);
#13244 = CARTESIAN_POINT('',(0.,0.));
#13245 = VECTOR('',#13246,1.);
#13246 = DIRECTION('',(1.,0.));
#13247 = ( GEOMETRIC_REPRESENTATION_CONTEXT(2) 
PARAMETRIC_REPRESENTATION_CONTEXT() REPRESENTATION_CONTEXT('2D SPACE',''
  ) );
#13248 = ORIENTED_EDGE('',*,*,#13249,.F.);
#13249 = EDGE_CURVE('',#13161,#13222,#13250,.T.);
#13250 = SURFACE_CURVE('',#13251,(#13255,#13262),.PCURVE_S1.);
#13251 = LINE('',#13252,#13253);
#13252 = CARTESIAN_POINT('',(-136.,449.55080830504,71.748816944052));
#13253 = VECTOR('',#13254,1.);
#13254 = DIRECTION('',(0.,0.848048096156,-0.529919264233));
#13255 = PCURVE('',#13169,#13256);
#13256 = DEFINITIONAL_REPRESENTATION('',(#13257),#13261);
#13257 = LINE('',#13258,#13259);
#13258 = CARTESIAN_POINT('',(38.,3.552713678801E-15));
#13259 = VECTOR('',#13260,1.);
#13260 = DIRECTION('',(0.,-1.));
#13261 = ( GEOMETRIC_REPRESENTATION_CONTEXT(2) 
PARAMETRIC_REPRESENTATION_CONTEXT() REPRESENTATION_CONTEXT('2D SPACE',''
  ) );
#13262 = PCURVE('',#13263,#13268);
#13263 = PLANE('',#13264);
#13264 = AXIS2_PLACEMENT_3D('',#13265,#13266,#13267);
#13265 = CARTESIAN_POINT('',(-136.,449.55080830504,71.748816944052));
#13266 = DIRECTION('',(0.,0.529919264233,0.848048096156));
#13267 = DIRECTION('',(1.,0.,0.));
#13268 = DEFINITIONAL_REPRESENTATION('',(#13269),#13273);
#13269 = LINE('',#13270,#13271);
#13270 = CARTESIAN_POINT('',(0.,0.));
#13271 = VECTOR('',#13272,1.);
#13272 = DIRECTION('',(0.,1.));
#13273 = ( GEOMETRIC_REPRESENTATION_CONTEXT(2) 
PARAMETRIC_REPRESENTATION_CONTEXT() REPRESENTATION_CONTEXT('2D SPACE',''
  ) );
#13274 = ADVANCED_FACE('',(#13275),#13289,.T.);
#13275 = FACE_BOUND('',#13276,.T.);
#13276 = EDGE_LOOP('',(#13277,#13307,#13330,#13353));
#13277 = ORIENTED_EDGE('',*,*,#13278,.F.);
#13278 = EDGE_CURVE('',#13279,#13281,#13283,.T.);
#13279 = VERTEX_POINT('',#13280);
#13280 = CARTESIAN_POINT('',(136.,429.41387626418,39.522989290108));
#13281 = VERTEX_POINT('',#13282);
#13282 = CARTESIAN_POINT('',(136.,449.55080830504,71.748816944052));
#13283 = SURFACE_CURVE('',#13284,(#13288,#13300),.PCURVE_S1.);
#13284 = LINE('',#13285,#13286);
#13285 = CARTESIAN_POINT('',(136.,429.41387626418,39.522989290108));
#13286 = VECTOR('',#13287,1.);
#13287 = DIRECTION('',(0.,0.529919264233,0.848048096156));
#13288 = PCURVE('',#13289,#13294);
#13289 = PLANE('',#13290);
#13290 = AXIS2_PLACEMENT_3D('',#13291,#13292,#13293);
#13291 = CARTESIAN_POINT('',(136.,429.41387626418,39.522989290108));
#13292 = DIRECTION('',(1.,0.,0.));
#13293 = DIRECTION('',(0.,0.529919264233,0.848048096156));
#13294 = DEFINITIONAL_REPRESENTATION('',(#13295),#13299);
#13295 = LINE('',#13296,#13297);
#13296 = CARTESIAN_POINT('',(0.,0.));
#13297 = VECTOR('',#13298,1.);
#13298 = DIRECTION('',(1.,0.));
#13299 = ( GEOMETRIC_REPRESENTATION_CONTEXT(2) 
PARAMETRIC_REPRESENTATION_CONTEXT() REPRESENTATION_CONTEXT('2D SPACE',''
  ) );
#13300 = PCURVE('',#13181,#13301);
#13301 = DEFINITIONAL_REPRESENTATION('',(#13302),#13306);
#13302 = LINE('',#13303,#13304);
#13303 = CARTESIAN_POINT('',(0.,272.));
#13304 = VECTOR('',#13305,1.);
#13305 = DIRECTION('',(1.,0.));
#13306 = ( GEOMETRIC_REPRESENTATION_CONTEXT(2) 
PARAMETRIC_REPRESENTATION_CONTEXT() REPRESENTATION_CONTEXT('2D SPACE',''
  ) );
#13307 = ORIENTED_EDGE('',*,*,#13308,.T.);
#13308 = EDGE_CURVE('',#13279,#13309,#13311,.T.);
#13309 = VERTEX_POINT('',#13310);
#13310 = CARTESIAN_POINT('',(136.,431.44919169495,38.251183055948));
#13311 = SURFACE_CURVE('',#13312,(#13316,#13323),.PCURVE_S1.);
#13312 = LINE('',#13313,#13314);
#13313 = CARTESIAN_POINT('',(136.,429.41387626418,39.522989290108));
#13314 = VECTOR('',#13315,1.);
#13315 = DIRECTION('',(0.,0.848048096156,-0.529919264233));
#13316 = PCURVE('',#13289,#13317);
#13317 = DEFINITIONAL_REPRESENTATION('',(#13318),#13322);
#13318 = LINE('',#13319,#13320);
#13319 = CARTESIAN_POINT('',(0.,0.));
#13320 = VECTOR('',#13321,1.);
#13321 = DIRECTION('',(0.,-1.));
#13322 = ( GEOMETRIC_REPRESENTATION_CONTEXT(2) 
PARAMETRIC_REPRESENTATION_CONTEXT() REPRESENTATION_CONTEXT('2D SPACE',''
  ) );
#13323 = PCURVE('',#13209,#13324);
#13324 = DEFINITIONAL_REPRESENTATION('',(#13325),#13329);
#13325 = LINE('',#13326,#13327);
#13326 = CARTESIAN_POINT('',(272.,0.));
#13327 = VECTOR('',#13328,1.);
#13328 = DIRECTION('',(0.,1.));
#13329 = ( GEOMETRIC_REPRESENTATION_CONTEXT(2) 
PARAMETRIC_REPRESENTATION_CONTEXT() REPRESENTATION_CONTEXT('2D SPACE',''
  ) );
#13330 = ORIENTED_EDGE('',*,*,#13331,.T.);
#13331 = EDGE_CURVE('',#13309,#13332,#13334,.T.);
#13332 = VERTEX_POINT('',#13333);
#13333 = CARTESIAN_POINT('',(136.,451.58612373581,70.477010709892));
#13334 = SURFACE_CURVE('',#13335,(#13339,#13346),.PCURVE_S1.);
#13335 = LINE('',#13336,#13337);
#13336 = CARTESIAN_POINT('',(136.,431.44919169495,38.251183055948));
#13337 = VECTOR('',#13338,1.);
#13338 = DIRECTION('',(0.,0.529919264233,0.848048096156));
#13339 = PCURVE('',#13289,#13340);
#13340 = DEFINITIONAL_REPRESENTATION('',(#13341),#13345);
#13341 = LINE('',#13342,#13343);
#13342 = CARTESIAN_POINT('',(3.330669073875E-15,-2.4));
#13343 = VECTOR('',#13344,1.);
#13344 = DIRECTION('',(1.,0.));
#13345 = ( GEOMETRIC_REPRESENTATION_CONTEXT(2) 
PARAMETRIC_REPRESENTATION_CONTEXT() REPRESENTATION_CONTEXT('2D SPACE',''
  ) );
#13346 = PCURVE('',#13237,#13347);
#13347 = DEFINITIONAL_REPRESENTATION('',(#13348),#13352);
#13348 = LINE('',#13349,#13350);
#13349 = CARTESIAN_POINT('',(0.,272.));
#13350 = VECTOR('',#13351,1.);
#13351 = DIRECTION('',(1.,0.));
#13352 = ( GEOMETRIC_REPRESENTATION_CONTEXT(2) 
PARAMETRIC_REPRESENTATION_CONTEXT() REPRESENTATION_CONTEXT('2D SPACE',''
  ) );
#13353 = ORIENTED_EDGE('',*,*,#13354,.F.);
#13354 = EDGE_CURVE('',#13281,#13332,#13355,.T.);
#13355 = SURFACE_CURVE('',#13356,(#13360,#13367),.PCURVE_S1.);
#13356 = LINE('',#13357,#13358);
#13357 = CARTESIAN_POINT('',(136.,449.55080830504,71.748816944052));
#13358 = VECTOR('',#13359,1.);
#13359 = DIRECTION('',(0.,0.848048096156,-0.529919264233));
#13360 = PCURVE('',#13289,#13361);
#13361 = DEFINITIONAL_REPRESENTATION('',(#13362),#13366);
#13362 = LINE('',#13363,#13364);
#13363 = CARTESIAN_POINT('',(38.,3.552713678801E-15));
#13364 = VECTOR('',#13365,1.);
#13365 = DIRECTION('',(0.,-1.));
#13366 = ( GEOMETRIC_REPRESENTATION_CONTEXT(2) 
PARAMETRIC_REPRESENTATION_CONTEXT() REPRESENTATION_CONTEXT('2D SPACE',''
  ) );
#13367 = PCURVE('',#13263,#13368);
#13368 = DEFINITIONAL_REPRESENTATION('',(#13369),#13373);
#13369 = LINE('',#13370,#13371);
#13370 = CARTESIAN_POINT('',(272.,0.));
#13371 = VECTOR('',#13372,1.);
#13372 = DIRECTION('',(0.,1.));
#13373 = ( GEOMETRIC_REPRESENTATION_CONTEXT(2) 
PARAMETRIC_REPRESENTATION_CONTEXT() REPRESENTATION_CONTEXT('2D SPACE',''
  ) );
#13374 = ADVANCED_FACE('',(#13375),#13181,.F.);
#13375 = FACE_BOUND('',#13376,.F.);
#13376 = EDGE_LOOP('',(#13377,#13398,#13399,#13420));
#13377 = ORIENTED_EDGE('',*,*,#13378,.F.);
#13378 = EDGE_CURVE('',#13159,#13279,#13379,.T.);
#13379 = SURFACE_CURVE('',#13380,(#13384,#13391),.PCURVE_S1.);
#13380 = LINE('',#13381,#13382);
#13381 = CARTESIAN_POINT('',(-136.,429.41387626418,39.522989290108));
#13382 = VECTOR('',#13383,1.);
#13383 = DIRECTION('',(1.,0.,0.));
#13384 = PCURVE('',#13181,#13385);
#13385 = DEFINITIONAL_REPRESENTATION('',(#13386),#13390);
#13386 = LINE('',#13387,#13388);
#13387 = CARTESIAN_POINT('',(0.,0.));
#13388 = VECTOR('',#13389,1.);
#13389 = DIRECTION('',(0.,1.));
#13390 = ( GEOMETRIC_REPRESENTATION_CONTEXT(2) 
PARAMETRIC_REPRESENTATION_CONTEXT() REPRESENTATION_CONTEXT('2D SPACE',''
  ) );
#13391 = PCURVE('',#13209,#13392);
#13392 = DEFINITIONAL_REPRESENTATION('',(#13393),#13397);
#13393 = LINE('',#13394,#13395);
#13394 = CARTESIAN_POINT('',(0.,0.));
#13395 = VECTOR('',#13396,1.);
#13396 = DIRECTION('',(1.,0.));
#13397 = ( GEOMETRIC_REPRESENTATION_CONTEXT(2) 
PARAMETRIC_REPRESENTATION_CONTEXT() REPRESENTATION_CONTEXT('2D SPACE',''
  ) );
#13398 = ORIENTED_EDGE('',*,*,#13158,.T.);
#13399 = ORIENTED_EDGE('',*,*,#13400,.T.);
#13400 = EDGE_CURVE('',#13161,#13281,#13401,.T.);
#13401 = SURFACE_CURVE('',#13402,(#13406,#13413),.PCURVE_S1.);
#13402 = LINE('',#13403,#13404);
#13403 = CARTESIAN_POINT('',(-136.,449.55080830504,71.748816944052));
#13404 = VECTOR('',#13405,1.);
#13405 = DIRECTION('',(1.,0.,0.));
#13406 = PCURVE('',#13181,#13407);
#13407 = DEFINITIONAL_REPRESENTATION('',(#13408),#13412);
#13408 = LINE('',#13409,#13410);
#13409 = CARTESIAN_POINT('',(38.,0.));
#13410 = VECTOR('',#13411,1.);
#13411 = DIRECTION('',(0.,1.));
#13412 = ( GEOMETRIC_REPRESENTATION_CONTEXT(2) 
PARAMETRIC_REPRESENTATION_CONTEXT() REPRESENTATION_CONTEXT('2D SPACE',''
  ) );
#13413 = PCURVE('',#13263,#13414);
#13414 = DEFINITIONAL_REPRESENTATION('',(#13415),#13419);
#13415 = LINE('',#13416,#13417);
#13416 = CARTESIAN_POINT('',(0.,0.));
#13417 = VECTOR('',#13418,1.);
#13418 = DIRECTION('',(1.,0.));
#13419 = ( GEOMETRIC_REPRESENTATION_CONTEXT(2) 
PARAMETRIC_REPRESENTATION_CONTEXT() REPRESENTATION_CONTEXT('2D SPACE',''
  ) );
#13420 = ORIENTED_EDGE('',*,*,#13278,.F.);
#13421 = ADVANCED_FACE('',(#13422),#13237,.T.);
#13422 = FACE_BOUND('',#13423,.T.);
#13423 = EDGE_LOOP('',(#13424,#13445,#13446,#13467));
#13424 = ORIENTED_EDGE('',*,*,#13425,.F.);
#13425 = EDGE_CURVE('',#13194,#13309,#13426,.T.);
#13426 = SURFACE_CURVE('',#13427,(#13431,#13438),.PCURVE_S1.);
#13427 = LINE('',#13428,#13429);
#13428 = CARTESIAN_POINT('',(-136.,431.44919169495,38.251183055948));
#13429 = VECTOR('',#13430,1.);
#13430 = DIRECTION('',(1.,0.,0.));
#13431 = PCURVE('',#13237,#13432);
#13432 = DEFINITIONAL_REPRESENTATION('',(#13433),#13437);
#13433 = LINE('',#13434,#13435);
#13434 = CARTESIAN_POINT('',(0.,0.));
#13435 = VECTOR('',#13436,1.);
#13436 = DIRECTION('',(0.,1.));
#13437 = ( GEOMETRIC_REPRESENTATION_CONTEXT(2) 
PARAMETRIC_REPRESENTATION_CONTEXT() REPRESENTATION_CONTEXT('2D SPACE',''
  ) );
#13438 = PCURVE('',#13209,#13439);
#13439 = DEFINITIONAL_REPRESENTATION('',(#13440),#13444);
#13440 = LINE('',#13441,#13442);
#13441 = CARTESIAN_POINT('',(0.,2.4));
#13442 = VECTOR('',#13443,1.);
#13443 = DIRECTION('',(1.,0.));
#13444 = ( GEOMETRIC_REPRESENTATION_CONTEXT(2) 
PARAMETRIC_REPRESENTATION_CONTEXT() REPRESENTATION_CONTEXT('2D SPACE',''
  ) );
#13445 = ORIENTED_EDGE('',*,*,#13221,.T.);
#13446 = ORIENTED_EDGE('',*,*,#13447,.T.);
#13447 = EDGE_CURVE('',#13222,#13332,#13448,.T.);
#13448 = SURFACE_CURVE('',#13449,(#13453,#13460),.PCURVE_S1.);
#13449 = LINE('',#13450,#13451);
#13450 = CARTESIAN_POINT('',(-136.,451.58612373581,70.477010709892));
#13451 = VECTOR('',#13452,1.);
#13452 = DIRECTION('',(1.,0.,0.));
#13453 = PCURVE('',#13237,#13454);
#13454 = DEFINITIONAL_REPRESENTATION('',(#13455),#13459);
#13455 = LINE('',#13456,#13457);
#13456 = CARTESIAN_POINT('',(38.,0.));
#13457 = VECTOR('',#13458,1.);
#13458 = DIRECTION('',(0.,1.));
#13459 = ( GEOMETRIC_REPRESENTATION_CONTEXT(2) 
PARAMETRIC_REPRESENTATION_CONTEXT() REPRESENTATION_CONTEXT('2D SPACE',''
  ) );
#13460 = PCURVE('',#13263,#13461);
#13461 = DEFINITIONAL_REPRESENTATION('',(#13462),#13466);
#13462 = LINE('',#13463,#13464);
#13463 = CARTESIAN_POINT('',(0.,2.4));
#13464 = VECTOR('',#13465,1.);
#13465 = DIRECTION('',(1.,0.));
#13466 = ( GEOMETRIC_REPRESENTATION_CONTEXT(2) 
PARAMETRIC_REPRESENTATION_CONTEXT() REPRESENTATION_CONTEXT('2D SPACE',''
  ) );
#13467 = ORIENTED_EDGE('',*,*,#13331,.F.);
#13468 = ADVANCED_FACE('',(#13469),#13209,.F.);
#13469 = FACE_BOUND('',#13470,.F.);
#13470 = EDGE_LOOP('',(#13471,#13472,#13473,#13474));
#13471 = ORIENTED_EDGE('',*,*,#13193,.F.);
#13472 = ORIENTED_EDGE('',*,*,#13378,.T.);
#13473 = ORIENTED_EDGE('',*,*,#13308,.T.);
#13474 = ORIENTED_EDGE('',*,*,#13425,.F.);
#13475 = ADVANCED_FACE('',(#13476),#13263,.T.);
#13476 = FACE_BOUND('',#13477,.T.);
#13477 = EDGE_LOOP('',(#13478,#13479,#13480,#13481));
#13478 = ORIENTED_EDGE('',*,*,#13249,.F.);
#13479 = ORIENTED_EDGE('',*,*,#13400,.T.);
#13480 = ORIENTED_EDGE('',*,*,#13354,.T.);
#13481 = ORIENTED_EDGE('',*,*,#13447,.F.);
#13482 = ( GEOMETRIC_REPRESENTATION_CONTEXT(3) 
GLOBAL_UNCERTAINTY_ASSIGNED_CONTEXT((#13486)) 
GLOBAL_UNIT_ASSIGNED_CONTEXT((#13483,#13484,#13485)) 
REPRESENTATION_CONTEXT('Context #1',
  '3D Context with UNIT and UNCERTAINTY') );
#13483 = ( LENGTH_UNIT() NAMED_UNIT(*) SI_UNIT(.MILLI.,.METRE.) );
#13484 = ( NAMED_UNIT(*) PLANE_ANGLE_UNIT() SI_UNIT($,.RADIAN.) );
#13485 = ( NAMED_UNIT(*) SI_UNIT($,.STERADIAN.) SOLID_ANGLE_UNIT() );
#13486 = UNCERTAINTY_MEASURE_WITH_UNIT(LENGTH_MEASURE(1.E-07),#13483,
  'distance_accuracy_value','confusion accuracy');
#13487 = CONTEXT_DEPENDENT_SHAPE_REPRESENTATION(#13488,#13490);
#13488 = ( REPRESENTATION_RELATIONSHIP('','',#7871,#10) 
REPRESENTATION_RELATIONSHIP_WITH_TRANSFORMATION(#13489) 
SHAPE_REPRESENTATION_RELATIONSHIP() );
#13489 = ITEM_DEFINED_TRANSFORMATION('','',#11,#27);
#13490 = PRODUCT_DEFINITION_SHAPE('Placement','Placement of an item',
  #13491);
#13491 = NEXT_ASSEMBLY_USAGE_OCCURRENCE('26','slats','',#5,#7866,$);
#13492 = PRODUCT_RELATED_PRODUCT_CATEGORY('part',$,(#7868));
#13493 = SHAPE_DEFINITION_REPRESENTATION(#13494,#13500);
#13494 = PRODUCT_DEFINITION_SHAPE('','',#13495);
#13495 = PRODUCT_DEFINITION('design','',#13496,#13499);
#13496 = PRODUCT_DEFINITION_FORMATION('','',#13497);
#13497 = PRODUCT('led_bar','led_bar','',(#13498));
#13498 = PRODUCT_CONTEXT('',#2,'mechanical');
#13499 = PRODUCT_DEFINITION_CONTEXT('part definition',#2,'design');
#13500 = ADVANCED_BREP_SHAPE_REPRESENTATION('',(#11,#13501),#14159);
#13501 = MANIFOLD_SOLID_BREP('',#13502);
#13502 = CLOSED_SHELL('',(#13503,#13623,#13819,#13873,#13923,#14044,
    #14071,#14098,#14125,#14152));
#13503 = ADVANCED_FACE('',(#13504),#13518,.F.);
#13504 = FACE_BOUND('',#13505,.F.);
#13505 = EDGE_LOOP('',(#13506,#13541,#13569,#13597));
#13506 = ORIENTED_EDGE('',*,*,#13507,.F.);
#13507 = EDGE_CURVE('',#13508,#13510,#13512,.T.);
#13508 = VERTEX_POINT('',#13509);
#13509 = CARTESIAN_POINT('',(-114.6,496.5,75.));
#13510 = VERTEX_POINT('',#13511);
#13511 = CARTESIAN_POINT('',(114.6,496.5,75.));
#13512 = SURFACE_CURVE('',#13513,(#13517,#13529),.PCURVE_S1.);
#13513 = LINE('',#13514,#13515);
#13514 = CARTESIAN_POINT('',(-118.,496.5,75.));
#13515 = VECTOR('',#13516,1.);
#13516 = DIRECTION('',(1.,0.,0.));
#13517 = PCURVE('',#13518,#13523);
#13518 = PLANE('',#13519);
#13519 = AXIS2_PLACEMENT_3D('',#13520,#13521,#13522);
#13520 = CARTESIAN_POINT('',(-118.,496.5,75.));
#13521 = DIRECTION('',(0.,1.,0.));
#13522 = DIRECTION('',(1.,0.,0.));
#13523 = DEFINITIONAL_REPRESENTATION('',(#13524),#13528);
#13524 = LINE('',#13525,#13526);
#13525 = CARTESIAN_POINT('',(0.,0.));
#13526 = VECTOR('',#13527,1.);
#13527 = DIRECTION('',(1.,0.));
#13528 = ( GEOMETRIC_REPRESENTATION_CONTEXT(2) 
PARAMETRIC_REPRESENTATION_CONTEXT() REPRESENTATION_CONTEXT('2D SPACE',''
  ) );
#13529 = PCURVE('',#13530,#13535);
#13530 = PLANE('',#13531);
#13531 = AXIS2_PLACEMENT_3D('',#13532,#13533,#13534);
#13532 = CARTESIAN_POINT('',(0.,500.,75.));
#13533 = DIRECTION('',(0.,0.,1.));
#13534 = DIRECTION('',(1.,0.,-0.));
#13535 = DEFINITIONAL_REPRESENTATION('',(#13536),#13540);
#13536 = LINE('',#13537,#13538);
#13537 = CARTESIAN_POINT('',(-118.,-3.5));
#13538 = VECTOR('',#13539,1.);
#13539 = DIRECTION('',(1.,0.));
#13540 = ( GEOMETRIC_REPRESENTATION_CONTEXT(2) 
PARAMETRIC_REPRESENTATION_CONTEXT() REPRESENTATION_CONTEXT('2D SPACE',''
  ) );
#13541 = ORIENTED_EDGE('',*,*,#13542,.T.);
#13542 = EDGE_CURVE('',#13508,#13543,#13545,.T.);
#13543 = VERTEX_POINT('',#13544);
#13544 = CARTESIAN_POINT('',(-114.6,496.5,79.));
#13545 = SURFACE_CURVE('',#13546,(#13550,#13557),.PCURVE_S1.);
#13546 = LINE('',#13547,#13548);
#13547 = CARTESIAN_POINT('',(-114.6,496.5,75.));
#13548 = VECTOR('',#13549,1.);
#13549 = DIRECTION('',(0.,0.,1.));
#13550 = PCURVE('',#13518,#13551);
#13551 = DEFINITIONAL_REPRESENTATION('',(#13552),#13556);
#13552 = LINE('',#13553,#13554);
#13553 = CARTESIAN_POINT('',(3.4,0.));
#13554 = VECTOR('',#13555,1.);
#13555 = DIRECTION('',(0.,-1.));
#13556 = ( GEOMETRIC_REPRESENTATION_CONTEXT(2) 
PARAMETRIC_REPRESENTATION_CONTEXT() REPRESENTATION_CONTEXT('2D SPACE',''
  ) );
#13557 = PCURVE('',#13558,#13563);
#13558 = CYLINDRICAL_SURFACE('',#13559,3.4);
#13559 = AXIS2_PLACEMENT_3D('',#13560,#13561,#13562);
#13560 = CARTESIAN_POINT('',(-114.6,499.9,75.));
#13561 = DIRECTION('',(0.,0.,1.));
#13562 = DIRECTION('',(0.,-1.,0.));
#13563 = DEFINITIONAL_REPRESENTATION('',(#13564),#13568);
#13564 = LINE('',#13565,#13566);
#13565 = CARTESIAN_POINT('',(-0.,0.));
#13566 = VECTOR('',#13567,1.);
#13567 = DIRECTION('',(-0.,1.));
#13568 = ( GEOMETRIC_REPRESENTATION_CONTEXT(2) 
PARAMETRIC_REPRESENTATION_CONTEXT() REPRESENTATION_CONTEXT('2D SPACE',''
  ) );
#13569 = ORIENTED_EDGE('',*,*,#13570,.T.);
#13570 = EDGE_CURVE('',#13543,#13571,#13573,.T.);
#13571 = VERTEX_POINT('',#13572);
#13572 = CARTESIAN_POINT('',(114.6,496.5,79.));
#13573 = SURFACE_CURVE('',#13574,(#13578,#13585),.PCURVE_S1.);
#13574 = LINE('',#13575,#13576);
#13575 = CARTESIAN_POINT('',(-118.,496.5,79.));
#13576 = VECTOR('',#13577,1.);
#13577 = DIRECTION('',(1.,0.,0.));
#13578 = PCURVE('',#13518,#13579);
#13579 = DEFINITIONAL_REPRESENTATION('',(#13580),#13584);
#13580 = LINE('',#13581,#13582);
#13581 = CARTESIAN_POINT('',(0.,-4.));
#13582 = VECTOR('',#13583,1.);
#13583 = DIRECTION('',(1.,0.));
#13584 = ( GEOMETRIC_REPRESENTATION_CONTEXT(2) 
PARAMETRIC_REPRESENTATION_CONTEXT() REPRESENTATION_CONTEXT('2D SPACE',''
  ) );
#13585 = PCURVE('',#13586,#13591);
#13586 = PLANE('',#13587);
#13587 = AXIS2_PLACEMENT_3D('',#13588,#13589,#13590);
#13588 = CARTESIAN_POINT('',(0.,500.,79.));
#13589 = DIRECTION('',(0.,0.,1.));
#13590 = DIRECTION('',(1.,0.,-0.));
#13591 = DEFINITIONAL_REPRESENTATION('',(#13592),#13596);
#13592 = LINE('',#13593,#13594);
#13593 = CARTESIAN_POINT('',(-118.,-3.5));
#13594 = VECTOR('',#13595,1.);
#13595 = DIRECTION('',(1.,0.));
#13596 = ( GEOMETRIC_REPRESENTATION_CONTEXT(2) 
PARAMETRIC_REPRESENTATION_CONTEXT() REPRESENTATION_CONTEXT('2D SPACE',''
  ) );
#13597 = ORIENTED_EDGE('',*,*,#13598,.F.);
#13598 = EDGE_CURVE('',#13510,#13571,#13599,.T.);
#13599 = SURFACE_CURVE('',#13600,(#13604,#13611),.PCURVE_S1.);
#13600 = LINE('',#13601,#13602);
#13601 = CARTESIAN_POINT('',(114.6,496.5,75.));
#13602 = VECTOR('',#13603,1.);
#13603 = DIRECTION('',(0.,0.,1.));
#13604 = PCURVE('',#13518,#13605);
#13605 = DEFINITIONAL_REPRESENTATION('',(#13606),#13610);
#13606 = LINE('',#13607,#13608);
#13607 = CARTESIAN_POINT('',(232.6,0.));
#13608 = VECTOR('',#13609,1.);
#13609 = DIRECTION('',(0.,-1.));
#13610 = ( GEOMETRIC_REPRESENTATION_CONTEXT(2) 
PARAMETRIC_REPRESENTATION_CONTEXT() REPRESENTATION_CONTEXT('2D SPACE',''
  ) );
#13611 = PCURVE('',#13612,#13617);
#13612 = CYLINDRICAL_SURFACE('',#13613,3.4);
#13613 = AXIS2_PLACEMENT_3D('',#13614,#13615,#13616);
#13614 = CARTESIAN_POINT('',(114.6,499.9,75.));
#13615 = DIRECTION('',(0.,0.,1.));
#13616 = DIRECTION('',(0.,-1.,0.));
#13617 = DEFINITIONAL_REPRESENTATION('',(#13618),#13622);
#13618 = LINE('',#13619,#13620);
#13619 = CARTESIAN_POINT('',(0.,0.));
#13620 = VECTOR('',#13621,1.);
#13621 = DIRECTION('',(0.,1.));
#13622 = ( GEOMETRIC_REPRESENTATION_CONTEXT(2) 
PARAMETRIC_REPRESENTATION_CONTEXT() REPRESENTATION_CONTEXT('2D SPACE',''
  ) );
#13623 = ADVANCED_FACE('',(#13624),#13530,.F.);
#13624 = FACE_BOUND('',#13625,.F.);
#13625 = EDGE_LOOP('',(#13626,#13627,#13651,#13679,#13708,#13736,#13765,
    #13793));
#13626 = ORIENTED_EDGE('',*,*,#13507,.T.);
#13627 = ORIENTED_EDGE('',*,*,#13628,.T.);
#13628 = EDGE_CURVE('',#13510,#13629,#13631,.T.);
#13629 = VERTEX_POINT('',#13630);
#13630 = CARTESIAN_POINT('',(118.,499.9,75.));
#13631 = SURFACE_CURVE('',#13632,(#13637,#13644),.PCURVE_S1.);
#13632 = CIRCLE('',#13633,3.4);
#13633 = AXIS2_PLACEMENT_3D('',#13634,#13635,#13636);
#13634 = CARTESIAN_POINT('',(114.6,499.9,75.));
#13635 = DIRECTION('',(0.,0.,1.));
#13636 = DIRECTION('',(0.,-1.,0.));
#13637 = PCURVE('',#13530,#13638);
#13638 = DEFINITIONAL_REPRESENTATION('',(#13639),#13643);
#13639 = CIRCLE('',#13640,3.4);
#13640 = AXIS2_PLACEMENT_2D('',#13641,#13642);
#13641 = CARTESIAN_POINT('',(114.6,-0.1));
#13642 = DIRECTION('',(0.,-1.));
#13643 = ( GEOMETRIC_REPRESENTATION_CONTEXT(2) 
PARAMETRIC_REPRESENTATION_CONTEXT() REPRESENTATION_CONTEXT('2D SPACE',''
  ) );
#13644 = PCURVE('',#13612,#13645);
#13645 = DEFINITIONAL_REPRESENTATION('',(#13646),#13650);
#13646 = LINE('',#13647,#13648);
#13647 = CARTESIAN_POINT('',(0.,0.));
#13648 = VECTOR('',#13649,1.);
#13649 = DIRECTION('',(1.,0.));
#13650 = ( GEOMETRIC_REPRESENTATION_CONTEXT(2) 
PARAMETRIC_REPRESENTATION_CONTEXT() REPRESENTATION_CONTEXT('2D SPACE',''
  ) );
#13651 = ORIENTED_EDGE('',*,*,#13652,.T.);
#13652 = EDGE_CURVE('',#13629,#13653,#13655,.T.);
#13653 = VERTEX_POINT('',#13654);
#13654 = CARTESIAN_POINT('',(118.,500.1,75.));
#13655 = SURFACE_CURVE('',#13656,(#13660,#13667),.PCURVE_S1.);
#13656 = LINE('',#13657,#13658);
#13657 = CARTESIAN_POINT('',(118.,496.5,75.));
#13658 = VECTOR('',#13659,1.);
#13659 = DIRECTION('',(0.,1.,0.));
#13660 = PCURVE('',#13530,#13661);
#13661 = DEFINITIONAL_REPRESENTATION('',(#13662),#13666);
#13662 = LINE('',#13663,#13664);
#13663 = CARTESIAN_POINT('',(118.,-3.5));
#13664 = VECTOR('',#13665,1.);
#13665 = DIRECTION('',(0.,1.));
#13666 = ( GEOMETRIC_REPRESENTATION_CONTEXT(2) 
PARAMETRIC_REPRESENTATION_CONTEXT() REPRESENTATION_CONTEXT('2D SPACE',''
  ) );
#13667 = PCURVE('',#13668,#13673);
#13668 = PLANE('',#13669);
#13669 = AXIS2_PLACEMENT_3D('',#13670,#13671,#13672);
#13670 = CARTESIAN_POINT('',(118.,496.5,75.));
#13671 = DIRECTION('',(-1.,0.,0.));
#13672 = DIRECTION('',(0.,1.,0.));
#13673 = DEFINITIONAL_REPRESENTATION('',(#13674),#13678);
#13674 = LINE('',#13675,#13676);
#13675 = CARTESIAN_POINT('',(0.,0.));
#13676 = VECTOR('',#13677,1.);
#13677 = DIRECTION('',(1.,0.));
#13678 = ( GEOMETRIC_REPRESENTATION_CONTEXT(2) 
PARAMETRIC_REPRESENTATION_CONTEXT() REPRESENTATION_CONTEXT('2D SPACE',''
  ) );
#13679 = ORIENTED_EDGE('',*,*,#13680,.T.);
#13680 = EDGE_CURVE('',#13653,#13681,#13683,.T.);
#13681 = VERTEX_POINT('',#13682);
#13682 = CARTESIAN_POINT('',(114.6,503.5,75.));
#13683 = SURFACE_CURVE('',#13684,(#13689,#13696),.PCURVE_S1.);
#13684 = CIRCLE('',#13685,3.4);
#13685 = AXIS2_PLACEMENT_3D('',#13686,#13687,#13688);
#13686 = CARTESIAN_POINT('',(114.6,500.1,75.));
#13687 = DIRECTION('',(0.,0.,1.));
#13688 = DIRECTION('',(0.,-1.,0.));
#13689 = PCURVE('',#13530,#13690);
#13690 = DEFINITIONAL_REPRESENTATION('',(#13691),#13695);
#13691 = CIRCLE('',#13692,3.4);
#13692 = AXIS2_PLACEMENT_2D('',#13693,#13694);
#13693 = CARTESIAN_POINT('',(114.6,0.1));
#13694 = DIRECTION('',(0.,-1.));
#13695 = ( GEOMETRIC_REPRESENTATION_CONTEXT(2) 
PARAMETRIC_REPRESENTATION_CONTEXT() REPRESENTATION_CONTEXT('2D SPACE',''
  ) );
#13696 = PCURVE('',#13697,#13702);
#13697 = CYLINDRICAL_SURFACE('',#13698,3.4);
#13698 = AXIS2_PLACEMENT_3D('',#13699,#13700,#13701);
#13699 = CARTESIAN_POINT('',(114.6,500.1,75.));
#13700 = DIRECTION('',(0.,0.,1.));
#13701 = DIRECTION('',(1.,0.,-0.));
#13702 = DEFINITIONAL_REPRESENTATION('',(#13703),#13707);
#13703 = LINE('',#13704,#13705);
#13704 = CARTESIAN_POINT('',(-1.570796326795,0.));
#13705 = VECTOR('',#13706,1.);
#13706 = DIRECTION('',(1.,0.));
#13707 = ( GEOMETRIC_REPRESENTATION_CONTEXT(2) 
PARAMETRIC_REPRESENTATION_CONTEXT() REPRESENTATION_CONTEXT('2D SPACE',''
  ) );
#13708 = ORIENTED_EDGE('',*,*,#13709,.T.);
#13709 = EDGE_CURVE('',#13681,#13710,#13712,.T.);
#13710 = VERTEX_POINT('',#13711);
#13711 = CARTESIAN_POINT('',(-114.6,503.5,75.));
#13712 = SURFACE_CURVE('',#13713,(#13717,#13724),.PCURVE_S1.);
#13713 = LINE('',#13714,#13715);
#13714 = CARTESIAN_POINT('',(118.,503.5,75.));
#13715 = VECTOR('',#13716,1.);
#13716 = DIRECTION('',(-1.,0.,0.));
#13717 = PCURVE('',#13530,#13718);
#13718 = DEFINITIONAL_REPRESENTATION('',(#13719),#13723);
#13719 = LINE('',#13720,#13721);
#13720 = CARTESIAN_POINT('',(118.,3.5));
#13721 = VECTOR('',#13722,1.);
#13722 = DIRECTION('',(-1.,0.));
#13723 = ( GEOMETRIC_REPRESENTATION_CONTEXT(2) 
PARAMETRIC_REPRESENTATION_CONTEXT() REPRESENTATION_CONTEXT('2D SPACE',''
  ) );
#13724 = PCURVE('',#13725,#13730);
#13725 = PLANE('',#13726);
#13726 = AXIS2_PLACEMENT_3D('',#13727,#13728,#13729);
#13727 = CARTESIAN_POINT('',(118.,503.5,75.));
#13728 = DIRECTION('',(0.,-1.,0.));
#13729 = DIRECTION('',(-1.,0.,0.));
#13730 = DEFINITIONAL_REPRESENTATION('',(#13731),#13735);
#13731 = LINE('',#13732,#13733);
#13732 = CARTESIAN_POINT('',(0.,-0.));
#13733 = VECTOR('',#13734,1.);
#13734 = DIRECTION('',(1.,0.));
#13735 = ( GEOMETRIC_REPRESENTATION_CONTEXT(2) 
PARAMETRIC_REPRESENTATION_CONTEXT() REPRESENTATION_CONTEXT('2D SPACE',''
  ) );
#13736 = ORIENTED_EDGE('',*,*,#13737,.T.);
#13737 = EDGE_CURVE('',#13710,#13738,#13740,.T.);
#13738 = VERTEX_POINT('',#13739);
#13739 = CARTESIAN_POINT('',(-118.,500.1,75.));
#13740 = SURFACE_CURVE('',#13741,(#13746,#13753),.PCURVE_S1.);
#13741 = CIRCLE('',#13742,3.4);
#13742 = AXIS2_PLACEMENT_3D('',#13743,#13744,#13745);
#13743 = CARTESIAN_POINT('',(-114.6,500.1,75.));
#13744 = DIRECTION('',(0.,0.,1.));
#13745 = DIRECTION('',(0.,-1.,0.));
#13746 = PCURVE('',#13530,#13747);
#13747 = DEFINITIONAL_REPRESENTATION('',(#13748),#13752);
#13748 = CIRCLE('',#13749,3.4);
#13749 = AXIS2_PLACEMENT_2D('',#13750,#13751);
#13750 = CARTESIAN_POINT('',(-114.6,0.1));
#13751 = DIRECTION('',(0.,-1.));
#13752 = ( GEOMETRIC_REPRESENTATION_CONTEXT(2) 
PARAMETRIC_REPRESENTATION_CONTEXT() REPRESENTATION_CONTEXT('2D SPACE',''
  ) );
#13753 = PCURVE('',#13754,#13759);
#13754 = CYLINDRICAL_SURFACE('',#13755,3.4);
#13755 = AXIS2_PLACEMENT_3D('',#13756,#13757,#13758);
#13756 = CARTESIAN_POINT('',(-114.6,500.1,75.));
#13757 = DIRECTION('',(0.,0.,1.));
#13758 = DIRECTION('',(-0.,1.,0.));
#13759 = DEFINITIONAL_REPRESENTATION('',(#13760),#13764);
#13760 = LINE('',#13761,#13762);
#13761 = CARTESIAN_POINT('',(-3.14159265359,0.));
#13762 = VECTOR('',#13763,1.);
#13763 = DIRECTION('',(1.,0.));
#13764 = ( GEOMETRIC_REPRESENTATION_CONTEXT(2) 
PARAMETRIC_REPRESENTATION_CONTEXT() REPRESENTATION_CONTEXT('2D SPACE',''
  ) );
#13765 = ORIENTED_EDGE('',*,*,#13766,.T.);
#13766 = EDGE_CURVE('',#13738,#13767,#13769,.T.);
#13767 = VERTEX_POINT('',#13768);
#13768 = CARTESIAN_POINT('',(-118.,499.9,75.));
#13769 = SURFACE_CURVE('',#13770,(#13774,#13781),.PCURVE_S1.);
#13770 = LINE('',#13771,#13772);
#13771 = CARTESIAN_POINT('',(-118.,503.5,75.));
#13772 = VECTOR('',#13773,1.);
#13773 = DIRECTION('',(0.,-1.,0.));
#13774 = PCURVE('',#13530,#13775);
#13775 = DEFINITIONAL_REPRESENTATION('',(#13776),#13780);
#13776 = LINE('',#13777,#13778);
#13777 = CARTESIAN_POINT('',(-118.,3.5));
#13778 = VECTOR('',#13779,1.);
#13779 = DIRECTION('',(0.,-1.));
#13780 = ( GEOMETRIC_REPRESENTATION_CONTEXT(2) 
PARAMETRIC_REPRESENTATION_CONTEXT() REPRESENTATION_CONTEXT('2D SPACE',''
  ) );
#13781 = PCURVE('',#13782,#13787);
#13782 = PLANE('',#13783);
#13783 = AXIS2_PLACEMENT_3D('',#13784,#13785,#13786);
#13784 = CARTESIAN_POINT('',(-118.,503.5,75.));
#13785 = DIRECTION('',(1.,0.,-0.));
#13786 = DIRECTION('',(0.,-1.,0.));
#13787 = DEFINITIONAL_REPRESENTATION('',(#13788),#13792);
#13788 = LINE('',#13789,#13790);
#13789 = CARTESIAN_POINT('',(0.,0.));
#13790 = VECTOR('',#13791,1.);
#13791 = DIRECTION('',(1.,0.));
#13792 = ( GEOMETRIC_REPRESENTATION_CONTEXT(2) 
PARAMETRIC_REPRESENTATION_CONTEXT() REPRESENTATION_CONTEXT('2D SPACE',''
  ) );
#13793 = ORIENTED_EDGE('',*,*,#13794,.F.);
#13794 = EDGE_CURVE('',#13508,#13767,#13795,.T.);
#13795 = SURFACE_CURVE('',#13796,(#13801,#13812),.PCURVE_S1.);
#13796 = CIRCLE('',#13797,3.4);
#13797 = AXIS2_PLACEMENT_3D('',#13798,#13799,#13800);
#13798 = CARTESIAN_POINT('',(-114.6,499.9,75.));
#13799 = DIRECTION('',(-0.,-0.,-1.));
#13800 = DIRECTION('',(0.,-1.,0.));
#13801 = PCURVE('',#13530,#13802);
#13802 = DEFINITIONAL_REPRESENTATION('',(#13803),#13811);
#13803 = ( BOUNDED_CURVE() B_SPLINE_CURVE(2,(#13804,#13805,#13806,#13807
    ,#13808,#13809,#13810),.UNSPECIFIED.,.T.,.F.) 
B_SPLINE_CURVE_WITH_KNOTS((1,2,2,2,2,1),(-2.094395102393,0.,
    2.094395102393,4.188790204786,6.28318530718,8.377580409573),
.UNSPECIFIED.) CURVE() GEOMETRIC_REPRESENTATION_ITEM() 
RATIONAL_B_SPLINE_CURVE((1.,0.5,1.,0.5,1.,0.5,1.)) REPRESENTATION_ITEM(
  '') );
#13804 = CARTESIAN_POINT('',(-114.6,-3.5));
#13805 = CARTESIAN_POINT('',(-120.4889727457,-3.5));
#13806 = CARTESIAN_POINT('',(-117.5444863728,1.6));
#13807 = CARTESIAN_POINT('',(-114.6,6.7));
#13808 = CARTESIAN_POINT('',(-111.6555136271,1.6));
#13809 = CARTESIAN_POINT('',(-108.7110272542,-3.5));
#13810 = CARTESIAN_POINT('',(-114.6,-3.5));
#13811 = ( GEOMETRIC_REPRESENTATION_CONTEXT(2) 
PARAMETRIC_REPRESENTATION_CONTEXT() REPRESENTATION_CONTEXT('2D SPACE',''
  ) );
#13812 = PCURVE('',#13558,#13813);
#13813 = DEFINITIONAL_REPRESENTATION('',(#13814),#13818);
#13814 = LINE('',#13815,#13816);
#13815 = CARTESIAN_POINT('',(-0.,0.));
#13816 = VECTOR('',#13817,1.);
#13817 = DIRECTION('',(-1.,0.));
#13818 = ( GEOMETRIC_REPRESENTATION_CONTEXT(2) 
PARAMETRIC_REPRESENTATION_CONTEXT() REPRESENTATION_CONTEXT('2D SPACE',''
  ) );
#13819 = ADVANCED_FACE('',(#13820),#13558,.T.);
#13820 = FACE_BOUND('',#13821,.F.);
#13821 = EDGE_LOOP('',(#13822,#13823,#13846,#13872));
#13822 = ORIENTED_EDGE('',*,*,#13794,.T.);
#13823 = ORIENTED_EDGE('',*,*,#13824,.T.);
#13824 = EDGE_CURVE('',#13767,#13825,#13827,.T.);
#13825 = VERTEX_POINT('',#13826);
#13826 = CARTESIAN_POINT('',(-118.,499.9,79.));
#13827 = SURFACE_CURVE('',#13828,(#13832,#13839),.PCURVE_S1.);
#13828 = LINE('',#13829,#13830);
#13829 = CARTESIAN_POINT('',(-118.,499.9,75.));
#13830 = VECTOR('',#13831,1.);
#13831 = DIRECTION('',(0.,0.,1.));
#13832 = PCURVE('',#13558,#13833);
#13833 = DEFINITIONAL_REPRESENTATION('',(#13834),#13838);
#13834 = LINE('',#13835,#13836);
#13835 = CARTESIAN_POINT('',(-1.570796326795,0.));
#13836 = VECTOR('',#13837,1.);
#13837 = DIRECTION('',(-0.,1.));
#13838 = ( GEOMETRIC_REPRESENTATION_CONTEXT(2) 
PARAMETRIC_REPRESENTATION_CONTEXT() REPRESENTATION_CONTEXT('2D SPACE',''
  ) );
#13839 = PCURVE('',#13782,#13840);
#13840 = DEFINITIONAL_REPRESENTATION('',(#13841),#13845);
#13841 = LINE('',#13842,#13843);
#13842 = CARTESIAN_POINT('',(3.6,0.));
#13843 = VECTOR('',#13844,1.);
#13844 = DIRECTION('',(0.,-1.));
#13845 = ( GEOMETRIC_REPRESENTATION_CONTEXT(2) 
PARAMETRIC_REPRESENTATION_CONTEXT() REPRESENTATION_CONTEXT('2D SPACE',''
  ) );
#13846 = ORIENTED_EDGE('',*,*,#13847,.F.);
#13847 = EDGE_CURVE('',#13543,#13825,#13848,.T.);
#13848 = SURFACE_CURVE('',#13849,(#13854,#13861),.PCURVE_S1.);
#13849 = CIRCLE('',#13850,3.4);
#13850 = AXIS2_PLACEMENT_3D('',#13851,#13852,#13853);
#13851 = CARTESIAN_POINT('',(-114.6,499.9,79.));
#13852 = DIRECTION('',(-0.,-0.,-1.));
#13853 = DIRECTION('',(0.,-1.,0.));
#13854 = PCURVE('',#13558,#13855);
#13855 = DEFINITIONAL_REPRESENTATION('',(#13856),#13860);
#13856 = LINE('',#13857,#13858);
#13857 = CARTESIAN_POINT('',(-0.,4.));
#13858 = VECTOR('',#13859,1.);
#13859 = DIRECTION('',(-1.,0.));
#13860 = ( GEOMETRIC_REPRESENTATION_CONTEXT(2) 
PARAMETRIC_REPRESENTATION_CONTEXT() REPRESENTATION_CONTEXT('2D SPACE',''
  ) );
#13861 = PCURVE('',#13586,#13862);
#13862 = DEFINITIONAL_REPRESENTATION('',(#13863),#13871);
#13863 = ( BOUNDED_CURVE() B_SPLINE_CURVE(2,(#13864,#13865,#13866,#13867
    ,#13868,#13869,#13870),.UNSPECIFIED.,.T.,.F.) 
B_SPLINE_CURVE_WITH_KNOTS((1,2,2,2,2,1),(-2.094395102393,0.,
    2.094395102393,4.188790204786,6.28318530718,8.377580409573),
.UNSPECIFIED.) CURVE() GEOMETRIC_REPRESENTATION_ITEM() 
RATIONAL_B_SPLINE_CURVE((1.,0.5,1.,0.5,1.,0.5,1.)) REPRESENTATION_ITEM(
  '') );
#13864 = CARTESIAN_POINT('',(-114.6,-3.5));
#13865 = CARTESIAN_POINT('',(-120.4889727457,-3.5));
#13866 = CARTESIAN_POINT('',(-117.5444863728,1.6));
#13867 = CARTESIAN_POINT('',(-114.6,6.7));
#13868 = CARTESIAN_POINT('',(-111.6555136271,1.6));
#13869 = CARTESIAN_POINT('',(-108.7110272542,-3.5));
#13870 = CARTESIAN_POINT('',(-114.6,-3.5));
#13871 = ( GEOMETRIC_REPRESENTATION_CONTEXT(2) 
PARAMETRIC_REPRESENTATION_CONTEXT() REPRESENTATION_CONTEXT('2D SPACE',''
  ) );
#13872 = ORIENTED_EDGE('',*,*,#13542,.F.);
#13873 = ADVANCED_FACE('',(#13874),#13612,.T.);
#13874 = FACE_BOUND('',#13875,.T.);
#13875 = EDGE_LOOP('',(#13876,#13877,#13900,#13922));
#13876 = ORIENTED_EDGE('',*,*,#13628,.T.);
#13877 = ORIENTED_EDGE('',*,*,#13878,.T.);
#13878 = EDGE_CURVE('',#13629,#13879,#13881,.T.);
#13879 = VERTEX_POINT('',#13880);
#13880 = CARTESIAN_POINT('',(118.,499.9,79.));
#13881 = SURFACE_CURVE('',#13882,(#13886,#13893),.PCURVE_S1.);
#13882 = LINE('',#13883,#13884);
#13883 = CARTESIAN_POINT('',(118.,499.9,75.));
#13884 = VECTOR('',#13885,1.);
#13885 = DIRECTION('',(0.,0.,1.));
#13886 = PCURVE('',#13612,#13887);
#13887 = DEFINITIONAL_REPRESENTATION('',(#13888),#13892);
#13888 = LINE('',#13889,#13890);
#13889 = CARTESIAN_POINT('',(1.570796326795,0.));
#13890 = VECTOR('',#13891,1.);
#13891 = DIRECTION('',(0.,1.));
#13892 = ( GEOMETRIC_REPRESENTATION_CONTEXT(2) 
PARAMETRIC_REPRESENTATION_CONTEXT() REPRESENTATION_CONTEXT('2D SPACE',''
  ) );
#13893 = PCURVE('',#13668,#13894);
#13894 = DEFINITIONAL_REPRESENTATION('',(#13895),#13899);
#13895 = LINE('',#13896,#13897);
#13896 = CARTESIAN_POINT('',(3.4,0.));
#13897 = VECTOR('',#13898,1.);
#13898 = DIRECTION('',(0.,-1.));
#13899 = ( GEOMETRIC_REPRESENTATION_CONTEXT(2) 
PARAMETRIC_REPRESENTATION_CONTEXT() REPRESENTATION_CONTEXT('2D SPACE',''
  ) );
#13900 = ORIENTED_EDGE('',*,*,#13901,.F.);
#13901 = EDGE_CURVE('',#13571,#13879,#13902,.T.);
#13902 = SURFACE_CURVE('',#13903,(#13908,#13915),.PCURVE_S1.);
#13903 = CIRCLE('',#13904,3.4);
#13904 = AXIS2_PLACEMENT_3D('',#13905,#13906,#13907);
#13905 = CARTESIAN_POINT('',(114.6,499.9,79.));
#13906 = DIRECTION('',(0.,0.,1.));
#13907 = DIRECTION('',(0.,-1.,0.));
#13908 = PCURVE('',#13612,#13909);
#13909 = DEFINITIONAL_REPRESENTATION('',(#13910),#13914);
#13910 = LINE('',#13911,#13912);
#13911 = CARTESIAN_POINT('',(0.,4.));
#13912 = VECTOR('',#13913,1.);
#13913 = DIRECTION('',(1.,0.));
#13914 = ( GEOMETRIC_REPRESENTATION_CONTEXT(2) 
PARAMETRIC_REPRESENTATION_CONTEXT() REPRESENTATION_CONTEXT('2D SPACE',''
  ) );
#13915 = PCURVE('',#13586,#13916);
#13916 = DEFINITIONAL_REPRESENTATION('',(#13917),#13921);
#13917 = CIRCLE('',#13918,3.4);
#13918 = AXIS2_PLACEMENT_2D('',#13919,#13920);
#13919 = CARTESIAN_POINT('',(114.6,-0.1));
#13920 = DIRECTION('',(0.,-1.));
#13921 = ( GEOMETRIC_REPRESENTATION_CONTEXT(2) 
PARAMETRIC_REPRESENTATION_CONTEXT() REPRESENTATION_CONTEXT('2D SPACE',''
  ) );
#13922 = ORIENTED_EDGE('',*,*,#13598,.F.);
#13923 = ADVANCED_FACE('',(#13924),#13586,.T.);
#13924 = FACE_BOUND('',#13925,.T.);
#13925 = EDGE_LOOP('',(#13926,#13927,#13928,#13951,#13975,#13998,#14022,
    #14043));
#13926 = ORIENTED_EDGE('',*,*,#13570,.T.);
#13927 = ORIENTED_EDGE('',*,*,#13901,.T.);
#13928 = ORIENTED_EDGE('',*,*,#13929,.T.);
#13929 = EDGE_CURVE('',#13879,#13930,#13932,.T.);
#13930 = VERTEX_POINT('',#13931);
#13931 = CARTESIAN_POINT('',(118.,500.1,79.));
#13932 = SURFACE_CURVE('',#13933,(#13937,#13944),.PCURVE_S1.);
#13933 = LINE('',#13934,#13935);
#13934 = CARTESIAN_POINT('',(118.,496.5,79.));
#13935 = VECTOR('',#13936,1.);
#13936 = DIRECTION('',(0.,1.,0.));
#13937 = PCURVE('',#13586,#13938);
#13938 = DEFINITIONAL_REPRESENTATION('',(#13939),#13943);
#13939 = LINE('',#13940,#13941);
#13940 = CARTESIAN_POINT('',(118.,-3.5));
#13941 = VECTOR('',#13942,1.);
#13942 = DIRECTION('',(0.,1.));
#13943 = ( GEOMETRIC_REPRESENTATION_CONTEXT(2) 
PARAMETRIC_REPRESENTATION_CONTEXT() REPRESENTATION_CONTEXT('2D SPACE',''
  ) );
#13944 = PCURVE('',#13668,#13945);
#13945 = DEFINITIONAL_REPRESENTATION('',(#13946),#13950);
#13946 = LINE('',#13947,#13948);
#13947 = CARTESIAN_POINT('',(0.,-4.));
#13948 = VECTOR('',#13949,1.);
#13949 = DIRECTION('',(1.,0.));
#13950 = ( GEOMETRIC_REPRESENTATION_CONTEXT(2) 
PARAMETRIC_REPRESENTATION_CONTEXT() REPRESENTATION_CONTEXT('2D SPACE',''
  ) );
#13951 = ORIENTED_EDGE('',*,*,#13952,.T.);
#13952 = EDGE_CURVE('',#13930,#13953,#13955,.T.);
#13953 = VERTEX_POINT('',#13954);
#13954 = CARTESIAN_POINT('',(114.6,503.5,79.));
#13955 = SURFACE_CURVE('',#13956,(#13961,#13968),.PCURVE_S1.);
#13956 = CIRCLE('',#13957,3.4);
#13957 = AXIS2_PLACEMENT_3D('',#13958,#13959,#13960);
#13958 = CARTESIAN_POINT('',(114.6,500.1,79.));
#13959 = DIRECTION('',(0.,0.,1.));
#13960 = DIRECTION('',(0.,-1.,0.));
#13961 = PCURVE('',#13586,#13962);
#13962 = DEFINITIONAL_REPRESENTATION('',(#13963),#13967);
#13963 = CIRCLE('',#13964,3.4);
#13964 = AXIS2_PLACEMENT_2D('',#13965,#13966);
#13965 = CARTESIAN_POINT('',(114.6,0.1));
#13966 = DIRECTION('',(0.,-1.));
#13967 = ( GEOMETRIC_REPRESENTATION_CONTEXT(2) 
PARAMETRIC_REPRESENTATION_CONTEXT() REPRESENTATION_CONTEXT('2D SPACE',''
  ) );
#13968 = PCURVE('',#13697,#13969);
#13969 = DEFINITIONAL_REPRESENTATION('',(#13970),#13974);
#13970 = LINE('',#13971,#13972);
#13971 = CARTESIAN_POINT('',(-1.570796326795,4.));
#13972 = VECTOR('',#13973,1.);
#13973 = DIRECTION('',(1.,0.));
#13974 = ( GEOMETRIC_REPRESENTATION_CONTEXT(2) 
PARAMETRIC_REPRESENTATION_CONTEXT() REPRESENTATION_CONTEXT('2D SPACE',''
  ) );
#13975 = ORIENTED_EDGE('',*,*,#13976,.T.);
#13976 = EDGE_CURVE('',#13953,#13977,#13979,.T.);
#13977 = VERTEX_POINT('',#13978);
#13978 = CARTESIAN_POINT('',(-114.6,503.5,79.));
#13979 = SURFACE_CURVE('',#13980,(#13984,#13991),.PCURVE_S1.);
#13980 = LINE('',#13981,#13982);
#13981 = CARTESIAN_POINT('',(118.,503.5,79.));
#13982 = VECTOR('',#13983,1.);
#13983 = DIRECTION('',(-1.,0.,0.));
#13984 = PCURVE('',#13586,#13985);
#13985 = DEFINITIONAL_REPRESENTATION('',(#13986),#13990);
#13986 = LINE('',#13987,#13988);
#13987 = CARTESIAN_POINT('',(118.,3.5));
#13988 = VECTOR('',#13989,1.);
#13989 = DIRECTION('',(-1.,0.));
#13990 = ( GEOMETRIC_REPRESENTATION_CONTEXT(2) 
PARAMETRIC_REPRESENTATION_CONTEXT() REPRESENTATION_CONTEXT('2D SPACE',''
  ) );
#13991 = PCURVE('',#13725,#13992);
#13992 = DEFINITIONAL_REPRESENTATION('',(#13993),#13997);
#13993 = LINE('',#13994,#13995);
#13994 = CARTESIAN_POINT('',(0.,-4.));
#13995 = VECTOR('',#13996,1.);
#13996 = DIRECTION('',(1.,0.));
#13997 = ( GEOMETRIC_REPRESENTATION_CONTEXT(2) 
PARAMETRIC_REPRESENTATION_CONTEXT() REPRESENTATION_CONTEXT('2D SPACE',''
  ) );
#13998 = ORIENTED_EDGE('',*,*,#13999,.T.);
#13999 = EDGE_CURVE('',#13977,#14000,#14002,.T.);
#14000 = VERTEX_POINT('',#14001);
#14001 = CARTESIAN_POINT('',(-118.,500.1,79.));
#14002 = SURFACE_CURVE('',#14003,(#14008,#14015),.PCURVE_S1.);
#14003 = CIRCLE('',#14004,3.4);
#14004 = AXIS2_PLACEMENT_3D('',#14005,#14006,#14007);
#14005 = CARTESIAN_POINT('',(-114.6,500.1,79.));
#14006 = DIRECTION('',(0.,0.,1.));
#14007 = DIRECTION('',(0.,-1.,0.));
#14008 = PCURVE('',#13586,#14009);
#14009 = DEFINITIONAL_REPRESENTATION('',(#14010),#14014);
#14010 = CIRCLE('',#14011,3.4);
#14011 = AXIS2_PLACEMENT_2D('',#14012,#14013);
#14012 = CARTESIAN_POINT('',(-114.6,0.1));
#14013 = DIRECTION('',(0.,-1.));
#14014 = ( GEOMETRIC_REPRESENTATION_CONTEXT(2) 
PARAMETRIC_REPRESENTATION_CONTEXT() REPRESENTATION_CONTEXT('2D SPACE',''
  ) );
#14015 = PCURVE('',#13754,#14016);
#14016 = DEFINITIONAL_REPRESENTATION('',(#14017),#14021);
#14017 = LINE('',#14018,#14019);
#14018 = CARTESIAN_POINT('',(-3.14159265359,4.));
#14019 = VECTOR('',#14020,1.);
#14020 = DIRECTION('',(1.,0.));
#14021 = ( GEOMETRIC_REPRESENTATION_CONTEXT(2) 
PARAMETRIC_REPRESENTATION_CONTEXT() REPRESENTATION_CONTEXT('2D SPACE',''
  ) );
#14022 = ORIENTED_EDGE('',*,*,#14023,.T.);
#14023 = EDGE_CURVE('',#14000,#13825,#14024,.T.);
#14024 = SURFACE_CURVE('',#14025,(#14029,#14036),.PCURVE_S1.);
#14025 = LINE('',#14026,#14027);
#14026 = CARTESIAN_POINT('',(-118.,503.5,79.));
#14027 = VECTOR('',#14028,1.);
#14028 = DIRECTION('',(0.,-1.,0.));
#14029 = PCURVE('',#13586,#14030);
#14030 = DEFINITIONAL_REPRESENTATION('',(#14031),#14035);
#14031 = LINE('',#14032,#14033);
#14032 = CARTESIAN_POINT('',(-118.,3.5));
#14033 = VECTOR('',#14034,1.);
#14034 = DIRECTION('',(0.,-1.));
#14035 = ( GEOMETRIC_REPRESENTATION_CONTEXT(2) 
PARAMETRIC_REPRESENTATION_CONTEXT() REPRESENTATION_CONTEXT('2D SPACE',''
  ) );
#14036 = PCURVE('',#13782,#14037);
#14037 = DEFINITIONAL_REPRESENTATION('',(#14038),#14042);
#14038 = LINE('',#14039,#14040);
#14039 = CARTESIAN_POINT('',(0.,-4.));
#14040 = VECTOR('',#14041,1.);
#14041 = DIRECTION('',(1.,0.));
#14042 = ( GEOMETRIC_REPRESENTATION_CONTEXT(2) 
PARAMETRIC_REPRESENTATION_CONTEXT() REPRESENTATION_CONTEXT('2D SPACE',''
  ) );
#14043 = ORIENTED_EDGE('',*,*,#13847,.F.);
#14044 = ADVANCED_FACE('',(#14045),#13782,.F.);
#14045 = FACE_BOUND('',#14046,.F.);
#14046 = EDGE_LOOP('',(#14047,#14048,#14069,#14070));
#14047 = ORIENTED_EDGE('',*,*,#13766,.F.);
#14048 = ORIENTED_EDGE('',*,*,#14049,.T.);
#14049 = EDGE_CURVE('',#13738,#14000,#14050,.T.);
#14050 = SURFACE_CURVE('',#14051,(#14055,#14062),.PCURVE_S1.);
#14051 = LINE('',#14052,#14053);
#14052 = CARTESIAN_POINT('',(-118.,500.1,75.));
#14053 = VECTOR('',#14054,1.);
#14054 = DIRECTION('',(0.,0.,1.));
#14055 = PCURVE('',#13782,#14056);
#14056 = DEFINITIONAL_REPRESENTATION('',(#14057),#14061);
#14057 = LINE('',#14058,#14059);
#14058 = CARTESIAN_POINT('',(3.4,0.));
#14059 = VECTOR('',#14060,1.);
#14060 = DIRECTION('',(0.,-1.));
#14061 = ( GEOMETRIC_REPRESENTATION_CONTEXT(2) 
PARAMETRIC_REPRESENTATION_CONTEXT() REPRESENTATION_CONTEXT('2D SPACE',''
  ) );
#14062 = PCURVE('',#13754,#14063);
#14063 = DEFINITIONAL_REPRESENTATION('',(#14064),#14068);
#14064 = LINE('',#14065,#14066);
#14065 = CARTESIAN_POINT('',(1.570796326795,0.));
#14066 = VECTOR('',#14067,1.);
#14067 = DIRECTION('',(0.,1.));
#14068 = ( GEOMETRIC_REPRESENTATION_CONTEXT(2) 
PARAMETRIC_REPRESENTATION_CONTEXT() REPRESENTATION_CONTEXT('2D SPACE',''
  ) );
#14069 = ORIENTED_EDGE('',*,*,#14023,.T.);
#14070 = ORIENTED_EDGE('',*,*,#13824,.F.);
#14071 = ADVANCED_FACE('',(#14072),#13668,.F.);
#14072 = FACE_BOUND('',#14073,.F.);
#14073 = EDGE_LOOP('',(#14074,#14075,#14076,#14077));
#14074 = ORIENTED_EDGE('',*,*,#13652,.F.);
#14075 = ORIENTED_EDGE('',*,*,#13878,.T.);
#14076 = ORIENTED_EDGE('',*,*,#13929,.T.);
#14077 = ORIENTED_EDGE('',*,*,#14078,.F.);
#14078 = EDGE_CURVE('',#13653,#13930,#14079,.T.);
#14079 = SURFACE_CURVE('',#14080,(#14084,#14091),.PCURVE_S1.);
#14080 = LINE('',#14081,#14082);
#14081 = CARTESIAN_POINT('',(118.,500.1,75.));
#14082 = VECTOR('',#14083,1.);
#14083 = DIRECTION('',(0.,0.,1.));
#14084 = PCURVE('',#13668,#14085);
#14085 = DEFINITIONAL_REPRESENTATION('',(#14086),#14090);
#14086 = LINE('',#14087,#14088);
#14087 = CARTESIAN_POINT('',(3.6,0.));
#14088 = VECTOR('',#14089,1.);
#14089 = DIRECTION('',(0.,-1.));
#14090 = ( GEOMETRIC_REPRESENTATION_CONTEXT(2) 
PARAMETRIC_REPRESENTATION_CONTEXT() REPRESENTATION_CONTEXT('2D SPACE',''
  ) );
#14091 = PCURVE('',#13697,#14092);
#14092 = DEFINITIONAL_REPRESENTATION('',(#14093),#14097);
#14093 = LINE('',#14094,#14095);
#14094 = CARTESIAN_POINT('',(0.,0.));
#14095 = VECTOR('',#14096,1.);
#14096 = DIRECTION('',(0.,1.));
#14097 = ( GEOMETRIC_REPRESENTATION_CONTEXT(2) 
PARAMETRIC_REPRESENTATION_CONTEXT() REPRESENTATION_CONTEXT('2D SPACE',''
  ) );
#14098 = ADVANCED_FACE('',(#14099),#13754,.T.);
#14099 = FACE_BOUND('',#14100,.T.);
#14100 = EDGE_LOOP('',(#14101,#14102,#14103,#14104));
#14101 = ORIENTED_EDGE('',*,*,#13737,.T.);
#14102 = ORIENTED_EDGE('',*,*,#14049,.T.);
#14103 = ORIENTED_EDGE('',*,*,#13999,.F.);
#14104 = ORIENTED_EDGE('',*,*,#14105,.F.);
#14105 = EDGE_CURVE('',#13710,#13977,#14106,.T.);
#14106 = SURFACE_CURVE('',#14107,(#14111,#14118),.PCURVE_S1.);
#14107 = LINE('',#14108,#14109);
#14108 = CARTESIAN_POINT('',(-114.6,503.5,75.));
#14109 = VECTOR('',#14110,1.);
#14110 = DIRECTION('',(0.,0.,1.));
#14111 = PCURVE('',#13754,#14112);
#14112 = DEFINITIONAL_REPRESENTATION('',(#14113),#14117);
#14113 = LINE('',#14114,#14115);
#14114 = CARTESIAN_POINT('',(0.,0.));
#14115 = VECTOR('',#14116,1.);
#14116 = DIRECTION('',(0.,1.));
#14117 = ( GEOMETRIC_REPRESENTATION_CONTEXT(2) 
PARAMETRIC_REPRESENTATION_CONTEXT() REPRESENTATION_CONTEXT('2D SPACE',''
  ) );
#14118 = PCURVE('',#13725,#14119);
#14119 = DEFINITIONAL_REPRESENTATION('',(#14120),#14124);
#14120 = LINE('',#14121,#14122);
#14121 = CARTESIAN_POINT('',(232.6,0.));
#14122 = VECTOR('',#14123,1.);
#14123 = DIRECTION('',(0.,-1.));
#14124 = ( GEOMETRIC_REPRESENTATION_CONTEXT(2) 
PARAMETRIC_REPRESENTATION_CONTEXT() REPRESENTATION_CONTEXT('2D SPACE',''
  ) );
#14125 = ADVANCED_FACE('',(#14126),#13697,.T.);
#14126 = FACE_BOUND('',#14127,.T.);
#14127 = EDGE_LOOP('',(#14128,#14129,#14150,#14151));
#14128 = ORIENTED_EDGE('',*,*,#13680,.T.);
#14129 = ORIENTED_EDGE('',*,*,#14130,.T.);
#14130 = EDGE_CURVE('',#13681,#13953,#14131,.T.);
#14131 = SURFACE_CURVE('',#14132,(#14136,#14143),.PCURVE_S1.);
#14132 = LINE('',#14133,#14134);
#14133 = CARTESIAN_POINT('',(114.6,503.5,75.));
#14134 = VECTOR('',#14135,1.);
#14135 = DIRECTION('',(0.,0.,1.));
#14136 = PCURVE('',#13697,#14137);
#14137 = DEFINITIONAL_REPRESENTATION('',(#14138),#14142);
#14138 = LINE('',#14139,#14140);
#14139 = CARTESIAN_POINT('',(1.570796326795,0.));
#14140 = VECTOR('',#14141,1.);
#14141 = DIRECTION('',(0.,1.));
#14142 = ( GEOMETRIC_REPRESENTATION_CONTEXT(2) 
PARAMETRIC_REPRESENTATION_CONTEXT() REPRESENTATION_CONTEXT('2D SPACE',''
  ) );
#14143 = PCURVE('',#13725,#14144);
#14144 = DEFINITIONAL_REPRESENTATION('',(#14145),#14149);
#14145 = LINE('',#14146,#14147);
#14146 = CARTESIAN_POINT('',(3.4,0.));
#14147 = VECTOR('',#14148,1.);
#14148 = DIRECTION('',(0.,-1.));
#14149 = ( GEOMETRIC_REPRESENTATION_CONTEXT(2) 
PARAMETRIC_REPRESENTATION_CONTEXT() REPRESENTATION_CONTEXT('2D SPACE',''
  ) );
#14150 = ORIENTED_EDGE('',*,*,#13952,.F.);
#14151 = ORIENTED_EDGE('',*,*,#14078,.F.);
#14152 = ADVANCED_FACE('',(#14153),#13725,.F.);
#14153 = FACE_BOUND('',#14154,.F.);
#14154 = EDGE_LOOP('',(#14155,#14156,#14157,#14158));
#14155 = ORIENTED_EDGE('',*,*,#13709,.F.);
#14156 = ORIENTED_EDGE('',*,*,#14130,.T.);
#14157 = ORIENTED_EDGE('',*,*,#13976,.T.);
#14158 = ORIENTED_EDGE('',*,*,#14105,.F.);
#14159 = ( GEOMETRIC_REPRESENTATION_CONTEXT(3) 
GLOBAL_UNCERTAINTY_ASSIGNED_CONTEXT((#14163)) 
GLOBAL_UNIT_ASSIGNED_CONTEXT((#14160,#14161,#14162)) 
REPRESENTATION_CONTEXT('Context #1',
  '3D Context with UNIT and UNCERTAINTY') );
#14160 = ( LENGTH_UNIT() NAMED_UNIT(*) SI_UNIT(.MILLI.,.METRE.) );
#14161 = ( NAMED_UNIT(*) PLANE_ANGLE_UNIT() SI_UNIT($,.RADIAN.) );
#14162 = ( NAMED_UNIT(*) SI_UNIT($,.STERADIAN.) SOLID_ANGLE_UNIT() );
#14163 = UNCERTAINTY_MEASURE_WITH_UNIT(LENGTH_MEASURE(1.E-07),#14160,
  'distance_accuracy_value','confusion accuracy');
#14164 = CONTEXT_DEPENDENT_SHAPE_REPRESENTATION(#14165,#14167);
#14165 = ( REPRESENTATION_RELATIONSHIP('','',#13500,#10) 
REPRESENTATION_RELATIONSHIP_WITH_TRANSFORMATION(#14166) 
SHAPE_REPRESENTATION_RELATIONSHIP() );
#14166 = ITEM_DEFINED_TRANSFORMATION('','',#11,#31);
#14167 = PRODUCT_DEFINITION_SHAPE('Placement','Placement of an item',
  #14168);
#14168 = NEXT_ASSEMBLY_USAGE_OCCURRENCE('27','led_bar','',#5,#13495,$);
#14169 = PRODUCT_RELATED_PRODUCT_CATEGORY('part',$,(#13497));
#14170 = SHAPE_DEFINITION_REPRESENTATION(#14171,#14177);
#14171 = PRODUCT_DEFINITION_SHAPE('','',#14172);
#14172 = PRODUCT_DEFINITION('design','',#14173,#14176);
#14173 = PRODUCT_DEFINITION_FORMATION('','',#14174);
#14174 = PRODUCT('uv_inner','uv_inner','',(#14175));
#14175 = PRODUCT_CONTEXT('',#2,'mechanical');
#14176 = PRODUCT_DEFINITION_CONTEXT('part definition',#2,'design');
#14177 = ADVANCED_BREP_SHAPE_REPRESENTATION('',(#11,#14178),#14508);
#14178 = MANIFOLD_SOLID_BREP('',#14179);
#14179 = CLOSED_SHELL('',(#14180,#14300,#14400,#14447,#14494,#14501));
#14180 = ADVANCED_FACE('',(#14181),#14195,.F.);
#14181 = FACE_BOUND('',#14182,.F.);
#14182 = EDGE_LOOP('',(#14183,#14218,#14246,#14274));
#14183 = ORIENTED_EDGE('',*,*,#14184,.F.);
#14184 = EDGE_CURVE('',#14185,#14187,#14189,.T.);
#14185 = VERTEX_POINT('',#14186);
#14186 = CARTESIAN_POINT('',(-125.,438.,50.));
#14187 = VERTEX_POINT('',#14188);
#14188 = CARTESIAN_POINT('',(-125.,438.,64.));
#14189 = SURFACE_CURVE('',#14190,(#14194,#14206),.PCURVE_S1.);
#14190 = LINE('',#14191,#14192);
#14191 = CARTESIAN_POINT('',(-125.,438.,50.));
#14192 = VECTOR('',#14193,1.);
#14193 = DIRECTION('',(0.,0.,1.));
#14194 = PCURVE('',#14195,#14200);
#14195 = PLANE('',#14196);
#14196 = AXIS2_PLACEMENT_3D('',#14197,#14198,#14199);
#14197 = CARTESIAN_POINT('',(-125.,438.,50.));
#14198 = DIRECTION('',(1.,0.,0.));
#14199 = DIRECTION('',(0.,0.,1.));
#14200 = DEFINITIONAL_REPRESENTATION('',(#14201),#14205);
#14201 = LINE('',#14202,#14203);
#14202 = CARTESIAN_POINT('',(0.,0.));
#14203 = VECTOR('',#14204,1.);
#14204 = DIRECTION('',(1.,0.));
#14205 = ( GEOMETRIC_REPRESENTATION_CONTEXT(2) 
PARAMETRIC_REPRESENTATION_CONTEXT() REPRESENTATION_CONTEXT('2D SPACE',''
  ) );
#14206 = PCURVE('',#14207,#14212);
#14207 = PLANE('',#14208);
#14208 = AXIS2_PLACEMENT_3D('',#14209,#14210,#14211);
#14209 = CARTESIAN_POINT('',(-125.,438.,50.));
#14210 = DIRECTION('',(0.,1.,0.));
#14211 = DIRECTION('',(0.,0.,1.));
#14212 = DEFINITIONAL_REPRESENTATION('',(#14213),#14217);
#14213 = LINE('',#14214,#14215);
#14214 = CARTESIAN_POINT('',(0.,0.));
#14215 = VECTOR('',#14216,1.);
#14216 = DIRECTION('',(1.,0.));
#14217 = ( GEOMETRIC_REPRESENTATION_CONTEXT(2) 
PARAMETRIC_REPRESENTATION_CONTEXT() REPRESENTATION_CONTEXT('2D SPACE',''
  ) );
#14218 = ORIENTED_EDGE('',*,*,#14219,.T.);
#14219 = EDGE_CURVE('',#14185,#14220,#14222,.T.);
#14220 = VERTEX_POINT('',#14221);
#14221 = CARTESIAN_POINT('',(-125.,446.,50.));
#14222 = SURFACE_CURVE('',#14223,(#14227,#14234),.PCURVE_S1.);
#14223 = LINE('',#14224,#14225);
#14224 = CARTESIAN_POINT('',(-125.,438.,50.));
#14225 = VECTOR('',#14226,1.);
#14226 = DIRECTION('',(0.,1.,0.));
#14227 = PCURVE('',#14195,#14228);
#14228 = DEFINITIONAL_REPRESENTATION('',(#14229),#14233);
#14229 = LINE('',#14230,#14231);
#14230 = CARTESIAN_POINT('',(0.,0.));
#14231 = VECTOR('',#14232,1.);
#14232 = DIRECTION('',(0.,-1.));
#14233 = ( GEOMETRIC_REPRESENTATION_CONTEXT(2) 
PARAMETRIC_REPRESENTATION_CONTEXT() REPRESENTATION_CONTEXT('2D SPACE',''
  ) );
#14234 = PCURVE('',#14235,#14240);
#14235 = PLANE('',#14236);
#14236 = AXIS2_PLACEMENT_3D('',#14237,#14238,#14239);
#14237 = CARTESIAN_POINT('',(-125.,438.,50.));
#14238 = DIRECTION('',(0.,0.,1.));
#14239 = DIRECTION('',(1.,0.,0.));
#14240 = DEFINITIONAL_REPRESENTATION('',(#14241),#14245);
#14241 = LINE('',#14242,#14243);
#14242 = CARTESIAN_POINT('',(0.,0.));
#14243 = VECTOR('',#14244,1.);
#14244 = DIRECTION('',(0.,1.));
#14245 = ( GEOMETRIC_REPRESENTATION_CONTEXT(2) 
PARAMETRIC_REPRESENTATION_CONTEXT() REPRESENTATION_CONTEXT('2D SPACE',''
  ) );
#14246 = ORIENTED_EDGE('',*,*,#14247,.T.);
#14247 = EDGE_CURVE('',#14220,#14248,#14250,.T.);
#14248 = VERTEX_POINT('',#14249);
#14249 = CARTESIAN_POINT('',(-125.,446.,64.));
#14250 = SURFACE_CURVE('',#14251,(#14255,#14262),.PCURVE_S1.);
#14251 = LINE('',#14252,#14253);
#14252 = CARTESIAN_POINT('',(-125.,446.,50.));
#14253 = VECTOR('',#14254,1.);
#14254 = DIRECTION('',(0.,0.,1.));
#14255 = PCURVE('',#14195,#14256);
#14256 = DEFINITIONAL_REPRESENTATION('',(#14257),#14261);
#14257 = LINE('',#14258,#14259);
#14258 = CARTESIAN_POINT('',(0.,-8.));
#14259 = VECTOR('',#14260,1.);
#14260 = DIRECTION('',(1.,0.));
#14261 = ( GEOMETRIC_REPRESENTATION_CONTEXT(2) 
PARAMETRIC_REPRESENTATION_CONTEXT() REPRESENTATION_CONTEXT('2D SPACE',''
  ) );
#14262 = PCURVE('',#14263,#14268);
#14263 = PLANE('',#14264);
#14264 = AXIS2_PLACEMENT_3D('',#14265,#14266,#14267);
#14265 = CARTESIAN_POINT('',(-125.,446.,50.));
#14266 = DIRECTION('',(0.,1.,0.));
#14267 = DIRECTION('',(0.,0.,1.));
#14268 = DEFINITIONAL_REPRESENTATION('',(#14269),#14273);
#14269 = LINE('',#14270,#14271);
#14270 = CARTESIAN_POINT('',(0.,0.));
#14271 = VECTOR('',#14272,1.);
#14272 = DIRECTION('',(1.,0.));
#14273 = ( GEOMETRIC_REPRESENTATION_CONTEXT(2) 
PARAMETRIC_REPRESENTATION_CONTEXT() REPRESENTATION_CONTEXT('2D SPACE',''
  ) );
#14274 = ORIENTED_EDGE('',*,*,#14275,.F.);
#14275 = EDGE_CURVE('',#14187,#14248,#14276,.T.);
#14276 = SURFACE_CURVE('',#14277,(#14281,#14288),.PCURVE_S1.);
#14277 = LINE('',#14278,#14279);
#14278 = CARTESIAN_POINT('',(-125.,438.,64.));
#14279 = VECTOR('',#14280,1.);
#14280 = DIRECTION('',(0.,1.,0.));
#14281 = PCURVE('',#14195,#14282);
#14282 = DEFINITIONAL_REPRESENTATION('',(#14283),#14287);
#14283 = LINE('',#14284,#14285);
#14284 = CARTESIAN_POINT('',(14.,0.));
#14285 = VECTOR('',#14286,1.);
#14286 = DIRECTION('',(0.,-1.));
#14287 = ( GEOMETRIC_REPRESENTATION_CONTEXT(2) 
PARAMETRIC_REPRESENTATION_CONTEXT() REPRESENTATION_CONTEXT('2D SPACE',''
  ) );
#14288 = PCURVE('',#14289,#14294);
#14289 = PLANE('',#14290);
#14290 = AXIS2_PLACEMENT_3D('',#14291,#14292,#14293);
#14291 = CARTESIAN_POINT('',(-125.,438.,64.));
#14292 = DIRECTION('',(0.,0.,1.));
#14293 = DIRECTION('',(1.,0.,0.));
#14294 = DEFINITIONAL_REPRESENTATION('',(#14295),#14299);
#14295 = LINE('',#14296,#14297);
#14296 = CARTESIAN_POINT('',(0.,0.));
#14297 = VECTOR('',#14298,1.);
#14298 = DIRECTION('',(0.,1.));
#14299 = ( GEOMETRIC_REPRESENTATION_CONTEXT(2) 
PARAMETRIC_REPRESENTATION_CONTEXT() REPRESENTATION_CONTEXT('2D SPACE',''
  ) );
#14300 = ADVANCED_FACE('',(#14301),#14315,.T.);
#14301 = FACE_BOUND('',#14302,.T.);
#14302 = EDGE_LOOP('',(#14303,#14333,#14356,#14379));
#14303 = ORIENTED_EDGE('',*,*,#14304,.F.);
#14304 = EDGE_CURVE('',#14305,#14307,#14309,.T.);
#14305 = VERTEX_POINT('',#14306);
#14306 = CARTESIAN_POINT('',(125.,438.,50.));
#14307 = VERTEX_POINT('',#14308);
#14308 = CARTESIAN_POINT('',(125.,438.,64.));
#14309 = SURFACE_CURVE('',#14310,(#14314,#14326),.PCURVE_S1.);
#14310 = LINE('',#14311,#14312);
#14311 = CARTESIAN_POINT('',(125.,438.,50.));
#14312 = VECTOR('',#14313,1.);
#14313 = DIRECTION('',(0.,0.,1.));
#14314 = PCURVE('',#14315,#14320);
#14315 = PLANE('',#14316);
#14316 = AXIS2_PLACEMENT_3D('',#14317,#14318,#14319);
#14317 = CARTESIAN_POINT('',(125.,438.,50.));
#14318 = DIRECTION('',(1.,0.,0.));
#14319 = DIRECTION('',(0.,0.,1.));
#14320 = DEFINITIONAL_REPRESENTATION('',(#14321),#14325);
#14321 = LINE('',#14322,#14323);
#14322 = CARTESIAN_POINT('',(0.,0.));
#14323 = VECTOR('',#14324,1.);
#14324 = DIRECTION('',(1.,0.));
#14325 = ( GEOMETRIC_REPRESENTATION_CONTEXT(2) 
PARAMETRIC_REPRESENTATION_CONTEXT() REPRESENTATION_CONTEXT('2D SPACE',''
  ) );
#14326 = PCURVE('',#14207,#14327);
#14327 = DEFINITIONAL_REPRESENTATION('',(#14328),#14332);
#14328 = LINE('',#14329,#14330);
#14329 = CARTESIAN_POINT('',(0.,250.));
#14330 = VECTOR('',#14331,1.);
#14331 = DIRECTION('',(1.,0.));
#14332 = ( GEOMETRIC_REPRESENTATION_CONTEXT(2) 
PARAMETRIC_REPRESENTATION_CONTEXT() REPRESENTATION_CONTEXT('2D SPACE',''
  ) );
#14333 = ORIENTED_EDGE('',*,*,#14334,.T.);
#14334 = EDGE_CURVE('',#14305,#14335,#14337,.T.);
#14335 = VERTEX_POINT('',#14336);
#14336 = CARTESIAN_POINT('',(125.,446.,50.));
#14337 = SURFACE_CURVE('',#14338,(#14342,#14349),.PCURVE_S1.);
#14338 = LINE('',#14339,#14340);
#14339 = CARTESIAN_POINT('',(125.,438.,50.));
#14340 = VECTOR('',#14341,1.);
#14341 = DIRECTION('',(0.,1.,0.));
#14342 = PCURVE('',#14315,#14343);
#14343 = DEFINITIONAL_REPRESENTATION('',(#14344),#14348);
#14344 = LINE('',#14345,#14346);
#14345 = CARTESIAN_POINT('',(0.,0.));
#14346 = VECTOR('',#14347,1.);
#14347 = DIRECTION('',(0.,-1.));
#14348 = ( GEOMETRIC_REPRESENTATION_CONTEXT(2) 
PARAMETRIC_REPRESENTATION_CONTEXT() REPRESENTATION_CONTEXT('2D SPACE',''
  ) );
#14349 = PCURVE('',#14235,#14350);
#14350 = DEFINITIONAL_REPRESENTATION('',(#14351),#14355);
#14351 = LINE('',#14352,#14353);
#14352 = CARTESIAN_POINT('',(250.,0.));
#14353 = VECTOR('',#14354,1.);
#14354 = DIRECTION('',(0.,1.));
#14355 = ( GEOMETRIC_REPRESENTATION_CONTEXT(2) 
PARAMETRIC_REPRESENTATION_CONTEXT() REPRESENTATION_CONTEXT('2D SPACE',''
  ) );
#14356 = ORIENTED_EDGE('',*,*,#14357,.T.);
#14357 = EDGE_CURVE('',#14335,#14358,#14360,.T.);
#14358 = VERTEX_POINT('',#14359);
#14359 = CARTESIAN_POINT('',(125.,446.,64.));
#14360 = SURFACE_CURVE('',#14361,(#14365,#14372),.PCURVE_S1.);
#14361 = LINE('',#14362,#14363);
#14362 = CARTESIAN_POINT('',(125.,446.,50.));
#14363 = VECTOR('',#14364,1.);
#14364 = DIRECTION('',(0.,0.,1.));
#14365 = PCURVE('',#14315,#14366);
#14366 = DEFINITIONAL_REPRESENTATION('',(#14367),#14371);
#14367 = LINE('',#14368,#14369);
#14368 = CARTESIAN_POINT('',(0.,-8.));
#14369 = VECTOR('',#14370,1.);
#14370 = DIRECTION('',(1.,0.));
#14371 = ( GEOMETRIC_REPRESENTATION_CONTEXT(2) 
PARAMETRIC_REPRESENTATION_CONTEXT() REPRESENTATION_CONTEXT('2D SPACE',''
  ) );
#14372 = PCURVE('',#14263,#14373);
#14373 = DEFINITIONAL_REPRESENTATION('',(#14374),#14378);
#14374 = LINE('',#14375,#14376);
#14375 = CARTESIAN_POINT('',(0.,250.));
#14376 = VECTOR('',#14377,1.);
#14377 = DIRECTION('',(1.,0.));
#14378 = ( GEOMETRIC_REPRESENTATION_CONTEXT(2) 
PARAMETRIC_REPRESENTATION_CONTEXT() REPRESENTATION_CONTEXT('2D SPACE',''
  ) );
#14379 = ORIENTED_EDGE('',*,*,#14380,.F.);
#14380 = EDGE_CURVE('',#14307,#14358,#14381,.T.);
#14381 = SURFACE_CURVE('',#14382,(#14386,#14393),.PCURVE_S1.);
#14382 = LINE('',#14383,#14384);
#14383 = CARTESIAN_POINT('',(125.,438.,64.));
#14384 = VECTOR('',#14385,1.);
#14385 = DIRECTION('',(0.,1.,0.));
#14386 = PCURVE('',#14315,#14387);
#14387 = DEFINITIONAL_REPRESENTATION('',(#14388),#14392);
#14388 = LINE('',#14389,#14390);
#14389 = CARTESIAN_POINT('',(14.,0.));
#14390 = VECTOR('',#14391,1.);
#14391 = DIRECTION('',(0.,-1.));
#14392 = ( GEOMETRIC_REPRESENTATION_CONTEXT(2) 
PARAMETRIC_REPRESENTATION_CONTEXT() REPRESENTATION_CONTEXT('2D SPACE',''
  ) );
#14393 = PCURVE('',#14289,#14394);
#14394 = DEFINITIONAL_REPRESENTATION('',(#14395),#14399);
#14395 = LINE('',#14396,#14397);
#14396 = CARTESIAN_POINT('',(250.,0.));
#14397 = VECTOR('',#14398,1.);
#14398 = DIRECTION('',(0.,1.));
#14399 = ( GEOMETRIC_REPRESENTATION_CONTEXT(2) 
PARAMETRIC_REPRESENTATION_CONTEXT() REPRESENTATION_CONTEXT('2D SPACE',''
  ) );
#14400 = ADVANCED_FACE('',(#14401),#14207,.F.);
#14401 = FACE_BOUND('',#14402,.F.);
#14402 = EDGE_LOOP('',(#14403,#14424,#14425,#14446));
#14403 = ORIENTED_EDGE('',*,*,#14404,.F.);
#14404 = EDGE_CURVE('',#14185,#14305,#14405,.T.);
#14405 = SURFACE_CURVE('',#14406,(#14410,#14417),.PCURVE_S1.);
#14406 = LINE('',#14407,#14408);
#14407 = CARTESIAN_POINT('',(-125.,438.,50.));
#14408 = VECTOR('',#14409,1.);
#14409 = DIRECTION('',(1.,0.,0.));
#14410 = PCURVE('',#14207,#14411);
#14411 = DEFINITIONAL_REPRESENTATION('',(#14412),#14416);
#14412 = LINE('',#14413,#14414);
#14413 = CARTESIAN_POINT('',(0.,0.));
#14414 = VECTOR('',#14415,1.);
#14415 = DIRECTION('',(0.,1.));
#14416 = ( GEOMETRIC_REPRESENTATION_CONTEXT(2) 
PARAMETRIC_REPRESENTATION_CONTEXT() REPRESENTATION_CONTEXT('2D SPACE',''
  ) );
#14417 = PCURVE('',#14235,#14418);
#14418 = DEFINITIONAL_REPRESENTATION('',(#14419),#14423);
#14419 = LINE('',#14420,#14421);
#14420 = CARTESIAN_POINT('',(0.,0.));
#14421 = VECTOR('',#14422,1.);
#14422 = DIRECTION('',(1.,0.));
#14423 = ( GEOMETRIC_REPRESENTATION_CONTEXT(2) 
PARAMETRIC_REPRESENTATION_CONTEXT() REPRESENTATION_CONTEXT('2D SPACE',''
  ) );
#14424 = ORIENTED_EDGE('',*,*,#14184,.T.);
#14425 = ORIENTED_EDGE('',*,*,#14426,.T.);
#14426 = EDGE_CURVE('',#14187,#14307,#14427,.T.);
#14427 = SURFACE_CURVE('',#14428,(#14432,#14439),.PCURVE_S1.);
#14428 = LINE('',#14429,#14430);
#14429 = CARTESIAN_POINT('',(-125.,438.,64.));
#14430 = VECTOR('',#14431,1.);
#14431 = DIRECTION('',(1.,0.,0.));
#14432 = PCURVE('',#14207,#14433);
#14433 = DEFINITIONAL_REPRESENTATION('',(#14434),#14438);
#14434 = LINE('',#14435,#14436);
#14435 = CARTESIAN_POINT('',(14.,0.));
#14436 = VECTOR('',#14437,1.);
#14437 = DIRECTION('',(0.,1.));
#14438 = ( GEOMETRIC_REPRESENTATION_CONTEXT(2) 
PARAMETRIC_REPRESENTATION_CONTEXT() REPRESENTATION_CONTEXT('2D SPACE',''
  ) );
#14439 = PCURVE('',#14289,#14440);
#14440 = DEFINITIONAL_REPRESENTATION('',(#14441),#14445);
#14441 = LINE('',#14442,#14443);
#14442 = CARTESIAN_POINT('',(0.,0.));
#14443 = VECTOR('',#14444,1.);
#14444 = DIRECTION('',(1.,0.));
#14445 = ( GEOMETRIC_REPRESENTATION_CONTEXT(2) 
PARAMETRIC_REPRESENTATION_CONTEXT() REPRESENTATION_CONTEXT('2D SPACE',''
  ) );
#14446 = ORIENTED_EDGE('',*,*,#14304,.F.);
#14447 = ADVANCED_FACE('',(#14448),#14263,.T.);
#14448 = FACE_BOUND('',#14449,.T.);
#14449 = EDGE_LOOP('',(#14450,#14471,#14472,#14493));
#14450 = ORIENTED_EDGE('',*,*,#14451,.F.);
#14451 = EDGE_CURVE('',#14220,#14335,#14452,.T.);
#14452 = SURFACE_CURVE('',#14453,(#14457,#14464),.PCURVE_S1.);
#14453 = LINE('',#14454,#14455);
#14454 = CARTESIAN_POINT('',(-125.,446.,50.));
#14455 = VECTOR('',#14456,1.);
#14456 = DIRECTION('',(1.,0.,0.));
#14457 = PCURVE('',#14263,#14458);
#14458 = DEFINITIONAL_REPRESENTATION('',(#14459),#14463);
#14459 = LINE('',#14460,#14461);
#14460 = CARTESIAN_POINT('',(0.,0.));
#14461 = VECTOR('',#14462,1.);
#14462 = DIRECTION('',(0.,1.));
#14463 = ( GEOMETRIC_REPRESENTATION_CONTEXT(2) 
PARAMETRIC_REPRESENTATION_CONTEXT() REPRESENTATION_CONTEXT('2D SPACE',''
  ) );
#14464 = PCURVE('',#14235,#14465);
#14465 = DEFINITIONAL_REPRESENTATION('',(#14466),#14470);
#14466 = LINE('',#14467,#14468);
#14467 = CARTESIAN_POINT('',(0.,8.));
#14468 = VECTOR('',#14469,1.);
#14469 = DIRECTION('',(1.,0.));
#14470 = ( GEOMETRIC_REPRESENTATION_CONTEXT(2) 
PARAMETRIC_REPRESENTATION_CONTEXT() REPRESENTATION_CONTEXT('2D SPACE',''
  ) );
#14471 = ORIENTED_EDGE('',*,*,#14247,.T.);
#14472 = ORIENTED_EDGE('',*,*,#14473,.T.);
#14473 = EDGE_CURVE('',#14248,#14358,#14474,.T.);
#14474 = SURFACE_CURVE('',#14475,(#14479,#14486),.PCURVE_S1.);
#14475 = LINE('',#14476,#14477);
#14476 = CARTESIAN_POINT('',(-125.,446.,64.));
#14477 = VECTOR('',#14478,1.);
#14478 = DIRECTION('',(1.,0.,0.));
#14479 = PCURVE('',#14263,#14480);
#14480 = DEFINITIONAL_REPRESENTATION('',(#14481),#14485);
#14481 = LINE('',#14482,#14483);
#14482 = CARTESIAN_POINT('',(14.,0.));
#14483 = VECTOR('',#14484,1.);
#14484 = DIRECTION('',(0.,1.));
#14485 = ( GEOMETRIC_REPRESENTATION_CONTEXT(2) 
PARAMETRIC_REPRESENTATION_CONTEXT() REPRESENTATION_CONTEXT('2D SPACE',''
  ) );
#14486 = PCURVE('',#14289,#14487);
#14487 = DEFINITIONAL_REPRESENTATION('',(#14488),#14492);
#14488 = LINE('',#14489,#14490);
#14489 = CARTESIAN_POINT('',(0.,8.));
#14490 = VECTOR('',#14491,1.);
#14491 = DIRECTION('',(1.,0.));
#14492 = ( GEOMETRIC_REPRESENTATION_CONTEXT(2) 
PARAMETRIC_REPRESENTATION_CONTEXT() REPRESENTATION_CONTEXT('2D SPACE',''
  ) );
#14493 = ORIENTED_EDGE('',*,*,#14357,.F.);
#14494 = ADVANCED_FACE('',(#14495),#14235,.F.);
#14495 = FACE_BOUND('',#14496,.F.);
#14496 = EDGE_LOOP('',(#14497,#14498,#14499,#14500));
#14497 = ORIENTED_EDGE('',*,*,#14219,.F.);
#14498 = ORIENTED_EDGE('',*,*,#14404,.T.);
#14499 = ORIENTED_EDGE('',*,*,#14334,.T.);
#14500 = ORIENTED_EDGE('',*,*,#14451,.F.);
#14501 = ADVANCED_FACE('',(#14502),#14289,.T.);
#14502 = FACE_BOUND('',#14503,.T.);
#14503 = EDGE_LOOP('',(#14504,#14505,#14506,#14507));
#14504 = ORIENTED_EDGE('',*,*,#14275,.F.);
#14505 = ORIENTED_EDGE('',*,*,#14426,.T.);
#14506 = ORIENTED_EDGE('',*,*,#14380,.T.);
#14507 = ORIENTED_EDGE('',*,*,#14473,.F.);
#14508 = ( GEOMETRIC_REPRESENTATION_CONTEXT(3) 
GLOBAL_UNCERTAINTY_ASSIGNED_CONTEXT((#14512)) 
GLOBAL_UNIT_ASSIGNED_CONTEXT((#14509,#14510,#14511)) 
REPRESENTATION_CONTEXT('Context #1',
  '3D Context with UNIT and UNCERTAINTY') );
#14509 = ( LENGTH_UNIT() NAMED_UNIT(*) SI_UNIT(.MILLI.,.METRE.) );
#14510 = ( NAMED_UNIT(*) PLANE_ANGLE_UNIT() SI_UNIT($,.RADIAN.) );
#14511 = ( NAMED_UNIT(*) SI_UNIT($,.STERADIAN.) SOLID_ANGLE_UNIT() );
#14512 = UNCERTAINTY_MEASURE_WITH_UNIT(LENGTH_MEASURE(1.E-07),#14509,
  'distance_accuracy_value','confusion accuracy');
#14513 = CONTEXT_DEPENDENT_SHAPE_REPRESENTATION(#14514,#14516);
#14514 = ( REPRESENTATION_RELATIONSHIP('','',#14177,#10) 
REPRESENTATION_RELATIONSHIP_WITH_TRANSFORMATION(#14515) 
SHAPE_REPRESENTATION_RELATIONSHIP() );
#14515 = ITEM_DEFINED_TRANSFORMATION('','',#11,#35);
#14516 = PRODUCT_DEFINITION_SHAPE('Placement','Placement of an item',
  #14517);
#14517 = NEXT_ASSEMBLY_USAGE_OCCURRENCE('28','uv_inner','',#5,#14172,$);
#14518 = PRODUCT_RELATED_PRODUCT_CATEGORY('part',$,(#14174));
#14519 = SHAPE_DEFINITION_REPRESENTATION(#14520,#14526);
#14520 = PRODUCT_DEFINITION_SHAPE('','',#14521);
#14521 = PRODUCT_DEFINITION('design','',#14522,#14525);
#14522 = PRODUCT_DEFINITION_FORMATION('','',#14523);
#14523 = PRODUCT('cassette','cassette','',(#14524));
#14524 = PRODUCT_CONTEXT('',#2,'mechanical');
#14525 = PRODUCT_DEFINITION_CONTEXT('part definition',#2,'design');
#14526 = ADVANCED_BREP_SHAPE_REPRESENTATION('',(#11,#14527),#15609);
#14527 = MANIFOLD_SOLID_BREP('',#14528);
#14528 = CLOSED_SHELL('',(#14529,#14649,#14736,#14815,#14979,#15029,
    #15083,#15132,#15296,#15322,#15371,#15421,#15471,#15498,#15524,
    #15550,#15576,#15602));
#14529 = ADVANCED_FACE('',(#14530),#14544,.F.);
#14530 = FACE_BOUND('',#14531,.F.);
#14531 = EDGE_LOOP('',(#14532,#14567,#14595,#14623));
#14532 = ORIENTED_EDGE('',*,*,#14533,.T.);
#14533 = EDGE_CURVE('',#14534,#14536,#14538,.T.);
#14534 = VERTEX_POINT('',#14535);
#14535 = CARTESIAN_POINT('',(-108.,6.,6.));
#14536 = VERTEX_POINT('',#14537);
#14537 = CARTESIAN_POINT('',(-108.,6.,66.));
#14538 = SURFACE_CURVE('',#14539,(#14543,#14555),.PCURVE_S1.);
#14539 = LINE('',#14540,#14541);
#14540 = CARTESIAN_POINT('',(-108.,6.,6.));
#14541 = VECTOR('',#14542,1.);
#14542 = DIRECTION('',(0.,0.,1.));
#14543 = PCURVE('',#14544,#14549);
#14544 = PLANE('',#14545);
#14545 = AXIS2_PLACEMENT_3D('',#14546,#14547,#14548);
#14546 = CARTESIAN_POINT('',(-148.,6.,6.));
#14547 = DIRECTION('',(0.,1.,0.));
#14548 = DIRECTION('',(1.,0.,0.));
#14549 = DEFINITIONAL_REPRESENTATION('',(#14550),#14554);
#14550 = LINE('',#14551,#14552);
#14551 = CARTESIAN_POINT('',(40.,0.));
#14552 = VECTOR('',#14553,1.);
#14553 = DIRECTION('',(0.,-1.));
#14554 = ( GEOMETRIC_REPRESENTATION_CONTEXT(2) 
PARAMETRIC_REPRESENTATION_CONTEXT() REPRESENTATION_CONTEXT('2D SPACE',''
  ) );
#14555 = PCURVE('',#14556,#14561);
#14556 = CYLINDRICAL_SURFACE('',#14557,40.);
#14557 = AXIS2_PLACEMENT_3D('',#14558,#14559,#14560);
#14558 = CARTESIAN_POINT('',(-108.,46.,6.));
#14559 = DIRECTION('',(0.,0.,1.));
#14560 = DIRECTION('',(0.,-1.,0.));
#14561 = DEFINITIONAL_REPRESENTATION('',(#14562),#14566);
#14562 = LINE('',#14563,#14564);
#14563 = CARTESIAN_POINT('',(-0.,0.));
#14564 = VECTOR('',#14565,1.);
#14565 = DIRECTION('',(-0.,1.));
#14566 = ( GEOMETRIC_REPRESENTATION_CONTEXT(2) 
PARAMETRIC_REPRESENTATION_CONTEXT() REPRESENTATION_CONTEXT('2D SPACE',''
  ) );
#14567 = ORIENTED_EDGE('',*,*,#14568,.T.);
#14568 = EDGE_CURVE('',#14536,#14569,#14571,.T.);
#14569 = VERTEX_POINT('',#14570);
#14570 = CARTESIAN_POINT('',(108.,6.,66.));
#14571 = SURFACE_CURVE('',#14572,(#14576,#14583),.PCURVE_S1.);
#14572 = LINE('',#14573,#14574);
#14573 = CARTESIAN_POINT('',(-108.,6.,66.));
#14574 = VECTOR('',#14575,1.);
#14575 = DIRECTION('',(1.,0.,0.));
#14576 = PCURVE('',#14544,#14577);
#14577 = DEFINITIONAL_REPRESENTATION('',(#14578),#14582);
#14578 = LINE('',#14579,#14580);
#14579 = CARTESIAN_POINT('',(40.,-60.));
#14580 = VECTOR('',#14581,1.);
#14581 = DIRECTION('',(1.,0.));
#14582 = ( GEOMETRIC_REPRESENTATION_CONTEXT(2) 
PARAMETRIC_REPRESENTATION_CONTEXT() REPRESENTATION_CONTEXT('2D SPACE',''
  ) );
#14583 = PCURVE('',#14584,#14589);
#14584 = CYLINDRICAL_SURFACE('',#14585,10.);
#14585 = AXIS2_PLACEMENT_3D('',#14586,#14587,#14588);
#14586 = CARTESIAN_POINT('',(-108.,16.,66.));
#14587 = DIRECTION('',(1.,0.,0.));
#14588 = DIRECTION('',(0.,-1.,-0.));
#14589 = DEFINITIONAL_REPRESENTATION('',(#14590),#14594);
#14590 = LINE('',#14591,#14592);
#14591 = CARTESIAN_POINT('',(-0.,0.));
#14592 = VECTOR('',#14593,1.);
#14593 = DIRECTION('',(-0.,1.));
#14594 = ( GEOMETRIC_REPRESENTATION_CONTEXT(2) 
PARAMETRIC_REPRESENTATION_CONTEXT() REPRESENTATION_CONTEXT('2D SPACE',''
  ) );
#14595 = ORIENTED_EDGE('',*,*,#14596,.F.);
#14596 = EDGE_CURVE('',#14597,#14569,#14599,.T.);
#14597 = VERTEX_POINT('',#14598);
#14598 = CARTESIAN_POINT('',(108.,6.,6.));
#14599 = SURFACE_CURVE('',#14600,(#14604,#14611),.PCURVE_S1.);
#14600 = LINE('',#14601,#14602);
#14601 = CARTESIAN_POINT('',(108.,6.,6.));
#14602 = VECTOR('',#14603,1.);
#14603 = DIRECTION('',(0.,0.,1.));
#14604 = PCURVE('',#14544,#14605);
#14605 = DEFINITIONAL_REPRESENTATION('',(#14606),#14610);
#14606 = LINE('',#14607,#14608);
#14607 = CARTESIAN_POINT('',(256.,0.));
#14608 = VECTOR('',#14609,1.);
#14609 = DIRECTION('',(0.,-1.));
#14610 = ( GEOMETRIC_REPRESENTATION_CONTEXT(2) 
PARAMETRIC_REPRESENTATION_CONTEXT() REPRESENTATION_CONTEXT('2D SPACE',''
  ) );
#14611 = PCURVE('',#14612,#14617);
#14612 = CYLINDRICAL_SURFACE('',#14613,40.);
#14613 = AXIS2_PLACEMENT_3D('',#14614,#14615,#14616);
#14614 = CARTESIAN_POINT('',(108.,46.,6.));
#14615 = DIRECTION('',(0.,0.,1.));
#14616 = DIRECTION('',(0.,-1.,0.));
#14617 = DEFINITIONAL_REPRESENTATION('',(#14618),#14622);
#14618 = LINE('',#14619,#14620);
#14619 = CARTESIAN_POINT('',(0.,0.));
#14620 = VECTOR('',#14621,1.);
#14621 = DIRECTION('',(0.,1.));
#14622 = ( GEOMETRIC_REPRESENTATION_CONTEXT(2) 
PARAMETRIC_REPRESENTATION_CONTEXT() REPRESENTATION_CONTEXT('2D SPACE',''
  ) );
#14623 = ORIENTED_EDGE('',*,*,#14624,.F.);
#14624 = EDGE_CURVE('',#14534,#14597,#14625,.T.);
#14625 = SURFACE_CURVE('',#14626,(#14630,#14637),.PCURVE_S1.);
#14626 = LINE('',#14627,#14628);
#14627 = CARTESIAN_POINT('',(-148.,6.,6.));
#14628 = VECTOR('',#14629,1.);
#14629 = DIRECTION('',(1.,0.,0.));
#14630 = PCURVE('',#14544,#14631);
#14631 = DEFINITIONAL_REPRESENTATION('',(#14632),#14636);
#14632 = LINE('',#14633,#14634);
#14633 = CARTESIAN_POINT('',(0.,0.));
#14634 = VECTOR('',#14635,1.);
#14635 = DIRECTION('',(1.,0.));
#14636 = ( GEOMETRIC_REPRESENTATION_CONTEXT(2) 
PARAMETRIC_REPRESENTATION_CONTEXT() REPRESENTATION_CONTEXT('2D SPACE',''
  ) );
#14637 = PCURVE('',#14638,#14643);
#14638 = PLANE('',#14639);
#14639 = AXIS2_PLACEMENT_3D('',#14640,#14641,#14642);
#14640 = CARTESIAN_POINT('',(0.,70.,6.));
#14641 = DIRECTION('',(0.,0.,1.));
#14642 = DIRECTION('',(1.,0.,-0.));
#14643 = DEFINITIONAL_REPRESENTATION('',(#14644),#14648);
#14644 = LINE('',#14645,#14646);
#14645 = CARTESIAN_POINT('',(-148.,-64.));
#14646 = VECTOR('',#14647,1.);
#14647 = DIRECTION('',(1.,0.));
#14648 = ( GEOMETRIC_REPRESENTATION_CONTEXT(2) 
PARAMETRIC_REPRESENTATION_CONTEXT() REPRESENTATION_CONTEXT('2D SPACE',''
  ) );
#14649 = ADVANCED_FACE('',(#14650),#14556,.T.);
#14650 = FACE_BOUND('',#14651,.F.);
#14651 = EDGE_LOOP('',(#14652,#14653,#14681,#14709));
#14652 = ORIENTED_EDGE('',*,*,#14533,.F.);
#14653 = ORIENTED_EDGE('',*,*,#14654,.T.);
#14654 = EDGE_CURVE('',#14534,#14655,#14657,.T.);
#14655 = VERTEX_POINT('',#14656);
#14656 = CARTESIAN_POINT('',(-148.,46.,6.));
#14657 = SURFACE_CURVE('',#14658,(#14663,#14670),.PCURVE_S1.);
#14658 = CIRCLE('',#14659,40.);
#14659 = AXIS2_PLACEMENT_3D('',#14660,#14661,#14662);
#14660 = CARTESIAN_POINT('',(-108.,46.,6.));
#14661 = DIRECTION('',(-0.,-0.,-1.));
#14662 = DIRECTION('',(0.,-1.,0.));
#14663 = PCURVE('',#14556,#14664);
#14664 = DEFINITIONAL_REPRESENTATION('',(#14665),#14669);
#14665 = LINE('',#14666,#14667);
#14666 = CARTESIAN_POINT('',(-0.,0.));
#14667 = VECTOR('',#14668,1.);
#14668 = DIRECTION('',(-1.,0.));
#14669 = ( GEOMETRIC_REPRESENTATION_CONTEXT(2) 
PARAMETRIC_REPRESENTATION_CONTEXT() REPRESENTATION_CONTEXT('2D SPACE',''
  ) );
#14670 = PCURVE('',#14638,#14671);
#14671 = DEFINITIONAL_REPRESENTATION('',(#14672),#14680);
#14672 = ( BOUNDED_CURVE() B_SPLINE_CURVE(2,(#14673,#14674,#14675,#14676
    ,#14677,#14678,#14679),.UNSPECIFIED.,.T.,.F.) 
B_SPLINE_CURVE_WITH_KNOTS((1,2,2,2,2,1),(-2.094395102393,0.,
    2.094395102393,4.188790204786,6.28318530718,8.377580409573),
.UNSPECIFIED.) CURVE() GEOMETRIC_REPRESENTATION_ITEM() 
RATIONAL_B_SPLINE_CURVE((1.,0.5,1.,0.5,1.,0.5,1.)) REPRESENTATION_ITEM(
  '') );
#14673 = CARTESIAN_POINT('',(-108.,-64.));
#14674 = CARTESIAN_POINT('',(-177.2820323027,-64.));
#14675 = CARTESIAN_POINT('',(-142.6410161513,-4.));
#14676 = CARTESIAN_POINT('',(-108.,56.));
#14677 = CARTESIAN_POINT('',(-73.35898384862,-4.));
#14678 = CARTESIAN_POINT('',(-38.71796769724,-64.));
#14679 = CARTESIAN_POINT('',(-108.,-64.));
#14680 = ( GEOMETRIC_REPRESENTATION_CONTEXT(2) 
PARAMETRIC_REPRESENTATION_CONTEXT() REPRESENTATION_CONTEXT('2D SPACE',''
  ) );
#14681 = ORIENTED_EDGE('',*,*,#14682,.T.);
#14682 = EDGE_CURVE('',#14655,#14683,#14685,.T.);
#14683 = VERTEX_POINT('',#14684);
#14684 = CARTESIAN_POINT('',(-148.,46.,66.));
#14685 = SURFACE_CURVE('',#14686,(#14690,#14697),.PCURVE_S1.);
#14686 = LINE('',#14687,#14688);
#14687 = CARTESIAN_POINT('',(-148.,46.,6.));
#14688 = VECTOR('',#14689,1.);
#14689 = DIRECTION('',(0.,0.,1.));
#14690 = PCURVE('',#14556,#14691);
#14691 = DEFINITIONAL_REPRESENTATION('',(#14692),#14696);
#14692 = LINE('',#14693,#14694);
#14693 = CARTESIAN_POINT('',(-1.570796326795,0.));
#14694 = VECTOR('',#14695,1.);
#14695 = DIRECTION('',(-0.,1.));
#14696 = ( GEOMETRIC_REPRESENTATION_CONTEXT(2) 
PARAMETRIC_REPRESENTATION_CONTEXT() REPRESENTATION_CONTEXT('2D SPACE',''
  ) );
#14697 = PCURVE('',#14698,#14703);
#14698 = PLANE('',#14699);
#14699 = AXIS2_PLACEMENT_3D('',#14700,#14701,#14702);
#14700 = CARTESIAN_POINT('',(-148.,134.,6.));
#14701 = DIRECTION('',(1.,0.,-0.));
#14702 = DIRECTION('',(0.,-1.,0.));
#14703 = DEFINITIONAL_REPRESENTATION('',(#14704),#14708);
#14704 = LINE('',#14705,#14706);
#14705 = CARTESIAN_POINT('',(88.,0.));
#14706 = VECTOR('',#14707,1.);
#14707 = DIRECTION('',(0.,-1.));
#14708 = ( GEOMETRIC_REPRESENTATION_CONTEXT(2) 
PARAMETRIC_REPRESENTATION_CONTEXT() REPRESENTATION_CONTEXT('2D SPACE',''
  ) );
#14709 = ORIENTED_EDGE('',*,*,#14710,.T.);
#14710 = EDGE_CURVE('',#14683,#14536,#14711,.T.);
#14711 = SURFACE_CURVE('',#14712,(#14717,#14724),.PCURVE_S1.);
#14712 = CIRCLE('',#14713,40.);
#14713 = AXIS2_PLACEMENT_3D('',#14714,#14715,#14716);
#14714 = CARTESIAN_POINT('',(-108.,46.,66.));
#14715 = DIRECTION('',(0.,0.,1.));
#14716 = DIRECTION('',(-1.,0.,0.));
#14717 = PCURVE('',#14556,#14718);
#14718 = DEFINITIONAL_REPRESENTATION('',(#14719),#14723);
#14719 = LINE('',#14720,#14721);
#14720 = CARTESIAN_POINT('',(-1.570796326795,60.));
#14721 = VECTOR('',#14722,1.);
#14722 = DIRECTION('',(1.,-0.));
#14723 = ( GEOMETRIC_REPRESENTATION_CONTEXT(2) 
PARAMETRIC_REPRESENTATION_CONTEXT() REPRESENTATION_CONTEXT('2D SPACE',''
  ) );
#14724 = PCURVE('',#14725,#14730);
#14725 = TOROIDAL_SURFACE('',#14726,30.,10.);
#14726 = AXIS2_PLACEMENT_3D('',#14727,#14728,#14729);
#14727 = CARTESIAN_POINT('',(-108.,46.,66.));
#14728 = DIRECTION('',(0.,0.,1.));
#14729 = DIRECTION('',(-1.,0.,0.));
#14730 = DEFINITIONAL_REPRESENTATION('',(#14731),#14735);
#14731 = LINE('',#14732,#14733);
#14732 = CARTESIAN_POINT('',(0.,0.));
#14733 = VECTOR('',#14734,1.);
#14734 = DIRECTION('',(1.,0.));
#14735 = ( GEOMETRIC_REPRESENTATION_CONTEXT(2) 
PARAMETRIC_REPRESENTATION_CONTEXT() REPRESENTATION_CONTEXT('2D SPACE',''
  ) );
#14736 = ADVANCED_FACE('',(#14737),#14584,.T.);
#14737 = FACE_BOUND('',#14738,.F.);
#14738 = EDGE_LOOP('',(#14739,#14761,#14789,#14814));
#14739 = ORIENTED_EDGE('',*,*,#14740,.T.);
#14740 = EDGE_CURVE('',#14536,#14741,#14743,.T.);
#14741 = VERTEX_POINT('',#14742);
#14742 = CARTESIAN_POINT('',(-108.,16.,76.));
#14743 = SURFACE_CURVE('',#14744,(#14749,#14755),.PCURVE_S1.);
#14744 = CIRCLE('',#14745,10.);
#14745 = AXIS2_PLACEMENT_3D('',#14746,#14747,#14748);
#14746 = CARTESIAN_POINT('',(-108.,16.,66.));
#14747 = DIRECTION('',(-1.,-0.,0.));
#14748 = DIRECTION('',(0.,-1.,0.));
#14749 = PCURVE('',#14584,#14750);
#14750 = DEFINITIONAL_REPRESENTATION('',(#14751),#14754);
#14751 = B_SPLINE_CURVE_WITH_KNOTS('',1,(#14752,#14753),.UNSPECIFIED.,
  .F.,.F.,(2,2),(0.,1.570796326795),.PIECEWISE_BEZIER_KNOTS.);
#14752 = CARTESIAN_POINT('',(0.,0.));
#14753 = CARTESIAN_POINT('',(-1.570796326795,0.));
#14754 = ( GEOMETRIC_REPRESENTATION_CONTEXT(2) 
PARAMETRIC_REPRESENTATION_CONTEXT() REPRESENTATION_CONTEXT('2D SPACE',''
  ) );
#14755 = PCURVE('',#14725,#14756);
#14756 = DEFINITIONAL_REPRESENTATION('',(#14757),#14760);
#14757 = B_SPLINE_CURVE_WITH_KNOTS('',1,(#14758,#14759),.UNSPECIFIED.,
  .F.,.F.,(2,2),(0.,1.570796326795),.PIECEWISE_BEZIER_KNOTS.);
#14758 = CARTESIAN_POINT('',(1.570796326795,0.));
#14759 = CARTESIAN_POINT('',(1.570796326795,1.570796326795));
#14760 = ( GEOMETRIC_REPRESENTATION_CONTEXT(2) 
PARAMETRIC_REPRESENTATION_CONTEXT() REPRESENTATION_CONTEXT('2D SPACE',''
  ) );
#14761 = ORIENTED_EDGE('',*,*,#14762,.T.);
#14762 = EDGE_CURVE('',#14741,#14763,#14765,.T.);
#14763 = VERTEX_POINT('',#14764);
#14764 = CARTESIAN_POINT('',(108.,16.,76.));
#14765 = SURFACE_CURVE('',#14766,(#14770,#14777),.PCURVE_S1.);
#14766 = LINE('',#14767,#14768);
#14767 = CARTESIAN_POINT('',(-108.,16.,76.));
#14768 = VECTOR('',#14769,1.);
#14769 = DIRECTION('',(1.,0.,0.));
#14770 = PCURVE('',#14584,#14771);
#14771 = DEFINITIONAL_REPRESENTATION('',(#14772),#14776);
#14772 = LINE('',#14773,#14774);
#14773 = CARTESIAN_POINT('',(-1.570796326795,0.));
#14774 = VECTOR('',#14775,1.);
#14775 = DIRECTION('',(-0.,1.));
#14776 = ( GEOMETRIC_REPRESENTATION_CONTEXT(2) 
PARAMETRIC_REPRESENTATION_CONTEXT() REPRESENTATION_CONTEXT('2D SPACE',''
  ) );
#14777 = PCURVE('',#14778,#14783);
#14778 = PLANE('',#14779);
#14779 = AXIS2_PLACEMENT_3D('',#14780,#14781,#14782);
#14780 = CARTESIAN_POINT('',(0.,70.,76.));
#14781 = DIRECTION('',(0.,0.,1.));
#14782 = DIRECTION('',(1.,0.,-0.));
#14783 = DEFINITIONAL_REPRESENTATION('',(#14784),#14788);
#14784 = LINE('',#14785,#14786);
#14785 = CARTESIAN_POINT('',(-108.,-54.));
#14786 = VECTOR('',#14787,1.);
#14787 = DIRECTION('',(1.,0.));
#14788 = ( GEOMETRIC_REPRESENTATION_CONTEXT(2) 
PARAMETRIC_REPRESENTATION_CONTEXT() REPRESENTATION_CONTEXT('2D SPACE',''
  ) );
#14789 = ORIENTED_EDGE('',*,*,#14790,.F.);
#14790 = EDGE_CURVE('',#14569,#14763,#14791,.T.);
#14791 = SURFACE_CURVE('',#14792,(#14797,#14803),.PCURVE_S1.);
#14792 = CIRCLE('',#14793,10.);
#14793 = AXIS2_PLACEMENT_3D('',#14794,#14795,#14796);
#14794 = CARTESIAN_POINT('',(108.,16.,66.));
#14795 = DIRECTION('',(-1.,-0.,0.));
#14796 = DIRECTION('',(0.,-1.,0.));
#14797 = PCURVE('',#14584,#14798);
#14798 = DEFINITIONAL_REPRESENTATION('',(#14799),#14802);
#14799 = B_SPLINE_CURVE_WITH_KNOTS('',1,(#14800,#14801),.UNSPECIFIED.,
  .F.,.F.,(2,2),(0.,1.570796326795),.PIECEWISE_BEZIER_KNOTS.);
#14800 = CARTESIAN_POINT('',(0.,216.));
#14801 = CARTESIAN_POINT('',(-1.570796326795,216.));
#14802 = ( GEOMETRIC_REPRESENTATION_CONTEXT(2) 
PARAMETRIC_REPRESENTATION_CONTEXT() REPRESENTATION_CONTEXT('2D SPACE',''
  ) );
#14803 = PCURVE('',#14804,#14809);
#14804 = TOROIDAL_SURFACE('',#14805,30.,10.);
#14805 = AXIS2_PLACEMENT_3D('',#14806,#14807,#14808);
#14806 = CARTESIAN_POINT('',(108.,46.,66.));
#14807 = DIRECTION('',(0.,0.,1.));
#14808 = DIRECTION('',(0.,-1.,0.));
#14809 = DEFINITIONAL_REPRESENTATION('',(#14810),#14813);
#14810 = B_SPLINE_CURVE_WITH_KNOTS('',1,(#14811,#14812),.UNSPECIFIED.,
  .F.,.F.,(2,2),(0.,1.570796326795),.PIECEWISE_BEZIER_KNOTS.);
#14811 = CARTESIAN_POINT('',(0.,0.));
#14812 = CARTESIAN_POINT('',(0.,1.570796326795));
#14813 = ( GEOMETRIC_REPRESENTATION_CONTEXT(2) 
PARAMETRIC_REPRESENTATION_CONTEXT() REPRESENTATION_CONTEXT('2D SPACE',''
  ) );
#14814 = ORIENTED_EDGE('',*,*,#14568,.F.);
#14815 = ADVANCED_FACE('',(#14816),#14638,.F.);
#14816 = FACE_BOUND('',#14817,.F.);
#14817 = EDGE_LOOP('',(#14818,#14819,#14843,#14871,#14900,#14928,#14957,
    #14978));
#14818 = ORIENTED_EDGE('',*,*,#14624,.T.);
#14819 = ORIENTED_EDGE('',*,*,#14820,.T.);
#14820 = EDGE_CURVE('',#14597,#14821,#14823,.T.);
#14821 = VERTEX_POINT('',#14822);
#14822 = CARTESIAN_POINT('',(148.,46.,6.));
#14823 = SURFACE_CURVE('',#14824,(#14829,#14836),.PCURVE_S1.);
#14824 = CIRCLE('',#14825,40.);
#14825 = AXIS2_PLACEMENT_3D('',#14826,#14827,#14828);
#14826 = CARTESIAN_POINT('',(108.,46.,6.));
#14827 = DIRECTION('',(0.,0.,1.));
#14828 = DIRECTION('',(0.,-1.,0.));
#14829 = PCURVE('',#14638,#14830);
#14830 = DEFINITIONAL_REPRESENTATION('',(#14831),#14835);
#14831 = CIRCLE('',#14832,40.);
#14832 = AXIS2_PLACEMENT_2D('',#14833,#14834);
#14833 = CARTESIAN_POINT('',(108.,-24.));
#14834 = DIRECTION('',(0.,-1.));
#14835 = ( GEOMETRIC_REPRESENTATION_CONTEXT(2) 
PARAMETRIC_REPRESENTATION_CONTEXT() REPRESENTATION_CONTEXT('2D SPACE',''
  ) );
#14836 = PCURVE('',#14612,#14837);
#14837 = DEFINITIONAL_REPRESENTATION('',(#14838),#14842);
#14838 = LINE('',#14839,#14840);
#14839 = CARTESIAN_POINT('',(0.,0.));
#14840 = VECTOR('',#14841,1.);
#14841 = DIRECTION('',(1.,0.));
#14842 = ( GEOMETRIC_REPRESENTATION_CONTEXT(2) 
PARAMETRIC_REPRESENTATION_CONTEXT() REPRESENTATION_CONTEXT('2D SPACE',''
  ) );
#14843 = ORIENTED_EDGE('',*,*,#14844,.T.);
#14844 = EDGE_CURVE('',#14821,#14845,#14847,.T.);
#14845 = VERTEX_POINT('',#14846);
#14846 = CARTESIAN_POINT('',(148.,94.,6.));
#14847 = SURFACE_CURVE('',#14848,(#14852,#14859),.PCURVE_S1.);
#14848 = LINE('',#14849,#14850);
#14849 = CARTESIAN_POINT('',(148.,6.,6.));
#14850 = VECTOR('',#14851,1.);
#14851 = DIRECTION('',(0.,1.,0.));
#14852 = PCURVE('',#14638,#14853);
#14853 = DEFINITIONAL_REPRESENTATION('',(#14854),#14858);
#14854 = LINE('',#14855,#14856);
#14855 = CARTESIAN_POINT('',(148.,-64.));
#14856 = VECTOR('',#14857,1.);
#14857 = DIRECTION('',(0.,1.));
#14858 = ( GEOMETRIC_REPRESENTATION_CONTEXT(2) 
PARAMETRIC_REPRESENTATION_CONTEXT() REPRESENTATION_CONTEXT('2D SPACE',''
  ) );
#14859 = PCURVE('',#14860,#14865);
#14860 = PLANE('',#14861);
#14861 = AXIS2_PLACEMENT_3D('',#14862,#14863,#14864);
#14862 = CARTESIAN_POINT('',(148.,6.,6.));
#14863 = DIRECTION('',(-1.,0.,0.));
#14864 = DIRECTION('',(0.,1.,0.));
#14865 = DEFINITIONAL_REPRESENTATION('',(#14866),#14870);
#14866 = LINE('',#14867,#14868);
#14867 = CARTESIAN_POINT('',(0.,0.));
#14868 = VECTOR('',#14869,1.);
#14869 = DIRECTION('',(1.,0.));
#14870 = ( GEOMETRIC_REPRESENTATION_CONTEXT(2) 
PARAMETRIC_REPRESENTATION_CONTEXT() REPRESENTATION_CONTEXT('2D SPACE',''
  ) );
#14871 = ORIENTED_EDGE('',*,*,#14872,.T.);
#14872 = EDGE_CURVE('',#14845,#14873,#14875,.T.);
#14873 = VERTEX_POINT('',#14874);
#14874 = CARTESIAN_POINT('',(108.,134.,6.));
#14875 = SURFACE_CURVE('',#14876,(#14881,#14888),.PCURVE_S1.);
#14876 = CIRCLE('',#14877,40.);
#14877 = AXIS2_PLACEMENT_3D('',#14878,#14879,#14880);
#14878 = CARTESIAN_POINT('',(108.,94.,6.));
#14879 = DIRECTION('',(0.,0.,1.));
#14880 = DIRECTION('',(0.,-1.,0.));
#14881 = PCURVE('',#14638,#14882);
#14882 = DEFINITIONAL_REPRESENTATION('',(#14883),#14887);
#14883 = CIRCLE('',#14884,40.);
#14884 = AXIS2_PLACEMENT_2D('',#14885,#14886);
#14885 = CARTESIAN_POINT('',(108.,24.));
#14886 = DIRECTION('',(0.,-1.));
#14887 = ( GEOMETRIC_REPRESENTATION_CONTEXT(2) 
PARAMETRIC_REPRESENTATION_CONTEXT() REPRESENTATION_CONTEXT('2D SPACE',''
  ) );
#14888 = PCURVE('',#14889,#14894);
#14889 = CYLINDRICAL_SURFACE('',#14890,40.);
#14890 = AXIS2_PLACEMENT_3D('',#14891,#14892,#14893);
#14891 = CARTESIAN_POINT('',(108.,94.,6.));
#14892 = DIRECTION('',(0.,0.,1.));
#14893 = DIRECTION('',(1.,0.,-0.));
#14894 = DEFINITIONAL_REPRESENTATION('',(#14895),#14899);
#14895 = LINE('',#14896,#14897);
#14896 = CARTESIAN_POINT('',(-1.570796326795,0.));
#14897 = VECTOR('',#14898,1.);
#14898 = DIRECTION('',(1.,0.));
#14899 = ( GEOMETRIC_REPRESENTATION_CONTEXT(2) 
PARAMETRIC_REPRESENTATION_CONTEXT() REPRESENTATION_CONTEXT('2D SPACE',''
  ) );
#14900 = ORIENTED_EDGE('',*,*,#14901,.T.);
#14901 = EDGE_CURVE('',#14873,#14902,#14904,.T.);
#14902 = VERTEX_POINT('',#14903);
#14903 = CARTESIAN_POINT('',(-108.,134.,6.));
#14904 = SURFACE_CURVE('',#14905,(#14909,#14916),.PCURVE_S1.);
#14905 = LINE('',#14906,#14907);
#14906 = CARTESIAN_POINT('',(148.,134.,6.));
#14907 = VECTOR('',#14908,1.);
#14908 = DIRECTION('',(-1.,0.,0.));
#14909 = PCURVE('',#14638,#14910);
#14910 = DEFINITIONAL_REPRESENTATION('',(#14911),#14915);
#14911 = LINE('',#14912,#14913);
#14912 = CARTESIAN_POINT('',(148.,64.));
#14913 = VECTOR('',#14914,1.);
#14914 = DIRECTION('',(-1.,0.));
#14915 = ( GEOMETRIC_REPRESENTATION_CONTEXT(2) 
PARAMETRIC_REPRESENTATION_CONTEXT() REPRESENTATION_CONTEXT('2D SPACE',''
  ) );
#14916 = PCURVE('',#14917,#14922);
#14917 = PLANE('',#14918);
#14918 = AXIS2_PLACEMENT_3D('',#14919,#14920,#14921);
#14919 = CARTESIAN_POINT('',(148.,134.,6.));
#14920 = DIRECTION('',(0.,-1.,0.));
#14921 = DIRECTION('',(-1.,0.,0.));
#14922 = DEFINITIONAL_REPRESENTATION('',(#14923),#14927);
#14923 = LINE('',#14924,#14925);
#14924 = CARTESIAN_POINT('',(0.,-0.));
#14925 = VECTOR('',#14926,1.);
#14926 = DIRECTION('',(1.,0.));
#14927 = ( GEOMETRIC_REPRESENTATION_CONTEXT(2) 
PARAMETRIC_REPRESENTATION_CONTEXT() REPRESENTATION_CONTEXT('2D SPACE',''
  ) );
#14928 = ORIENTED_EDGE('',*,*,#14929,.T.);
#14929 = EDGE_CURVE('',#14902,#14930,#14932,.T.);
#14930 = VERTEX_POINT('',#14931);
#14931 = CARTESIAN_POINT('',(-148.,94.,6.));
#14932 = SURFACE_CURVE('',#14933,(#14938,#14945),.PCURVE_S1.);
#14933 = CIRCLE('',#14934,40.);
#14934 = AXIS2_PLACEMENT_3D('',#14935,#14936,#14937);
#14935 = CARTESIAN_POINT('',(-108.,94.,6.));
#14936 = DIRECTION('',(0.,0.,1.));
#14937 = DIRECTION('',(0.,-1.,0.));
#14938 = PCURVE('',#14638,#14939);
#14939 = DEFINITIONAL_REPRESENTATION('',(#14940),#14944);
#14940 = CIRCLE('',#14941,40.);
#14941 = AXIS2_PLACEMENT_2D('',#14942,#14943);
#14942 = CARTESIAN_POINT('',(-108.,24.));
#14943 = DIRECTION('',(0.,-1.));
#14944 = ( GEOMETRIC_REPRESENTATION_CONTEXT(2) 
PARAMETRIC_REPRESENTATION_CONTEXT() REPRESENTATION_CONTEXT('2D SPACE',''
  ) );
#14945 = PCURVE('',#14946,#14951);
#14946 = CYLINDRICAL_SURFACE('',#14947,40.);
#14947 = AXIS2_PLACEMENT_3D('',#14948,#14949,#14950);
#14948 = CARTESIAN_POINT('',(-108.,94.,6.));
#14949 = DIRECTION('',(0.,0.,1.));
#14950 = DIRECTION('',(-0.,1.,0.));
#14951 = DEFINITIONAL_REPRESENTATION('',(#14952),#14956);
#14952 = LINE('',#14953,#14954);
#14953 = CARTESIAN_POINT('',(-3.14159265359,0.));
#14954 = VECTOR('',#14955,1.);
#14955 = DIRECTION('',(1.,0.));
#14956 = ( GEOMETRIC_REPRESENTATION_CONTEXT(2) 
PARAMETRIC_REPRESENTATION_CONTEXT() REPRESENTATION_CONTEXT('2D SPACE',''
  ) );
#14957 = ORIENTED_EDGE('',*,*,#14958,.T.);
#14958 = EDGE_CURVE('',#14930,#14655,#14959,.T.);
#14959 = SURFACE_CURVE('',#14960,(#14964,#14971),.PCURVE_S1.);
#14960 = LINE('',#14961,#14962);
#14961 = CARTESIAN_POINT('',(-148.,134.,6.));
#14962 = VECTOR('',#14963,1.);
#14963 = DIRECTION('',(0.,-1.,0.));
#14964 = PCURVE('',#14638,#14965);
#14965 = DEFINITIONAL_REPRESENTATION('',(#14966),#14970);
#14966 = LINE('',#14967,#14968);
#14967 = CARTESIAN_POINT('',(-148.,64.));
#14968 = VECTOR('',#14969,1.);
#14969 = DIRECTION('',(0.,-1.));
#14970 = ( GEOMETRIC_REPRESENTATION_CONTEXT(2) 
PARAMETRIC_REPRESENTATION_CONTEXT() REPRESENTATION_CONTEXT('2D SPACE',''
  ) );
#14971 = PCURVE('',#14698,#14972);
#14972 = DEFINITIONAL_REPRESENTATION('',(#14973),#14977);
#14973 = LINE('',#14974,#14975);
#14974 = CARTESIAN_POINT('',(0.,0.));
#14975 = VECTOR('',#14976,1.);
#14976 = DIRECTION('',(1.,0.));
#14977 = ( GEOMETRIC_REPRESENTATION_CONTEXT(2) 
PARAMETRIC_REPRESENTATION_CONTEXT() REPRESENTATION_CONTEXT('2D SPACE',''
  ) );
#14978 = ORIENTED_EDGE('',*,*,#14654,.F.);
#14979 = ADVANCED_FACE('',(#14980),#14612,.T.);
#14980 = FACE_BOUND('',#14981,.T.);
#14981 = EDGE_LOOP('',(#14982,#14983,#14984,#15007));
#14982 = ORIENTED_EDGE('',*,*,#14596,.F.);
#14983 = ORIENTED_EDGE('',*,*,#14820,.T.);
#14984 = ORIENTED_EDGE('',*,*,#14985,.T.);
#14985 = EDGE_CURVE('',#14821,#14986,#14988,.T.);
#14986 = VERTEX_POINT('',#14987);
#14987 = CARTESIAN_POINT('',(148.,46.,66.));
#14988 = SURFACE_CURVE('',#14989,(#14993,#15000),.PCURVE_S1.);
#14989 = LINE('',#14990,#14991);
#14990 = CARTESIAN_POINT('',(148.,46.,6.));
#14991 = VECTOR('',#14992,1.);
#14992 = DIRECTION('',(0.,0.,1.));
#14993 = PCURVE('',#14612,#14994);
#14994 = DEFINITIONAL_REPRESENTATION('',(#14995),#14999);
#14995 = LINE('',#14996,#14997);
#14996 = CARTESIAN_POINT('',(1.570796326795,0.));
#14997 = VECTOR('',#14998,1.);
#14998 = DIRECTION('',(0.,1.));
#14999 = ( GEOMETRIC_REPRESENTATION_CONTEXT(2) 
PARAMETRIC_REPRESENTATION_CONTEXT() REPRESENTATION_CONTEXT('2D SPACE',''
  ) );
#15000 = PCURVE('',#14860,#15001);
#15001 = DEFINITIONAL_REPRESENTATION('',(#15002),#15006);
#15002 = LINE('',#15003,#15004);
#15003 = CARTESIAN_POINT('',(40.,0.));
#15004 = VECTOR('',#15005,1.);
#15005 = DIRECTION('',(0.,-1.));
#15006 = ( GEOMETRIC_REPRESENTATION_CONTEXT(2) 
PARAMETRIC_REPRESENTATION_CONTEXT() REPRESENTATION_CONTEXT('2D SPACE',''
  ) );
#15007 = ORIENTED_EDGE('',*,*,#15008,.F.);
#15008 = EDGE_CURVE('',#14569,#14986,#15009,.T.);
#15009 = SURFACE_CURVE('',#15010,(#15015,#15022),.PCURVE_S1.);
#15010 = CIRCLE('',#15011,40.);
#15011 = AXIS2_PLACEMENT_3D('',#15012,#15013,#15014);
#15012 = CARTESIAN_POINT('',(108.,46.,66.));
#15013 = DIRECTION('',(0.,0.,1.));
#15014 = DIRECTION('',(0.,-1.,0.));
#15015 = PCURVE('',#14612,#15016);
#15016 = DEFINITIONAL_REPRESENTATION('',(#15017),#15021);
#15017 = LINE('',#15018,#15019);
#15018 = CARTESIAN_POINT('',(0.,60.));
#15019 = VECTOR('',#15020,1.);
#15020 = DIRECTION('',(1.,0.));
#15021 = ( GEOMETRIC_REPRESENTATION_CONTEXT(2) 
PARAMETRIC_REPRESENTATION_CONTEXT() REPRESENTATION_CONTEXT('2D SPACE',''
  ) );
#15022 = PCURVE('',#14804,#15023);
#15023 = DEFINITIONAL_REPRESENTATION('',(#15024),#15028);
#15024 = LINE('',#15025,#15026);
#15025 = CARTESIAN_POINT('',(0.,0.));
#15026 = VECTOR('',#15027,1.);
#15027 = DIRECTION('',(1.,0.));
#15028 = ( GEOMETRIC_REPRESENTATION_CONTEXT(2) 
PARAMETRIC_REPRESENTATION_CONTEXT() REPRESENTATION_CONTEXT('2D SPACE',''
  ) );
#15029 = ADVANCED_FACE('',(#15030),#14725,.T.);
#15030 = FACE_BOUND('',#15031,.T.);
#15031 = EDGE_LOOP('',(#15032,#15059,#15060,#15061));
#15032 = ORIENTED_EDGE('',*,*,#15033,.F.);
#15033 = EDGE_CURVE('',#14683,#15034,#15036,.T.);
#15034 = VERTEX_POINT('',#15035);
#15035 = CARTESIAN_POINT('',(-138.,46.,76.));
#15036 = SURFACE_CURVE('',#15037,(#15042,#15048),.PCURVE_S1.);
#15037 = CIRCLE('',#15038,10.);
#15038 = AXIS2_PLACEMENT_3D('',#15039,#15040,#15041);
#15039 = CARTESIAN_POINT('',(-138.,46.,66.));
#15040 = DIRECTION('',(-0.,1.,0.));
#15041 = DIRECTION('',(-1.,-0.,0.));
#15042 = PCURVE('',#14725,#15043);
#15043 = DEFINITIONAL_REPRESENTATION('',(#15044),#15047);
#15044 = B_SPLINE_CURVE_WITH_KNOTS('',1,(#15045,#15046),.UNSPECIFIED.,
  .F.,.F.,(2,2),(0.,1.570796326795),.PIECEWISE_BEZIER_KNOTS.);
#15045 = CARTESIAN_POINT('',(0.,0.));
#15046 = CARTESIAN_POINT('',(0.,1.570796326795));
#15047 = ( GEOMETRIC_REPRESENTATION_CONTEXT(2) 
PARAMETRIC_REPRESENTATION_CONTEXT() REPRESENTATION_CONTEXT('2D SPACE',''
  ) );
#15048 = PCURVE('',#15049,#15054);
#15049 = CYLINDRICAL_SURFACE('',#15050,10.);
#15050 = AXIS2_PLACEMENT_3D('',#15051,#15052,#15053);
#15051 = CARTESIAN_POINT('',(-138.,94.,66.));
#15052 = DIRECTION('',(0.,-1.,0.));
#15053 = DIRECTION('',(-1.,-0.,0.));
#15054 = DEFINITIONAL_REPRESENTATION('',(#15055),#15058);
#15055 = B_SPLINE_CURVE_WITH_KNOTS('',1,(#15056,#15057),.UNSPECIFIED.,
  .F.,.F.,(2,2),(0.,1.570796326795),.PIECEWISE_BEZIER_KNOTS.);
#15056 = CARTESIAN_POINT('',(0.,48.));
#15057 = CARTESIAN_POINT('',(-1.570796326795,48.));
#15058 = ( GEOMETRIC_REPRESENTATION_CONTEXT(2) 
PARAMETRIC_REPRESENTATION_CONTEXT() REPRESENTATION_CONTEXT('2D SPACE',''
  ) );
#15059 = ORIENTED_EDGE('',*,*,#14710,.T.);
#15060 = ORIENTED_EDGE('',*,*,#14740,.T.);
#15061 = ORIENTED_EDGE('',*,*,#15062,.F.);
#15062 = EDGE_CURVE('',#15034,#14741,#15063,.T.);
#15063 = SURFACE_CURVE('',#15064,(#15069,#15076),.PCURVE_S1.);
#15064 = CIRCLE('',#15065,30.);
#15065 = AXIS2_PLACEMENT_3D('',#15066,#15067,#15068);
#15066 = CARTESIAN_POINT('',(-108.,46.,76.));
#15067 = DIRECTION('',(0.,0.,1.));
#15068 = DIRECTION('',(-1.,0.,0.));
#15069 = PCURVE('',#14725,#15070);
#15070 = DEFINITIONAL_REPRESENTATION('',(#15071),#15075);
#15071 = LINE('',#15072,#15073);
#15072 = CARTESIAN_POINT('',(0.,1.570796326795));
#15073 = VECTOR('',#15074,1.);
#15074 = DIRECTION('',(1.,0.));
#15075 = ( GEOMETRIC_REPRESENTATION_CONTEXT(2) 
PARAMETRIC_REPRESENTATION_CONTEXT() REPRESENTATION_CONTEXT('2D SPACE',''
  ) );
#15076 = PCURVE('',#14778,#15077);
#15077 = DEFINITIONAL_REPRESENTATION('',(#15078),#15082);
#15078 = CIRCLE('',#15079,30.);
#15079 = AXIS2_PLACEMENT_2D('',#15080,#15081);
#15080 = CARTESIAN_POINT('',(-108.,-24.));
#15081 = DIRECTION('',(-1.,0.));
#15082 = ( GEOMETRIC_REPRESENTATION_CONTEXT(2) 
PARAMETRIC_REPRESENTATION_CONTEXT() REPRESENTATION_CONTEXT('2D SPACE',''
  ) );
#15083 = ADVANCED_FACE('',(#15084),#14698,.F.);
#15084 = FACE_BOUND('',#15085,.F.);
#15085 = EDGE_LOOP('',(#15086,#15109,#15130,#15131));
#15086 = ORIENTED_EDGE('',*,*,#15087,.T.);
#15087 = EDGE_CURVE('',#14930,#15088,#15090,.T.);
#15088 = VERTEX_POINT('',#15089);
#15089 = CARTESIAN_POINT('',(-148.,94.,66.));
#15090 = SURFACE_CURVE('',#15091,(#15095,#15102),.PCURVE_S1.);
#15091 = LINE('',#15092,#15093);
#15092 = CARTESIAN_POINT('',(-148.,94.,6.));
#15093 = VECTOR('',#15094,1.);
#15094 = DIRECTION('',(0.,0.,1.));
#15095 = PCURVE('',#14698,#15096);
#15096 = DEFINITIONAL_REPRESENTATION('',(#15097),#15101);
#15097 = LINE('',#15098,#15099);
#15098 = CARTESIAN_POINT('',(40.,0.));
#15099 = VECTOR('',#15100,1.);
#15100 = DIRECTION('',(0.,-1.));
#15101 = ( GEOMETRIC_REPRESENTATION_CONTEXT(2) 
PARAMETRIC_REPRESENTATION_CONTEXT() REPRESENTATION_CONTEXT('2D SPACE',''
  ) );
#15102 = PCURVE('',#14946,#15103);
#15103 = DEFINITIONAL_REPRESENTATION('',(#15104),#15108);
#15104 = LINE('',#15105,#15106);
#15105 = CARTESIAN_POINT('',(1.570796326795,0.));
#15106 = VECTOR('',#15107,1.);
#15107 = DIRECTION('',(0.,1.));
#15108 = ( GEOMETRIC_REPRESENTATION_CONTEXT(2) 
PARAMETRIC_REPRESENTATION_CONTEXT() REPRESENTATION_CONTEXT('2D SPACE',''
  ) );
#15109 = ORIENTED_EDGE('',*,*,#15110,.T.);
#15110 = EDGE_CURVE('',#15088,#14683,#15111,.T.);
#15111 = SURFACE_CURVE('',#15112,(#15116,#15123),.PCURVE_S1.);
#15112 = LINE('',#15113,#15114);
#15113 = CARTESIAN_POINT('',(-148.,94.,66.));
#15114 = VECTOR('',#15115,1.);
#15115 = DIRECTION('',(0.,-1.,0.));
#15116 = PCURVE('',#14698,#15117);
#15117 = DEFINITIONAL_REPRESENTATION('',(#15118),#15122);
#15118 = LINE('',#15119,#15120);
#15119 = CARTESIAN_POINT('',(40.,-60.));
#15120 = VECTOR('',#15121,1.);
#15121 = DIRECTION('',(1.,0.));
#15122 = ( GEOMETRIC_REPRESENTATION_CONTEXT(2) 
PARAMETRIC_REPRESENTATION_CONTEXT() REPRESENTATION_CONTEXT('2D SPACE',''
  ) );
#15123 = PCURVE('',#15049,#15124);
#15124 = DEFINITIONAL_REPRESENTATION('',(#15125),#15129);
#15125 = LINE('',#15126,#15127);
#15126 = CARTESIAN_POINT('',(-0.,0.));
#15127 = VECTOR('',#15128,1.);
#15128 = DIRECTION('',(-0.,1.));
#15129 = ( GEOMETRIC_REPRESENTATION_CONTEXT(2) 
PARAMETRIC_REPRESENTATION_CONTEXT() REPRESENTATION_CONTEXT('2D SPACE',''
  ) );
#15130 = ORIENTED_EDGE('',*,*,#14682,.F.);
#15131 = ORIENTED_EDGE('',*,*,#14958,.F.);
#15132 = ADVANCED_FACE('',(#15133),#14778,.T.);
#15133 = FACE_BOUND('',#15134,.T.);
#15134 = EDGE_LOOP('',(#15135,#15136,#15160,#15188,#15217,#15245,#15274,
    #15295));
#15135 = ORIENTED_EDGE('',*,*,#14762,.T.);
#15136 = ORIENTED_EDGE('',*,*,#15137,.T.);
#15137 = EDGE_CURVE('',#14763,#15138,#15140,.T.);
#15138 = VERTEX_POINT('',#15139);
#15139 = CARTESIAN_POINT('',(138.,46.,76.));
#15140 = SURFACE_CURVE('',#15141,(#15146,#15153),.PCURVE_S1.);
#15141 = CIRCLE('',#15142,30.);
#15142 = AXIS2_PLACEMENT_3D('',#15143,#15144,#15145);
#15143 = CARTESIAN_POINT('',(108.,46.,76.));
#15144 = DIRECTION('',(0.,0.,1.));
#15145 = DIRECTION('',(0.,-1.,0.));
#15146 = PCURVE('',#14778,#15147);
#15147 = DEFINITIONAL_REPRESENTATION('',(#15148),#15152);
#15148 = CIRCLE('',#15149,30.);
#15149 = AXIS2_PLACEMENT_2D('',#15150,#15151);
#15150 = CARTESIAN_POINT('',(108.,-24.));
#15151 = DIRECTION('',(0.,-1.));
#15152 = ( GEOMETRIC_REPRESENTATION_CONTEXT(2) 
PARAMETRIC_REPRESENTATION_CONTEXT() REPRESENTATION_CONTEXT('2D SPACE',''
  ) );
#15153 = PCURVE('',#14804,#15154);
#15154 = DEFINITIONAL_REPRESENTATION('',(#15155),#15159);
#15155 = LINE('',#15156,#15157);
#15156 = CARTESIAN_POINT('',(0.,1.570796326795));
#15157 = VECTOR('',#15158,1.);
#15158 = DIRECTION('',(1.,0.));
#15159 = ( GEOMETRIC_REPRESENTATION_CONTEXT(2) 
PARAMETRIC_REPRESENTATION_CONTEXT() REPRESENTATION_CONTEXT('2D SPACE',''
  ) );
#15160 = ORIENTED_EDGE('',*,*,#15161,.T.);
#15161 = EDGE_CURVE('',#15138,#15162,#15164,.T.);
#15162 = VERTEX_POINT('',#15163);
#15163 = CARTESIAN_POINT('',(138.,94.,76.));
#15164 = SURFACE_CURVE('',#15165,(#15169,#15176),.PCURVE_S1.);
#15165 = LINE('',#15166,#15167);
#15166 = CARTESIAN_POINT('',(138.,46.,76.));
#15167 = VECTOR('',#15168,1.);
#15168 = DIRECTION('',(0.,1.,0.));
#15169 = PCURVE('',#14778,#15170);
#15170 = DEFINITIONAL_REPRESENTATION('',(#15171),#15175);
#15171 = LINE('',#15172,#15173);
#15172 = CARTESIAN_POINT('',(138.,-24.));
#15173 = VECTOR('',#15174,1.);
#15174 = DIRECTION('',(0.,1.));
#15175 = ( GEOMETRIC_REPRESENTATION_CONTEXT(2) 
PARAMETRIC_REPRESENTATION_CONTEXT() REPRESENTATION_CONTEXT('2D SPACE',''
  ) );
#15176 = PCURVE('',#15177,#15182);
#15177 = CYLINDRICAL_SURFACE('',#15178,10.);
#15178 = AXIS2_PLACEMENT_3D('',#15179,#15180,#15181);
#15179 = CARTESIAN_POINT('',(138.,46.,66.));
#15180 = DIRECTION('',(0.,1.,0.));
#15181 = DIRECTION('',(1.,0.,-0.));
#15182 = DEFINITIONAL_REPRESENTATION('',(#15183),#15187);
#15183 = LINE('',#15184,#15185);
#15184 = CARTESIAN_POINT('',(-1.570796326795,0.));
#15185 = VECTOR('',#15186,1.);
#15186 = DIRECTION('',(-0.,1.));
#15187 = ( GEOMETRIC_REPRESENTATION_CONTEXT(2) 
PARAMETRIC_REPRESENTATION_CONTEXT() REPRESENTATION_CONTEXT('2D SPACE',''
  ) );
#15188 = ORIENTED_EDGE('',*,*,#15189,.T.);
#15189 = EDGE_CURVE('',#15162,#15190,#15192,.T.);
#15190 = VERTEX_POINT('',#15191);
#15191 = CARTESIAN_POINT('',(108.,124.,76.));
#15192 = SURFACE_CURVE('',#15193,(#15198,#15205),.PCURVE_S1.);
#15193 = CIRCLE('',#15194,30.);
#15194 = AXIS2_PLACEMENT_3D('',#15195,#15196,#15197);
#15195 = CARTESIAN_POINT('',(108.,94.,76.));
#15196 = DIRECTION('',(0.,0.,1.));
#15197 = DIRECTION('',(1.,0.,-0.));
#15198 = PCURVE('',#14778,#15199);
#15199 = DEFINITIONAL_REPRESENTATION('',(#15200),#15204);
#15200 = CIRCLE('',#15201,30.);
#15201 = AXIS2_PLACEMENT_2D('',#15202,#15203);
#15202 = CARTESIAN_POINT('',(108.,24.));
#15203 = DIRECTION('',(1.,0.));
#15204 = ( GEOMETRIC_REPRESENTATION_CONTEXT(2) 
PARAMETRIC_REPRESENTATION_CONTEXT() REPRESENTATION_CONTEXT('2D SPACE',''
  ) );
#15205 = PCURVE('',#15206,#15211);
#15206 = TOROIDAL_SURFACE('',#15207,30.,10.);
#15207 = AXIS2_PLACEMENT_3D('',#15208,#15209,#15210);
#15208 = CARTESIAN_POINT('',(108.,94.,66.));
#15209 = DIRECTION('',(0.,0.,1.));
#15210 = DIRECTION('',(1.,0.,-0.));
#15211 = DEFINITIONAL_REPRESENTATION('',(#15212),#15216);
#15212 = LINE('',#15213,#15214);
#15213 = CARTESIAN_POINT('',(0.,1.570796326795));
#15214 = VECTOR('',#15215,1.);
#15215 = DIRECTION('',(1.,0.));
#15216 = ( GEOMETRIC_REPRESENTATION_CONTEXT(2) 
PARAMETRIC_REPRESENTATION_CONTEXT() REPRESENTATION_CONTEXT('2D SPACE',''
  ) );
#15217 = ORIENTED_EDGE('',*,*,#15218,.T.);
#15218 = EDGE_CURVE('',#15190,#15219,#15221,.T.);
#15219 = VERTEX_POINT('',#15220);
#15220 = CARTESIAN_POINT('',(-108.,124.,76.));
#15221 = SURFACE_CURVE('',#15222,(#15226,#15233),.PCURVE_S1.);
#15222 = LINE('',#15223,#15224);
#15223 = CARTESIAN_POINT('',(108.,124.,76.));
#15224 = VECTOR('',#15225,1.);
#15225 = DIRECTION('',(-1.,0.,0.));
#15226 = PCURVE('',#14778,#15227);
#15227 = DEFINITIONAL_REPRESENTATION('',(#15228),#15232);
#15228 = LINE('',#15229,#15230);
#15229 = CARTESIAN_POINT('',(108.,54.));
#15230 = VECTOR('',#15231,1.);
#15231 = DIRECTION('',(-1.,0.));
#15232 = ( GEOMETRIC_REPRESENTATION_CONTEXT(2) 
PARAMETRIC_REPRESENTATION_CONTEXT() REPRESENTATION_CONTEXT('2D SPACE',''
  ) );
#15233 = PCURVE('',#15234,#15239);
#15234 = CYLINDRICAL_SURFACE('',#15235,10.);
#15235 = AXIS2_PLACEMENT_3D('',#15236,#15237,#15238);
#15236 = CARTESIAN_POINT('',(108.,124.,66.));
#15237 = DIRECTION('',(-1.,0.,0.));
#15238 = DIRECTION('',(0.,1.,-0.));
#15239 = DEFINITIONAL_REPRESENTATION('',(#15240),#15244);
#15240 = LINE('',#15241,#15242);
#15241 = CARTESIAN_POINT('',(-1.570796326795,0.));
#15242 = VECTOR('',#15243,1.);
#15243 = DIRECTION('',(-0.,1.));
#15244 = ( GEOMETRIC_REPRESENTATION_CONTEXT(2) 
PARAMETRIC_REPRESENTATION_CONTEXT() REPRESENTATION_CONTEXT('2D SPACE',''
  ) );
#15245 = ORIENTED_EDGE('',*,*,#15246,.T.);
#15246 = EDGE_CURVE('',#15219,#15247,#15249,.T.);
#15247 = VERTEX_POINT('',#15248);
#15248 = CARTESIAN_POINT('',(-138.,94.,76.));
#15249 = SURFACE_CURVE('',#15250,(#15255,#15262),.PCURVE_S1.);
#15250 = CIRCLE('',#15251,30.);
#15251 = AXIS2_PLACEMENT_3D('',#15252,#15253,#15254);
#15252 = CARTESIAN_POINT('',(-108.,94.,76.));
#15253 = DIRECTION('',(0.,0.,1.));
#15254 = DIRECTION('',(0.,1.,-0.));
#15255 = PCURVE('',#14778,#15256);
#15256 = DEFINITIONAL_REPRESENTATION('',(#15257),#15261);
#15257 = CIRCLE('',#15258,30.);
#15258 = AXIS2_PLACEMENT_2D('',#15259,#15260);
#15259 = CARTESIAN_POINT('',(-108.,24.));
#15260 = DIRECTION('',(0.,1.));
#15261 = ( GEOMETRIC_REPRESENTATION_CONTEXT(2) 
PARAMETRIC_REPRESENTATION_CONTEXT() REPRESENTATION_CONTEXT('2D SPACE',''
  ) );
#15262 = PCURVE('',#15263,#15268);
#15263 = TOROIDAL_SURFACE('',#15264,30.,10.);
#15264 = AXIS2_PLACEMENT_3D('',#15265,#15266,#15267);
#15265 = CARTESIAN_POINT('',(-108.,94.,66.));
#15266 = DIRECTION('',(0.,0.,1.));
#15267 = DIRECTION('',(0.,1.,-0.));
#15268 = DEFINITIONAL_REPRESENTATION('',(#15269),#15273);
#15269 = LINE('',#15270,#15271);
#15270 = CARTESIAN_POINT('',(0.,1.570796326795));
#15271 = VECTOR('',#15272,1.);
#15272 = DIRECTION('',(1.,0.));
#15273 = ( GEOMETRIC_REPRESENTATION_CONTEXT(2) 
PARAMETRIC_REPRESENTATION_CONTEXT() REPRESENTATION_CONTEXT('2D SPACE',''
  ) );
#15274 = ORIENTED_EDGE('',*,*,#15275,.T.);
#15275 = EDGE_CURVE('',#15247,#15034,#15276,.T.);
#15276 = SURFACE_CURVE('',#15277,(#15281,#15288),.PCURVE_S1.);
#15277 = LINE('',#15278,#15279);
#15278 = CARTESIAN_POINT('',(-138.,94.,76.));
#15279 = VECTOR('',#15280,1.);
#15280 = DIRECTION('',(0.,-1.,0.));
#15281 = PCURVE('',#14778,#15282);
#15282 = DEFINITIONAL_REPRESENTATION('',(#15283),#15287);
#15283 = LINE('',#15284,#15285);
#15284 = CARTESIAN_POINT('',(-138.,24.));
#15285 = VECTOR('',#15286,1.);
#15286 = DIRECTION('',(0.,-1.));
#15287 = ( GEOMETRIC_REPRESENTATION_CONTEXT(2) 
PARAMETRIC_REPRESENTATION_CONTEXT() REPRESENTATION_CONTEXT('2D SPACE',''
  ) );
#15288 = PCURVE('',#15049,#15289);
#15289 = DEFINITIONAL_REPRESENTATION('',(#15290),#15294);
#15290 = LINE('',#15291,#15292);
#15291 = CARTESIAN_POINT('',(-1.570796326795,0.));
#15292 = VECTOR('',#15293,1.);
#15293 = DIRECTION('',(-0.,1.));
#15294 = ( GEOMETRIC_REPRESENTATION_CONTEXT(2) 
PARAMETRIC_REPRESENTATION_CONTEXT() REPRESENTATION_CONTEXT('2D SPACE',''
  ) );
#15295 = ORIENTED_EDGE('',*,*,#15062,.T.);
#15296 = ADVANCED_FACE('',(#15297),#14804,.T.);
#15297 = FACE_BOUND('',#15298,.T.);
#15298 = EDGE_LOOP('',(#15299,#15300,#15301,#15321));
#15299 = ORIENTED_EDGE('',*,*,#14790,.F.);
#15300 = ORIENTED_EDGE('',*,*,#15008,.T.);
#15301 = ORIENTED_EDGE('',*,*,#15302,.T.);
#15302 = EDGE_CURVE('',#14986,#15138,#15303,.T.);
#15303 = SURFACE_CURVE('',#15304,(#15309,#15315),.PCURVE_S1.);
#15304 = CIRCLE('',#15305,10.);
#15305 = AXIS2_PLACEMENT_3D('',#15306,#15307,#15308);
#15306 = CARTESIAN_POINT('',(138.,46.,66.));
#15307 = DIRECTION('',(-6.123233995737E-17,-1.,0.));
#15308 = DIRECTION('',(1.,-6.123233995737E-17,0.));
#15309 = PCURVE('',#14804,#15310);
#15310 = DEFINITIONAL_REPRESENTATION('',(#15311),#15314);
#15311 = B_SPLINE_CURVE_WITH_KNOTS('',1,(#15312,#15313),.UNSPECIFIED.,
  .F.,.F.,(2,2),(0.,1.570796326795),.PIECEWISE_BEZIER_KNOTS.);
#15312 = CARTESIAN_POINT('',(1.570796326795,0.));
#15313 = CARTESIAN_POINT('',(1.570796326795,1.570796326795));
#15314 = ( GEOMETRIC_REPRESENTATION_CONTEXT(2) 
PARAMETRIC_REPRESENTATION_CONTEXT() REPRESENTATION_CONTEXT('2D SPACE',''
  ) );
#15315 = PCURVE('',#15177,#15316);
#15316 = DEFINITIONAL_REPRESENTATION('',(#15317),#15320);
#15317 = B_SPLINE_CURVE_WITH_KNOTS('',1,(#15318,#15319),.UNSPECIFIED.,
  .F.,.F.,(2,2),(0.,1.570796326795),.PIECEWISE_BEZIER_KNOTS.);
#15318 = CARTESIAN_POINT('',(0.,0.));
#15319 = CARTESIAN_POINT('',(-1.570796326795,0.));
#15320 = ( GEOMETRIC_REPRESENTATION_CONTEXT(2) 
PARAMETRIC_REPRESENTATION_CONTEXT() REPRESENTATION_CONTEXT('2D SPACE',''
  ) );
#15321 = ORIENTED_EDGE('',*,*,#15137,.F.);
#15322 = ADVANCED_FACE('',(#15323),#14860,.F.);
#15323 = FACE_BOUND('',#15324,.F.);
#15324 = EDGE_LOOP('',(#15325,#15326,#15349,#15370));
#15325 = ORIENTED_EDGE('',*,*,#14985,.T.);
#15326 = ORIENTED_EDGE('',*,*,#15327,.T.);
#15327 = EDGE_CURVE('',#14986,#15328,#15330,.T.);
#15328 = VERTEX_POINT('',#15329);
#15329 = CARTESIAN_POINT('',(148.,94.,66.));
#15330 = SURFACE_CURVE('',#15331,(#15335,#15342),.PCURVE_S1.);
#15331 = LINE('',#15332,#15333);
#15332 = CARTESIAN_POINT('',(148.,46.,66.));
#15333 = VECTOR('',#15334,1.);
#15334 = DIRECTION('',(0.,1.,0.));
#15335 = PCURVE('',#14860,#15336);
#15336 = DEFINITIONAL_REPRESENTATION('',(#15337),#15341);
#15337 = LINE('',#15338,#15339);
#15338 = CARTESIAN_POINT('',(40.,-60.));
#15339 = VECTOR('',#15340,1.);
#15340 = DIRECTION('',(1.,0.));
#15341 = ( GEOMETRIC_REPRESENTATION_CONTEXT(2) 
PARAMETRIC_REPRESENTATION_CONTEXT() REPRESENTATION_CONTEXT('2D SPACE',''
  ) );
#15342 = PCURVE('',#15177,#15343);
#15343 = DEFINITIONAL_REPRESENTATION('',(#15344),#15348);
#15344 = LINE('',#15345,#15346);
#15345 = CARTESIAN_POINT('',(-0.,0.));
#15346 = VECTOR('',#15347,1.);
#15347 = DIRECTION('',(-0.,1.));
#15348 = ( GEOMETRIC_REPRESENTATION_CONTEXT(2) 
PARAMETRIC_REPRESENTATION_CONTEXT() REPRESENTATION_CONTEXT('2D SPACE',''
  ) );
#15349 = ORIENTED_EDGE('',*,*,#15350,.F.);
#15350 = EDGE_CURVE('',#14845,#15328,#15351,.T.);
#15351 = SURFACE_CURVE('',#15352,(#15356,#15363),.PCURVE_S1.);
#15352 = LINE('',#15353,#15354);
#15353 = CARTESIAN_POINT('',(148.,94.,6.));
#15354 = VECTOR('',#15355,1.);
#15355 = DIRECTION('',(0.,0.,1.));
#15356 = PCURVE('',#14860,#15357);
#15357 = DEFINITIONAL_REPRESENTATION('',(#15358),#15362);
#15358 = LINE('',#15359,#15360);
#15359 = CARTESIAN_POINT('',(88.,0.));
#15360 = VECTOR('',#15361,1.);
#15361 = DIRECTION('',(0.,-1.));
#15362 = ( GEOMETRIC_REPRESENTATION_CONTEXT(2) 
PARAMETRIC_REPRESENTATION_CONTEXT() REPRESENTATION_CONTEXT('2D SPACE',''
  ) );
#15363 = PCURVE('',#14889,#15364);
#15364 = DEFINITIONAL_REPRESENTATION('',(#15365),#15369);
#15365 = LINE('',#15366,#15367);
#15366 = CARTESIAN_POINT('',(0.,0.));
#15367 = VECTOR('',#15368,1.);
#15368 = DIRECTION('',(0.,1.));
#15369 = ( GEOMETRIC_REPRESENTATION_CONTEXT(2) 
PARAMETRIC_REPRESENTATION_CONTEXT() REPRESENTATION_CONTEXT('2D SPACE',''
  ) );
#15370 = ORIENTED_EDGE('',*,*,#14844,.F.);
#15371 = ADVANCED_FACE('',(#15372),#14946,.T.);
#15372 = FACE_BOUND('',#15373,.T.);
#15373 = EDGE_LOOP('',(#15374,#15397,#15398,#15399));
#15374 = ORIENTED_EDGE('',*,*,#15375,.F.);
#15375 = EDGE_CURVE('',#14902,#15376,#15378,.T.);
#15376 = VERTEX_POINT('',#15377);
#15377 = CARTESIAN_POINT('',(-108.,134.,66.));
#15378 = SURFACE_CURVE('',#15379,(#15383,#15390),.PCURVE_S1.);
#15379 = LINE('',#15380,#15381);
#15380 = CARTESIAN_POINT('',(-108.,134.,6.));
#15381 = VECTOR('',#15382,1.);
#15382 = DIRECTION('',(0.,0.,1.));
#15383 = PCURVE('',#14946,#15384);
#15384 = DEFINITIONAL_REPRESENTATION('',(#15385),#15389);
#15385 = LINE('',#15386,#15387);
#15386 = CARTESIAN_POINT('',(0.,0.));
#15387 = VECTOR('',#15388,1.);
#15388 = DIRECTION('',(0.,1.));
#15389 = ( GEOMETRIC_REPRESENTATION_CONTEXT(2) 
PARAMETRIC_REPRESENTATION_CONTEXT() REPRESENTATION_CONTEXT('2D SPACE',''
  ) );
#15390 = PCURVE('',#14917,#15391);
#15391 = DEFINITIONAL_REPRESENTATION('',(#15392),#15396);
#15392 = LINE('',#15393,#15394);
#15393 = CARTESIAN_POINT('',(256.,0.));
#15394 = VECTOR('',#15395,1.);
#15395 = DIRECTION('',(0.,-1.));
#15396 = ( GEOMETRIC_REPRESENTATION_CONTEXT(2) 
PARAMETRIC_REPRESENTATION_CONTEXT() REPRESENTATION_CONTEXT('2D SPACE',''
  ) );
#15397 = ORIENTED_EDGE('',*,*,#14929,.T.);
#15398 = ORIENTED_EDGE('',*,*,#15087,.T.);
#15399 = ORIENTED_EDGE('',*,*,#15400,.F.);
#15400 = EDGE_CURVE('',#15376,#15088,#15401,.T.);
#15401 = SURFACE_CURVE('',#15402,(#15407,#15414),.PCURVE_S1.);
#15402 = CIRCLE('',#15403,40.);
#15403 = AXIS2_PLACEMENT_3D('',#15404,#15405,#15406);
#15404 = CARTESIAN_POINT('',(-108.,94.,66.));
#15405 = DIRECTION('',(0.,0.,1.));
#15406 = DIRECTION('',(0.,1.,-0.));
#15407 = PCURVE('',#14946,#15408);
#15408 = DEFINITIONAL_REPRESENTATION('',(#15409),#15413);
#15409 = LINE('',#15410,#15411);
#15410 = CARTESIAN_POINT('',(0.,60.));
#15411 = VECTOR('',#15412,1.);
#15412 = DIRECTION('',(1.,0.));
#15413 = ( GEOMETRIC_REPRESENTATION_CONTEXT(2) 
PARAMETRIC_REPRESENTATION_CONTEXT() REPRESENTATION_CONTEXT('2D SPACE',''
  ) );
#15414 = PCURVE('',#15263,#15415);
#15415 = DEFINITIONAL_REPRESENTATION('',(#15416),#15420);
#15416 = LINE('',#15417,#15418);
#15417 = CARTESIAN_POINT('',(0.,0.));
#15418 = VECTOR('',#15419,1.);
#15419 = DIRECTION('',(1.,0.));
#15420 = ( GEOMETRIC_REPRESENTATION_CONTEXT(2) 
PARAMETRIC_REPRESENTATION_CONTEXT() REPRESENTATION_CONTEXT('2D SPACE',''
  ) );
#15421 = ADVANCED_FACE('',(#15422),#14889,.T.);
#15422 = FACE_BOUND('',#15423,.T.);
#15423 = EDGE_LOOP('',(#15424,#15425,#15426,#15449));
#15424 = ORIENTED_EDGE('',*,*,#15350,.F.);
#15425 = ORIENTED_EDGE('',*,*,#14872,.T.);
#15426 = ORIENTED_EDGE('',*,*,#15427,.T.);
#15427 = EDGE_CURVE('',#14873,#15428,#15430,.T.);
#15428 = VERTEX_POINT('',#15429);
#15429 = CARTESIAN_POINT('',(108.,134.,66.));
#15430 = SURFACE_CURVE('',#15431,(#15435,#15442),.PCURVE_S1.);
#15431 = LINE('',#15432,#15433);
#15432 = CARTESIAN_POINT('',(108.,134.,6.));
#15433 = VECTOR('',#15434,1.);
#15434 = DIRECTION('',(0.,0.,1.));
#15435 = PCURVE('',#14889,#15436);
#15436 = DEFINITIONAL_REPRESENTATION('',(#15437),#15441);
#15437 = LINE('',#15438,#15439);
#15438 = CARTESIAN_POINT('',(1.570796326795,0.));
#15439 = VECTOR('',#15440,1.);
#15440 = DIRECTION('',(0.,1.));
#15441 = ( GEOMETRIC_REPRESENTATION_CONTEXT(2) 
PARAMETRIC_REPRESENTATION_CONTEXT() REPRESENTATION_CONTEXT('2D SPACE',''
  ) );
#15442 = PCURVE('',#14917,#15443);
#15443 = DEFINITIONAL_REPRESENTATION('',(#15444),#15448);
#15444 = LINE('',#15445,#15446);
#15445 = CARTESIAN_POINT('',(40.,0.));
#15446 = VECTOR('',#15447,1.);
#15447 = DIRECTION('',(0.,-1.));
#15448 = ( GEOMETRIC_REPRESENTATION_CONTEXT(2) 
PARAMETRIC_REPRESENTATION_CONTEXT() REPRESENTATION_CONTEXT('2D SPACE',''
  ) );
#15449 = ORIENTED_EDGE('',*,*,#15450,.F.);
#15450 = EDGE_CURVE('',#15328,#15428,#15451,.T.);
#15451 = SURFACE_CURVE('',#15452,(#15457,#15464),.PCURVE_S1.);
#15452 = CIRCLE('',#15453,40.);
#15453 = AXIS2_PLACEMENT_3D('',#15454,#15455,#15456);
#15454 = CARTESIAN_POINT('',(108.,94.,66.));
#15455 = DIRECTION('',(0.,0.,1.));
#15456 = DIRECTION('',(1.,0.,-0.));
#15457 = PCURVE('',#14889,#15458);
#15458 = DEFINITIONAL_REPRESENTATION('',(#15459),#15463);
#15459 = LINE('',#15460,#15461);
#15460 = CARTESIAN_POINT('',(0.,60.));
#15461 = VECTOR('',#15462,1.);
#15462 = DIRECTION('',(1.,0.));
#15463 = ( GEOMETRIC_REPRESENTATION_CONTEXT(2) 
PARAMETRIC_REPRESENTATION_CONTEXT() REPRESENTATION_CONTEXT('2D SPACE',''
  ) );
#15464 = PCURVE('',#15206,#15465);
#15465 = DEFINITIONAL_REPRESENTATION('',(#15466),#15470);
#15466 = LINE('',#15467,#15468);
#15467 = CARTESIAN_POINT('',(0.,0.));
#15468 = VECTOR('',#15469,1.);
#15469 = DIRECTION('',(1.,0.));
#15470 = ( GEOMETRIC_REPRESENTATION_CONTEXT(2) 
PARAMETRIC_REPRESENTATION_CONTEXT() REPRESENTATION_CONTEXT('2D SPACE',''
  ) );
#15471 = ADVANCED_FACE('',(#15472),#14917,.F.);
#15472 = FACE_BOUND('',#15473,.F.);
#15473 = EDGE_LOOP('',(#15474,#15475,#15496,#15497));
#15474 = ORIENTED_EDGE('',*,*,#15427,.T.);
#15475 = ORIENTED_EDGE('',*,*,#15476,.T.);
#15476 = EDGE_CURVE('',#15428,#15376,#15477,.T.);
#15477 = SURFACE_CURVE('',#15478,(#15482,#15489),.PCURVE_S1.);
#15478 = LINE('',#15479,#15480);
#15479 = CARTESIAN_POINT('',(108.,134.,66.));
#15480 = VECTOR('',#15481,1.);
#15481 = DIRECTION('',(-1.,0.,0.));
#15482 = PCURVE('',#14917,#15483);
#15483 = DEFINITIONAL_REPRESENTATION('',(#15484),#15488);
#15484 = LINE('',#15485,#15486);
#15485 = CARTESIAN_POINT('',(40.,-60.));
#15486 = VECTOR('',#15487,1.);
#15487 = DIRECTION('',(1.,0.));
#15488 = ( GEOMETRIC_REPRESENTATION_CONTEXT(2) 
PARAMETRIC_REPRESENTATION_CONTEXT() REPRESENTATION_CONTEXT('2D SPACE',''
  ) );
#15489 = PCURVE('',#15234,#15490);
#15490 = DEFINITIONAL_REPRESENTATION('',(#15491),#15495);
#15491 = LINE('',#15492,#15493);
#15492 = CARTESIAN_POINT('',(-0.,0.));
#15493 = VECTOR('',#15494,1.);
#15494 = DIRECTION('',(-0.,1.));
#15495 = ( GEOMETRIC_REPRESENTATION_CONTEXT(2) 
PARAMETRIC_REPRESENTATION_CONTEXT() REPRESENTATION_CONTEXT('2D SPACE',''
  ) );
#15496 = ORIENTED_EDGE('',*,*,#15375,.F.);
#15497 = ORIENTED_EDGE('',*,*,#14901,.F.);
#15498 = ADVANCED_FACE('',(#15499),#15049,.T.);
#15499 = FACE_BOUND('',#15500,.F.);
#15500 = EDGE_LOOP('',(#15501,#15521,#15522,#15523));
#15501 = ORIENTED_EDGE('',*,*,#15502,.T.);
#15502 = EDGE_CURVE('',#15088,#15247,#15503,.T.);
#15503 = SURFACE_CURVE('',#15504,(#15509,#15515),.PCURVE_S1.);
#15504 = CIRCLE('',#15505,10.);
#15505 = AXIS2_PLACEMENT_3D('',#15506,#15507,#15508);
#15506 = CARTESIAN_POINT('',(-138.,94.,66.));
#15507 = DIRECTION('',(6.123233995737E-17,1.,-0.));
#15508 = DIRECTION('',(-1.,6.123233995737E-17,0.));
#15509 = PCURVE('',#15049,#15510);
#15510 = DEFINITIONAL_REPRESENTATION('',(#15511),#15514);
#15511 = B_SPLINE_CURVE_WITH_KNOTS('',1,(#15512,#15513),.UNSPECIFIED.,
  .F.,.F.,(2,2),(0.,1.570796326795),.PIECEWISE_BEZIER_KNOTS.);
#15512 = CARTESIAN_POINT('',(0.,0.));
#15513 = CARTESIAN_POINT('',(-1.570796326795,0.));
#15514 = ( GEOMETRIC_REPRESENTATION_CONTEXT(2) 
PARAMETRIC_REPRESENTATION_CONTEXT() REPRESENTATION_CONTEXT('2D SPACE',''
  ) );
#15515 = PCURVE('',#15263,#15516);
#15516 = DEFINITIONAL_REPRESENTATION('',(#15517),#15520);
#15517 = B_SPLINE_CURVE_WITH_KNOTS('',1,(#15518,#15519),.UNSPECIFIED.,
  .F.,.F.,(2,2),(0.,1.570796326795),.PIECEWISE_BEZIER_KNOTS.);
#15518 = CARTESIAN_POINT('',(1.570796326795,0.));
#15519 = CARTESIAN_POINT('',(1.570796326795,1.570796326795));
#15520 = ( GEOMETRIC_REPRESENTATION_CONTEXT(2) 
PARAMETRIC_REPRESENTATION_CONTEXT() REPRESENTATION_CONTEXT('2D SPACE',''
  ) );
#15521 = ORIENTED_EDGE('',*,*,#15275,.T.);
#15522 = ORIENTED_EDGE('',*,*,#15033,.F.);
#15523 = ORIENTED_EDGE('',*,*,#15110,.F.);
#15524 = ADVANCED_FACE('',(#15525),#15177,.T.);
#15525 = FACE_BOUND('',#15526,.F.);
#15526 = EDGE_LOOP('',(#15527,#15528,#15529,#15549));
#15527 = ORIENTED_EDGE('',*,*,#15302,.T.);
#15528 = ORIENTED_EDGE('',*,*,#15161,.T.);
#15529 = ORIENTED_EDGE('',*,*,#15530,.F.);
#15530 = EDGE_CURVE('',#15328,#15162,#15531,.T.);
#15531 = SURFACE_CURVE('',#15532,(#15537,#15543),.PCURVE_S1.);
#15532 = CIRCLE('',#15533,10.);
#15533 = AXIS2_PLACEMENT_3D('',#15534,#15535,#15536);
#15534 = CARTESIAN_POINT('',(138.,94.,66.));
#15535 = DIRECTION('',(0.,-1.,-0.));
#15536 = DIRECTION('',(1.,0.,-0.));
#15537 = PCURVE('',#15177,#15538);
#15538 = DEFINITIONAL_REPRESENTATION('',(#15539),#15542);
#15539 = B_SPLINE_CURVE_WITH_KNOTS('',1,(#15540,#15541),.UNSPECIFIED.,
  .F.,.F.,(2,2),(0.,1.570796326795),.PIECEWISE_BEZIER_KNOTS.);
#15540 = CARTESIAN_POINT('',(0.,48.));
#15541 = CARTESIAN_POINT('',(-1.570796326795,48.));
#15542 = ( GEOMETRIC_REPRESENTATION_CONTEXT(2) 
PARAMETRIC_REPRESENTATION_CONTEXT() REPRESENTATION_CONTEXT('2D SPACE',''
  ) );
#15543 = PCURVE('',#15206,#15544);
#15544 = DEFINITIONAL_REPRESENTATION('',(#15545),#15548);
#15545 = B_SPLINE_CURVE_WITH_KNOTS('',1,(#15546,#15547),.UNSPECIFIED.,
  .F.,.F.,(2,2),(0.,1.570796326795),.PIECEWISE_BEZIER_KNOTS.);
#15546 = CARTESIAN_POINT('',(0.,0.));
#15547 = CARTESIAN_POINT('',(0.,1.570796326795));
#15548 = ( GEOMETRIC_REPRESENTATION_CONTEXT(2) 
PARAMETRIC_REPRESENTATION_CONTEXT() REPRESENTATION_CONTEXT('2D SPACE',''
  ) );
#15549 = ORIENTED_EDGE('',*,*,#15327,.F.);
#15550 = ADVANCED_FACE('',(#15551),#15263,.T.);
#15551 = FACE_BOUND('',#15552,.T.);
#15552 = EDGE_LOOP('',(#15553,#15573,#15574,#15575));
#15553 = ORIENTED_EDGE('',*,*,#15554,.F.);
#15554 = EDGE_CURVE('',#15376,#15219,#15555,.T.);
#15555 = SURFACE_CURVE('',#15556,(#15561,#15567),.PCURVE_S1.);
#15556 = CIRCLE('',#15557,10.);
#15557 = AXIS2_PLACEMENT_3D('',#15558,#15559,#15560);
#15558 = CARTESIAN_POINT('',(-108.,124.,66.));
#15559 = DIRECTION('',(1.,0.,-0.));
#15560 = DIRECTION('',(0.,1.,0.));
#15561 = PCURVE('',#15263,#15562);
#15562 = DEFINITIONAL_REPRESENTATION('',(#15563),#15566);
#15563 = B_SPLINE_CURVE_WITH_KNOTS('',1,(#15564,#15565),.UNSPECIFIED.,
  .F.,.F.,(2,2),(0.,1.570796326795),.PIECEWISE_BEZIER_KNOTS.);
#15564 = CARTESIAN_POINT('',(0.,0.));
#15565 = CARTESIAN_POINT('',(0.,1.570796326795));
#15566 = ( GEOMETRIC_REPRESENTATION_CONTEXT(2) 
PARAMETRIC_REPRESENTATION_CONTEXT() REPRESENTATION_CONTEXT('2D SPACE',''
  ) );
#15567 = PCURVE('',#15234,#15568);
#15568 = DEFINITIONAL_REPRESENTATION('',(#15569),#15572);
#15569 = B_SPLINE_CURVE_WITH_KNOTS('',1,(#15570,#15571),.UNSPECIFIED.,
  .F.,.F.,(2,2),(0.,1.570796326795),.PIECEWISE_BEZIER_KNOTS.);
#15570 = CARTESIAN_POINT('',(0.,216.));
#15571 = CARTESIAN_POINT('',(-1.570796326795,216.));
#15572 = ( GEOMETRIC_REPRESENTATION_CONTEXT(2) 
PARAMETRIC_REPRESENTATION_CONTEXT() REPRESENTATION_CONTEXT('2D SPACE',''
  ) );
#15573 = ORIENTED_EDGE('',*,*,#15400,.T.);
#15574 = ORIENTED_EDGE('',*,*,#15502,.T.);
#15575 = ORIENTED_EDGE('',*,*,#15246,.F.);
#15576 = ADVANCED_FACE('',(#15577),#15206,.T.);
#15577 = FACE_BOUND('',#15578,.T.);
#15578 = EDGE_LOOP('',(#15579,#15580,#15581,#15601));
#15579 = ORIENTED_EDGE('',*,*,#15530,.F.);
#15580 = ORIENTED_EDGE('',*,*,#15450,.T.);
#15581 = ORIENTED_EDGE('',*,*,#15582,.T.);
#15582 = EDGE_CURVE('',#15428,#15190,#15583,.T.);
#15583 = SURFACE_CURVE('',#15584,(#15589,#15595),.PCURVE_S1.);
#15584 = CIRCLE('',#15585,10.);
#15585 = AXIS2_PLACEMENT_3D('',#15586,#15587,#15588);
#15586 = CARTESIAN_POINT('',(108.,124.,66.));
#15587 = DIRECTION('',(1.,-6.123233995737E-17,0.));
#15588 = DIRECTION('',(6.123233995737E-17,1.,0.));
#15589 = PCURVE('',#15206,#15590);
#15590 = DEFINITIONAL_REPRESENTATION('',(#15591),#15594);
#15591 = B_SPLINE_CURVE_WITH_KNOTS('',1,(#15592,#15593),.UNSPECIFIED.,
  .F.,.F.,(2,2),(0.,1.570796326795),.PIECEWISE_BEZIER_KNOTS.);
#15592 = CARTESIAN_POINT('',(1.570796326795,0.));
#15593 = CARTESIAN_POINT('',(1.570796326795,1.570796326795));
#15594 = ( GEOMETRIC_REPRESENTATION_CONTEXT(2) 
PARAMETRIC_REPRESENTATION_CONTEXT() REPRESENTATION_CONTEXT('2D SPACE',''
  ) );
#15595 = PCURVE('',#15234,#15596);
#15596 = DEFINITIONAL_REPRESENTATION('',(#15597),#15600);
#15597 = B_SPLINE_CURVE_WITH_KNOTS('',1,(#15598,#15599),.UNSPECIFIED.,
  .F.,.F.,(2,2),(0.,1.570796326795),.PIECEWISE_BEZIER_KNOTS.);
#15598 = CARTESIAN_POINT('',(0.,0.));
#15599 = CARTESIAN_POINT('',(-1.570796326795,0.));
#15600 = ( GEOMETRIC_REPRESENTATION_CONTEXT(2) 
PARAMETRIC_REPRESENTATION_CONTEXT() REPRESENTATION_CONTEXT('2D SPACE',''
  ) );
#15601 = ORIENTED_EDGE('',*,*,#15189,.F.);
#15602 = ADVANCED_FACE('',(#15603),#15234,.T.);
#15603 = FACE_BOUND('',#15604,.F.);
#15604 = EDGE_LOOP('',(#15605,#15606,#15607,#15608));
#15605 = ORIENTED_EDGE('',*,*,#15582,.T.);
#15606 = ORIENTED_EDGE('',*,*,#15218,.T.);
#15607 = ORIENTED_EDGE('',*,*,#15554,.F.);
#15608 = ORIENTED_EDGE('',*,*,#15476,.F.);
#15609 = ( GEOMETRIC_REPRESENTATION_CONTEXT(3) 
GLOBAL_UNCERTAINTY_ASSIGNED_CONTEXT((#15613)) 
GLOBAL_UNIT_ASSIGNED_CONTEXT((#15610,#15611,#15612)) 
REPRESENTATION_CONTEXT('Context #1',
  '3D Context with UNIT and UNCERTAINTY') );
#15610 = ( LENGTH_UNIT() NAMED_UNIT(*) SI_UNIT(.MILLI.,.METRE.) );
#15611 = ( NAMED_UNIT(*) PLANE_ANGLE_UNIT() SI_UNIT($,.RADIAN.) );
#15612 = ( NAMED_UNIT(*) SI_UNIT($,.STERADIAN.) SOLID_ANGLE_UNIT() );
#15613 = UNCERTAINTY_MEASURE_WITH_UNIT(LENGTH_MEASURE(1.E-07),#15610,
  'distance_accuracy_value','confusion accuracy');
#15614 = CONTEXT_DEPENDENT_SHAPE_REPRESENTATION(#15615,#15617);
#15615 = ( REPRESENTATION_RELATIONSHIP('','',#14526,#10) 
REPRESENTATION_RELATIONSHIP_WITH_TRANSFORMATION(#15616) 
SHAPE_REPRESENTATION_RELATIONSHIP() );
#15616 = ITEM_DEFINED_TRANSFORMATION('','',#11,#39);
#15617 = PRODUCT_DEFINITION_SHAPE('Placement','Placement of an item',
  #15618);
#15618 = NEXT_ASSEMBLY_USAGE_OCCURRENCE('29','cassette','',#5,#14521,$);
#15619 = PRODUCT_RELATED_PRODUCT_CATEGORY('part',$,(#14523));
#15620 = SHAPE_DEFINITION_REPRESENTATION(#15621,#15627);
#15621 = PRODUCT_DEFINITION_SHAPE('','',#15622);
#15622 = PRODUCT_DEFINITION('design','',#15623,#15626);
#15623 = PRODUCT_DEFINITION_FORMATION('','',#15624);
#15624 = PRODUCT('cassette_line','cassette_line','',(#15625));
#15625 = PRODUCT_CONTEXT('',#2,'mechanical');
#15626 = PRODUCT_DEFINITION_CONTEXT('part definition',#2,'design');
#15627 = ADVANCED_BREP_SHAPE_REPRESENTATION('',(#11,#15628),#15958);
#15628 = MANIFOLD_SOLID_BREP('',#15629);
#15629 = CLOSED_SHELL('',(#15630,#15750,#15850,#15897,#15944,#15951));
#15630 = ADVANCED_FACE('',(#15631),#15645,.F.);
#15631 = FACE_BOUND('',#15632,.F.);
#15632 = EDGE_LOOP('',(#15633,#15668,#15696,#15724));
#15633 = ORIENTED_EDGE('',*,*,#15634,.F.);
#15634 = EDGE_CURVE('',#15635,#15637,#15639,.T.);
#15635 = VERTEX_POINT('',#15636);
#15636 = CARTESIAN_POINT('',(-149.,136.,66.));
#15637 = VERTEX_POINT('',#15638);
#15638 = CARTESIAN_POINT('',(-149.,136.,76.));
#15639 = SURFACE_CURVE('',#15640,(#15644,#15656),.PCURVE_S1.);
#15640 = LINE('',#15641,#15642);
#15641 = CARTESIAN_POINT('',(-149.,136.,66.));
#15642 = VECTOR('',#15643,1.);
#15643 = DIRECTION('',(0.,0.,1.));
#15644 = PCURVE('',#15645,#15650);
#15645 = PLANE('',#15646);
#15646 = AXIS2_PLACEMENT_3D('',#15647,#15648,#15649);
#15647 = CARTESIAN_POINT('',(-149.,136.,66.));
#15648 = DIRECTION('',(1.,0.,0.));
#15649 = DIRECTION('',(0.,0.,1.));
#15650 = DEFINITIONAL_REPRESENTATION('',(#15651),#15655);
#15651 = LINE('',#15652,#15653);
#15652 = CARTESIAN_POINT('',(0.,0.));
#15653 = VECTOR('',#15654,1.);
#15654 = DIRECTION('',(1.,0.));
#15655 = ( GEOMETRIC_REPRESENTATION_CONTEXT(2) 
PARAMETRIC_REPRESENTATION_CONTEXT() REPRESENTATION_CONTEXT('2D SPACE',''
  ) );
#15656 = PCURVE('',#15657,#15662);
#15657 = PLANE('',#15658);
#15658 = AXIS2_PLACEMENT_3D('',#15659,#15660,#15661);
#15659 = CARTESIAN_POINT('',(-149.,136.,66.));
#15660 = DIRECTION('',(0.,1.,0.));
#15661 = DIRECTION('',(0.,0.,1.));
#15662 = DEFINITIONAL_REPRESENTATION('',(#15663),#15667);
#15663 = LINE('',#15664,#15665);
#15664 = CARTESIAN_POINT('',(0.,0.));
#15665 = VECTOR('',#15666,1.);
#15666 = DIRECTION('',(1.,0.));
#15667 = ( GEOMETRIC_REPRESENTATION_CONTEXT(2) 
PARAMETRIC_REPRESENTATION_CONTEXT() REPRESENTATION_CONTEXT('2D SPACE',''
  ) );
#15668 = ORIENTED_EDGE('',*,*,#15669,.T.);
#15669 = EDGE_CURVE('',#15635,#15670,#15672,.T.);
#15670 = VERTEX_POINT('',#15671);
#15671 = CARTESIAN_POINT('',(-149.,139.,66.));
#15672 = SURFACE_CURVE('',#15673,(#15677,#15684),.PCURVE_S1.);
#15673 = LINE('',#15674,#15675);
#15674 = CARTESIAN_POINT('',(-149.,136.,66.));
#15675 = VECTOR('',#15676,1.);
#15676 = DIRECTION('',(0.,1.,0.));
#15677 = PCURVE('',#15645,#15678);
#15678 = DEFINITIONAL_REPRESENTATION('',(#15679),#15683);
#15679 = LINE('',#15680,#15681);
#15680 = CARTESIAN_POINT('',(0.,0.));
#15681 = VECTOR('',#15682,1.);
#15682 = DIRECTION('',(0.,-1.));
#15683 = ( GEOMETRIC_REPRESENTATION_CONTEXT(2) 
PARAMETRIC_REPRESENTATION_CONTEXT() REPRESENTATION_CONTEXT('2D SPACE',''
  ) );
#15684 = PCURVE('',#15685,#15690);
#15685 = PLANE('',#15686);
#15686 = AXIS2_PLACEMENT_3D('',#15687,#15688,#15689);
#15687 = CARTESIAN_POINT('',(-149.,136.,66.));
#15688 = DIRECTION('',(0.,0.,1.));
#15689 = DIRECTION('',(1.,0.,0.));
#15690 = DEFINITIONAL_REPRESENTATION('',(#15691),#15695);
#15691 = LINE('',#15692,#15693);
#15692 = CARTESIAN_POINT('',(0.,0.));
#15693 = VECTOR('',#15694,1.);
#15694 = DIRECTION('',(0.,1.));
#15695 = ( GEOMETRIC_REPRESENTATION_CONTEXT(2) 
PARAMETRIC_REPRESENTATION_CONTEXT() REPRESENTATION_CONTEXT('2D SPACE',''
  ) );
#15696 = ORIENTED_EDGE('',*,*,#15697,.T.);
#15697 = EDGE_CURVE('',#15670,#15698,#15700,.T.);
#15698 = VERTEX_POINT('',#15699);
#15699 = CARTESIAN_POINT('',(-149.,139.,76.));
#15700 = SURFACE_CURVE('',#15701,(#15705,#15712),.PCURVE_S1.);
#15701 = LINE('',#15702,#15703);
#15702 = CARTESIAN_POINT('',(-149.,139.,66.));
#15703 = VECTOR('',#15704,1.);
#15704 = DIRECTION('',(0.,0.,1.));
#15705 = PCURVE('',#15645,#15706);
#15706 = DEFINITIONAL_REPRESENTATION('',(#15707),#15711);
#15707 = LINE('',#15708,#15709);
#15708 = CARTESIAN_POINT('',(0.,-3.));
#15709 = VECTOR('',#15710,1.);
#15710 = DIRECTION('',(1.,0.));
#15711 = ( GEOMETRIC_REPRESENTATION_CONTEXT(2) 
PARAMETRIC_REPRESENTATION_CONTEXT() REPRESENTATION_CONTEXT('2D SPACE',''
  ) );
#15712 = PCURVE('',#15713,#15718);
#15713 = PLANE('',#15714);
#15714 = AXIS2_PLACEMENT_3D('',#15715,#15716,#15717);
#15715 = CARTESIAN_POINT('',(-149.,139.,66.));
#15716 = DIRECTION('',(0.,1.,0.));
#15717 = DIRECTION('',(0.,0.,1.));
#15718 = DEFINITIONAL_REPRESENTATION('',(#15719),#15723);
#15719 = LINE('',#15720,#15721);
#15720 = CARTESIAN_POINT('',(0.,0.));
#15721 = VECTOR('',#15722,1.);
#15722 = DIRECTION('',(1.,0.));
#15723 = ( GEOMETRIC_REPRESENTATION_CONTEXT(2) 
PARAMETRIC_REPRESENTATION_CONTEXT() REPRESENTATION_CONTEXT('2D SPACE',''
  ) );
#15724 = ORIENTED_EDGE('',*,*,#15725,.F.);
#15725 = EDGE_CURVE('',#15637,#15698,#15726,.T.);
#15726 = SURFACE_CURVE('',#15727,(#15731,#15738),.PCURVE_S1.);
#15727 = LINE('',#15728,#15729);
#15728 = CARTESIAN_POINT('',(-149.,136.,76.));
#15729 = VECTOR('',#15730,1.);
#15730 = DIRECTION('',(0.,1.,0.));
#15731 = PCURVE('',#15645,#15732);
#15732 = DEFINITIONAL_REPRESENTATION('',(#15733),#15737);
#15733 = LINE('',#15734,#15735);
#15734 = CARTESIAN_POINT('',(10.,0.));
#15735 = VECTOR('',#15736,1.);
#15736 = DIRECTION('',(0.,-1.));
#15737 = ( GEOMETRIC_REPRESENTATION_CONTEXT(2) 
PARAMETRIC_REPRESENTATION_CONTEXT() REPRESENTATION_CONTEXT('2D SPACE',''
  ) );
#15738 = PCURVE('',#15739,#15744);
#15739 = PLANE('',#15740);
#15740 = AXIS2_PLACEMENT_3D('',#15741,#15742,#15743);
#15741 = CARTESIAN_POINT('',(-149.,136.,76.));
#15742 = DIRECTION('',(0.,0.,1.));
#15743 = DIRECTION('',(1.,0.,0.));
#15744 = DEFINITIONAL_REPRESENTATION('',(#15745),#15749);
#15745 = LINE('',#15746,#15747);
#15746 = CARTESIAN_POINT('',(0.,0.));
#15747 = VECTOR('',#15748,1.);
#15748 = DIRECTION('',(0.,1.));
#15749 = ( GEOMETRIC_REPRESENTATION_CONTEXT(2) 
PARAMETRIC_REPRESENTATION_CONTEXT() REPRESENTATION_CONTEXT('2D SPACE',''
  ) );
#15750 = ADVANCED_FACE('',(#15751),#15765,.T.);
#15751 = FACE_BOUND('',#15752,.T.);
#15752 = EDGE_LOOP('',(#15753,#15783,#15806,#15829));
#15753 = ORIENTED_EDGE('',*,*,#15754,.F.);
#15754 = EDGE_CURVE('',#15755,#15757,#15759,.T.);
#15755 = VERTEX_POINT('',#15756);
#15756 = CARTESIAN_POINT('',(149.,136.,66.));
#15757 = VERTEX_POINT('',#15758);
#15758 = CARTESIAN_POINT('',(149.,136.,76.));
#15759 = SURFACE_CURVE('',#15760,(#15764,#15776),.PCURVE_S1.);
#15760 = LINE('',#15761,#15762);
#15761 = CARTESIAN_POINT('',(149.,136.,66.));
#15762 = VECTOR('',#15763,1.);
#15763 = DIRECTION('',(0.,0.,1.));
#15764 = PCURVE('',#15765,#15770);
#15765 = PLANE('',#15766);
#15766 = AXIS2_PLACEMENT_3D('',#15767,#15768,#15769);
#15767 = CARTESIAN_POINT('',(149.,136.,66.));
#15768 = DIRECTION('',(1.,0.,0.));
#15769 = DIRECTION('',(0.,0.,1.));
#15770 = DEFINITIONAL_REPRESENTATION('',(#15771),#15775);
#15771 = LINE('',#15772,#15773);
#15772 = CARTESIAN_POINT('',(0.,0.));
#15773 = VECTOR('',#15774,1.);
#15774 = DIRECTION('',(1.,0.));
#15775 = ( GEOMETRIC_REPRESENTATION_CONTEXT(2) 
PARAMETRIC_REPRESENTATION_CONTEXT() REPRESENTATION_CONTEXT('2D SPACE',''
  ) );
#15776 = PCURVE('',#15657,#15777);
#15777 = DEFINITIONAL_REPRESENTATION('',(#15778),#15782);
#15778 = LINE('',#15779,#15780);
#15779 = CARTESIAN_POINT('',(0.,298.));
#15780 = VECTOR('',#15781,1.);
#15781 = DIRECTION('',(1.,0.));
#15782 = ( GEOMETRIC_REPRESENTATION_CONTEXT(2) 
PARAMETRIC_REPRESENTATION_CONTEXT() REPRESENTATION_CONTEXT('2D SPACE',''
  ) );
#15783 = ORIENTED_EDGE('',*,*,#15784,.T.);
#15784 = EDGE_CURVE('',#15755,#15785,#15787,.T.);
#15785 = VERTEX_POINT('',#15786);
#15786 = CARTESIAN_POINT('',(149.,139.,66.));
#15787 = SURFACE_CURVE('',#15788,(#15792,#15799),.PCURVE_S1.);
#15788 = LINE('',#15789,#15790);
#15789 = CARTESIAN_POINT('',(149.,136.,66.));
#15790 = VECTOR('',#15791,1.);
#15791 = DIRECTION('',(0.,1.,0.));
#15792 = PCURVE('',#15765,#15793);
#15793 = DEFINITIONAL_REPRESENTATION('',(#15794),#15798);
#15794 = LINE('',#15795,#15796);
#15795 = CARTESIAN_POINT('',(0.,0.));
#15796 = VECTOR('',#15797,1.);
#15797 = DIRECTION('',(0.,-1.));
#15798 = ( GEOMETRIC_REPRESENTATION_CONTEXT(2) 
PARAMETRIC_REPRESENTATION_CONTEXT() REPRESENTATION_CONTEXT('2D SPACE',''
  ) );
#15799 = PCURVE('',#15685,#15800);
#15800 = DEFINITIONAL_REPRESENTATION('',(#15801),#15805);
#15801 = LINE('',#15802,#15803);
#15802 = CARTESIAN_POINT('',(298.,0.));
#15803 = VECTOR('',#15804,1.);
#15804 = DIRECTION('',(0.,1.));
#15805 = ( GEOMETRIC_REPRESENTATION_CONTEXT(2) 
PARAMETRIC_REPRESENTATION_CONTEXT() REPRESENTATION_CONTEXT('2D SPACE',''
  ) );
#15806 = ORIENTED_EDGE('',*,*,#15807,.T.);
#15807 = EDGE_CURVE('',#15785,#15808,#15810,.T.);
#15808 = VERTEX_POINT('',#15809);
#15809 = CARTESIAN_POINT('',(149.,139.,76.));
#15810 = SURFACE_CURVE('',#15811,(#15815,#15822),.PCURVE_S1.);
#15811 = LINE('',#15812,#15813);
#15812 = CARTESIAN_POINT('',(149.,139.,66.));
#15813 = VECTOR('',#15814,1.);
#15814 = DIRECTION('',(0.,0.,1.));
#15815 = PCURVE('',#15765,#15816);
#15816 = DEFINITIONAL_REPRESENTATION('',(#15817),#15821);
#15817 = LINE('',#15818,#15819);
#15818 = CARTESIAN_POINT('',(0.,-3.));
#15819 = VECTOR('',#15820,1.);
#15820 = DIRECTION('',(1.,0.));
#15821 = ( GEOMETRIC_REPRESENTATION_CONTEXT(2) 
PARAMETRIC_REPRESENTATION_CONTEXT() REPRESENTATION_CONTEXT('2D SPACE',''
  ) );
#15822 = PCURVE('',#15713,#15823);
#15823 = DEFINITIONAL_REPRESENTATION('',(#15824),#15828);
#15824 = LINE('',#15825,#15826);
#15825 = CARTESIAN_POINT('',(0.,298.));
#15826 = VECTOR('',#15827,1.);
#15827 = DIRECTION('',(1.,0.));
#15828 = ( GEOMETRIC_REPRESENTATION_CONTEXT(2) 
PARAMETRIC_REPRESENTATION_CONTEXT() REPRESENTATION_CONTEXT('2D SPACE',''
  ) );
#15829 = ORIENTED_EDGE('',*,*,#15830,.F.);
#15830 = EDGE_CURVE('',#15757,#15808,#15831,.T.);
#15831 = SURFACE_CURVE('',#15832,(#15836,#15843),.PCURVE_S1.);
#15832 = LINE('',#15833,#15834);
#15833 = CARTESIAN_POINT('',(149.,136.,76.));
#15834 = VECTOR('',#15835,1.);
#15835 = DIRECTION('',(0.,1.,0.));
#15836 = PCURVE('',#15765,#15837);
#15837 = DEFINITIONAL_REPRESENTATION('',(#15838),#15842);
#15838 = LINE('',#15839,#15840);
#15839 = CARTESIAN_POINT('',(10.,0.));
#15840 = VECTOR('',#15841,1.);
#15841 = DIRECTION('',(0.,-1.));
#15842 = ( GEOMETRIC_REPRESENTATION_CONTEXT(2) 
PARAMETRIC_REPRESENTATION_CONTEXT() REPRESENTATION_CONTEXT('2D SPACE',''
  ) );
#15843 = PCURVE('',#15739,#15844);
#15844 = DEFINITIONAL_REPRESENTATION('',(#15845),#15849);
#15845 = LINE('',#15846,#15847);
#15846 = CARTESIAN_POINT('',(298.,0.));
#15847 = VECTOR('',#15848,1.);
#15848 = DIRECTION('',(0.,1.));
#15849 = ( GEOMETRIC_REPRESENTATION_CONTEXT(2) 
PARAMETRIC_REPRESENTATION_CONTEXT() REPRESENTATION_CONTEXT('2D SPACE',''
  ) );
#15850 = ADVANCED_FACE('',(#15851),#15657,.F.);
#15851 = FACE_BOUND('',#15852,.F.);
#15852 = EDGE_LOOP('',(#15853,#15874,#15875,#15896));
#15853 = ORIENTED_EDGE('',*,*,#15854,.F.);
#15854 = EDGE_CURVE('',#15635,#15755,#15855,.T.);
#15855 = SURFACE_CURVE('',#15856,(#15860,#15867),.PCURVE_S1.);
#15856 = LINE('',#15857,#15858);
#15857 = CARTESIAN_POINT('',(-149.,136.,66.));
#15858 = VECTOR('',#15859,1.);
#15859 = DIRECTION('',(1.,0.,0.));
#15860 = PCURVE('',#15657,#15861);
#15861 = DEFINITIONAL_REPRESENTATION('',(#15862),#15866);
#15862 = LINE('',#15863,#15864);
#15863 = CARTESIAN_POINT('',(0.,0.));
#15864 = VECTOR('',#15865,1.);
#15865 = DIRECTION('',(0.,1.));
#15866 = ( GEOMETRIC_REPRESENTATION_CONTEXT(2) 
PARAMETRIC_REPRESENTATION_CONTEXT() REPRESENTATION_CONTEXT('2D SPACE',''
  ) );
#15867 = PCURVE('',#15685,#15868);
#15868 = DEFINITIONAL_REPRESENTATION('',(#15869),#15873);
#15869 = LINE('',#15870,#15871);
#15870 = CARTESIAN_POINT('',(0.,0.));
#15871 = VECTOR('',#15872,1.);
#15872 = DIRECTION('',(1.,0.));
#15873 = ( GEOMETRIC_REPRESENTATION_CONTEXT(2) 
PARAMETRIC_REPRESENTATION_CONTEXT() REPRESENTATION_CONTEXT('2D SPACE',''
  ) );
#15874 = ORIENTED_EDGE('',*,*,#15634,.T.);
#15875 = ORIENTED_EDGE('',*,*,#15876,.T.);
#15876 = EDGE_CURVE('',#15637,#15757,#15877,.T.);
#15877 = SURFACE_CURVE('',#15878,(#15882,#15889),.PCURVE_S1.);
#15878 = LINE('',#15879,#15880);
#15879 = CARTESIAN_POINT('',(-149.,136.,76.));
#15880 = VECTOR('',#15881,1.);
#15881 = DIRECTION('',(1.,0.,0.));
#15882 = PCURVE('',#15657,#15883);
#15883 = DEFINITIONAL_REPRESENTATION('',(#15884),#15888);
#15884 = LINE('',#15885,#15886);
#15885 = CARTESIAN_POINT('',(10.,0.));
#15886 = VECTOR('',#15887,1.);
#15887 = DIRECTION('',(0.,1.));
#15888 = ( GEOMETRIC_REPRESENTATION_CONTEXT(2) 
PARAMETRIC_REPRESENTATION_CONTEXT() REPRESENTATION_CONTEXT('2D SPACE',''
  ) );
#15889 = PCURVE('',#15739,#15890);
#15890 = DEFINITIONAL_REPRESENTATION('',(#15891),#15895);
#15891 = LINE('',#15892,#15893);
#15892 = CARTESIAN_POINT('',(0.,0.));
#15893 = VECTOR('',#15894,1.);
#15894 = DIRECTION('',(1.,0.));
#15895 = ( GEOMETRIC_REPRESENTATION_CONTEXT(2) 
PARAMETRIC_REPRESENTATION_CONTEXT() REPRESENTATION_CONTEXT('2D SPACE',''
  ) );
#15896 = ORIENTED_EDGE('',*,*,#15754,.F.);
#15897 = ADVANCED_FACE('',(#15898),#15713,.T.);
#15898 = FACE_BOUND('',#15899,.T.);
#15899 = EDGE_LOOP('',(#15900,#15921,#15922,#15943));
#15900 = ORIENTED_EDGE('',*,*,#15901,.F.);
#15901 = EDGE_CURVE('',#15670,#15785,#15902,.T.);
#15902 = SURFACE_CURVE('',#15903,(#15907,#15914),.PCURVE_S1.);
#15903 = LINE('',#15904,#15905);
#15904 = CARTESIAN_POINT('',(-149.,139.,66.));
#15905 = VECTOR('',#15906,1.);
#15906 = DIRECTION('',(1.,0.,0.));
#15907 = PCURVE('',#15713,#15908);
#15908 = DEFINITIONAL_REPRESENTATION('',(#15909),#15913);
#15909 = LINE('',#15910,#15911);
#15910 = CARTESIAN_POINT('',(0.,0.));
#15911 = VECTOR('',#15912,1.);
#15912 = DIRECTION('',(0.,1.));
#15913 = ( GEOMETRIC_REPRESENTATION_CONTEXT(2) 
PARAMETRIC_REPRESENTATION_CONTEXT() REPRESENTATION_CONTEXT('2D SPACE',''
  ) );
#15914 = PCURVE('',#15685,#15915);
#15915 = DEFINITIONAL_REPRESENTATION('',(#15916),#15920);
#15916 = LINE('',#15917,#15918);
#15917 = CARTESIAN_POINT('',(0.,3.));
#15918 = VECTOR('',#15919,1.);
#15919 = DIRECTION('',(1.,0.));
#15920 = ( GEOMETRIC_REPRESENTATION_CONTEXT(2) 
PARAMETRIC_REPRESENTATION_CONTEXT() REPRESENTATION_CONTEXT('2D SPACE',''
  ) );
#15921 = ORIENTED_EDGE('',*,*,#15697,.T.);
#15922 = ORIENTED_EDGE('',*,*,#15923,.T.);
#15923 = EDGE_CURVE('',#15698,#15808,#15924,.T.);
#15924 = SURFACE_CURVE('',#15925,(#15929,#15936),.PCURVE_S1.);
#15925 = LINE('',#15926,#15927);
#15926 = CARTESIAN_POINT('',(-149.,139.,76.));
#15927 = VECTOR('',#15928,1.);
#15928 = DIRECTION('',(1.,0.,0.));
#15929 = PCURVE('',#15713,#15930);
#15930 = DEFINITIONAL_REPRESENTATION('',(#15931),#15935);
#15931 = LINE('',#15932,#15933);
#15932 = CARTESIAN_POINT('',(10.,0.));
#15933 = VECTOR('',#15934,1.);
#15934 = DIRECTION('',(0.,1.));
#15935 = ( GEOMETRIC_REPRESENTATION_CONTEXT(2) 
PARAMETRIC_REPRESENTATION_CONTEXT() REPRESENTATION_CONTEXT('2D SPACE',''
  ) );
#15936 = PCURVE('',#15739,#15937);
#15937 = DEFINITIONAL_REPRESENTATION('',(#15938),#15942);
#15938 = LINE('',#15939,#15940);
#15939 = CARTESIAN_POINT('',(0.,3.));
#15940 = VECTOR('',#15941,1.);
#15941 = DIRECTION('',(1.,0.));
#15942 = ( GEOMETRIC_REPRESENTATION_CONTEXT(2) 
PARAMETRIC_REPRESENTATION_CONTEXT() REPRESENTATION_CONTEXT('2D SPACE',''
  ) );
#15943 = ORIENTED_EDGE('',*,*,#15807,.F.);
#15944 = ADVANCED_FACE('',(#15945),#15685,.F.);
#15945 = FACE_BOUND('',#15946,.F.);
#15946 = EDGE_LOOP('',(#15947,#15948,#15949,#15950));
#15947 = ORIENTED_EDGE('',*,*,#15669,.F.);
#15948 = ORIENTED_EDGE('',*,*,#15854,.T.);
#15949 = ORIENTED_EDGE('',*,*,#15784,.T.);
#15950 = ORIENTED_EDGE('',*,*,#15901,.F.);
#15951 = ADVANCED_FACE('',(#15952),#15739,.T.);
#15952 = FACE_BOUND('',#15953,.T.);
#15953 = EDGE_LOOP('',(#15954,#15955,#15956,#15957));
#15954 = ORIENTED_EDGE('',*,*,#15725,.F.);
#15955 = ORIENTED_EDGE('',*,*,#15876,.T.);
#15956 = ORIENTED_EDGE('',*,*,#15830,.T.);
#15957 = ORIENTED_EDGE('',*,*,#15923,.F.);
#15958 = ( GEOMETRIC_REPRESENTATION_CONTEXT(3) 
GLOBAL_UNCERTAINTY_ASSIGNED_CONTEXT((#15962)) 
GLOBAL_UNIT_ASSIGNED_CONTEXT((#15959,#15960,#15961)) 
REPRESENTATION_CONTEXT('Context #1',
  '3D Context with UNIT and UNCERTAINTY') );
#15959 = ( LENGTH_UNIT() NAMED_UNIT(*) SI_UNIT(.MILLI.,.METRE.) );
#15960 = ( NAMED_UNIT(*) PLANE_ANGLE_UNIT() SI_UNIT($,.RADIAN.) );
#15961 = ( NAMED_UNIT(*) SI_UNIT($,.STERADIAN.) SOLID_ANGLE_UNIT() );
#15962 = UNCERTAINTY_MEASURE_WITH_UNIT(LENGTH_MEASURE(1.E-07),#15959,
  'distance_accuracy_value','confusion accuracy');
#15963 = CONTEXT_DEPENDENT_SHAPE_REPRESENTATION(#15964,#15966);
#15964 = ( REPRESENTATION_RELATIONSHIP('','',#15627,#10) 
REPRESENTATION_RELATIONSHIP_WITH_TRANSFORMATION(#15965) 
SHAPE_REPRESENTATION_RELATIONSHIP() );
#15965 = ITEM_DEFINED_TRANSFORMATION('','',#11,#43);
#15966 = PRODUCT_DEFINITION_SHAPE('Placement','Placement of an item',
  #15967);
#15967 = NEXT_ASSEMBLY_USAGE_OCCURRENCE('30','cassette_line','',#5,
  #15622,$);
#15968 = PRODUCT_RELATED_PRODUCT_CATEGORY('part',$,(#15624));
#15969 = SHAPE_DEFINITION_REPRESENTATION(#15970,#15976);
#15970 = PRODUCT_DEFINITION_SHAPE('','',#15971);
#15971 = PRODUCT_DEFINITION('design','',#15972,#15975);
#15972 = PRODUCT_DEFINITION_FORMATION('','',#15973);
#15973 = PRODUCT('dial','dial','',(#15974));
#15974 = PRODUCT_CONTEXT('',#2,'mechanical');
#15975 = PRODUCT_DEFINITION_CONTEXT('part definition',#2,'design');
#15976 = ADVANCED_BREP_SHAPE_REPRESENTATION('',(#11,#15977),#16389);
#15977 = MANIFOLD_SOLID_BREP('',#15978);
#15978 = CLOSED_SHELL('',(#15979,#16067,#16071,#16181,#16257,#16306,
    #16355,#16382));
#15979 = ADVANCED_FACE('',(#15980),#15994,.T.);
#15980 = FACE_BOUND('',#15981,.F.);
#15981 = EDGE_LOOP('',(#15982,#16012,#16039,#16040));
#15982 = ORIENTED_EDGE('',*,*,#15983,.T.);
#15983 = EDGE_CURVE('',#15984,#15986,#15988,.T.);
#15984 = VERTEX_POINT('',#15985);
#15985 = CARTESIAN_POINT('',(167.,92.,40.));
#15986 = VERTEX_POINT('',#15987);
#15987 = CARTESIAN_POINT('',(171.5,92.,40.));
#15988 = SEAM_CURVE('',#15989,(#15993,#16005),.PCURVE_S1.);
#15989 = LINE('',#15990,#15991);
#15990 = CARTESIAN_POINT('',(167.,92.,40.));
#15991 = VECTOR('',#15992,1.);
#15992 = DIRECTION('',(1.,0.,0.));
#15993 = PCURVE('',#15994,#15999);
#15994 = CYLINDRICAL_SURFACE('',#15995,22.);
#15995 = AXIS2_PLACEMENT_3D('',#15996,#15997,#15998);
#15996 = CARTESIAN_POINT('',(167.,70.,40.));
#15997 = DIRECTION('',(-1.,-0.,-0.));
#15998 = DIRECTION('',(0.,1.,0.));
#15999 = DEFINITIONAL_REPRESENTATION('',(#16000),#16004);
#16000 = LINE('',#16001,#16002);
#16001 = CARTESIAN_POINT('',(-0.,0.));
#16002 = VECTOR('',#16003,1.);
#16003 = DIRECTION('',(-0.,-1.));
#16004 = ( GEOMETRIC_REPRESENTATION_CONTEXT(2) 
PARAMETRIC_REPRESENTATION_CONTEXT() REPRESENTATION_CONTEXT('2D SPACE',''
  ) );
#16005 = PCURVE('',#15994,#16006);
#16006 = DEFINITIONAL_REPRESENTATION('',(#16007),#16011);
#16007 = LINE('',#16008,#16009);
#16008 = CARTESIAN_POINT('',(-6.28318530718,0.));
#16009 = VECTOR('',#16010,1.);
#16010 = DIRECTION('',(-0.,-1.));
#16011 = ( GEOMETRIC_REPRESENTATION_CONTEXT(2) 
PARAMETRIC_REPRESENTATION_CONTEXT() REPRESENTATION_CONTEXT('2D SPACE',''
  ) );
#16012 = ORIENTED_EDGE('',*,*,#16013,.T.);
#16013 = EDGE_CURVE('',#15986,#15986,#16014,.T.);
#16014 = SURFACE_CURVE('',#16015,(#16020,#16027),.PCURVE_S1.);
#16015 = CIRCLE('',#16016,22.);
#16016 = AXIS2_PLACEMENT_3D('',#16017,#16018,#16019);
#16017 = CARTESIAN_POINT('',(171.5,70.,40.));
#16018 = DIRECTION('',(1.,0.,0.));
#16019 = DIRECTION('',(0.,1.,0.));
#16020 = PCURVE('',#15994,#16021);
#16021 = DEFINITIONAL_REPRESENTATION('',(#16022),#16026);
#16022 = LINE('',#16023,#16024);
#16023 = CARTESIAN_POINT('',(-0.,-4.5));
#16024 = VECTOR('',#16025,1.);
#16025 = DIRECTION('',(-1.,0.));
#16026 = ( GEOMETRIC_REPRESENTATION_CONTEXT(2) 
PARAMETRIC_REPRESENTATION_CONTEXT() REPRESENTATION_CONTEXT('2D SPACE',''
  ) );
#16027 = PCURVE('',#16028,#16033);
#16028 = PLANE('',#16029);
#16029 = AXIS2_PLACEMENT_3D('',#16030,#16031,#16032);
#16030 = CARTESIAN_POINT('',(171.5,70.,40.));
#16031 = DIRECTION('',(1.,0.,0.));
#16032 = DIRECTION('',(-0.,0.,1.));
#16033 = DEFINITIONAL_REPRESENTATION('',(#16034),#16038);
#16034 = CIRCLE('',#16035,22.);
#16035 = AXIS2_PLACEMENT_2D('',#16036,#16037);
#16036 = CARTESIAN_POINT('',(7.105427357601E-15,0.));
#16037 = DIRECTION('',(0.,-1.));
#16038 = ( GEOMETRIC_REPRESENTATION_CONTEXT(2) 
PARAMETRIC_REPRESENTATION_CONTEXT() REPRESENTATION_CONTEXT('2D SPACE',''
  ) );
#16039 = ORIENTED_EDGE('',*,*,#15983,.F.);
#16040 = ORIENTED_EDGE('',*,*,#16041,.F.);
#16041 = EDGE_CURVE('',#15984,#15984,#16042,.T.);
#16042 = SURFACE_CURVE('',#16043,(#16048,#16055),.PCURVE_S1.);
#16043 = CIRCLE('',#16044,22.);
#16044 = AXIS2_PLACEMENT_3D('',#16045,#16046,#16047);
#16045 = CARTESIAN_POINT('',(167.,70.,40.));
#16046 = DIRECTION('',(1.,0.,0.));
#16047 = DIRECTION('',(0.,1.,0.));
#16048 = PCURVE('',#15994,#16049);
#16049 = DEFINITIONAL_REPRESENTATION('',(#16050),#16054);
#16050 = LINE('',#16051,#16052);
#16051 = CARTESIAN_POINT('',(-0.,0.));
#16052 = VECTOR('',#16053,1.);
#16053 = DIRECTION('',(-1.,0.));
#16054 = ( GEOMETRIC_REPRESENTATION_CONTEXT(2) 
PARAMETRIC_REPRESENTATION_CONTEXT() REPRESENTATION_CONTEXT('2D SPACE',''
  ) );
#16055 = PCURVE('',#16056,#16061);
#16056 = PLANE('',#16057);
#16057 = AXIS2_PLACEMENT_3D('',#16058,#16059,#16060);
#16058 = CARTESIAN_POINT('',(167.,70.,40.));
#16059 = DIRECTION('',(1.,0.,0.));
#16060 = DIRECTION('',(-0.,0.,1.));
#16061 = DEFINITIONAL_REPRESENTATION('',(#16062),#16066);
#16062 = CIRCLE('',#16063,22.);
#16063 = AXIS2_PLACEMENT_2D('',#16064,#16065);
#16064 = CARTESIAN_POINT('',(7.105427357601E-15,0.));
#16065 = DIRECTION('',(0.,-1.));
#16066 = ( GEOMETRIC_REPRESENTATION_CONTEXT(2) 
PARAMETRIC_REPRESENTATION_CONTEXT() REPRESENTATION_CONTEXT('2D SPACE',''
  ) );
#16067 = ADVANCED_FACE('',(#16068),#16056,.F.);
#16068 = FACE_BOUND('',#16069,.F.);
#16069 = EDGE_LOOP('',(#16070));
#16070 = ORIENTED_EDGE('',*,*,#16041,.T.);
#16071 = ADVANCED_FACE('',(#16072,#16075),#16028,.T.);
#16072 = FACE_BOUND('',#16073,.T.);
#16073 = EDGE_LOOP('',(#16074));
#16074 = ORIENTED_EDGE('',*,*,#16013,.T.);
#16075 = FACE_BOUND('',#16076,.T.);
#16076 = EDGE_LOOP('',(#16077,#16105,#16131,#16157));
#16077 = ORIENTED_EDGE('',*,*,#16078,.T.);
#16078 = EDGE_CURVE('',#16079,#16081,#16083,.T.);
#16079 = VERTEX_POINT('',#16080);
#16080 = CARTESIAN_POINT('',(171.5,85.,43.));
#16081 = VERTEX_POINT('',#16082);
#16082 = CARTESIAN_POINT('',(171.5,85.,37.));
#16083 = SURFACE_CURVE('',#16084,(#16088,#16094),.PCURVE_S1.);
#16084 = LINE('',#16085,#16086);
#16085 = CARTESIAN_POINT('',(171.5,85.,38.5));
#16086 = VECTOR('',#16087,1.);
#16087 = DIRECTION('',(0.,0.,-1.));
#16088 = PCURVE('',#16028,#16089);
#16089 = DEFINITIONAL_REPRESENTATION('',(#16090),#16093);
#16090 = B_SPLINE_CURVE_WITH_KNOTS('',1,(#16091,#16092),.UNSPECIFIED.,
  .F.,.F.,(2,2),(-4.5,1.5),.PIECEWISE_BEZIER_KNOTS.);
#16091 = CARTESIAN_POINT('',(3.,-15.));
#16092 = CARTESIAN_POINT('',(-3.,-15.));
#16093 = ( GEOMETRIC_REPRESENTATION_CONTEXT(2) 
PARAMETRIC_REPRESENTATION_CONTEXT() REPRESENTATION_CONTEXT('2D SPACE',''
  ) );
#16094 = PCURVE('',#16095,#16100);
#16095 = PLANE('',#16096);
#16096 = AXIS2_PLACEMENT_3D('',#16097,#16098,#16099);
#16097 = CARTESIAN_POINT('',(170.5,85.,37.));
#16098 = DIRECTION('',(0.,-1.,0.));
#16099 = DIRECTION('',(0.,0.,1.));
#16100 = DEFINITIONAL_REPRESENTATION('',(#16101),#16104);
#16101 = B_SPLINE_CURVE_WITH_KNOTS('',1,(#16102,#16103),.UNSPECIFIED.,
  .F.,.F.,(2,2),(-4.5,1.5),.PIECEWISE_BEZIER_KNOTS.);
#16102 = CARTESIAN_POINT('',(6.,-1.));
#16103 = CARTESIAN_POINT('',(0.,-1.));
#16104 = ( GEOMETRIC_REPRESENTATION_CONTEXT(2) 
PARAMETRIC_REPRESENTATION_CONTEXT() REPRESENTATION_CONTEXT('2D SPACE',''
  ) );
#16105 = ORIENTED_EDGE('',*,*,#16106,.T.);
#16106 = EDGE_CURVE('',#16081,#16107,#16109,.T.);
#16107 = VERTEX_POINT('',#16108);
#16108 = CARTESIAN_POINT('',(171.5,55.,37.));
#16109 = SURFACE_CURVE('',#16110,(#16114,#16120),.PCURVE_S1.);
#16110 = LINE('',#16111,#16112);
#16111 = CARTESIAN_POINT('',(171.5,62.5,37.));
#16112 = VECTOR('',#16113,1.);
#16113 = DIRECTION('',(0.,-1.,0.));
#16114 = PCURVE('',#16028,#16115);
#16115 = DEFINITIONAL_REPRESENTATION('',(#16116),#16119);
#16116 = B_SPLINE_CURVE_WITH_KNOTS('',1,(#16117,#16118),.UNSPECIFIED.,
  .F.,.F.,(2,2),(-22.5,7.5),.PIECEWISE_BEZIER_KNOTS.);
#16117 = CARTESIAN_POINT('',(-3.,-15.));
#16118 = CARTESIAN_POINT('',(-3.,15.));
#16119 = ( GEOMETRIC_REPRESENTATION_CONTEXT(2) 
PARAMETRIC_REPRESENTATION_CONTEXT() REPRESENTATION_CONTEXT('2D SPACE',''
  ) );
#16120 = PCURVE('',#16121,#16126);
#16121 = PLANE('',#16122);
#16122 = AXIS2_PLACEMENT_3D('',#16123,#16124,#16125);
#16123 = CARTESIAN_POINT('',(170.5,55.,37.));
#16124 = DIRECTION('',(0.,0.,1.));
#16125 = DIRECTION('',(0.,1.,0.));
#16126 = DEFINITIONAL_REPRESENTATION('',(#16127),#16130);
#16127 = B_SPLINE_CURVE_WITH_KNOTS('',1,(#16128,#16129),.UNSPECIFIED.,
  .F.,.F.,(2,2),(-22.5,7.5),.PIECEWISE_BEZIER_KNOTS.);
#16128 = CARTESIAN_POINT('',(30.,-1.));
#16129 = CARTESIAN_POINT('',(0.,-1.));
#16130 = ( GEOMETRIC_REPRESENTATION_CONTEXT(2) 
PARAMETRIC_REPRESENTATION_CONTEXT() REPRESENTATION_CONTEXT('2D SPACE',''
  ) );
#16131 = ORIENTED_EDGE('',*,*,#16132,.T.);
#16132 = EDGE_CURVE('',#16107,#16133,#16135,.T.);
#16133 = VERTEX_POINT('',#16134);
#16134 = CARTESIAN_POINT('',(171.5,55.,43.));
#16135 = SURFACE_CURVE('',#16136,(#16140,#16146),.PCURVE_S1.);
#16136 = LINE('',#16137,#16138);
#16137 = CARTESIAN_POINT('',(171.5,55.,41.5));
#16138 = VECTOR('',#16139,1.);
#16139 = DIRECTION('',(0.,-0.,1.));
#16140 = PCURVE('',#16028,#16141);
#16141 = DEFINITIONAL_REPRESENTATION('',(#16142),#16145);
#16142 = B_SPLINE_CURVE_WITH_KNOTS('',1,(#16143,#16144),.UNSPECIFIED.,
  .F.,.F.,(2,2),(-4.5,1.5),.PIECEWISE_BEZIER_KNOTS.);
#16143 = CARTESIAN_POINT('',(-3.,15.));
#16144 = CARTESIAN_POINT('',(3.,15.));
#16145 = ( GEOMETRIC_REPRESENTATION_CONTEXT(2) 
PARAMETRIC_REPRESENTATION_CONTEXT() REPRESENTATION_CONTEXT('2D SPACE',''
  ) );
#16146 = PCURVE('',#16147,#16152);
#16147 = PLANE('',#16148);
#16148 = AXIS2_PLACEMENT_3D('',#16149,#16150,#16151);
#16149 = CARTESIAN_POINT('',(170.5,55.,43.));
#16150 = DIRECTION('',(-0.,1.,0.));
#16151 = DIRECTION('',(0.,0.,-1.));
#16152 = DEFINITIONAL_REPRESENTATION('',(#16153),#16156);
#16153 = B_SPLINE_CURVE_WITH_KNOTS('',1,(#16154,#16155),.UNSPECIFIED.,
  .F.,.F.,(2,2),(-4.5,1.5),.PIECEWISE_BEZIER_KNOTS.);
#16154 = CARTESIAN_POINT('',(6.,-1.));
#16155 = CARTESIAN_POINT('',(0.,-1.));
#16156 = ( GEOMETRIC_REPRESENTATION_CONTEXT(2) 
PARAMETRIC_REPRESENTATION_CONTEXT() REPRESENTATION_CONTEXT('2D SPACE',''
  ) );
#16157 = ORIENTED_EDGE('',*,*,#16158,.T.);
#16158 = EDGE_CURVE('',#16133,#16079,#16159,.T.);
#16159 = SURFACE_CURVE('',#16160,(#16164,#16170),.PCURVE_S1.);
#16160 = LINE('',#16161,#16162);
#16161 = CARTESIAN_POINT('',(171.5,77.5,43.));
#16162 = VECTOR('',#16163,1.);
#16163 = DIRECTION('',(-0.,1.,0.));
#16164 = PCURVE('',#16028,#16165);
#16165 = DEFINITIONAL_REPRESENTATION('',(#16166),#16169);
#16166 = B_SPLINE_CURVE_WITH_KNOTS('',1,(#16167,#16168),.UNSPECIFIED.,
  .F.,.F.,(2,2),(-22.5,7.5),.PIECEWISE_BEZIER_KNOTS.);
#16167 = CARTESIAN_POINT('',(3.,15.));
#16168 = CARTESIAN_POINT('',(3.,-15.));
#16169 = ( GEOMETRIC_REPRESENTATION_CONTEXT(2) 
PARAMETRIC_REPRESENTATION_CONTEXT() REPRESENTATION_CONTEXT('2D SPACE',''
  ) );
#16170 = PCURVE('',#16171,#16176);
#16171 = PLANE('',#16172);
#16172 = AXIS2_PLACEMENT_3D('',#16173,#16174,#16175);
#16173 = CARTESIAN_POINT('',(170.5,85.,43.));
#16174 = DIRECTION('',(0.,0.,-1.));
#16175 = DIRECTION('',(0.,-1.,0.));
#16176 = DEFINITIONAL_REPRESENTATION('',(#16177),#16180);
#16177 = B_SPLINE_CURVE_WITH_KNOTS('',1,(#16178,#16179),.UNSPECIFIED.,
  .F.,.F.,(2,2),(-22.5,7.5),.PIECEWISE_BEZIER_KNOTS.);
#16178 = CARTESIAN_POINT('',(30.,-1.));
#16179 = CARTESIAN_POINT('',(0.,-1.));
#16180 = ( GEOMETRIC_REPRESENTATION_CONTEXT(2) 
PARAMETRIC_REPRESENTATION_CONTEXT() REPRESENTATION_CONTEXT('2D SPACE',''
  ) );
#16181 = ADVANCED_FACE('',(#16182),#16095,.T.);
#16182 = FACE_BOUND('',#16183,.T.);
#16183 = EDGE_LOOP('',(#16184,#16214,#16235,#16236));
#16184 = ORIENTED_EDGE('',*,*,#16185,.F.);
#16185 = EDGE_CURVE('',#16186,#16188,#16190,.T.);
#16186 = VERTEX_POINT('',#16187);
#16187 = CARTESIAN_POINT('',(170.5,85.,37.));
#16188 = VERTEX_POINT('',#16189);
#16189 = CARTESIAN_POINT('',(170.5,85.,43.));
#16190 = SURFACE_CURVE('',#16191,(#16195,#16202),.PCURVE_S1.);
#16191 = LINE('',#16192,#16193);
#16192 = CARTESIAN_POINT('',(170.5,85.,37.));
#16193 = VECTOR('',#16194,1.);
#16194 = DIRECTION('',(0.,0.,1.));
#16195 = PCURVE('',#16095,#16196);
#16196 = DEFINITIONAL_REPRESENTATION('',(#16197),#16201);
#16197 = LINE('',#16198,#16199);
#16198 = CARTESIAN_POINT('',(0.,0.));
#16199 = VECTOR('',#16200,1.);
#16200 = DIRECTION('',(1.,0.));
#16201 = ( GEOMETRIC_REPRESENTATION_CONTEXT(2) 
PARAMETRIC_REPRESENTATION_CONTEXT() REPRESENTATION_CONTEXT('2D SPACE',''
  ) );
#16202 = PCURVE('',#16203,#16208);
#16203 = PLANE('',#16204);
#16204 = AXIS2_PLACEMENT_3D('',#16205,#16206,#16207);
#16205 = CARTESIAN_POINT('',(170.5,70.,40.));
#16206 = DIRECTION('',(1.,0.,0.));
#16207 = DIRECTION('',(-0.,0.,1.));
#16208 = DEFINITIONAL_REPRESENTATION('',(#16209),#16213);
#16209 = LINE('',#16210,#16211);
#16210 = CARTESIAN_POINT('',(-3.,-15.));
#16211 = VECTOR('',#16212,1.);
#16212 = DIRECTION('',(1.,0.));
#16213 = ( GEOMETRIC_REPRESENTATION_CONTEXT(2) 
PARAMETRIC_REPRESENTATION_CONTEXT() REPRESENTATION_CONTEXT('2D SPACE',''
  ) );
#16214 = ORIENTED_EDGE('',*,*,#16215,.T.);
#16215 = EDGE_CURVE('',#16186,#16081,#16216,.T.);
#16216 = SURFACE_CURVE('',#16217,(#16221,#16228),.PCURVE_S1.);
#16217 = LINE('',#16218,#16219);
#16218 = CARTESIAN_POINT('',(170.5,85.,37.));
#16219 = VECTOR('',#16220,1.);
#16220 = DIRECTION('',(1.,0.,0.));
#16221 = PCURVE('',#16095,#16222);
#16222 = DEFINITIONAL_REPRESENTATION('',(#16223),#16227);
#16223 = LINE('',#16224,#16225);
#16224 = CARTESIAN_POINT('',(0.,0.));
#16225 = VECTOR('',#16226,1.);
#16226 = DIRECTION('',(0.,-1.));
#16227 = ( GEOMETRIC_REPRESENTATION_CONTEXT(2) 
PARAMETRIC_REPRESENTATION_CONTEXT() REPRESENTATION_CONTEXT('2D SPACE',''
  ) );
#16228 = PCURVE('',#16121,#16229);
#16229 = DEFINITIONAL_REPRESENTATION('',(#16230),#16234);
#16230 = LINE('',#16231,#16232);
#16231 = CARTESIAN_POINT('',(30.,0.));
#16232 = VECTOR('',#16233,1.);
#16233 = DIRECTION('',(0.,-1.));
#16234 = ( GEOMETRIC_REPRESENTATION_CONTEXT(2) 
PARAMETRIC_REPRESENTATION_CONTEXT() REPRESENTATION_CONTEXT('2D SPACE',''
  ) );
#16235 = ORIENTED_EDGE('',*,*,#16078,.F.);
#16236 = ORIENTED_EDGE('',*,*,#16237,.F.);
#16237 = EDGE_CURVE('',#16188,#16079,#16238,.T.);
#16238 = SURFACE_CURVE('',#16239,(#16243,#16250),.PCURVE_S1.);
#16239 = LINE('',#16240,#16241);
#16240 = CARTESIAN_POINT('',(170.5,85.,43.));
#16241 = VECTOR('',#16242,1.);
#16242 = DIRECTION('',(1.,0.,0.));
#16243 = PCURVE('',#16095,#16244);
#16244 = DEFINITIONAL_REPRESENTATION('',(#16245),#16249);
#16245 = LINE('',#16246,#16247);
#16246 = CARTESIAN_POINT('',(6.,0.));
#16247 = VECTOR('',#16248,1.);
#16248 = DIRECTION('',(0.,-1.));
#16249 = ( GEOMETRIC_REPRESENTATION_CONTEXT(2) 
PARAMETRIC_REPRESENTATION_CONTEXT() REPRESENTATION_CONTEXT('2D SPACE',''
  ) );
#16250 = PCURVE('',#16171,#16251);
#16251 = DEFINITIONAL_REPRESENTATION('',(#16252),#16256);
#16252 = LINE('',#16253,#16254);
#16253 = CARTESIAN_POINT('',(0.,-0.));
#16254 = VECTOR('',#16255,1.);
#16255 = DIRECTION('',(0.,-1.));
#16256 = ( GEOMETRIC_REPRESENTATION_CONTEXT(2) 
PARAMETRIC_REPRESENTATION_CONTEXT() REPRESENTATION_CONTEXT('2D SPACE',''
  ) );
#16257 = ADVANCED_FACE('',(#16258),#16171,.T.);
#16258 = FACE_BOUND('',#16259,.T.);
#16259 = EDGE_LOOP('',(#16260,#16283,#16284,#16285));
#16260 = ORIENTED_EDGE('',*,*,#16261,.F.);
#16261 = EDGE_CURVE('',#16188,#16262,#16264,.T.);
#16262 = VERTEX_POINT('',#16263);
#16263 = CARTESIAN_POINT('',(170.5,55.,43.));
#16264 = SURFACE_CURVE('',#16265,(#16269,#16276),.PCURVE_S1.);
#16265 = LINE('',#16266,#16267);
#16266 = CARTESIAN_POINT('',(170.5,85.,43.));
#16267 = VECTOR('',#16268,1.);
#16268 = DIRECTION('',(0.,-1.,0.));
#16269 = PCURVE('',#16171,#16270);
#16270 = DEFINITIONAL_REPRESENTATION('',(#16271),#16275);
#16271 = LINE('',#16272,#16273);
#16272 = CARTESIAN_POINT('',(0.,-0.));
#16273 = VECTOR('',#16274,1.);
#16274 = DIRECTION('',(1.,0.));
#16275 = ( GEOMETRIC_REPRESENTATION_CONTEXT(2) 
PARAMETRIC_REPRESENTATION_CONTEXT() REPRESENTATION_CONTEXT('2D SPACE',''
  ) );
#16276 = PCURVE('',#16203,#16277);
#16277 = DEFINITIONAL_REPRESENTATION('',(#16278),#16282);
#16278 = LINE('',#16279,#16280);
#16279 = CARTESIAN_POINT('',(3.,-15.));
#16280 = VECTOR('',#16281,1.);
#16281 = DIRECTION('',(0.,1.));
#16282 = ( GEOMETRIC_REPRESENTATION_CONTEXT(2) 
PARAMETRIC_REPRESENTATION_CONTEXT() REPRESENTATION_CONTEXT('2D SPACE',''
  ) );
#16283 = ORIENTED_EDGE('',*,*,#16237,.T.);
#16284 = ORIENTED_EDGE('',*,*,#16158,.F.);
#16285 = ORIENTED_EDGE('',*,*,#16286,.F.);
#16286 = EDGE_CURVE('',#16262,#16133,#16287,.T.);
#16287 = SURFACE_CURVE('',#16288,(#16292,#16299),.PCURVE_S1.);
#16288 = LINE('',#16289,#16290);
#16289 = CARTESIAN_POINT('',(170.5,55.,43.));
#16290 = VECTOR('',#16291,1.);
#16291 = DIRECTION('',(1.,0.,0.));
#16292 = PCURVE('',#16171,#16293);
#16293 = DEFINITIONAL_REPRESENTATION('',(#16294),#16298);
#16294 = LINE('',#16295,#16296);
#16295 = CARTESIAN_POINT('',(30.,0.));
#16296 = VECTOR('',#16297,1.);
#16297 = DIRECTION('',(0.,-1.));
#16298 = ( GEOMETRIC_REPRESENTATION_CONTEXT(2) 
PARAMETRIC_REPRESENTATION_CONTEXT() REPRESENTATION_CONTEXT('2D SPACE',''
  ) );
#16299 = PCURVE('',#16147,#16300);
#16300 = DEFINITIONAL_REPRESENTATION('',(#16301),#16305);
#16301 = LINE('',#16302,#16303);
#16302 = CARTESIAN_POINT('',(0.,0.));
#16303 = VECTOR('',#16304,1.);
#16304 = DIRECTION('',(0.,-1.));
#16305 = ( GEOMETRIC_REPRESENTATION_CONTEXT(2) 
PARAMETRIC_REPRESENTATION_CONTEXT() REPRESENTATION_CONTEXT('2D SPACE',''
  ) );
#16306 = ADVANCED_FACE('',(#16307),#16147,.T.);
#16307 = FACE_BOUND('',#16308,.T.);
#16308 = EDGE_LOOP('',(#16309,#16332,#16333,#16334));
#16309 = ORIENTED_EDGE('',*,*,#16310,.F.);
#16310 = EDGE_CURVE('',#16262,#16311,#16313,.T.);
#16311 = VERTEX_POINT('',#16312);
#16312 = CARTESIAN_POINT('',(170.5,55.,37.));
#16313 = SURFACE_CURVE('',#16314,(#16318,#16325),.PCURVE_S1.);
#16314 = LINE('',#16315,#16316);
#16315 = CARTESIAN_POINT('',(170.5,55.,43.));
#16316 = VECTOR('',#16317,1.);
#16317 = DIRECTION('',(0.,0.,-1.));
#16318 = PCURVE('',#16147,#16319);
#16319 = DEFINITIONAL_REPRESENTATION('',(#16320),#16324);
#16320 = LINE('',#16321,#16322);
#16321 = CARTESIAN_POINT('',(0.,0.));
#16322 = VECTOR('',#16323,1.);
#16323 = DIRECTION('',(1.,0.));
#16324 = ( GEOMETRIC_REPRESENTATION_CONTEXT(2) 
PARAMETRIC_REPRESENTATION_CONTEXT() REPRESENTATION_CONTEXT('2D SPACE',''
  ) );
#16325 = PCURVE('',#16203,#16326);
#16326 = DEFINITIONAL_REPRESENTATION('',(#16327),#16331);
#16327 = LINE('',#16328,#16329);
#16328 = CARTESIAN_POINT('',(3.,15.));
#16329 = VECTOR('',#16330,1.);
#16330 = DIRECTION('',(-1.,0.));
#16331 = ( GEOMETRIC_REPRESENTATION_CONTEXT(2) 
PARAMETRIC_REPRESENTATION_CONTEXT() REPRESENTATION_CONTEXT('2D SPACE',''
  ) );
#16332 = ORIENTED_EDGE('',*,*,#16286,.T.);
#16333 = ORIENTED_EDGE('',*,*,#16132,.F.);
#16334 = ORIENTED_EDGE('',*,*,#16335,.F.);
#16335 = EDGE_CURVE('',#16311,#16107,#16336,.T.);
#16336 = SURFACE_CURVE('',#16337,(#16341,#16348),.PCURVE_S1.);
#16337 = LINE('',#16338,#16339);
#16338 = CARTESIAN_POINT('',(170.5,55.,37.));
#16339 = VECTOR('',#16340,1.);
#16340 = DIRECTION('',(1.,0.,0.));
#16341 = PCURVE('',#16147,#16342);
#16342 = DEFINITIONAL_REPRESENTATION('',(#16343),#16347);
#16343 = LINE('',#16344,#16345);
#16344 = CARTESIAN_POINT('',(6.,0.));
#16345 = VECTOR('',#16346,1.);
#16346 = DIRECTION('',(0.,-1.));
#16347 = ( GEOMETRIC_REPRESENTATION_CONTEXT(2) 
PARAMETRIC_REPRESENTATION_CONTEXT() REPRESENTATION_CONTEXT('2D SPACE',''
  ) );
#16348 = PCURVE('',#16121,#16349);
#16349 = DEFINITIONAL_REPRESENTATION('',(#16350),#16354);
#16350 = LINE('',#16351,#16352);
#16351 = CARTESIAN_POINT('',(0.,0.));
#16352 = VECTOR('',#16353,1.);
#16353 = DIRECTION('',(0.,-1.));
#16354 = ( GEOMETRIC_REPRESENTATION_CONTEXT(2) 
PARAMETRIC_REPRESENTATION_CONTEXT() REPRESENTATION_CONTEXT('2D SPACE',''
  ) );
#16355 = ADVANCED_FACE('',(#16356),#16121,.T.);
#16356 = FACE_BOUND('',#16357,.T.);
#16357 = EDGE_LOOP('',(#16358,#16379,#16380,#16381));
#16358 = ORIENTED_EDGE('',*,*,#16359,.F.);
#16359 = EDGE_CURVE('',#16311,#16186,#16360,.T.);
#16360 = SURFACE_CURVE('',#16361,(#16365,#16372),.PCURVE_S1.);
#16361 = LINE('',#16362,#16363);
#16362 = CARTESIAN_POINT('',(170.5,55.,37.));
#16363 = VECTOR('',#16364,1.);
#16364 = DIRECTION('',(0.,1.,0.));
#16365 = PCURVE('',#16121,#16366);
#16366 = DEFINITIONAL_REPRESENTATION('',(#16367),#16371);
#16367 = LINE('',#16368,#16369);
#16368 = CARTESIAN_POINT('',(0.,0.));
#16369 = VECTOR('',#16370,1.);
#16370 = DIRECTION('',(1.,0.));
#16371 = ( GEOMETRIC_REPRESENTATION_CONTEXT(2) 
PARAMETRIC_REPRESENTATION_CONTEXT() REPRESENTATION_CONTEXT('2D SPACE',''
  ) );
#16372 = PCURVE('',#16203,#16373);
#16373 = DEFINITIONAL_REPRESENTATION('',(#16374),#16378);
#16374 = LINE('',#16375,#16376);
#16375 = CARTESIAN_POINT('',(-3.,15.));
#16376 = VECTOR('',#16377,1.);
#16377 = DIRECTION('',(0.,-1.));
#16378 = ( GEOMETRIC_REPRESENTATION_CONTEXT(2) 
PARAMETRIC_REPRESENTATION_CONTEXT() REPRESENTATION_CONTEXT('2D SPACE',''
  ) );
#16379 = ORIENTED_EDGE('',*,*,#16335,.T.);
#16380 = ORIENTED_EDGE('',*,*,#16106,.F.);
#16381 = ORIENTED_EDGE('',*,*,#16215,.F.);
#16382 = ADVANCED_FACE('',(#16383),#16203,.T.);
#16383 = FACE_BOUND('',#16384,.T.);
#16384 = EDGE_LOOP('',(#16385,#16386,#16387,#16388));
#16385 = ORIENTED_EDGE('',*,*,#16359,.T.);
#16386 = ORIENTED_EDGE('',*,*,#16185,.T.);
#16387 = ORIENTED_EDGE('',*,*,#16261,.T.);
#16388 = ORIENTED_EDGE('',*,*,#16310,.T.);
#16389 = ( GEOMETRIC_REPRESENTATION_CONTEXT(3) 
GLOBAL_UNCERTAINTY_ASSIGNED_CONTEXT((#16393)) 
GLOBAL_UNIT_ASSIGNED_CONTEXT((#16390,#16391,#16392)) 
REPRESENTATION_CONTEXT('Context #1',
  '3D Context with UNIT and UNCERTAINTY') );
#16390 = ( LENGTH_UNIT() NAMED_UNIT(*) SI_UNIT(.MILLI.,.METRE.) );
#16391 = ( NAMED_UNIT(*) PLANE_ANGLE_UNIT() SI_UNIT($,.RADIAN.) );
#16392 = ( NAMED_UNIT(*) SI_UNIT($,.STERADIAN.) SOLID_ANGLE_UNIT() );
#16393 = UNCERTAINTY_MEASURE_WITH_UNIT(LENGTH_MEASURE(1.E-07),#16390,
  'distance_accuracy_value','confusion accuracy');
#16394 = CONTEXT_DEPENDENT_SHAPE_REPRESENTATION(#16395,#16397);
#16395 = ( REPRESENTATION_RELATIONSHIP('','',#15976,#10) 
REPRESENTATION_RELATIONSHIP_WITH_TRANSFORMATION(#16396) 
SHAPE_REPRESENTATION_RELATIONSHIP() );
#16396 = ITEM_DEFINED_TRANSFORMATION('','',#11,#47);
#16397 = PRODUCT_DEFINITION_SHAPE('Placement','Placement of an item',
  #16398);
#16398 = NEXT_ASSEMBLY_USAGE_OCCURRENCE('31','dial','',#5,#15971,$);
#16399 = PRODUCT_RELATED_PRODUCT_CATEGORY('part',$,(#15973));
#16400 = SHAPE_DEFINITION_REPRESENTATION(#16401,#16407);
#16401 = PRODUCT_DEFINITION_SHAPE('','',#16402);
#16402 = PRODUCT_DEFINITION('design','',#16403,#16406);
#16403 = PRODUCT_DEFINITION_FORMATION('','',#16404);
#16404 = PRODUCT('status_led','status_led','',(#16405));
#16405 = PRODUCT_CONTEXT('',#2,'mechanical');
#16406 = PRODUCT_DEFINITION_CONTEXT('part definition',#2,'design');
#16407 = ADVANCED_BREP_SHAPE_REPRESENTATION('',(#11,#16408),#16506);
#16408 = MANIFOLD_SOLID_BREP('',#16409);
#16409 = CLOSED_SHELL('',(#16410,#16498,#16502));
#16410 = ADVANCED_FACE('',(#16411),#16425,.T.);
#16411 = FACE_BOUND('',#16412,.F.);
#16412 = EDGE_LOOP('',(#16413,#16443,#16470,#16471));
#16413 = ORIENTED_EDGE('',*,*,#16414,.T.);
#16414 = EDGE_CURVE('',#16415,#16417,#16419,.T.);
#16415 = VERTEX_POINT('',#16416);
#16416 = CARTESIAN_POINT('',(144.5,500.,77.));
#16417 = VERTEX_POINT('',#16418);
#16418 = CARTESIAN_POINT('',(144.5,500.,80.5));
#16419 = SEAM_CURVE('',#16420,(#16424,#16436),.PCURVE_S1.);
#16420 = LINE('',#16421,#16422);
#16421 = CARTESIAN_POINT('',(144.5,500.,77.));
#16422 = VECTOR('',#16423,1.);
#16423 = DIRECTION('',(0.,0.,1.));
#16424 = PCURVE('',#16425,#16430);
#16425 = CYLINDRICAL_SURFACE('',#16426,4.5);
#16426 = AXIS2_PLACEMENT_3D('',#16427,#16428,#16429);
#16427 = CARTESIAN_POINT('',(140.,500.,77.));
#16428 = DIRECTION('',(-0.,-0.,-1.));
#16429 = DIRECTION('',(1.,0.,0.));
#16430 = DEFINITIONAL_REPRESENTATION('',(#16431),#16435);
#16431 = LINE('',#16432,#16433);
#16432 = CARTESIAN_POINT('',(-0.,0.));
#16433 = VECTOR('',#16434,1.);
#16434 = DIRECTION('',(-0.,-1.));
#16435 = ( GEOMETRIC_REPRESENTATION_CONTEXT(2) 
PARAMETRIC_REPRESENTATION_CONTEXT() REPRESENTATION_CONTEXT('2D SPACE',''
  ) );
#16436 = PCURVE('',#16425,#16437);
#16437 = DEFINITIONAL_REPRESENTATION('',(#16438),#16442);
#16438 = LINE('',#16439,#16440);
#16439 = CARTESIAN_POINT('',(-6.28318530718,0.));
#16440 = VECTOR('',#16441,1.);
#16441 = DIRECTION('',(-0.,-1.));
#16442 = ( GEOMETRIC_REPRESENTATION_CONTEXT(2) 
PARAMETRIC_REPRESENTATION_CONTEXT() REPRESENTATION_CONTEXT('2D SPACE',''
  ) );
#16443 = ORIENTED_EDGE('',*,*,#16444,.T.);
#16444 = EDGE_CURVE('',#16417,#16417,#16445,.T.);
#16445 = SURFACE_CURVE('',#16446,(#16451,#16458),.PCURVE_S1.);
#16446 = CIRCLE('',#16447,4.5);
#16447 = AXIS2_PLACEMENT_3D('',#16448,#16449,#16450);
#16448 = CARTESIAN_POINT('',(140.,500.,80.5));
#16449 = DIRECTION('',(0.,0.,1.));
#16450 = DIRECTION('',(1.,0.,0.));
#16451 = PCURVE('',#16425,#16452);
#16452 = DEFINITIONAL_REPRESENTATION('',(#16453),#16457);
#16453 = LINE('',#16454,#16455);
#16454 = CARTESIAN_POINT('',(-0.,-3.5));
#16455 = VECTOR('',#16456,1.);
#16456 = DIRECTION('',(-1.,0.));
#16457 = ( GEOMETRIC_REPRESENTATION_CONTEXT(2) 
PARAMETRIC_REPRESENTATION_CONTEXT() REPRESENTATION_CONTEXT('2D SPACE',''
  ) );
#16458 = PCURVE('',#16459,#16464);
#16459 = PLANE('',#16460);
#16460 = AXIS2_PLACEMENT_3D('',#16461,#16462,#16463);
#16461 = CARTESIAN_POINT('',(140.,500.,80.5));
#16462 = DIRECTION('',(0.,0.,1.));
#16463 = DIRECTION('',(1.,0.,-0.));
#16464 = DEFINITIONAL_REPRESENTATION('',(#16465),#16469);
#16465 = CIRCLE('',#16466,4.5);
#16466 = AXIS2_PLACEMENT_2D('',#16467,#16468);
#16467 = CARTESIAN_POINT('',(0.,5.684341886081E-14));
#16468 = DIRECTION('',(1.,0.));
#16469 = ( GEOMETRIC_REPRESENTATION_CONTEXT(2) 
PARAMETRIC_REPRESENTATION_CONTEXT() REPRESENTATION_CONTEXT('2D SPACE',''
  ) );
#16470 = ORIENTED_EDGE('',*,*,#16414,.F.);
#16471 = ORIENTED_EDGE('',*,*,#16472,.F.);
#16472 = EDGE_CURVE('',#16415,#16415,#16473,.T.);
#16473 = SURFACE_CURVE('',#16474,(#16479,#16486),.PCURVE_S1.);
#16474 = CIRCLE('',#16475,4.5);
#16475 = AXIS2_PLACEMENT_3D('',#16476,#16477,#16478);
#16476 = CARTESIAN_POINT('',(140.,500.,77.));
#16477 = DIRECTION('',(0.,0.,1.));
#16478 = DIRECTION('',(1.,0.,0.));
#16479 = PCURVE('',#16425,#16480);
#16480 = DEFINITIONAL_REPRESENTATION('',(#16481),#16485);
#16481 = LINE('',#16482,#16483);
#16482 = CARTESIAN_POINT('',(-0.,0.));
#16483 = VECTOR('',#16484,1.);
#16484 = DIRECTION('',(-1.,0.));
#16485 = ( GEOMETRIC_REPRESENTATION_CONTEXT(2) 
PARAMETRIC_REPRESENTATION_CONTEXT() REPRESENTATION_CONTEXT('2D SPACE',''
  ) );
#16486 = PCURVE('',#16487,#16492);
#16487 = PLANE('',#16488);
#16488 = AXIS2_PLACEMENT_3D('',#16489,#16490,#16491);
#16489 = CARTESIAN_POINT('',(140.,500.,77.));
#16490 = DIRECTION('',(0.,0.,1.));
#16491 = DIRECTION('',(1.,0.,-0.));
#16492 = DEFINITIONAL_REPRESENTATION('',(#16493),#16497);
#16493 = CIRCLE('',#16494,4.5);
#16494 = AXIS2_PLACEMENT_2D('',#16495,#16496);
#16495 = CARTESIAN_POINT('',(0.,5.684341886081E-14));
#16496 = DIRECTION('',(1.,0.));
#16497 = ( GEOMETRIC_REPRESENTATION_CONTEXT(2) 
PARAMETRIC_REPRESENTATION_CONTEXT() REPRESENTATION_CONTEXT('2D SPACE',''
  ) );
#16498 = ADVANCED_FACE('',(#16499),#16487,.F.);
#16499 = FACE_BOUND('',#16500,.F.);
#16500 = EDGE_LOOP('',(#16501));
#16501 = ORIENTED_EDGE('',*,*,#16472,.T.);
#16502 = ADVANCED_FACE('',(#16503),#16459,.T.);
#16503 = FACE_BOUND('',#16504,.T.);
#16504 = EDGE_LOOP('',(#16505));
#16505 = ORIENTED_EDGE('',*,*,#16444,.T.);
#16506 = ( GEOMETRIC_REPRESENTATION_CONTEXT(3) 
GLOBAL_UNCERTAINTY_ASSIGNED_CONTEXT((#16510)) 
GLOBAL_UNIT_ASSIGNED_CONTEXT((#16507,#16508,#16509)) 
REPRESENTATION_CONTEXT('Context #1',
  '3D Context with UNIT and UNCERTAINTY') );
#16507 = ( LENGTH_UNIT() NAMED_UNIT(*) SI_UNIT(.MILLI.,.METRE.) );
#16508 = ( NAMED_UNIT(*) PLANE_ANGLE_UNIT() SI_UNIT($,.RADIAN.) );
#16509 = ( NAMED_UNIT(*) SI_UNIT($,.STERADIAN.) SOLID_ANGLE_UNIT() );
#16510 = UNCERTAINTY_MEASURE_WITH_UNIT(LENGTH_MEASURE(1.E-07),#16507,
  'distance_accuracy_value','confusion accuracy');
#16511 = CONTEXT_DEPENDENT_SHAPE_REPRESENTATION(#16512,#16514);
#16512 = ( REPRESENTATION_RELATIONSHIP('','',#16407,#10) 
REPRESENTATION_RELATIONSHIP_WITH_TRANSFORMATION(#16513) 
SHAPE_REPRESENTATION_RELATIONSHIP() );
#16513 = ITEM_DEFINED_TRANSFORMATION('','',#11,#51);
#16514 = PRODUCT_DEFINITION_SHAPE('Placement','Placement of an item',
  #16515);
#16515 = NEXT_ASSEMBLY_USAGE_OCCURRENCE('32','status_led','',#5,#16402,$
  );
#16516 = PRODUCT_RELATED_PRODUCT_CATEGORY('part',$,(#16404));
#16517 = SHAPE_DEFINITION_REPRESENTATION(#16518,#16524);
#16518 = PRODUCT_DEFINITION_SHAPE('','',#16519);
#16519 = PRODUCT_DEFINITION('design','',#16520,#16523);
#16520 = PRODUCT_DEFINITION_FORMATION('','',#16521);
#16521 = PRODUCT('supply_roll','supply_roll','',(#16522));
#16522 = PRODUCT_CONTEXT('',#2,'mechanical');
#16523 = PRODUCT_DEFINITION_CONTEXT('part definition',#2,'design');
#16524 = ADVANCED_BREP_SHAPE_REPRESENTATION('',(#11,#16525),#16623);
#16525 = MANIFOLD_SOLID_BREP('',#16526);
#16526 = CLOSED_SHELL('',(#16527,#16615,#16619));
#16527 = ADVANCED_FACE('',(#16528),#16542,.T.);
#16528 = FACE_BOUND('',#16529,.F.);
#16529 = EDGE_LOOP('',(#16530,#16560,#16587,#16588));
#16530 = ORIENTED_EDGE('',*,*,#16531,.T.);
#16531 = EDGE_CURVE('',#16532,#16534,#16536,.T.);
#16532 = VERTEX_POINT('',#16533);
#16533 = CARTESIAN_POINT('',(-132.,512.,30.));
#16534 = VERTEX_POINT('',#16535);
#16535 = CARTESIAN_POINT('',(132.,512.,30.));
#16536 = SEAM_CURVE('',#16537,(#16541,#16553),.PCURVE_S1.);
#16537 = LINE('',#16538,#16539);
#16538 = CARTESIAN_POINT('',(-132.,512.,30.));
#16539 = VECTOR('',#16540,1.);
#16540 = DIRECTION('',(1.,0.,0.));
#16541 = PCURVE('',#16542,#16547);
#16542 = CYLINDRICAL_SURFACE('',#16543,24.);
#16543 = AXIS2_PLACEMENT_3D('',#16544,#16545,#16546);
#16544 = CARTESIAN_POINT('',(-132.,488.,30.));
#16545 = DIRECTION('',(-1.,-0.,-0.));
#16546 = DIRECTION('',(0.,1.,0.));
#16547 = DEFINITIONAL_REPRESENTATION('',(#16548),#16552);
#16548 = LINE('',#16549,#16550);
#16549 = CARTESIAN_POINT('',(-0.,0.));
#16550 = VECTOR('',#16551,1.);
#16551 = DIRECTION('',(-0.,-1.));
#16552 = ( GEOMETRIC_REPRESENTATION_CONTEXT(2) 
PARAMETRIC_REPRESENTATION_CONTEXT() REPRESENTATION_CONTEXT('2D SPACE',''
  ) );
#16553 = PCURVE('',#16542,#16554);
#16554 = DEFINITIONAL_REPRESENTATION('',(#16555),#16559);
#16555 = LINE('',#16556,#16557);
#16556 = CARTESIAN_POINT('',(-6.28318530718,0.));
#16557 = VECTOR('',#16558,1.);
#16558 = DIRECTION('',(-0.,-1.));
#16559 = ( GEOMETRIC_REPRESENTATION_CONTEXT(2) 
PARAMETRIC_REPRESENTATION_CONTEXT() REPRESENTATION_CONTEXT('2D SPACE',''
  ) );
#16560 = ORIENTED_EDGE('',*,*,#16561,.T.);
#16561 = EDGE_CURVE('',#16534,#16534,#16562,.T.);
#16562 = SURFACE_CURVE('',#16563,(#16568,#16575),.PCURVE_S1.);
#16563 = CIRCLE('',#16564,24.);
#16564 = AXIS2_PLACEMENT_3D('',#16565,#16566,#16567);
#16565 = CARTESIAN_POINT('',(132.,488.,30.));
#16566 = DIRECTION('',(1.,0.,0.));
#16567 = DIRECTION('',(0.,1.,0.));
#16568 = PCURVE('',#16542,#16569);
#16569 = DEFINITIONAL_REPRESENTATION('',(#16570),#16574);
#16570 = LINE('',#16571,#16572);
#16571 = CARTESIAN_POINT('',(-0.,-264.));
#16572 = VECTOR('',#16573,1.);
#16573 = DIRECTION('',(-1.,0.));
#16574 = ( GEOMETRIC_REPRESENTATION_CONTEXT(2) 
PARAMETRIC_REPRESENTATION_CONTEXT() REPRESENTATION_CONTEXT('2D SPACE',''
  ) );
#16575 = PCURVE('',#16576,#16581);
#16576 = PLANE('',#16577);
#16577 = AXIS2_PLACEMENT_3D('',#16578,#16579,#16580);
#16578 = CARTESIAN_POINT('',(132.,488.,30.));
#16579 = DIRECTION('',(1.,0.,0.));
#16580 = DIRECTION('',(-0.,0.,1.));
#16581 = DEFINITIONAL_REPRESENTATION('',(#16582),#16586);
#16582 = CIRCLE('',#16583,24.);
#16583 = AXIS2_PLACEMENT_2D('',#16584,#16585);
#16584 = CARTESIAN_POINT('',(0.,-5.684341886081E-14));
#16585 = DIRECTION('',(0.,-1.));
#16586 = ( GEOMETRIC_REPRESENTATION_CONTEXT(2) 
PARAMETRIC_REPRESENTATION_CONTEXT() REPRESENTATION_CONTEXT('2D SPACE',''
  ) );
#16587 = ORIENTED_EDGE('',*,*,#16531,.F.);
#16588 = ORIENTED_EDGE('',*,*,#16589,.F.);
#16589 = EDGE_CURVE('',#16532,#16532,#16590,.T.);
#16590 = SURFACE_CURVE('',#16591,(#16596,#16603),.PCURVE_S1.);
#16591 = CIRCLE('',#16592,24.);
#16592 = AXIS2_PLACEMENT_3D('',#16593,#16594,#16595);
#16593 = CARTESIAN_POINT('',(-132.,488.,30.));
#16594 = DIRECTION('',(1.,0.,0.));
#16595 = DIRECTION('',(0.,1.,0.));
#16596 = PCURVE('',#16542,#16597);
#16597 = DEFINITIONAL_REPRESENTATION('',(#16598),#16602);
#16598 = LINE('',#16599,#16600);
#16599 = CARTESIAN_POINT('',(-0.,0.));
#16600 = VECTOR('',#16601,1.);
#16601 = DIRECTION('',(-1.,0.));
#16602 = ( GEOMETRIC_REPRESENTATION_CONTEXT(2) 
PARAMETRIC_REPRESENTATION_CONTEXT() REPRESENTATION_CONTEXT('2D SPACE',''
  ) );
#16603 = PCURVE('',#16604,#16609);
#16604 = PLANE('',#16605);
#16605 = AXIS2_PLACEMENT_3D('',#16606,#16607,#16608);
#16606 = CARTESIAN_POINT('',(-132.,488.,30.));
#16607 = DIRECTION('',(1.,0.,0.));
#16608 = DIRECTION('',(-0.,0.,1.));
#16609 = DEFINITIONAL_REPRESENTATION('',(#16610),#16614);
#16610 = CIRCLE('',#16611,24.);
#16611 = AXIS2_PLACEMENT_2D('',#16612,#16613);
#16612 = CARTESIAN_POINT('',(0.,-5.684341886081E-14));
#16613 = DIRECTION('',(0.,-1.));
#16614 = ( GEOMETRIC_REPRESENTATION_CONTEXT(2) 
PARAMETRIC_REPRESENTATION_CONTEXT() REPRESENTATION_CONTEXT('2D SPACE',''
  ) );
#16615 = ADVANCED_FACE('',(#16616),#16604,.F.);
#16616 = FACE_BOUND('',#16617,.F.);
#16617 = EDGE_LOOP('',(#16618));
#16618 = ORIENTED_EDGE('',*,*,#16589,.T.);
#16619 = ADVANCED_FACE('',(#16620),#16576,.T.);
#16620 = FACE_BOUND('',#16621,.T.);
#16621 = EDGE_LOOP('',(#16622));
#16622 = ORIENTED_EDGE('',*,*,#16561,.T.);
#16623 = ( GEOMETRIC_REPRESENTATION_CONTEXT(3) 
GLOBAL_UNCERTAINTY_ASSIGNED_CONTEXT((#16627)) 
GLOBAL_UNIT_ASSIGNED_CONTEXT((#16624,#16625,#16626)) 
REPRESENTATION_CONTEXT('Context #1',
  '3D Context with UNIT and UNCERTAINTY') );
#16624 = ( LENGTH_UNIT() NAMED_UNIT(*) SI_UNIT(.MILLI.,.METRE.) );
#16625 = ( NAMED_UNIT(*) PLANE_ANGLE_UNIT() SI_UNIT($,.RADIAN.) );
#16626 = ( NAMED_UNIT(*) SI_UNIT($,.STERADIAN.) SOLID_ANGLE_UNIT() );
#16627 = UNCERTAINTY_MEASURE_WITH_UNIT(LENGTH_MEASURE(1.E-07),#16624,
  'distance_accuracy_value','confusion accuracy');
#16628 = CONTEXT_DEPENDENT_SHAPE_REPRESENTATION(#16629,#16631);
#16629 = ( REPRESENTATION_RELATIONSHIP('','',#16524,#10) 
REPRESENTATION_RELATIONSHIP_WITH_TRANSFORMATION(#16630) 
SHAPE_REPRESENTATION_RELATIONSHIP() );
#16630 = ITEM_DEFINED_TRANSFORMATION('','',#11,#55);
#16631 = PRODUCT_DEFINITION_SHAPE('Placement','Placement of an item',
  #16632);
#16632 = NEXT_ASSEMBLY_USAGE_OCCURRENCE('33','supply_roll','',#5,#16519,
  $);
#16633 = PRODUCT_RELATED_PRODUCT_CATEGORY('part',$,(#16521));
#16634 = SHAPE_DEFINITION_REPRESENTATION(#16635,#16641);
#16635 = PRODUCT_DEFINITION_SHAPE('','',#16636);
#16636 = PRODUCT_DEFINITION('design','',#16637,#16640);
#16637 = PRODUCT_DEFINITION_FORMATION('','',#16638);
#16638 = PRODUCT('takeup_roll','takeup_roll','',(#16639));
#16639 = PRODUCT_CONTEXT('',#2,'mechanical');
#16640 = PRODUCT_DEFINITION_CONTEXT('part definition',#2,'design');
#16641 = ADVANCED_BREP_SHAPE_REPRESENTATION('',(#11,#16642),#16740);
#16642 = MANIFOLD_SOLID_BREP('',#16643);
#16643 = CLOSED_SHELL('',(#16644,#16732,#16736));
#16644 = ADVANCED_FACE('',(#16645),#16659,.T.);
#16645 = FACE_BOUND('',#16646,.F.);
#16646 = EDGE_LOOP('',(#16647,#16677,#16704,#16705));
#16647 = ORIENTED_EDGE('',*,*,#16648,.T.);
#16648 = EDGE_CURVE('',#16649,#16651,#16653,.T.);
#16649 = VERTEX_POINT('',#16650);
#16650 = CARTESIAN_POINT('',(-132.,94.,34.));
#16651 = VERTEX_POINT('',#16652);
#16652 = CARTESIAN_POINT('',(132.,94.,34.));
#16653 = SEAM_CURVE('',#16654,(#16658,#16670),.PCURVE_S1.);
#16654 = LINE('',#16655,#16656);
#16655 = CARTESIAN_POINT('',(-132.,94.,34.));
#16656 = VECTOR('',#16657,1.);
#16657 = DIRECTION('',(1.,0.,0.));
#16658 = PCURVE('',#16659,#16664);
#16659 = CYLINDRICAL_SURFACE('',#16660,24.);
#16660 = AXIS2_PLACEMENT_3D('',#16661,#16662,#16663);
#16661 = CARTESIAN_POINT('',(-132.,70.,34.));
#16662 = DIRECTION('',(-1.,-0.,-0.));
#16663 = DIRECTION('',(0.,1.,0.));
#16664 = DEFINITIONAL_REPRESENTATION('',(#16665),#16669);
#16665 = LINE('',#16666,#16667);
#16666 = CARTESIAN_POINT('',(-0.,0.));
#16667 = VECTOR('',#16668,1.);
#16668 = DIRECTION('',(-0.,-1.));
#16669 = ( GEOMETRIC_REPRESENTATION_CONTEXT(2) 
PARAMETRIC_REPRESENTATION_CONTEXT() REPRESENTATION_CONTEXT('2D SPACE',''
  ) );
#16670 = PCURVE('',#16659,#16671);
#16671 = DEFINITIONAL_REPRESENTATION('',(#16672),#16676);
#16672 = LINE('',#16673,#16674);
#16673 = CARTESIAN_POINT('',(-6.28318530718,0.));
#16674 = VECTOR('',#16675,1.);
#16675 = DIRECTION('',(-0.,-1.));
#16676 = ( GEOMETRIC_REPRESENTATION_CONTEXT(2) 
PARAMETRIC_REPRESENTATION_CONTEXT() REPRESENTATION_CONTEXT('2D SPACE',''
  ) );
#16677 = ORIENTED_EDGE('',*,*,#16678,.T.);
#16678 = EDGE_CURVE('',#16651,#16651,#16679,.T.);
#16679 = SURFACE_CURVE('',#16680,(#16685,#16692),.PCURVE_S1.);
#16680 = CIRCLE('',#16681,24.);
#16681 = AXIS2_PLACEMENT_3D('',#16682,#16683,#16684);
#16682 = CARTESIAN_POINT('',(132.,70.,34.));
#16683 = DIRECTION('',(1.,0.,0.));
#16684 = DIRECTION('',(0.,1.,0.));
#16685 = PCURVE('',#16659,#16686);
#16686 = DEFINITIONAL_REPRESENTATION('',(#16687),#16691);
#16687 = LINE('',#16688,#16689);
#16688 = CARTESIAN_POINT('',(-0.,-264.));
#16689 = VECTOR('',#16690,1.);
#16690 = DIRECTION('',(-1.,0.));
#16691 = ( GEOMETRIC_REPRESENTATION_CONTEXT(2) 
PARAMETRIC_REPRESENTATION_CONTEXT() REPRESENTATION_CONTEXT('2D SPACE',''
  ) );
#16692 = PCURVE('',#16693,#16698);
#16693 = PLANE('',#16694);
#16694 = AXIS2_PLACEMENT_3D('',#16695,#16696,#16697);
#16695 = CARTESIAN_POINT('',(132.,70.,34.));
#16696 = DIRECTION('',(1.,0.,0.));
#16697 = DIRECTION('',(-0.,0.,1.));
#16698 = DEFINITIONAL_REPRESENTATION('',(#16699),#16703);
#16699 = CIRCLE('',#16700,24.);
#16700 = AXIS2_PLACEMENT_2D('',#16701,#16702);
#16701 = CARTESIAN_POINT('',(-7.105427357601E-15,1.42108547152E-14));
#16702 = DIRECTION('',(0.,-1.));
#16703 = ( GEOMETRIC_REPRESENTATION_CONTEXT(2) 
PARAMETRIC_REPRESENTATION_CONTEXT() REPRESENTATION_CONTEXT('2D SPACE',''
  ) );
#16704 = ORIENTED_EDGE('',*,*,#16648,.F.);
#16705 = ORIENTED_EDGE('',*,*,#16706,.F.);
#16706 = EDGE_CURVE('',#16649,#16649,#16707,.T.);
#16707 = SURFACE_CURVE('',#16708,(#16713,#16720),.PCURVE_S1.);
#16708 = CIRCLE('',#16709,24.);
#16709 = AXIS2_PLACEMENT_3D('',#16710,#16711,#16712);
#16710 = CARTESIAN_POINT('',(-132.,70.,34.));
#16711 = DIRECTION('',(1.,0.,0.));
#16712 = DIRECTION('',(0.,1.,0.));
#16713 = PCURVE('',#16659,#16714);
#16714 = DEFINITIONAL_REPRESENTATION('',(#16715),#16719);
#16715 = LINE('',#16716,#16717);
#16716 = CARTESIAN_POINT('',(-0.,0.));
#16717 = VECTOR('',#16718,1.);
#16718 = DIRECTION('',(-1.,0.));
#16719 = ( GEOMETRIC_REPRESENTATION_CONTEXT(2) 
PARAMETRIC_REPRESENTATION_CONTEXT() REPRESENTATION_CONTEXT('2D SPACE',''
  ) );
#16720 = PCURVE('',#16721,#16726);
#16721 = PLANE('',#16722);
#16722 = AXIS2_PLACEMENT_3D('',#16723,#16724,#16725);
#16723 = CARTESIAN_POINT('',(-132.,70.,34.));
#16724 = DIRECTION('',(1.,0.,0.));
#16725 = DIRECTION('',(-0.,0.,1.));
#16726 = DEFINITIONAL_REPRESENTATION('',(#16727),#16731);
#16727 = CIRCLE('',#16728,24.);
#16728 = AXIS2_PLACEMENT_2D('',#16729,#16730);
#16729 = CARTESIAN_POINT('',(-7.105427357601E-15,1.42108547152E-14));
#16730 = DIRECTION('',(0.,-1.));
#16731 = ( GEOMETRIC_REPRESENTATION_CONTEXT(2) 
PARAMETRIC_REPRESENTATION_CONTEXT() REPRESENTATION_CONTEXT('2D SPACE',''
  ) );
#16732 = ADVANCED_FACE('',(#16733),#16721,.F.);
#16733 = FACE_BOUND('',#16734,.F.);
#16734 = EDGE_LOOP('',(#16735));
#16735 = ORIENTED_EDGE('',*,*,#16706,.T.);
#16736 = ADVANCED_FACE('',(#16737),#16693,.T.);
#16737 = FACE_BOUND('',#16738,.T.);
#16738 = EDGE_LOOP('',(#16739));
#16739 = ORIENTED_EDGE('',*,*,#16678,.T.);
#16740 = ( GEOMETRIC_REPRESENTATION_CONTEXT(3) 
GLOBAL_UNCERTAINTY_ASSIGNED_CONTEXT((#16744)) 
GLOBAL_UNIT_ASSIGNED_CONTEXT((#16741,#16742,#16743)) 
REPRESENTATION_CONTEXT('Context #1',
  '3D Context with UNIT and UNCERTAINTY') );
#16741 = ( LENGTH_UNIT() NAMED_UNIT(*) SI_UNIT(.MILLI.,.METRE.) );
#16742 = ( NAMED_UNIT(*) PLANE_ANGLE_UNIT() SI_UNIT($,.RADIAN.) );
#16743 = ( NAMED_UNIT(*) SI_UNIT($,.STERADIAN.) SOLID_ANGLE_UNIT() );
#16744 = UNCERTAINTY_MEASURE_WITH_UNIT(LENGTH_MEASURE(1.E-07),#16741,
  'distance_accuracy_value','confusion accuracy');
#16745 = CONTEXT_DEPENDENT_SHAPE_REPRESENTATION(#16746,#16748);
#16746 = ( REPRESENTATION_RELATIONSHIP('','',#16641,#10) 
REPRESENTATION_RELATIONSHIP_WITH_TRANSFORMATION(#16747) 
SHAPE_REPRESENTATION_RELATIONSHIP() );
#16747 = ITEM_DEFINED_TRANSFORMATION('','',#11,#59);
#16748 = PRODUCT_DEFINITION_SHAPE('Placement','Placement of an item',
  #16749);
#16749 = NEXT_ASSEMBLY_USAGE_OCCURRENCE('34','takeup_roll','',#5,#16636,
  $);
#16750 = PRODUCT_RELATED_PRODUCT_CATEGORY('part',$,(#16638));
#16751 = MECHANICAL_DESIGN_GEOMETRIC_PRESENTATION_REPRESENTATION('',(
    #16752,#16760,#16767,#16774,#16781,#16788,#16795,#16802,#16809,
    #16816,#16823,#16830,#16837,#16844,#16851,#16858,#16865),#13482);
#16752 = STYLED_ITEM('color',(#16753),#7872);
#16753 = PRESENTATION_STYLE_ASSIGNMENT((#16754));
#16754 = SURFACE_STYLE_USAGE(.BOTH.,#16755);
#16755 = SURFACE_SIDE_STYLE('',(#16756));
#16756 = SURFACE_STYLE_FILL_AREA(#16757);
#16757 = FILL_AREA_STYLE('',(#16758));
#16758 = FILL_AREA_STYLE_COLOUR('',#16759);
#16759 = COLOUR_RGB('',0.956862830389,0.964705968517,0.968627457133);
#16760 = STYLED_ITEM('color',(#16761),#8202);
#16761 = PRESENTATION_STYLE_ASSIGNMENT((#16762));
#16762 = SURFACE_STYLE_USAGE(.BOTH.,#16763);
#16763 = SURFACE_SIDE_STYLE('',(#16764));
#16764 = SURFACE_STYLE_FILL_AREA(#16765);
#16765 = FILL_AREA_STYLE('',(#16766));
#16766 = FILL_AREA_STYLE_COLOUR('',#16759);
#16767 = STYLED_ITEM('color',(#16768),#8532);
#16768 = PRESENTATION_STYLE_ASSIGNMENT((#16769));
#16769 = SURFACE_STYLE_USAGE(.BOTH.,#16770);
#16770 = SURFACE_SIDE_STYLE('',(#16771));
#16771 = SURFACE_STYLE_FILL_AREA(#16772);
#16772 = FILL_AREA_STYLE('',(#16773));
#16773 = FILL_AREA_STYLE_COLOUR('',#16759);
#16774 = STYLED_ITEM('color',(#16775),#8862);
#16775 = PRESENTATION_STYLE_ASSIGNMENT((#16776));
#16776 = SURFACE_STYLE_USAGE(.BOTH.,#16777);
#16777 = SURFACE_SIDE_STYLE('',(#16778));
#16778 = SURFACE_STYLE_FILL_AREA(#16779);
#16779 = FILL_AREA_STYLE('',(#16780));
#16780 = FILL_AREA_STYLE_COLOUR('',#16759);
#16781 = STYLED_ITEM('color',(#16782),#9192);
#16782 = PRESENTATION_STYLE_ASSIGNMENT((#16783));
#16783 = SURFACE_STYLE_USAGE(.BOTH.,#16784);
#16784 = SURFACE_SIDE_STYLE('',(#16785));
#16785 = SURFACE_STYLE_FILL_AREA(#16786);
#16786 = FILL_AREA_STYLE('',(#16787));
#16787 = FILL_AREA_STYLE_COLOUR('',#16759);
#16788 = STYLED_ITEM('color',(#16789),#9522);
#16789 = PRESENTATION_STYLE_ASSIGNMENT((#16790));
#16790 = SURFACE_STYLE_USAGE(.BOTH.,#16791);
#16791 = SURFACE_SIDE_STYLE('',(#16792));
#16792 = SURFACE_STYLE_FILL_AREA(#16793);
#16793 = FILL_AREA_STYLE('',(#16794));
#16794 = FILL_AREA_STYLE_COLOUR('',#16759);
#16795 = STYLED_ITEM('color',(#16796),#9852);
#16796 = PRESENTATION_STYLE_ASSIGNMENT((#16797));
#16797 = SURFACE_STYLE_USAGE(.BOTH.,#16798);
#16798 = SURFACE_SIDE_STYLE('',(#16799));
#16799 = SURFACE_STYLE_FILL_AREA(#16800);
#16800 = FILL_AREA_STYLE('',(#16801));
#16801 = FILL_AREA_STYLE_COLOUR('',#16759);
#16802 = STYLED_ITEM('color',(#16803),#10182);
#16803 = PRESENTATION_STYLE_ASSIGNMENT((#16804));
#16804 = SURFACE_STYLE_USAGE(.BOTH.,#16805);
#16805 = SURFACE_SIDE_STYLE('',(#16806));
#16806 = SURFACE_STYLE_FILL_AREA(#16807);
#16807 = FILL_AREA_STYLE('',(#16808));
#16808 = FILL_AREA_STYLE_COLOUR('',#16759);
#16809 = STYLED_ITEM('color',(#16810),#10512);
#16810 = PRESENTATION_STYLE_ASSIGNMENT((#16811));
#16811 = SURFACE_STYLE_USAGE(.BOTH.,#16812);
#16812 = SURFACE_SIDE_STYLE('',(#16813));
#16813 = SURFACE_STYLE_FILL_AREA(#16814);
#16814 = FILL_AREA_STYLE('',(#16815));
#16815 = FILL_AREA_STYLE_COLOUR('',#16759);
#16816 = STYLED_ITEM('color',(#16817),#10842);
#16817 = PRESENTATION_STYLE_ASSIGNMENT((#16818));
#16818 = SURFACE_STYLE_USAGE(.BOTH.,#16819);
#16819 = SURFACE_SIDE_STYLE('',(#16820));
#16820 = SURFACE_STYLE_FILL_AREA(#16821);
#16821 = FILL_AREA_STYLE('',(#16822));
#16822 = FILL_AREA_STYLE_COLOUR('',#16759);
#16823 = STYLED_ITEM('color',(#16824),#11172);
#16824 = PRESENTATION_STYLE_ASSIGNMENT((#16825));
#16825 = SURFACE_STYLE_USAGE(.BOTH.,#16826);
#16826 = SURFACE_SIDE_STYLE('',(#16827));
#16827 = SURFACE_STYLE_FILL_AREA(#16828);
#16828 = FILL_AREA_STYLE('',(#16829));
#16829 = FILL_AREA_STYLE_COLOUR('',#16759);
#16830 = STYLED_ITEM('color',(#16831),#11502);
#16831 = PRESENTATION_STYLE_ASSIGNMENT((#16832));
#16832 = SURFACE_STYLE_USAGE(.BOTH.,#16833);
#16833 = SURFACE_SIDE_STYLE('',(#16834));
#16834 = SURFACE_STYLE_FILL_AREA(#16835);
#16835 = FILL_AREA_STYLE('',(#16836));
#16836 = FILL_AREA_STYLE_COLOUR('',#16759);
#16837 = STYLED_ITEM('color',(#16838),#11832);
#16838 = PRESENTATION_STYLE_ASSIGNMENT((#16839));
#16839 = SURFACE_STYLE_USAGE(.BOTH.,#16840);
#16840 = SURFACE_SIDE_STYLE('',(#16841));
#16841 = SURFACE_STYLE_FILL_AREA(#16842);
#16842 = FILL_AREA_STYLE('',(#16843));
#16843 = FILL_AREA_STYLE_COLOUR('',#16759);
#16844 = STYLED_ITEM('color',(#16845),#12162);
#16845 = PRESENTATION_STYLE_ASSIGNMENT((#16846));
#16846 = SURFACE_STYLE_USAGE(.BOTH.,#16847);
#16847 = SURFACE_SIDE_STYLE('',(#16848));
#16848 = SURFACE_STYLE_FILL_AREA(#16849);
#16849 = FILL_AREA_STYLE('',(#16850));
#16850 = FILL_AREA_STYLE_COLOUR('',#16759);
#16851 = STYLED_ITEM('color',(#16852),#12492);
#16852 = PRESENTATION_STYLE_ASSIGNMENT((#16853));
#16853 = SURFACE_STYLE_USAGE(.BOTH.,#16854);
#16854 = SURFACE_SIDE_STYLE('',(#16855));
#16855 = SURFACE_STYLE_FILL_AREA(#16856);
#16856 = FILL_AREA_STYLE('',(#16857));
#16857 = FILL_AREA_STYLE_COLOUR('',#16759);
#16858 = STYLED_ITEM('color',(#16859),#12822);
#16859 = PRESENTATION_STYLE_ASSIGNMENT((#16860));
#16860 = SURFACE_STYLE_USAGE(.BOTH.,#16861);
#16861 = SURFACE_SIDE_STYLE('',(#16862));
#16862 = SURFACE_STYLE_FILL_AREA(#16863);
#16863 = FILL_AREA_STYLE('',(#16864));
#16864 = FILL_AREA_STYLE_COLOUR('',#16759);
#16865 = STYLED_ITEM('color',(#16866),#13152);
#16866 = PRESENTATION_STYLE_ASSIGNMENT((#16867));
#16867 = SURFACE_STYLE_USAGE(.BOTH.,#16868);
#16868 = SURFACE_SIDE_STYLE('',(#16869));
#16869 = SURFACE_STYLE_FILL_AREA(#16870);
#16870 = FILL_AREA_STYLE('',(#16871));
#16871 = FILL_AREA_STYLE_COLOUR('',#16759);
#16872 = MECHANICAL_DESIGN_GEOMETRIC_PRESENTATION_REPRESENTATION('',(
    #16873),#16623);
#16873 = STYLED_ITEM('color',(#16874),#16525);
#16874 = PRESENTATION_STYLE_ASSIGNMENT((#16875));
#16875 = SURFACE_STYLE_USAGE(.BOTH.,#16876);
#16876 = SURFACE_SIDE_STYLE('',(#16877));
#16877 = SURFACE_STYLE_FILL_AREA(#16878);
#16878 = FILL_AREA_STYLE('',(#16879));
#16879 = FILL_AREA_STYLE_COLOUR('',#16880);
#16880 = COLOUR_RGB('',0.949019637608,0.843137294481,0.619607859787);
#16881 = MECHANICAL_DESIGN_GEOMETRIC_PRESENTATION_REPRESENTATION('',(
    #16882),#16506);
#16882 = STYLED_ITEM('color',(#16883),#16408);
#16883 = PRESENTATION_STYLE_ASSIGNMENT((#16884));
#16884 = SURFACE_STYLE_USAGE(.BOTH.,#16885);
#16885 = SURFACE_SIDE_STYLE('',(#16886));
#16886 = SURFACE_STYLE_FILL_AREA(#16887);
#16887 = FILL_AREA_STYLE('',(#16888));
#16888 = FILL_AREA_STYLE_COLOUR('',#16889);
#16889 = COLOUR_RGB('',0.113725482635,0.619607859787,0.458823520168);
#16890 = MECHANICAL_DESIGN_GEOMETRIC_PRESENTATION_REPRESENTATION('',(
    #16891),#16389);
#16891 = STYLED_ITEM('color',(#16892),#15977);
#16892 = PRESENTATION_STYLE_ASSIGNMENT((#16893));
#16893 = SURFACE_STYLE_USAGE(.BOTH.,#16894);
#16894 = SURFACE_SIDE_STYLE('',(#16895));
#16895 = SURFACE_STYLE_FILL_AREA(#16896);
#16896 = FILL_AREA_STYLE('',(#16897));
#16897 = FILL_AREA_STYLE_COLOUR('',#16898);
#16898 = COLOUR_RGB('',5.882352716007E-02,0.431372551983,0.337254933846
  );
#16899 = MECHANICAL_DESIGN_GEOMETRIC_PRESENTATION_REPRESENTATION('',(
    #16900),#15609);
#16900 = STYLED_ITEM('color',(#16901),#14527);
#16901 = PRESENTATION_STYLE_ASSIGNMENT((#16902));
#16902 = SURFACE_STYLE_USAGE(.BOTH.,#16903);
#16903 = SURFACE_SIDE_STYLE('',(#16904));
#16904 = SURFACE_STYLE_FILL_AREA(#16905);
#16905 = FILL_AREA_STYLE('',(#16906));
#16906 = FILL_AREA_STYLE_COLOUR('',#16907);
#16907 = DRAUGHTING_PRE_DEFINED_COLOUR('white');
#16908 = MECHANICAL_DESIGN_GEOMETRIC_PRESENTATION_REPRESENTATION('',(
    #16909),#14508);
#16909 = STYLED_ITEM('color',(#16910),#14178);
#16910 = PRESENTATION_STYLE_ASSIGNMENT((#16911));
#16911 = SURFACE_STYLE_USAGE(.BOTH.,#16912);
#16912 = SURFACE_SIDE_STYLE('',(#16913));
#16913 = SURFACE_STYLE_FILL_AREA(#16914);
#16914 = FILL_AREA_STYLE('',(#16915));
#16915 = FILL_AREA_STYLE_COLOUR('',#16916);
#16916 = COLOUR_RGB('',0.290196103875,0.258823539696,0.752941240391);
#16917 = MECHANICAL_DESIGN_GEOMETRIC_PRESENTATION_REPRESENTATION('',(
    #16918),#3262);
#16918 = STYLED_ITEM('color',(#16919),#2932);
#16919 = PRESENTATION_STYLE_ASSIGNMENT((#16920));
#16920 = SURFACE_STYLE_USAGE(.BOTH.,#16921);
#16921 = SURFACE_SIDE_STYLE('',(#16922));
#16922 = SURFACE_STYLE_FILL_AREA(#16923);
#16923 = FILL_AREA_STYLE('',(#16924));
#16924 = FILL_AREA_STYLE_COLOUR('',#16925);
#16925 = COLOUR_RGB('',0.964705968517,0.886274574715,0.705882381067);
#16926 = MECHANICAL_DESIGN_GEOMETRIC_PRESENTATION_REPRESENTATION('',(
    #16927,#16935,#16942,#16949,#16956,#16963,#16970,#16977,#16984,
    #16991,#16998,#17005),#7853);
#16927 = STYLED_ITEM('color',(#16928),#3281);
#16928 = PRESENTATION_STYLE_ASSIGNMENT((#16929));
#16929 = SURFACE_STYLE_USAGE(.BOTH.,#16930);
#16930 = SURFACE_SIDE_STYLE('',(#16931));
#16931 = SURFACE_STYLE_FILL_AREA(#16932);
#16932 = FILL_AREA_STYLE('',(#16933));
#16933 = FILL_AREA_STYLE_COLOUR('',#16934);
#16934 = COLOUR_RGB('',0.121568614231,0.164705876344,0.188235289899);
#16935 = STYLED_ITEM('color',(#16936),#3662);
#16936 = PRESENTATION_STYLE_ASSIGNMENT((#16937));
#16937 = SURFACE_STYLE_USAGE(.BOTH.,#16938);
#16938 = SURFACE_SIDE_STYLE('',(#16939));
#16939 = SURFACE_STYLE_FILL_AREA(#16940);
#16940 = FILL_AREA_STYLE('',(#16941));
#16941 = FILL_AREA_STYLE_COLOUR('',#16934);
#16942 = STYLED_ITEM('color',(#16943),#4043);
#16943 = PRESENTATION_STYLE_ASSIGNMENT((#16944));
#16944 = SURFACE_STYLE_USAGE(.BOTH.,#16945);
#16945 = SURFACE_SIDE_STYLE('',(#16946));
#16946 = SURFACE_STYLE_FILL_AREA(#16947);
#16947 = FILL_AREA_STYLE('',(#16948));
#16948 = FILL_AREA_STYLE_COLOUR('',#16934);
#16949 = STYLED_ITEM('color',(#16950),#4424);
#16950 = PRESENTATION_STYLE_ASSIGNMENT((#16951));
#16951 = SURFACE_STYLE_USAGE(.BOTH.,#16952);
#16952 = SURFACE_SIDE_STYLE('',(#16953));
#16953 = SURFACE_STYLE_FILL_AREA(#16954);
#16954 = FILL_AREA_STYLE('',(#16955));
#16955 = FILL_AREA_STYLE_COLOUR('',#16934);
#16956 = STYLED_ITEM('color',(#16957),#4805);
#16957 = PRESENTATION_STYLE_ASSIGNMENT((#16958));
#16958 = SURFACE_STYLE_USAGE(.BOTH.,#16959);
#16959 = SURFACE_SIDE_STYLE('',(#16960));
#16960 = SURFACE_STYLE_FILL_AREA(#16961);
#16961 = FILL_AREA_STYLE('',(#16962));
#16962 = FILL_AREA_STYLE_COLOUR('',#16934);
#16963 = STYLED_ITEM('color',(#16964),#5186);
#16964 = PRESENTATION_STYLE_ASSIGNMENT((#16965));
#16965 = SURFACE_STYLE_USAGE(.BOTH.,#16966);
#16966 = SURFACE_SIDE_STYLE('',(#16967));
#16967 = SURFACE_STYLE_FILL_AREA(#16968);
#16968 = FILL_AREA_STYLE('',(#16969));
#16969 = FILL_AREA_STYLE_COLOUR('',#16934);
#16970 = STYLED_ITEM('color',(#16971),#5567);
#16971 = PRESENTATION_STYLE_ASSIGNMENT((#16972));
#16972 = SURFACE_STYLE_USAGE(.BOTH.,#16973);
#16973 = SURFACE_SIDE_STYLE('',(#16974));
#16974 = SURFACE_STYLE_FILL_AREA(#16975);
#16975 = FILL_AREA_STYLE('',(#16976));
#16976 = FILL_AREA_STYLE_COLOUR('',#16934);
#16977 = STYLED_ITEM('color',(#16978),#5948);
#16978 = PRESENTATION_STYLE_ASSIGNMENT((#16979));
#16979 = SURFACE_STYLE_USAGE(.BOTH.,#16980);
#16980 = SURFACE_SIDE_STYLE('',(#16981));
#16981 = SURFACE_STYLE_FILL_AREA(#16982);
#16982 = FILL_AREA_STYLE('',(#16983));
#16983 = FILL_AREA_STYLE_COLOUR('',#16934);
#16984 = STYLED_ITEM('color',(#16985),#6329);
#16985 = PRESENTATION_STYLE_ASSIGNMENT((#16986));
#16986 = SURFACE_STYLE_USAGE(.BOTH.,#16987);
#16987 = SURFACE_SIDE_STYLE('',(#16988));
#16988 = SURFACE_STYLE_FILL_AREA(#16989);
#16989 = FILL_AREA_STYLE('',(#16990));
#16990 = FILL_AREA_STYLE_COLOUR('',#16934);
#16991 = STYLED_ITEM('color',(#16992),#6710);
#16992 = PRESENTATION_STYLE_ASSIGNMENT((#16993));
#16993 = SURFACE_STYLE_USAGE(.BOTH.,#16994);
#16994 = SURFACE_SIDE_STYLE('',(#16995));
#16995 = SURFACE_STYLE_FILL_AREA(#16996);
#16996 = FILL_AREA_STYLE('',(#16997));
#16997 = FILL_AREA_STYLE_COLOUR('',#16934);
#16998 = STYLED_ITEM('color',(#16999),#7091);
#16999 = PRESENTATION_STYLE_ASSIGNMENT((#17000));
#17000 = SURFACE_STYLE_USAGE(.BOTH.,#17001);
#17001 = SURFACE_SIDE_STYLE('',(#17002));
#17002 = SURFACE_STYLE_FILL_AREA(#17003);
#17003 = FILL_AREA_STYLE('',(#17004));
#17004 = FILL_AREA_STYLE_COLOUR('',#16934);
#17005 = STYLED_ITEM('color',(#17006),#7472);
#17006 = PRESENTATION_STYLE_ASSIGNMENT((#17007));
#17007 = SURFACE_STYLE_USAGE(.BOTH.,#17008);
#17008 = SURFACE_SIDE_STYLE('',(#17009));
#17009 = SURFACE_STYLE_FILL_AREA(#17010);
#17010 = FILL_AREA_STYLE('',(#17011));
#17011 = FILL_AREA_STYLE_COLOUR('',#16934);
#17012 = MECHANICAL_DESIGN_GEOMETRIC_PRESENTATION_REPRESENTATION('',(
    #17013),#2913);
#17013 = STYLED_ITEM('color',(#17014),#77);
#17014 = PRESENTATION_STYLE_ASSIGNMENT((#17015));
#17015 = SURFACE_STYLE_USAGE(.BOTH.,#17016);
#17016 = SURFACE_SIDE_STYLE('',(#17017));
#17017 = SURFACE_STYLE_FILL_AREA(#17018);
#17018 = FILL_AREA_STYLE('',(#17019));
#17019 = FILL_AREA_STYLE_COLOUR('',#16907);
#17020 = MECHANICAL_DESIGN_GEOMETRIC_PRESENTATION_REPRESENTATION('',(
    #17021),#16740);
#17021 = STYLED_ITEM('color',(#17022),#16642);
#17022 = PRESENTATION_STYLE_ASSIGNMENT((#17023));
#17023 = SURFACE_STYLE_USAGE(.BOTH.,#17024);
#17024 = SURFACE_SIDE_STYLE('',(#17025));
#17025 = SURFACE_STYLE_FILL_AREA(#17026);
#17026 = FILL_AREA_STYLE('',(#17027));
#17027 = FILL_AREA_STYLE_COLOUR('',#16880);
#17028 = MECHANICAL_DESIGN_GEOMETRIC_PRESENTATION_REPRESENTATION('',(
    #17029),#14159);
#17029 = STYLED_ITEM('color',(#17030),#13501);
#17030 = PRESENTATION_STYLE_ASSIGNMENT((#17031));
#17031 = SURFACE_STYLE_USAGE(.BOTH.,#17032);
#17032 = SURFACE_SIDE_STYLE('',(#17033));
#17033 = SURFACE_STYLE_FILL_AREA(#17034);
#17034 = FILL_AREA_STYLE('',(#17035));
#17035 = FILL_AREA_STYLE_COLOUR('',#16916);
#17036 = MECHANICAL_DESIGN_GEOMETRIC_PRESENTATION_REPRESENTATION('',(
    #17037),#15958);
#17037 = STYLED_ITEM('color',(#17038),#15628);
#17038 = PRESENTATION_STYLE_ASSIGNMENT((#17039));
#17039 = SURFACE_STYLE_USAGE(.BOTH.,#17040);
#17040 = SURFACE_SIDE_STYLE('',(#17041));
#17041 = SURFACE_STYLE_FILL_AREA(#17042);
#17042 = FILL_AREA_STYLE('',(#17043));
#17043 = FILL_AREA_STYLE_COLOUR('',#16898);
ENDSEC;
END-ISO-10303-21;
